aiworker	acceptance_batch_runner_log	acceptance_batch_runner_log_pkey	CREATE UNIQUE INDEX acceptance_batch_runner_log_pkey ON aiworker.acceptance_batch_runner_log USING btree (acceptance_batch_runner_log_id)
aiworker	acceptance_batch_runner_log	ix_acceptance_batch_runner_log_batch	CREATE INDEX ix_acceptance_batch_runner_log_batch ON aiworker.acceptance_batch_runner_log USING btree (acceptance_execution_batch_id, executed_at DESC)
aiworker	acceptance_batch_runner_registry	acceptance_batch_runner_registry_pkey	CREATE UNIQUE INDEX acceptance_batch_runner_registry_pkey ON aiworker.acceptance_batch_runner_registry USING btree (runner_code)
aiworker	acceptance_execution_batch	acceptance_execution_batch_batch_code_key	CREATE UNIQUE INDEX acceptance_execution_batch_batch_code_key ON aiworker.acceptance_execution_batch USING btree (batch_code)
aiworker	acceptance_execution_batch	acceptance_execution_batch_pkey	CREATE UNIQUE INDEX acceptance_execution_batch_pkey ON aiworker.acceptance_execution_batch USING btree (acceptance_execution_batch_id)
aiworker	acceptance_test_case	acceptance_test_case_pkey	CREATE UNIQUE INDEX acceptance_test_case_pkey ON aiworker.acceptance_test_case USING btree (acceptance_test_case_code)
aiworker	acceptance_test_execution	acceptance_test_execution_pkey	CREATE UNIQUE INDEX acceptance_test_execution_pkey ON aiworker.acceptance_test_execution USING btree (acceptance_test_execution_id)
aiworker	acceptance_test_execution	ix_acceptance_test_execution_case	CREATE INDEX ix_acceptance_test_execution_case ON aiworker.acceptance_test_execution USING btree (acceptance_test_case_code, executed_at DESC)
aiworker	acceptance_verification_item	acceptance_verification_item_pkey	CREATE UNIQUE INDEX acceptance_verification_item_pkey ON aiworker.acceptance_verification_item USING btree (acceptance_verification_item_code)
aiworker	acceptance_verification_result	acceptance_verification_result_pkey	CREATE UNIQUE INDEX acceptance_verification_result_pkey ON aiworker.acceptance_verification_result USING btree (acceptance_verification_result_id)
aiworker	acceptance_verification_result	ix_acceptance_verification_result_batch	CREATE INDEX ix_acceptance_verification_result_batch ON aiworker.acceptance_verification_result USING btree (acceptance_execution_batch_id, executed_at DESC)
aiworker	acceptance_verification_result	ix_acceptance_verification_result_item	CREATE INDEX ix_acceptance_verification_result_item ON aiworker.acceptance_verification_result USING btree (acceptance_verification_item_code, executed_at DESC)
aiworker	acceptance_verification_runbook_log	acceptance_verification_runbook_log_pkey	CREATE UNIQUE INDEX acceptance_verification_runbook_log_pkey ON aiworker.acceptance_verification_runbook_log USING btree (acceptance_verification_runbook_log_id)
aiworker	acceptance_verification_runbook_log	ix_acceptance_verification_runbook_log_batch	CREATE INDEX ix_acceptance_verification_runbook_log_batch ON aiworker.acceptance_verification_runbook_log USING btree (acceptance_execution_batch_id, executed_at DESC)
aiworker	app_read_surface_contract	app_read_surface_contract_contract_code_key	CREATE UNIQUE INDEX app_read_surface_contract_contract_code_key ON aiworker.app_read_surface_contract USING btree (contract_code)
aiworker	app_read_surface_contract	app_read_surface_contract_pkey	CREATE UNIQUE INDEX app_read_surface_contract_pkey ON aiworker.app_read_surface_contract USING btree (contract_id)
aiworker	app_runtime_control_policy	app_runtime_control_policy_pkey	CREATE UNIQUE INDEX app_runtime_control_policy_pkey ON aiworker.app_runtime_control_policy USING btree (app_surface_code)
aiworker	beyond_model_quality_profile	beyond_model_quality_profile_pkey	CREATE UNIQUE INDEX beyond_model_quality_profile_pkey ON aiworker.beyond_model_quality_profile USING btree (model_code)
aiworker	beyond_quality_level_catalog	beyond_quality_level_catalog_pkey	CREATE UNIQUE INDEX beyond_quality_level_catalog_pkey ON aiworker.beyond_quality_level_catalog USING btree (quality_level_code)
aiworker	boundary_rule	boundary_rule_pkey	CREATE UNIQUE INDEX boundary_rule_pkey ON aiworker.boundary_rule USING btree (boundary_code)
aiworker	boundary_rule	idx_boundary_rule_package	CREATE INDEX idx_boundary_rule_package ON aiworker.boundary_rule USING btree (package_code, enabled, priority_no)
aiworker	brain_runtime_selection_policy_catalog	brain_runtime_selection_policy_catalog_pkey	CREATE UNIQUE INDEX brain_runtime_selection_policy_catalog_pkey ON aiworker.brain_runtime_selection_policy_catalog USING btree (policy_code)
aiworker	brain_runtime_selection_smoke_case_catalog	brain_runtime_selection_smoke_case_catalog_pkey	CREATE UNIQUE INDEX brain_runtime_selection_smoke_case_catalog_pkey ON aiworker.brain_runtime_selection_smoke_case_catalog USING btree (smoke_case_code)
aiworker	business_cross_boundary_smoke_log	business_cross_boundary_smoke_log_pkey	CREATE UNIQUE INDEX business_cross_boundary_smoke_log_pkey ON aiworker.business_cross_boundary_smoke_log USING btree (business_cross_boundary_smoke_log_id)
aiworker	business_cross_boundary_smoke_log	ix_business_cross_boundary_smoke_log_flow	CREATE INDEX ix_business_cross_boundary_smoke_log_flow ON aiworker.business_cross_boundary_smoke_log USING btree (flow_code, executed_at DESC)
aiworker	business_event_contract_registry	business_event_contract_registry_pkey	CREATE UNIQUE INDEX business_event_contract_registry_pkey ON aiworker.business_event_contract_registry USING btree (contract_code)
aiworker	business_event_validation_log	business_event_validation_log_pkey	CREATE UNIQUE INDEX business_event_validation_log_pkey ON aiworker.business_event_validation_log USING btree (business_event_validation_log_id)
aiworker	business_event_validation_log	ix_business_event_validation_log_contract	CREATE INDEX ix_business_event_validation_log_contract ON aiworker.business_event_validation_log USING btree (contract_code, validated_at DESC)
aiworker	business_event_validation_log	ix_business_event_validation_log_payload_ref	CREATE INDEX ix_business_event_validation_log_payload_ref ON aiworker.business_event_validation_log USING btree (payload_ref, validated_at DESC)
aiworker	business_support_action_gate	business_support_action_gate_package_code_action_code_key	CREATE UNIQUE INDEX business_support_action_gate_package_code_action_code_key ON aiworker.business_support_action_gate USING btree (package_code, action_code)
aiworker	business_support_action_gate	business_support_action_gate_pkey	CREATE UNIQUE INDEX business_support_action_gate_pkey ON aiworker.business_support_action_gate USING btree (action_gate_id)
aiworker	business_support_control_package	business_support_control_package_package_code_key	CREATE UNIQUE INDEX business_support_control_package_package_code_key ON aiworker.business_support_control_package USING btree (package_code)
aiworker	business_support_control_package	business_support_control_package_pkey	CREATE UNIQUE INDEX business_support_control_package_pkey ON aiworker.business_support_control_package USING btree (package_id)
aiworker	business_support_role_control	business_support_role_control_package_code_role_layer_code_key	CREATE UNIQUE INDEX business_support_role_control_package_code_role_layer_code_key ON aiworker.business_support_role_control USING btree (package_code, role_layer_code)
aiworker	business_support_role_control	business_support_role_control_pkey	CREATE UNIQUE INDEX business_support_role_control_pkey ON aiworker.business_support_role_control USING btree (role_control_id)
aiworker	business_support_role_domain_capability	business_support_role_domain__package_code_role_layer_code__key	CREATE UNIQUE INDEX business_support_role_domain__package_code_role_layer_code__key ON aiworker.business_support_role_domain_capability USING btree (package_code, role_layer_code, task_domain_code)
aiworker	business_support_role_domain_capability	business_support_role_domain_capability_pkey	CREATE UNIQUE INDEX business_support_role_domain_capability_pkey ON aiworker.business_support_role_domain_capability USING btree (capability_id)
aiworker	business_support_standard_reference	business_support_standard_ref_package_code_standard_family__key	CREATE UNIQUE INDEX business_support_standard_ref_package_code_standard_family__key ON aiworker.business_support_standard_reference USING btree (package_code, standard_family_code, applies_to_role_layer_code, applies_to_task_domain_code)
aiworker	business_support_standard_reference	business_support_standard_reference_pkey	CREATE UNIQUE INDEX business_support_standard_reference_pkey ON aiworker.business_support_standard_reference USING btree (standard_reference_id)
aiworker	business_support_task_domain	business_support_task_domain_package_code_task_domain_code_key	CREATE UNIQUE INDEX business_support_task_domain_package_code_task_domain_code_key ON aiworker.business_support_task_domain USING btree (package_code, task_domain_code)
aiworker	business_support_task_domain	business_support_task_domain_pkey	CREATE UNIQUE INDEX business_support_task_domain_pkey ON aiworker.business_support_task_domain USING btree (task_domain_id)
aiworker	chat_worker_v0_activation	chat_worker_v0_activation_activation_code_key	CREATE UNIQUE INDEX chat_worker_v0_activation_activation_code_key ON aiworker.chat_worker_v0_activation USING btree (activation_code)
aiworker	chat_worker_v0_activation	chat_worker_v0_activation_pkey	CREATE UNIQUE INDEX chat_worker_v0_activation_pkey ON aiworker.chat_worker_v0_activation USING btree (activation_id)
aiworker	chat_worker_v0_allowed_reference	chat_worker_v0_allowed_refere_activation_code_source_system_key	CREATE UNIQUE INDEX chat_worker_v0_allowed_refere_activation_code_source_system_key ON aiworker.chat_worker_v0_allowed_reference USING btree (activation_code, source_system, source_view_code, material_family_code, topic_code)
aiworker	chat_worker_v0_allowed_reference	chat_worker_v0_allowed_reference_pkey	CREATE UNIQUE INDEX chat_worker_v0_allowed_reference_pkey ON aiworker.chat_worker_v0_allowed_reference USING btree (allowed_reference_id)
aiworker	chat_worker_v0_control_state	chat_worker_v0_control_state_activation_code_key	CREATE UNIQUE INDEX chat_worker_v0_control_state_activation_code_key ON aiworker.chat_worker_v0_control_state USING btree (activation_code)
aiworker	chat_worker_v0_control_state	chat_worker_v0_control_state_pkey	CREATE UNIQUE INDEX chat_worker_v0_control_state_pkey ON aiworker.chat_worker_v0_control_state USING btree (control_state_id)
aiworker	chat_worker_v0_test_prompt	chat_worker_v0_test_prompt_activation_code_prompt_code_key	CREATE UNIQUE INDEX chat_worker_v0_test_prompt_activation_code_prompt_code_key ON aiworker.chat_worker_v0_test_prompt USING btree (activation_code, prompt_code)
aiworker	chat_worker_v0_test_prompt	chat_worker_v0_test_prompt_pkey	CREATE UNIQUE INDEX chat_worker_v0_test_prompt_pkey ON aiworker.chat_worker_v0_test_prompt USING btree (test_prompt_id)
aiworker	code_family	code_family_pkey	CREATE UNIQUE INDEX code_family_pkey ON aiworker.code_family USING btree (family_code)
aiworker	code_value	code_value_pkey	CREATE UNIQUE INDEX code_value_pkey ON aiworker.code_value USING btree (family_code, value_code)
aiworker	command_authority_role_catalog	command_authority_role_catalog_authority_role_code_key	CREATE UNIQUE INDEX command_authority_role_catalog_authority_role_code_key ON aiworker.command_authority_role_catalog USING btree (authority_role_code)
aiworker	command_authority_role_catalog	command_authority_role_catalog_pkey	CREATE UNIQUE INDEX command_authority_role_catalog_pkey ON aiworker.command_authority_role_catalog USING btree (authority_role_id)
aiworker	command_row	command_row_pkey	CREATE UNIQUE INDEX command_row_pkey ON aiworker.command_row USING btree (command_id)
aiworker	command_row	ix_command_row_tenant_company_requested	CREATE INDEX ix_command_row_tenant_company_requested ON aiworker.command_row USING btree (tenant_company_id, requested_at DESC)
aiworker	command_row	ix_command_row_worker_requested	CREATE INDEX ix_command_row_worker_requested ON aiworker.command_row USING btree (target_worker_id, requested_at DESC)
aiworker	company_ai_usage_tendency	company_ai_usage_tendency_pkey	CREATE UNIQUE INDEX company_ai_usage_tendency_pkey ON aiworker.company_ai_usage_tendency USING btree (company_ai_usage_tendency_id)
aiworker	company_ai_usage_tendency	ux_company_ai_usage_tendency_current	CREATE UNIQUE INDEX ux_company_ai_usage_tendency_current ON aiworker.company_ai_usage_tendency USING btree (tenant_company_id) WHERE (effective_to IS NULL)
aiworker	company_style_policy	company_style_policy_developer_company_id_company_style_pro_key	CREATE UNIQUE INDEX company_style_policy_developer_company_id_company_style_pro_key ON aiworker.company_style_policy USING btree (developer_company_id, company_style_profile_code)
aiworker	company_style_policy	company_style_policy_pkey	CREATE UNIQUE INDEX company_style_policy_pkey ON aiworker.company_style_policy USING btree (company_style_policy_id)
aiworker	company_style_policy	ux_company_style_policy_active_pair	CREATE UNIQUE INDEX ux_company_style_policy_active_pair ON aiworker.company_style_policy USING btree (developer_company_id, company_style_profile_code)
aiworker	control_policy_package	control_policy_package_pkey	CREATE UNIQUE INDEX control_policy_package_pkey ON aiworker.control_policy_package USING btree (package_code)
aiworker	control_policy_package	idx_control_policy_package_scope	CREATE INDEX idx_control_policy_package_scope ON aiworker.control_policy_package USING btree (service_code, manufacturer_code, series_code, role_class_code, model_code, enabled)
aiworker	conversation_profile	conversation_profile_pkey	CREATE UNIQUE INDEX conversation_profile_pkey ON aiworker.conversation_profile USING btree (profile_code)
aiworker	conversation_profile	idx_conversation_profile_scope	CREATE INDEX idx_conversation_profile_scope ON aiworker.conversation_profile USING btree (service_code, model_code, enabled)
aiworker	conversation_profile_step	conversation_profile_step_pkey	CREATE UNIQUE INDEX conversation_profile_step_pkey ON aiworker.conversation_profile_step USING btree (profile_code, step_no)
aiworker	conversation_reference_scope	conversation_reference_scope_pkey	CREATE UNIQUE INDEX conversation_reference_scope_pkey ON aiworker.conversation_reference_scope USING btree (scope_id)
aiworker	conversation_reference_scope	idx_conversation_reference_scope_profile	CREATE INDEX idx_conversation_reference_scope_profile ON aiworker.conversation_reference_scope USING btree (profile_code, reference_source_type, enabled, priority_no)
aiworker	conversation_reference_scope	idx_conversation_reference_scope_target	CREATE INDEX idx_conversation_reference_scope_target ON aiworker.conversation_reference_scope USING btree (domain_code, topic_code, topic_group_code, material_kind_code, season_code)
aiworker	developer_company_master	developer_company_master_developer_company_code_key	CREATE UNIQUE INDEX developer_company_master_developer_company_code_key ON aiworker.developer_company_master USING btree (developer_company_code)
aiworker	developer_company_master	developer_company_master_pkey	CREATE UNIQUE INDEX developer_company_master_pkey ON aiworker.developer_company_master USING btree (developer_company_id)
aiworker	draft_row	draft_row_pkey	CREATE UNIQUE INDEX draft_row_pkey ON aiworker.draft_row USING btree (draft_id)
aiworker	draft_row	ix_draft_row_command	CREATE INDEX ix_draft_row_command ON aiworker.draft_row USING btree (command_id)
aiworker	event_outbox	event_outbox_pkey	CREATE UNIQUE INDEX event_outbox_pkey ON aiworker.event_outbox USING btree (event_id)
aiworker	event_outbox	ix_event_outbox_business_request	CREATE INDEX ix_event_outbox_business_request ON aiworker.event_outbox USING btree (related_business_request_id)
aiworker	event_outbox	ix_event_outbox_worker_emitted	CREATE INDEX ix_event_outbox_worker_emitted ON aiworker.event_outbox USING btree (related_worker_id, emitted_at DESC)
aiworker	expression_rule	expression_rule_pkey	CREATE UNIQUE INDEX expression_rule_pkey ON aiworker.expression_rule USING btree (rule_code)
aiworker	expression_rule	idx_expression_rule_package	CREATE INDEX idx_expression_rule_package ON aiworker.expression_rule USING btree (package_code, rule_level_code, category_code, enabled, priority_no)
aiworker	guardrail_candidate_intake	guardrail_candidate_intake_candidate_code_key	CREATE UNIQUE INDEX guardrail_candidate_intake_candidate_code_key ON aiworker.guardrail_candidate_intake USING btree (candidate_code)
aiworker	guardrail_candidate_intake	guardrail_candidate_intake_pkey	CREATE UNIQUE INDEX guardrail_candidate_intake_pkey ON aiworker.guardrail_candidate_intake USING btree (candidate_intake_id)
aiworker	guardrail_candidate_intake	idx_guardrail_candidate_intake_status	CREATE INDEX idx_guardrail_candidate_intake_status ON aiworker.guardrail_candidate_intake USING btree (review_status_code, source_type_code, created_at DESC)
aiworker	guardrail_evidence_link	guardrail_evidence_link_evidence_code_key	CREATE UNIQUE INDEX guardrail_evidence_link_evidence_code_key ON aiworker.guardrail_evidence_link USING btree (evidence_code)
aiworker	guardrail_evidence_link	guardrail_evidence_link_pkey	CREATE UNIQUE INDEX guardrail_evidence_link_pkey ON aiworker.guardrail_evidence_link USING btree (evidence_link_id)
aiworker	guardrail_evidence_link	idx_guardrail_evidence_link_related	CREATE INDEX idx_guardrail_evidence_link_related ON aiworker.guardrail_evidence_link USING btree (related_rule_code, related_pattern_code, related_case_code)
aiworker	guardrail_evidence_link	idx_guardrail_evidence_link_target	CREATE INDEX idx_guardrail_evidence_link_target ON aiworker.guardrail_evidence_link USING btree (target_os_code, target_app_code, work_phase_code, created_at DESC)
aiworker	guardrail_failure_pattern	guardrail_failure_pattern_pattern_code_key	CREATE UNIQUE INDEX guardrail_failure_pattern_pattern_code_key ON aiworker.guardrail_failure_pattern USING btree (pattern_code)
aiworker	guardrail_failure_pattern	guardrail_failure_pattern_pkey	CREATE UNIQUE INDEX guardrail_failure_pattern_pkey ON aiworker.guardrail_failure_pattern USING btree (failure_pattern_id)
aiworker	guardrail_failure_pattern	idx_guardrail_failure_pattern_auto_action	CREATE INDEX idx_guardrail_failure_pattern_auto_action ON aiworker.guardrail_failure_pattern USING btree (auto_action_code, status_code)
aiworker	guardrail_failure_pattern	idx_guardrail_failure_pattern_category	CREATE INDEX idx_guardrail_failure_pattern_category ON aiworker.guardrail_failure_pattern USING btree (category_code, severity_code, status_code)
aiworker	guardrail_mistake_case	guardrail_mistake_case_case_code_key	CREATE UNIQUE INDEX guardrail_mistake_case_case_code_key ON aiworker.guardrail_mistake_case USING btree (case_code)
aiworker	guardrail_mistake_case	guardrail_mistake_case_pkey	CREATE UNIQUE INDEX guardrail_mistake_case_pkey ON aiworker.guardrail_mistake_case USING btree (mistake_case_id)
aiworker	guardrail_mistake_case	idx_guardrail_mistake_case_severity	CREATE INDEX idx_guardrail_mistake_case_severity ON aiworker.guardrail_mistake_case USING btree (severity_code, status_code, detected_at DESC)
aiworker	guardrail_mistake_case	idx_guardrail_mistake_case_target	CREATE INDEX idx_guardrail_mistake_case_target ON aiworker.guardrail_mistake_case USING btree (target_os_code, target_app_code, mistake_category_code, status_code)
aiworker	guardrail_preflight_template	guardrail_preflight_template_pkey	CREATE UNIQUE INDEX guardrail_preflight_template_pkey ON aiworker.guardrail_preflight_template USING btree (preflight_template_id)
aiworker	guardrail_preflight_template	guardrail_preflight_template_template_code_key	CREATE UNIQUE INDEX guardrail_preflight_template_template_code_key ON aiworker.guardrail_preflight_template USING btree (template_code)
aiworker	guardrail_preflight_template	idx_guardrail_preflight_template_work_type	CREATE INDEX idx_guardrail_preflight_template_work_type ON aiworker.guardrail_preflight_template USING btree (target_work_type_code, status_code)
aiworker	guardrail_response_runbook	guardrail_response_runbook_pkey	CREATE UNIQUE INDEX guardrail_response_runbook_pkey ON aiworker.guardrail_response_runbook USING btree (response_runbook_id)
aiworker	guardrail_response_runbook	guardrail_response_runbook_runbook_code_key	CREATE UNIQUE INDEX guardrail_response_runbook_runbook_code_key ON aiworker.guardrail_response_runbook USING btree (runbook_code)
aiworker	guardrail_response_runbook	idx_guardrail_response_runbook_pattern	CREATE INDEX idx_guardrail_response_runbook_pattern ON aiworker.guardrail_response_runbook USING btree (applies_to_pattern_code, applies_to_category_code, status_code)
aiworker	guardrail_rule	guardrail_rule_pkey	CREATE UNIQUE INDEX guardrail_rule_pkey ON aiworker.guardrail_rule USING btree (guardrail_rule_id)
aiworker	guardrail_rule	guardrail_rule_rule_code_key	CREATE UNIQUE INDEX guardrail_rule_rule_code_key ON aiworker.guardrail_rule USING btree (rule_code)
aiworker	guardrail_rule	idx_guardrail_rule_category	CREATE INDEX idx_guardrail_rule_category ON aiworker.guardrail_rule USING btree (category_code, severity_code, status_code)
aiworker	guardrail_runtime_check_result	guardrail_runtime_check_result_pkey	CREATE UNIQUE INDEX guardrail_runtime_check_result_pkey ON aiworker.guardrail_runtime_check_result USING btree (runtime_check_result_id)
aiworker	guardrail_runtime_check_result	idx_guardrail_runtime_check_flags	CREATE INDEX idx_guardrail_runtime_check_flags ON aiworker.guardrail_runtime_check_result USING btree (blocking_flag, review_required_flag, confirmation_required_flag, ui_test_required_flag)
aiworker	guardrail_runtime_check_result	idx_guardrail_runtime_check_request	CREATE INDEX idx_guardrail_runtime_check_request ON aiworker.guardrail_runtime_check_result USING btree (request_id, created_at DESC)
aiworker	guardrail_runtime_check_result	idx_guardrail_runtime_check_target	CREATE INDEX idx_guardrail_runtime_check_target ON aiworker.guardrail_runtime_check_result USING btree (target_os_code, target_app_code, target_work_type_code, check_status_code, created_at DESC)
aiworker	guardrail_scope_binding	guardrail_scope_binding_pkey	CREATE UNIQUE INDEX guardrail_scope_binding_pkey ON aiworker.guardrail_scope_binding USING btree (scope_binding_id)
aiworker	guardrail_scope_binding	idx_guardrail_scope_binding_rule	CREATE INDEX idx_guardrail_scope_binding_rule ON aiworker.guardrail_scope_binding USING btree (rule_code, status_code)
aiworker	guardrail_scope_binding	idx_guardrail_scope_binding_scope	CREATE INDEX idx_guardrail_scope_binding_scope ON aiworker.guardrail_scope_binding USING btree (target_os_code, target_app_code, target_work_type_code, status_code, priority_int)
aiworker	interaction_style_catalog	interaction_style_catalog_pkey	CREATE UNIQUE INDEX interaction_style_catalog_pkey ON aiworker.interaction_style_catalog USING btree (style_code)
aiworker	interaction_style_catalog	interaction_style_catalog_series_no_uq	CREATE UNIQUE INDEX interaction_style_catalog_series_no_uq ON aiworker.interaction_style_catalog USING btree (series_code, style_no)
aiworker	internal_pipeline_acceptance_check	internal_pipeline_acceptance__acceptance_package_code_check_key	CREATE UNIQUE INDEX internal_pipeline_acceptance__acceptance_package_code_check_key ON aiworker.internal_pipeline_acceptance_check USING btree (acceptance_package_code, check_code)
aiworker	internal_pipeline_acceptance_check	internal_pipeline_acceptance_check_pkey	CREATE UNIQUE INDEX internal_pipeline_acceptance_check_pkey ON aiworker.internal_pipeline_acceptance_check USING btree (acceptance_check_id)
aiworker	internal_pipeline_acceptance_package	internal_pipeline_acceptance_packag_acceptance_package_code_key	CREATE UNIQUE INDEX internal_pipeline_acceptance_packag_acceptance_package_code_key ON aiworker.internal_pipeline_acceptance_package USING btree (acceptance_package_code)
aiworker	internal_pipeline_acceptance_package	internal_pipeline_acceptance_package_pkey	CREATE UNIQUE INDEX internal_pipeline_acceptance_package_pkey ON aiworker.internal_pipeline_acceptance_package USING btree (acceptance_package_id)
aiworker	leader_mock_review	leader_mock_review_leader_task_code_key	CREATE UNIQUE INDEX leader_mock_review_leader_task_code_key ON aiworker.leader_mock_review USING btree (leader_task_code)
aiworker	leader_mock_review	leader_mock_review_pkey	CREATE UNIQUE INDEX leader_mock_review_pkey ON aiworker.leader_mock_review USING btree (review_id)
aiworker	learning_delta_log	idx_learning_delta_log_scope	CREATE INDEX idx_learning_delta_log_scope ON aiworker.learning_delta_log USING btree (model_code, service_code, dimension_code, observed_at DESC)
aiworker	learning_delta_log	learning_delta_log_pkey	CREATE UNIQUE INDEX learning_delta_log_pkey ON aiworker.learning_delta_log USING btree (delta_id)
aiworker	manager_instruction_acceptance	manager_instruction_acceptance_instruction_code_key	CREATE UNIQUE INDEX manager_instruction_acceptance_instruction_code_key ON aiworker.manager_instruction_acceptance USING btree (instruction_code)
aiworker	manager_instruction_acceptance	manager_instruction_acceptance_pkey	CREATE UNIQUE INDEX manager_instruction_acceptance_pkey ON aiworker.manager_instruction_acceptance USING btree (acceptance_id)
aiworker	manager_instruction_assignment	manager_instruction_assignmen_task_code_assigned_role_layer_key	CREATE UNIQUE INDEX manager_instruction_assignmen_task_code_assigned_role_layer_key ON aiworker.manager_instruction_assignment USING btree (task_code, assigned_role_layer_code)
aiworker	manager_instruction_assignment	manager_instruction_assignment_pkey	CREATE UNIQUE INDEX manager_instruction_assignment_pkey ON aiworker.manager_instruction_assignment USING btree (assignment_id)
aiworker	manager_instruction_gate_log	manager_instruction_gate_log_pkey	CREATE UNIQUE INDEX manager_instruction_gate_log_pkey ON aiworker.manager_instruction_gate_log USING btree (gate_log_id)
aiworker	manager_instruction_plan	manager_instruction_plan_manager_plan_code_key	CREATE UNIQUE INDEX manager_instruction_plan_manager_plan_code_key ON aiworker.manager_instruction_plan USING btree (manager_plan_code)
aiworker	manager_instruction_plan	manager_instruction_plan_pkey	CREATE UNIQUE INDEX manager_instruction_plan_pkey ON aiworker.manager_instruction_plan USING btree (plan_id)
aiworker	manager_instruction_task	manager_instruction_task_pkey	CREATE UNIQUE INDEX manager_instruction_task_pkey ON aiworker.manager_instruction_task USING btree (task_id)
aiworker	manager_instruction_task	manager_instruction_task_task_code_key	CREATE UNIQUE INDEX manager_instruction_task_task_code_key ON aiworker.manager_instruction_task USING btree (task_code)
aiworker	manager_mock_final_gate	manager_mock_final_gate_manager_gate_task_code_key	CREATE UNIQUE INDEX manager_mock_final_gate_manager_gate_task_code_key ON aiworker.manager_mock_final_gate USING btree (manager_gate_task_code)
aiworker	manager_mock_final_gate	manager_mock_final_gate_manager_plan_code_key	CREATE UNIQUE INDEX manager_mock_final_gate_manager_plan_code_key ON aiworker.manager_mock_final_gate USING btree (manager_plan_code)
aiworker	manager_mock_final_gate	manager_mock_final_gate_pkey	CREATE UNIQUE INDEX manager_mock_final_gate_pkey ON aiworker.manager_mock_final_gate USING btree (final_gate_id)
aiworker	manager_work_instruction	manager_work_instruction_instruction_code_key	CREATE UNIQUE INDEX manager_work_instruction_instruction_code_key ON aiworker.manager_work_instruction USING btree (instruction_code)
aiworker	manager_work_instruction	manager_work_instruction_pkey	CREATE UNIQUE INDEX manager_work_instruction_pkey ON aiworker.manager_work_instruction USING btree (instruction_id)
aiworker	manufacturer_catalog	manufacturer_catalog_pkey	CREATE UNIQUE INDEX manufacturer_catalog_pkey ON aiworker.manufacturer_catalog USING btree (manufacturer_code)
aiworker	megami_model_profile	megami_model_profile_norn_code_key	CREATE UNIQUE INDEX megami_model_profile_norn_code_key ON aiworker.megami_model_profile USING btree (norn_code)
aiworker	megami_model_profile	megami_model_profile_pkey	CREATE UNIQUE INDEX megami_model_profile_pkey ON aiworker.megami_model_profile USING btree (model_code)
aiworker	model_identity_spec	model_identity_spec_pkey	CREATE UNIQUE INDEX model_identity_spec_pkey ON aiworker.model_identity_spec USING btree (model_code)
aiworker	model_public_appearance_profile	model_public_appearance_profile_pkey	CREATE UNIQUE INDEX model_public_appearance_profile_pkey ON aiworker.model_public_appearance_profile USING btree (model_code)
aiworker	model_public_registry	model_public_registry_manufacturer_code_series_code_model_c_key	CREATE UNIQUE INDEX model_public_registry_manufacturer_code_series_code_model_c_key ON aiworker.model_public_registry USING btree (manufacturer_code, series_code, model_code)
aiworker	model_public_registry	model_public_registry_pkey	CREATE UNIQUE INDEX model_public_registry_pkey ON aiworker.model_public_registry USING btree (registry_code)
aiworker	model_runtime_control_override	model_runtime_control_override_pkey	CREATE UNIQUE INDEX model_runtime_control_override_pkey ON aiworker.model_runtime_control_override USING btree (model_code)
aiworker	model_service_assignment	idx_aiworker_model_service_assignment_enabled	CREATE INDEX idx_aiworker_model_service_assignment_enabled ON aiworker.model_service_assignment USING btree (service_code, enabled)
aiworker	model_service_assignment	model_service_assignment_pkey	CREATE UNIQUE INDEX model_service_assignment_pkey ON aiworker.model_service_assignment USING btree (model_code, service_code)
aiworker	model_style_assignment	model_style_assignment_pkey	CREATE UNIQUE INDEX model_style_assignment_pkey ON aiworker.model_style_assignment USING btree (model_code)
aiworker	official_intake_request	ix_official_intake_request_staging	CREATE INDEX ix_official_intake_request_staging ON aiworker.official_intake_request USING btree (staging_id)
aiworker	official_intake_request	official_intake_request_pkey	CREATE UNIQUE INDEX official_intake_request_pkey ON aiworker.official_intake_request USING btree (intake_id)
aiworker	payload_document	ix_payload_document_schema_name	CREATE INDEX ix_payload_document_schema_name ON aiworker.payload_document USING btree (payload_schema_name)
aiworker	payload_document	payload_document_pkey	CREATE UNIQUE INDEX payload_document_pkey ON aiworker.payload_document USING btree (payload_ref)
aiworker	payload_schema_catalog	payload_schema_catalog_pkey	CREATE UNIQUE INDEX payload_schema_catalog_pkey ON aiworker.payload_schema_catalog USING btree (payload_schema_name)
aiworker	payload_validation_log	ix_payload_validation_log_payload_ref	CREATE INDEX ix_payload_validation_log_payload_ref ON aiworker.payload_validation_log USING btree (payload_ref)
aiworker	payload_validation_log	payload_validation_log_pkey	CREATE UNIQUE INDEX payload_validation_log_pkey ON aiworker.payload_validation_log USING btree (payload_validation_log_id)
aiworker	president_business_plan	president_business_plan_business_plan_code_key	CREATE UNIQUE INDEX president_business_plan_business_plan_code_key ON aiworker.president_business_plan USING btree (business_plan_code)
aiworker	president_business_plan	president_business_plan_pkey	CREATE UNIQUE INDEX president_business_plan_pkey ON aiworker.president_business_plan USING btree (business_plan_id)
aiworker	president_capability_gate	president_capability_gate_pkey	CREATE UNIQUE INDEX president_capability_gate_pkey ON aiworker.president_capability_gate USING btree (capability_gate_id)
aiworker	president_capability_gate	president_capability_gate_president_model_code_capability_c_key	CREATE UNIQUE INDEX president_capability_gate_president_model_code_capability_c_key ON aiworker.president_capability_gate USING btree (president_model_code, capability_code)
aiworker	president_focus_area_catalog	president_focus_area_catalog_pkey	CREATE UNIQUE INDEX president_focus_area_catalog_pkey ON aiworker.president_focus_area_catalog USING btree (focus_area_code)
aiworker	president_focus_decision	president_focus_decision_pkey	CREATE UNIQUE INDEX president_focus_decision_pkey ON aiworker.president_focus_decision USING btree (focus_decision_id)
aiworker	president_focus_decision	president_focus_decision_strategy_cycle_code_focus_area_cod_key	CREATE UNIQUE INDEX president_focus_decision_strategy_cycle_code_focus_area_cod_key ON aiworker.president_focus_decision USING btree (strategy_cycle_code, focus_area_code)
aiworker	president_governance_policy	president_governance_policy_governance_policy_code_key	CREATE UNIQUE INDEX president_governance_policy_governance_policy_code_key ON aiworker.president_governance_policy USING btree (governance_policy_code)
aiworker	president_governance_policy	president_governance_policy_pkey	CREATE UNIQUE INDEX president_governance_policy_pkey ON aiworker.president_governance_policy USING btree (governance_policy_id)
aiworker	president_manager_distribution	president_manager_distribution_distribution_code_key	CREATE UNIQUE INDEX president_manager_distribution_distribution_code_key ON aiworker.president_manager_distribution USING btree (distribution_code)
aiworker	president_manager_distribution	president_manager_distribution_pkey	CREATE UNIQUE INDEX president_manager_distribution_pkey ON aiworker.president_manager_distribution USING btree (distribution_id)
aiworker	president_manager_instruction_bridge	president_manager_instruction_bridge_distribution_code_key	CREATE UNIQUE INDEX president_manager_instruction_bridge_distribution_code_key ON aiworker.president_manager_instruction_bridge USING btree (distribution_code)
aiworker	president_manager_instruction_bridge	president_manager_instruction_bridge_instruction_code_key	CREATE UNIQUE INDEX president_manager_instruction_bridge_instruction_code_key ON aiworker.president_manager_instruction_bridge USING btree (instruction_code)
aiworker	president_manager_instruction_bridge	president_manager_instruction_bridge_pkey	CREATE UNIQUE INDEX president_manager_instruction_bridge_pkey ON aiworker.president_manager_instruction_bridge USING btree (bridge_id)
aiworker	president_model_catalog	president_model_catalog_pkey	CREATE UNIQUE INDEX president_model_catalog_pkey ON aiworker.president_model_catalog USING btree (president_model_id)
aiworker	president_model_catalog	president_model_catalog_president_model_code_key	CREATE UNIQUE INDEX president_model_catalog_president_model_code_key ON aiworker.president_model_catalog USING btree (president_model_code)
aiworker	president_operation_mode_catalog	president_operation_mode_catalog_pkey	CREATE UNIQUE INDEX president_operation_mode_catalog_pkey ON aiworker.president_operation_mode_catalog USING btree (operation_mode_code)
aiworker	president_product_plan	president_product_plan_pkey	CREATE UNIQUE INDEX president_product_plan_pkey ON aiworker.president_product_plan USING btree (product_plan_id)
aiworker	president_product_plan	president_product_plan_product_plan_code_key	CREATE UNIQUE INDEX president_product_plan_product_plan_code_key ON aiworker.president_product_plan USING btree (product_plan_code)
aiworker	president_runtime_activation_gate_log	president_runtime_activation_gate_log_gate_code_key	CREATE UNIQUE INDEX president_runtime_activation_gate_log_gate_code_key ON aiworker.president_runtime_activation_gate_log USING btree (gate_code)
aiworker	president_runtime_activation_gate_log	president_runtime_activation_gate_log_pkey	CREATE UNIQUE INDEX president_runtime_activation_gate_log_pkey ON aiworker.president_runtime_activation_gate_log USING btree (gate_log_id)
aiworker	president_runtime_control	president_runtime_control_pkey	CREATE UNIQUE INDEX president_runtime_control_pkey ON aiworker.president_runtime_control USING btree (runtime_control_id)
aiworker	president_runtime_control	president_runtime_control_president_model_code_key	CREATE UNIQUE INDEX president_runtime_control_president_model_code_key ON aiworker.president_runtime_control USING btree (president_model_code)
aiworker	president_staffing_plan	president_staffing_plan_pkey	CREATE UNIQUE INDEX president_staffing_plan_pkey ON aiworker.president_staffing_plan USING btree (staffing_plan_id)
aiworker	president_staffing_plan	president_staffing_plan_staffing_plan_code_key	CREATE UNIQUE INDEX president_staffing_plan_staffing_plan_code_key ON aiworker.president_staffing_plan USING btree (staffing_plan_code)
aiworker	president_strategy_cycle	president_strategy_cycle_pkey	CREATE UNIQUE INDEX president_strategy_cycle_pkey ON aiworker.president_strategy_cycle USING btree (strategy_cycle_id)
aiworker	president_strategy_cycle	president_strategy_cycle_strategy_cycle_code_key	CREATE UNIQUE INDEX president_strategy_cycle_strategy_cycle_code_key ON aiworker.president_strategy_cycle USING btree (strategy_cycle_code)
aiworker	public_activity_profile	public_activity_profile_pkey	CREATE UNIQUE INDEX public_activity_profile_pkey ON aiworker.public_activity_profile USING btree (model_code)
aiworker	public_metric	public_metric_pkey	CREATE UNIQUE INDEX public_metric_pkey ON aiworker.public_metric USING btree (metric_id)
aiworker	public_metric	public_metric_uq	CREATE UNIQUE INDEX public_metric_uq ON aiworker.public_metric USING btree (model_code, metric_code)
aiworker	recovery_execution_log	ix_recovery_execution_log_incident	CREATE INDEX ix_recovery_execution_log_incident ON aiworker.recovery_execution_log USING btree (recovery_incident_id, executed_at DESC)
aiworker	recovery_execution_log	recovery_execution_log_pkey	CREATE UNIQUE INDEX recovery_execution_log_pkey ON aiworker.recovery_execution_log USING btree (recovery_execution_log_id)
aiworker	recovery_incident	recovery_incident_incident_code_key	CREATE UNIQUE INDEX recovery_incident_incident_code_key ON aiworker.recovery_incident USING btree (incident_code)
aiworker	recovery_incident	recovery_incident_pkey	CREATE UNIQUE INDEX recovery_incident_pkey ON aiworker.recovery_incident USING btree (recovery_incident_id)
aiworker	redirect_template	idx_redirect_template_package	CREATE INDEX idx_redirect_template_package ON aiworker.redirect_template USING btree (package_code, trigger_type_code, enabled, sort_order)
aiworker	redirect_template	redirect_template_pkey	CREATE UNIQUE INDEX redirect_template_pkey ON aiworker.redirect_template USING btree (template_code)
aiworker	replay_decision_log	ix_replay_decision_log_request_hash	CREATE INDEX ix_replay_decision_log_request_hash ON aiworker.replay_decision_log USING btree (request_hash, decided_at DESC)
aiworker	replay_decision_log	replay_decision_log_pkey	CREATE UNIQUE INDEX replay_decision_log_pkey ON aiworker.replay_decision_log USING btree (replay_decision_log_id)
aiworker	request_lineage_registry	request_lineage_registry_pkey	CREATE UNIQUE INDEX request_lineage_registry_pkey ON aiworker.request_lineage_registry USING btree (lineage_key)
aiworker	request_lineage_registry	ux_request_lineage_registry_request_hash_scope	CREATE UNIQUE INDEX ux_request_lineage_registry_request_hash_scope ON aiworker.request_lineage_registry USING btree (request_hash, target_truth_surface, controlled_function_code, COALESCE((worker_id)::text, ''::text), COALESCE(requested_transition_code, ''::text), COALESCE(payload_version, ''::text))
aiworker	restricted_privileged_smoke_log	ix_restricted_privileged_smoke_log_flow	CREATE INDEX ix_restricted_privileged_smoke_log_flow ON aiworker.restricted_privileged_smoke_log USING btree (flow_code, executed_at DESC)
aiworker	restricted_privileged_smoke_log	restricted_privileged_smoke_log_pkey	CREATE UNIQUE INDEX restricted_privileged_smoke_log_pkey ON aiworker.restricted_privileged_smoke_log USING btree (restricted_privileged_smoke_log_id)
aiworker	restricted_privileged_smoke_registry	restricted_privileged_smoke_registry_pkey	CREATE UNIQUE INDEX restricted_privileged_smoke_registry_pkey ON aiworker.restricted_privileged_smoke_registry USING btree (smoke_code)
aiworker	result_correlation	result_correlation_intake_id_key	CREATE UNIQUE INDEX result_correlation_intake_id_key ON aiworker.result_correlation USING btree (intake_id)
aiworker	result_correlation	result_correlation_pkey	CREATE UNIQUE INDEX result_correlation_pkey ON aiworker.result_correlation USING btree (result_correlation_id)
aiworker	robot_brain_access_tier_catalog	robot_brain_access_tier_catalog_pkey	CREATE UNIQUE INDEX robot_brain_access_tier_catalog_pkey ON aiworker.robot_brain_access_tier_catalog USING btree (access_tier_code)
aiworker	robot_brain_model_domain_policy	robot_brain_model_domain_policy_pkey	CREATE UNIQUE INDEX robot_brain_model_domain_policy_pkey ON aiworker.robot_brain_model_domain_policy USING btree (model_code, brain_domain_code)
aiworker	robot_brain_model_profile	idx_robot_brain_model_profile_role	CREATE INDEX idx_robot_brain_model_profile_role ON aiworker.robot_brain_model_profile USING btree (role_code)
aiworker	robot_brain_model_profile	idx_robot_brain_model_profile_series	CREATE INDEX idx_robot_brain_model_profile_series ON aiworker.robot_brain_model_profile USING btree (series_code)
aiworker	robot_brain_model_profile	robot_brain_model_profile_pkey	CREATE UNIQUE INDEX robot_brain_model_profile_pkey ON aiworker.robot_brain_model_profile USING btree (model_code)
aiworker	robot_brain_personality_exception_policy	idx_robot_brain_personality_exception_scope	CREATE INDEX idx_robot_brain_personality_exception_scope ON aiworker.robot_brain_personality_exception_policy USING btree (model_code, series_code, role_code, allowed_domain_code, allowed_topic_code, active_flag)
aiworker	robot_brain_personality_exception_policy	robot_brain_personality_exception_policy_pkey	CREATE UNIQUE INDEX robot_brain_personality_exception_policy_pkey ON aiworker.robot_brain_personality_exception_policy USING btree (exception_code)
aiworker	robot_brain_reference_tier_policy	idx_robot_brain_reference_tier_policy_scope	CREATE INDEX idx_robot_brain_reference_tier_policy_scope ON aiworker.robot_brain_reference_tier_policy USING btree (model_code, series_code, role_code, use_purpose_code, active_flag)
aiworker	robot_brain_reference_tier_policy	robot_brain_reference_tier_policy_pkey	CREATE UNIQUE INDEX robot_brain_reference_tier_policy_pkey ON aiworker.robot_brain_reference_tier_policy USING btree (policy_code)
aiworker	robot_brain_role_policy	robot_brain_role_policy_pkey	CREATE UNIQUE INDEX robot_brain_role_policy_pkey ON aiworker.robot_brain_role_policy USING btree (role_code, brain_domain_code)
aiworker	robot_brain_series_profile	robot_brain_series_profile_pkey	CREATE UNIQUE INDEX robot_brain_series_profile_pkey ON aiworker.robot_brain_series_profile USING btree (series_code)
aiworker	robot_breadth_domain_runtime_policy	idx_robot_breadth_domain_runtime_policy_model	CREATE INDEX idx_robot_breadth_domain_runtime_policy_model ON aiworker.robot_breadth_domain_runtime_policy USING btree (model_code, brain_domain_code, active_flag)
aiworker	robot_breadth_domain_runtime_policy	robot_breadth_domain_runtime_policy_pkey	CREATE UNIQUE INDEX robot_breadth_domain_runtime_policy_pkey ON aiworker.robot_breadth_domain_runtime_policy USING btree (policy_code)
aiworker	robot_capability_axis_catalog	robot_capability_axis_catalog_pkey	CREATE UNIQUE INDEX robot_capability_axis_catalog_pkey ON aiworker.robot_capability_axis_catalog USING btree (axis_code)
aiworker	robot_capability_sharing_policy	robot_capability_sharing_poli_manufacturer_code_series_code_key	CREATE UNIQUE INDEX robot_capability_sharing_poli_manufacturer_code_series_code_key ON aiworker.robot_capability_sharing_policy USING btree (manufacturer_code, series_code)
aiworker	robot_capability_sharing_policy	robot_capability_sharing_policy_pkey	CREATE UNIQUE INDEX robot_capability_sharing_policy_pkey ON aiworker.robot_capability_sharing_policy USING btree (sharing_policy_code)
aiworker	robot_capability_value_catalog	robot_capability_value_catalog_pkey	CREATE UNIQUE INDEX robot_capability_value_catalog_pkey ON aiworker.robot_capability_value_catalog USING btree (value_code)
aiworker	robot_catalog_cleanup_audit_log	robot_catalog_cleanup_audit_log_pkey	CREATE UNIQUE INDEX robot_catalog_cleanup_audit_log_pkey ON aiworker.robot_catalog_cleanup_audit_log USING btree (audit_id)
aiworker	robot_chatstyle_profile_policy	idx_robot_chatstyle_profile_policy_scope	CREATE INDEX idx_robot_chatstyle_profile_policy_scope ON aiworker.robot_chatstyle_profile_policy USING btree (model_code, series_code, role_code, active_flag)
aiworker	robot_chatstyle_profile_policy	robot_chatstyle_profile_policy_pkey	CREATE UNIQUE INDEX robot_chatstyle_profile_policy_pkey ON aiworker.robot_chatstyle_profile_policy USING btree (chatstyle_code)
aiworker	robot_material_model_identifier_canon	idx_robot_material_model_identifier_public_model_no	CREATE INDEX idx_robot_material_model_identifier_public_model_no ON aiworker.robot_material_model_identifier_canon USING btree (public_model_no)
aiworker	robot_material_model_identifier_canon	idx_robot_material_model_identifier_runtime_model_code	CREATE INDEX idx_robot_material_model_identifier_runtime_model_code ON aiworker.robot_material_model_identifier_canon USING btree (runtime_model_code)
aiworker	robot_material_model_identifier_canon	idx_robot_material_model_identifier_series_code	CREATE INDEX idx_robot_material_model_identifier_series_code ON aiworker.robot_material_model_identifier_canon USING btree (series_code)
aiworker	robot_material_model_identifier_canon	robot_material_model_identifier_canon_pkey	CREATE UNIQUE INDEX robot_material_model_identifier_canon_pkey ON aiworker.robot_material_model_identifier_canon USING btree (legacy_material_model_code)
aiworker	robot_model_capability_profile	robot_model_capability_profile_model_code_axis_code_key	CREATE UNIQUE INDEX robot_model_capability_profile_model_code_axis_code_key ON aiworker.robot_model_capability_profile USING btree (model_code, axis_code)
aiworker	robot_model_capability_profile	robot_model_capability_profile_pkey	CREATE UNIQUE INDEX robot_model_capability_profile_pkey ON aiworker.robot_model_capability_profile USING btree (model_capability_id)
aiworker	robot_model_code_deprecation_map	robot_model_code_deprecation_map_pkey	CREATE UNIQUE INDEX robot_model_code_deprecation_map_pkey ON aiworker.robot_model_code_deprecation_map USING btree (old_model_code)
aiworker	robot_model_personality_profile	robot_model_personality_profile_pkey	CREATE UNIQUE INDEX robot_model_personality_profile_pkey ON aiworker.robot_model_personality_profile USING btree (aiworker_model_code)
aiworker	robot_model_public_profile	idx_aiworker_robot_model_public_profile_series	CREATE INDEX idx_aiworker_robot_model_public_profile_series ON aiworker.robot_model_public_profile USING btree (aiworker_series_code, status_code)
aiworker	robot_model_public_profile	idx_aiworker_robot_model_public_profile_status	CREATE INDEX idx_aiworker_robot_model_public_profile_status ON aiworker.robot_model_public_profile USING btree (public_profile_status_code, status_code)
aiworker	robot_model_public_profile	robot_model_public_profile_pkey	CREATE UNIQUE INDEX robot_model_public_profile_pkey ON aiworker.robot_model_public_profile USING btree (aiworker_model_code)
aiworker	robot_series_behavior_profile	robot_series_behavior_profile_pkey	CREATE UNIQUE INDEX robot_series_behavior_profile_pkey ON aiworker.robot_series_behavior_profile USING btree (aiworker_series_code)
aiworker	robot_series_capability_default	robot_series_capability_defau_manufacturer_code_series_code_key	CREATE UNIQUE INDEX robot_series_capability_defau_manufacturer_code_series_code_key ON aiworker.robot_series_capability_default USING btree (manufacturer_code, series_code, axis_code)
aiworker	robot_series_capability_default	robot_series_capability_default_pkey	CREATE UNIQUE INDEX robot_series_capability_default_pkey ON aiworker.robot_series_capability_default USING btree (series_capability_id)
aiworker	robot_series_identifier_canon	robot_series_identifier_canon_pkey	CREATE UNIQUE INDEX robot_series_identifier_canon_pkey ON aiworker.robot_series_identifier_canon USING btree (series_code)
aiworker	role_runtime_control_default	role_runtime_control_default_pkey	CREATE UNIQUE INDEX role_runtime_control_default_pkey ON aiworker.role_runtime_control_default USING btree (role_layer_code)
aiworker	runtime_control_axis_catalog	runtime_control_axis_catalog_pkey	CREATE UNIQUE INDEX runtime_control_axis_catalog_pkey ON aiworker.runtime_control_axis_catalog USING btree (axis_code)
aiworker	runtime_control_value_catalog	runtime_control_value_catalog_pkey	CREATE UNIQUE INDEX runtime_control_value_catalog_pkey ON aiworker.runtime_control_value_catalog USING btree (value_code)
aiworker	runtime_delivery_package	ix_runtime_delivery_package_status	CREATE INDEX ix_runtime_delivery_package_status ON aiworker.runtime_delivery_package USING btree (delivery_status_code, created_at)
aiworker	runtime_delivery_package	runtime_delivery_package_delivery_code_key	CREATE UNIQUE INDEX runtime_delivery_package_delivery_code_key ON aiworker.runtime_delivery_package USING btree (delivery_code)
aiworker	runtime_delivery_package	runtime_delivery_package_pkey	CREATE UNIQUE INDEX runtime_delivery_package_pkey ON aiworker.runtime_delivery_package USING btree (delivery_id)
aiworker	runtime_delivery_package	runtime_delivery_package_request_id_key	CREATE UNIQUE INDEX runtime_delivery_package_request_id_key ON aiworker.runtime_delivery_package USING btree (request_id)
aiworker	runtime_execution_app_api_contract	runtime_execution_app_api_contract_pkey	CREATE UNIQUE INDEX runtime_execution_app_api_contract_pkey ON aiworker.runtime_execution_app_api_contract USING btree (contract_code)
aiworker	runtime_execution_event_log	ix_runtime_execution_event_log_request	CREATE INDEX ix_runtime_execution_event_log_request ON aiworker.runtime_execution_event_log USING btree (request_id, created_at)
aiworker	runtime_execution_event_log	runtime_execution_event_log_pkey	CREATE UNIQUE INDEX runtime_execution_event_log_pkey ON aiworker.runtime_execution_event_log USING btree (event_id)
aiworker	runtime_execution_request	idx_runtime_execution_request_source_route_code	CREATE INDEX idx_runtime_execution_request_source_route_code ON aiworker.runtime_execution_request USING btree (source_route_code)
aiworker	runtime_execution_request	runtime_execution_request_pkey	CREATE UNIQUE INDEX runtime_execution_request_pkey ON aiworker.runtime_execution_request USING btree (request_id)
aiworker	runtime_execution_request	runtime_execution_request_request_code_key	CREATE UNIQUE INDEX runtime_execution_request_request_code_key ON aiworker.runtime_execution_request USING btree (request_code)
aiworker	runtime_execution_request	ux_runtime_execution_request_idempotency_key	CREATE UNIQUE INDEX ux_runtime_execution_request_idempotency_key ON aiworker.runtime_execution_request USING btree (idempotency_key) WHERE (idempotency_key IS NOT NULL)
aiworker	runtime_execution_state_catalog	runtime_execution_state_catalog_pkey	CREATE UNIQUE INDEX runtime_execution_state_catalog_pkey ON aiworker.runtime_execution_state_catalog USING btree (state_code)
aiworker	runtime_execution_transition_log	ix_runtime_execution_transition_log_request	CREATE INDEX ix_runtime_execution_transition_log_request ON aiworker.runtime_execution_transition_log USING btree (request_id, created_at)
aiworker	runtime_execution_transition_log	runtime_execution_transition_log_pkey	CREATE UNIQUE INDEX runtime_execution_transition_log_pkey ON aiworker.runtime_execution_transition_log USING btree (transition_id)
aiworker	runtime_handoff_packet	ix_runtime_handoff_packet_request	CREATE INDEX ix_runtime_handoff_packet_request ON aiworker.runtime_handoff_packet USING btree (request_id, to_role_layer_code, handoff_status_code)
aiworker	runtime_handoff_packet	runtime_handoff_packet_handoff_code_key	CREATE UNIQUE INDEX runtime_handoff_packet_handoff_code_key ON aiworker.runtime_handoff_packet USING btree (handoff_code)
aiworker	runtime_handoff_packet	runtime_handoff_packet_pkey	CREATE UNIQUE INDEX runtime_handoff_packet_pkey ON aiworker.runtime_handoff_packet USING btree (handoff_id)
aiworker	runtime_leader_review	ix_runtime_leader_review_request	CREATE INDEX ix_runtime_leader_review_request ON aiworker.runtime_leader_review USING btree (request_id, created_at)
aiworker	runtime_leader_review	runtime_leader_review_pkey	CREATE UNIQUE INDEX runtime_leader_review_pkey ON aiworker.runtime_leader_review USING btree (leader_review_id)
aiworker	runtime_leader_review	runtime_leader_review_review_code_key	CREATE UNIQUE INDEX runtime_leader_review_review_code_key ON aiworker.runtime_leader_review USING btree (review_code)
aiworker	runtime_manager_gate	ix_runtime_manager_gate_request	CREATE INDEX ix_runtime_manager_gate_request ON aiworker.runtime_manager_gate USING btree (request_id, created_at)
aiworker	runtime_manager_gate	runtime_manager_gate_gate_code_key	CREATE UNIQUE INDEX runtime_manager_gate_gate_code_key ON aiworker.runtime_manager_gate USING btree (gate_code)
aiworker	runtime_manager_gate	runtime_manager_gate_pkey	CREATE UNIQUE INDEX runtime_manager_gate_pkey ON aiworker.runtime_manager_gate USING btree (manager_gate_id)
aiworker	runtime_output_artifact	ix_runtime_output_artifact_request	CREATE INDEX ix_runtime_output_artifact_request ON aiworker.runtime_output_artifact USING btree (request_id, output_id)
aiworker	runtime_output_artifact	runtime_output_artifact_artifact_code_key	CREATE UNIQUE INDEX runtime_output_artifact_artifact_code_key ON aiworker.runtime_output_artifact USING btree (artifact_code)
aiworker	runtime_output_artifact	runtime_output_artifact_pkey	CREATE UNIQUE INDEX runtime_output_artifact_pkey ON aiworker.runtime_output_artifact USING btree (artifact_id)
aiworker	runtime_president_approval	ix_runtime_president_approval_request	CREATE INDEX ix_runtime_president_approval_request ON aiworker.runtime_president_approval USING btree (request_id, created_at)
aiworker	runtime_president_approval	runtime_president_approval_approval_code_key	CREATE UNIQUE INDEX runtime_president_approval_approval_code_key ON aiworker.runtime_president_approval USING btree (approval_code)
aiworker	runtime_president_approval	runtime_president_approval_pkey	CREATE UNIQUE INDEX runtime_president_approval_pkey ON aiworker.runtime_president_approval USING btree (president_approval_id)
aiworker	runtime_prompt_fragment_catalog	runtime_prompt_fragment_catalog_pkey	CREATE UNIQUE INDEX runtime_prompt_fragment_catalog_pkey ON aiworker.runtime_prompt_fragment_catalog USING btree (prompt_fragment_code)
aiworker	runtime_review_gate_log	ix_runtime_review_gate_log_request	CREATE INDEX ix_runtime_review_gate_log_request ON aiworker.runtime_review_gate_log USING btree (request_id, gate_type_code, gate_status_code)
aiworker	runtime_review_gate_log	runtime_review_gate_log_pkey	CREATE UNIQUE INDEX runtime_review_gate_log_pkey ON aiworker.runtime_review_gate_log USING btree (gate_id)
aiworker	runtime_worker_output	ix_runtime_worker_output_request	CREATE INDEX ix_runtime_worker_output_request ON aiworker.runtime_worker_output USING btree (request_id, created_at)
aiworker	runtime_worker_output	runtime_worker_output_output_code_key	CREATE UNIQUE INDEX runtime_worker_output_output_code_key ON aiworker.runtime_worker_output USING btree (output_code)
aiworker	runtime_worker_output	runtime_worker_output_pkey	CREATE UNIQUE INDEX runtime_worker_output_pkey ON aiworker.runtime_worker_output USING btree (output_id)
aiworker	series_public_registry	series_public_registry_manufacturer_code_series_code_key	CREATE UNIQUE INDEX series_public_registry_manufacturer_code_series_code_key ON aiworker.series_public_registry USING btree (manufacturer_code, series_code)
aiworker	series_public_registry	series_public_registry_pkey	CREATE UNIQUE INDEX series_public_registry_pkey ON aiworker.series_public_registry USING btree (registry_code)
aiworker	series_runtime_control_default	series_runtime_control_default_pkey	CREATE UNIQUE INDEX series_runtime_control_default_pkey ON aiworker.series_runtime_control_default USING btree (series_code)
aiworker	series_tendency_axis_catalog	series_tendency_axis_catalog_pkey	CREATE UNIQUE INDEX series_tendency_axis_catalog_pkey ON aiworker.series_tendency_axis_catalog USING btree (axis_code)
aiworker	series_tendency_profile	series_tendency_profile_manufacturer_code_series_code_axis__key	CREATE UNIQUE INDEX series_tendency_profile_manufacturer_code_series_code_axis__key ON aiworker.series_tendency_profile USING btree (manufacturer_code, series_code, axis_code)
aiworker	series_tendency_profile	series_tendency_profile_pkey	CREATE UNIQUE INDEX series_tendency_profile_pkey ON aiworker.series_tendency_profile USING btree (tendency_profile_id)
aiworker	series_tendency_value_catalog	series_tendency_value_catalog_pkey	CREATE UNIQUE INDEX series_tendency_value_catalog_pkey ON aiworker.series_tendency_value_catalog USING btree (value_code)
aiworker	service_catalog	service_catalog_pkey	CREATE UNIQUE INDEX service_catalog_pkey ON aiworker.service_catalog USING btree (service_code)
aiworker	smalltalk_profile	smalltalk_profile_model_code_key	CREATE UNIQUE INDEX smalltalk_profile_model_code_key ON aiworker.smalltalk_profile USING btree (model_code)
aiworker	smalltalk_profile	smalltalk_profile_pkey	CREATE UNIQUE INDEX smalltalk_profile_pkey ON aiworker.smalltalk_profile USING btree (profile_code)
aiworker	smalltalk_seed_library	idx_aiworker_smalltalk_seed_profile_topic	CREATE INDEX idx_aiworker_smalltalk_seed_profile_topic ON aiworker.smalltalk_seed_library USING btree (profile_code, topic_code, enabled, seed_type, sort_order)
aiworker	smalltalk_seed_library	smalltalk_seed_library_pkey	CREATE UNIQUE INDEX smalltalk_seed_library_pkey ON aiworker.smalltalk_seed_library USING btree (seed_id)
aiworker	smalltalk_topic_catalog	smalltalk_topic_catalog_pkey	CREATE UNIQUE INDEX smalltalk_topic_catalog_pkey ON aiworker.smalltalk_topic_catalog USING btree (topic_code)
aiworker	smoke_flow_execution_log	ix_smoke_flow_execution_log_flow	CREATE INDEX ix_smoke_flow_execution_log_flow ON aiworker.smoke_flow_execution_log USING btree (flow_code, executed_at DESC)
aiworker	smoke_flow_execution_log	smoke_flow_execution_log_pkey	CREATE UNIQUE INDEX smoke_flow_execution_log_pkey ON aiworker.smoke_flow_execution_log USING btree (smoke_flow_execution_log_id)
aiworker	smoke_seed_registry	smoke_seed_registry_pkey	CREATE UNIQUE INDEX smoke_seed_registry_pkey ON aiworker.smoke_seed_registry USING btree (smoke_seed_code)
aiworker	staging_row	ix_staging_row_draft	CREATE INDEX ix_staging_row_draft ON aiworker.staging_row USING btree (draft_id)
aiworker	staging_row	staging_row_pkey	CREATE UNIQUE INDEX staging_row_pkey ON aiworker.staging_row USING btree (staging_id)
aiworker	state_transition_rule	state_transition_rule_pkey	CREATE UNIQUE INDEX state_transition_rule_pkey ON aiworker.state_transition_rule USING btree (state_transition_rule_id)
aiworker	state_transition_rule	state_transition_rule_state_family_code_old_state_code_new__key	CREATE UNIQUE INDEX state_transition_rule_state_family_code_old_state_code_new__key ON aiworker.state_transition_rule USING btree (state_family_code, old_state_code, new_state_code)
aiworker	style_expression_overlay	style_expression_overlay_pkey	CREATE UNIQUE INDEX style_expression_overlay_pkey ON aiworker.style_expression_overlay USING btree (style_code, service_code)
aiworker	style_feature_assignment	style_feature_assignment_manufacturer_code_series_code_styl_key	CREATE UNIQUE INDEX style_feature_assignment_manufacturer_code_series_code_styl_key ON aiworker.style_feature_assignment USING btree (manufacturer_code, series_code, style_no, feature_axis_code)
aiworker	style_feature_assignment	style_feature_assignment_pkey	CREATE UNIQUE INDEX style_feature_assignment_pkey ON aiworker.style_feature_assignment USING btree (style_feature_assignment_id)
aiworker	style_feature_axis_catalog	style_feature_axis_catalog_pkey	CREATE UNIQUE INDEX style_feature_axis_catalog_pkey ON aiworker.style_feature_axis_catalog USING btree (feature_axis_code)
aiworker	style_feature_profile	style_feature_profile_manufacturer_code_series_code_style_n_key	CREATE UNIQUE INDEX style_feature_profile_manufacturer_code_series_code_style_n_key ON aiworker.style_feature_profile USING btree (manufacturer_code, series_code, style_no)
aiworker	style_feature_profile	style_feature_profile_pkey	CREATE UNIQUE INDEX style_feature_profile_pkey ON aiworker.style_feature_profile USING btree (style_feature_profile_id)
aiworker	style_feature_value_catalog	style_feature_value_catalog_pkey	CREATE UNIQUE INDEX style_feature_value_catalog_pkey ON aiworker.style_feature_value_catalog USING btree (feature_value_code)
aiworker	style_topic_bias	idx_style_topic_bias_scope	CREATE INDEX idx_style_topic_bias_scope ON aiworker.style_topic_bias USING btree (service_code, topic_code, topic_group_code, enabled)
aiworker	style_topic_bias	style_topic_bias_pkey	CREATE UNIQUE INDEX style_topic_bias_pkey ON aiworker.style_topic_bias USING btree (bias_id)
aiworker	topic_restriction	idx_topic_restriction_package	CREATE INDEX idx_topic_restriction_package ON aiworker.topic_restriction USING btree (package_code, topic_category_code, enabled, priority_no)
aiworker	topic_restriction	topic_restriction_pkey	CREATE UNIQUE INDEX topic_restriction_pkey ON aiworker.topic_restriction USING btree (restriction_code)
aiworker	user_ai_usage_tendency	user_ai_usage_tendency_pkey	CREATE UNIQUE INDEX user_ai_usage_tendency_pkey ON aiworker.user_ai_usage_tendency USING btree (user_ai_usage_tendency_id)
aiworker	user_ai_usage_tendency	ux_user_ai_usage_tendency_current	CREATE UNIQUE INDEX ux_user_ai_usage_tendency_current ON aiworker.user_ai_usage_tendency USING btree (tenant_user_id) WHERE (effective_to IS NULL)
aiworker	worker_assignment_fit_profile	worker_assignment_fit_profile_pkey	CREATE UNIQUE INDEX worker_assignment_fit_profile_pkey ON aiworker.worker_assignment_fit_profile USING btree (worker_assignment_fit_profile_id)
aiworker	worker_assignment_fit_profile	worker_assignment_fit_profile_worker_id_app_scope_code_key	CREATE UNIQUE INDEX worker_assignment_fit_profile_worker_id_app_scope_code_key ON aiworker.worker_assignment_fit_profile USING btree (worker_id, app_scope_code)
aiworker	worker_assignment_history	ix_worker_assignment_history_worker_started	CREATE INDEX ix_worker_assignment_history_worker_started ON aiworker.worker_assignment_history USING btree (worker_id, started_at DESC)
aiworker	worker_assignment_history	worker_assignment_history_pkey	CREATE UNIQUE INDEX worker_assignment_history_pkey ON aiworker.worker_assignment_history USING btree (worker_assignment_history_id)
aiworker	worker_assignment_state	ux_worker_assignment_state_current	CREATE UNIQUE INDEX ux_worker_assignment_state_current ON aiworker.worker_assignment_state USING btree (worker_id) WHERE (effective_to IS NULL)
aiworker	worker_assignment_state	worker_assignment_state_pkey	CREATE UNIQUE INDEX worker_assignment_state_pkey ON aiworker.worker_assignment_state USING btree (worker_assignment_state_id)
aiworker	worker_availability_state	ux_worker_availability_state_current	CREATE UNIQUE INDEX ux_worker_availability_state_current ON aiworker.worker_availability_state USING btree (worker_id) WHERE (effective_to IS NULL)
aiworker	worker_availability_state	worker_availability_state_pkey	CREATE UNIQUE INDEX worker_availability_state_pkey ON aiworker.worker_availability_state USING btree (worker_availability_state_id)
aiworker	worker_capability_snapshot	ix_worker_capability_snapshot_worker_snapshot	CREATE INDEX ix_worker_capability_snapshot_worker_snapshot ON aiworker.worker_capability_snapshot USING btree (worker_id, snapshot_at DESC)
aiworker	worker_capability_snapshot	worker_capability_snapshot_pkey	CREATE UNIQUE INDEX worker_capability_snapshot_pkey ON aiworker.worker_capability_snapshot USING btree (worker_capability_snapshot_id)
aiworker	worker_company_affinity	worker_company_affinity_pkey	CREATE UNIQUE INDEX worker_company_affinity_pkey ON aiworker.worker_company_affinity USING btree (worker_company_affinity_id)
aiworker	worker_company_affinity	worker_company_affinity_worker_id_tenant_company_id_key	CREATE UNIQUE INDEX worker_company_affinity_worker_id_tenant_company_id_key ON aiworker.worker_company_affinity USING btree (worker_id, tenant_company_id)
aiworker	worker_dispatch_reservation	ix_worker_dispatch_reservation_request	CREATE INDEX ix_worker_dispatch_reservation_request ON aiworker.worker_dispatch_reservation USING btree (business_request_id)
aiworker	worker_dispatch_reservation	ix_worker_dispatch_reservation_worker	CREATE INDEX ix_worker_dispatch_reservation_worker ON aiworker.worker_dispatch_reservation USING btree (worker_id)
aiworker	worker_dispatch_reservation	worker_dispatch_reservation_pkey	CREATE UNIQUE INDEX worker_dispatch_reservation_pkey ON aiworker.worker_dispatch_reservation USING btree (worker_dispatch_reservation_id)
aiworker	worker_domain_proficiency	worker_domain_proficiency_pkey	CREATE UNIQUE INDEX worker_domain_proficiency_pkey ON aiworker.worker_domain_proficiency USING btree (worker_domain_proficiency_id)
aiworker	worker_domain_proficiency	worker_domain_proficiency_worker_id_domain_code_key	CREATE UNIQUE INDEX worker_domain_proficiency_worker_id_domain_code_key ON aiworker.worker_domain_proficiency USING btree (worker_id, domain_code)
aiworker	worker_exception_control_state	worker_exception_control_state_pkey	CREATE UNIQUE INDEX worker_exception_control_state_pkey ON aiworker.worker_exception_control_state USING btree (worker_exception_control_state_id)
aiworker	worker_growth_event	ix_worker_growth_event_worker_occurred	CREATE INDEX ix_worker_growth_event_worker_occurred ON aiworker.worker_growth_event USING btree (worker_id, occurred_at DESC)
aiworker	worker_growth_event	worker_growth_event_pkey	CREATE UNIQUE INDEX worker_growth_event_pkey ON aiworker.worker_growth_event USING btree (worker_growth_event_id)
aiworker	worker_growth_profile	worker_growth_profile_pkey	CREATE UNIQUE INDEX worker_growth_profile_pkey ON aiworker.worker_growth_profile USING btree (worker_growth_profile_id)
aiworker	worker_growth_profile	worker_growth_profile_worker_id_key	CREATE UNIQUE INDEX worker_growth_profile_worker_id_key ON aiworker.worker_growth_profile USING btree (worker_id)
aiworker	worker_manufacturer_extension_catalog	worker_manufacturer_extension_catalog_pkey	CREATE UNIQUE INDEX worker_manufacturer_extension_catalog_pkey ON aiworker.worker_manufacturer_extension_catalog USING btree (manufacturer_code)
aiworker	worker_master	ux_worker_master_worker_code	CREATE UNIQUE INDEX ux_worker_master_worker_code ON aiworker.worker_master USING btree (worker_code)
aiworker	worker_master	worker_master_pkey	CREATE UNIQUE INDEX worker_master_pkey ON aiworker.worker_master USING btree (worker_id)
aiworker	worker_master	worker_master_worker_code_key	CREATE UNIQUE INDEX worker_master_worker_code_key ON aiworker.worker_master USING btree (worker_code)
aiworker	worker_mock_output	worker_mock_output_pkey	CREATE UNIQUE INDEX worker_mock_output_pkey ON aiworker.worker_mock_output USING btree (output_id)
aiworker	worker_mock_output	worker_mock_output_worker_task_code_key	CREATE UNIQUE INDEX worker_mock_output_worker_task_code_key ON aiworker.worker_mock_output USING btree (worker_task_code)
aiworker	worker_model_capability_profile	worker_model_capability_profile_model_code_capability_code_key	CREATE UNIQUE INDEX worker_model_capability_profile_model_code_capability_code_key ON aiworker.worker_model_capability_profile USING btree (model_code, capability_code)
aiworker	worker_model_capability_profile	worker_model_capability_profile_pkey	CREATE UNIQUE INDEX worker_model_capability_profile_pkey ON aiworker.worker_model_capability_profile USING btree (capability_profile_id)
aiworker	worker_model_catalog	idx_aiworker_model_catalog_lookup	CREATE INDEX idx_aiworker_model_catalog_lookup ON aiworker.worker_model_catalog USING btree (manufacturer_code, series_code, role_class_code, enabled, sort_order)
aiworker	worker_model_catalog	worker_model_catalog_pkey	CREATE UNIQUE INDEX worker_model_catalog_pkey ON aiworker.worker_model_catalog USING btree (model_code)
aiworker	worker_model_extension_catalog	worker_model_extension_catalog_model_no_key	CREATE UNIQUE INDEX worker_model_extension_catalog_model_no_key ON aiworker.worker_model_extension_catalog USING btree (model_no)
aiworker	worker_model_extension_catalog	worker_model_extension_catalog_pkey	CREATE UNIQUE INDEX worker_model_extension_catalog_pkey ON aiworker.worker_model_extension_catalog USING btree (model_code)
aiworker	worker_privileged_profile	worker_privileged_profile_pkey	CREATE UNIQUE INDEX worker_privileged_profile_pkey ON aiworker.worker_privileged_profile USING btree (worker_privileged_profile_id)
aiworker	worker_privileged_profile	worker_privileged_profile_worker_id_privileged_context_code_key	CREATE UNIQUE INDEX worker_privileged_profile_worker_id_privileged_context_code_key ON aiworker.worker_privileged_profile USING btree (worker_id, privileged_context_code)
aiworker	worker_queue_membership	worker_queue_membership_pkey	CREATE UNIQUE INDEX worker_queue_membership_pkey ON aiworker.worker_queue_membership USING btree (worker_queue_membership_id)
aiworker	worker_queue_membership	worker_queue_membership_worker_id_queue_family_code_key	CREATE UNIQUE INDEX worker_queue_membership_worker_id_queue_family_code_key ON aiworker.worker_queue_membership USING btree (worker_id, queue_family_code)
aiworker	worker_rebuild_history	ix_worker_rebuild_history_worker_opened	CREATE INDEX ix_worker_rebuild_history_worker_opened ON aiworker.worker_rebuild_history USING btree (worker_id, opened_at DESC)
aiworker	worker_rebuild_history	worker_rebuild_history_pkey	CREATE UNIQUE INDEX worker_rebuild_history_pkey ON aiworker.worker_rebuild_history USING btree (worker_rebuild_history_id)
aiworker	worker_repair_history	ix_worker_repair_history_worker_opened	CREATE INDEX ix_worker_repair_history_worker_opened ON aiworker.worker_repair_history USING btree (worker_id, opened_at DESC)
aiworker	worker_repair_history	worker_repair_history_pkey	CREATE UNIQUE INDEX worker_repair_history_pkey ON aiworker.worker_repair_history USING btree (worker_repair_history_id)
aiworker	worker_restricted_handling_policy	worker_restricted_handling_po_worker_id_restricted_domain_c_key	CREATE UNIQUE INDEX worker_restricted_handling_po_worker_id_restricted_domain_c_key ON aiworker.worker_restricted_handling_policy USING btree (worker_id, restricted_domain_code)
aiworker	worker_restricted_handling_policy	worker_restricted_handling_policy_pkey	CREATE UNIQUE INDEX worker_restricted_handling_policy_pkey ON aiworker.worker_restricted_handling_policy USING btree (worker_restricted_handling_policy_id)
aiworker	worker_role_class_catalog	idx_aiworker_role_catalog_enabled	CREATE INDEX idx_aiworker_role_catalog_enabled ON aiworker.worker_role_class_catalog USING btree (enabled, governance_rank_no, sort_order)
aiworker	worker_role_class_catalog	worker_role_class_catalog_pkey	CREATE UNIQUE INDEX worker_role_class_catalog_pkey ON aiworker.worker_role_class_catalog USING btree (role_class_code)
aiworker	worker_role_proficiency	worker_role_proficiency_pkey	CREATE UNIQUE INDEX worker_role_proficiency_pkey ON aiworker.worker_role_proficiency USING btree (worker_role_proficiency_id)
aiworker	worker_role_proficiency	worker_role_proficiency_worker_id_role_code_key	CREATE UNIQUE INDEX worker_role_proficiency_worker_id_role_code_key ON aiworker.worker_role_proficiency USING btree (worker_id, role_code)
aiworker	worker_series_catalog	idx_aiworker_series_catalog_enabled	CREATE INDEX idx_aiworker_series_catalog_enabled ON aiworker.worker_series_catalog USING btree (manufacturer_code, enabled, sort_order)
aiworker	worker_series_catalog	worker_series_catalog_pkey	CREATE UNIQUE INDEX worker_series_catalog_pkey ON aiworker.worker_series_catalog USING btree (series_code)
aiworker	worker_series_extension_catalog	worker_series_extension_catalog_pkey	CREATE UNIQUE INDEX worker_series_extension_catalog_pkey ON aiworker.worker_series_extension_catalog USING btree (manufacturer_code, series_code)
aiworker	worker_series_tendency	worker_series_tendency_pkey	CREATE UNIQUE INDEX worker_series_tendency_pkey ON aiworker.worker_series_tendency USING btree (series_code)
aiworker	worker_state_change_log	ix_worker_state_change_log_worker_changed	CREATE INDEX ix_worker_state_change_log_worker_changed ON aiworker.worker_state_change_log USING btree (worker_id, changed_at DESC)
aiworker	worker_state_change_log	worker_state_change_log_pkey	CREATE UNIQUE INDEX worker_state_change_log_pkey ON aiworker.worker_state_change_log USING btree (worker_state_change_log_id)
aiworker	worker_user_affinity	worker_user_affinity_pkey	CREATE UNIQUE INDEX worker_user_affinity_pkey ON aiworker.worker_user_affinity USING btree (worker_user_affinity_id)
aiworker	worker_user_affinity	worker_user_affinity_worker_id_tenant_user_id_key	CREATE UNIQUE INDEX worker_user_affinity_worker_id_tenant_user_id_key ON aiworker.worker_user_affinity USING btree (worker_id, tenant_user_id)
cx22073jw	access_activation_request	ai_employee_activation_request_pkey	CREATE UNIQUE INDEX ai_employee_activation_request_pkey ON cx22073jw.access_activation_request USING btree (activation_request_id)
cx22073jw	access_activation_request	ai_employee_activation_request_request_code_key	CREATE UNIQUE INDEX ai_employee_activation_request_request_code_key ON cx22073jw.access_activation_request USING btree (request_code)
cx22073jw	access_activation_request	ix_ai_employee_activation_request_role	CREATE INDEX ix_ai_employee_activation_request_role ON cx22073jw.access_activation_request USING btree (target_domain_code, target_role_code, request_status)
cx22073jw	access_activation_request_view_decision	ai_employee_activation_reques_activation_request_id_actual__key	CREATE UNIQUE INDEX ai_employee_activation_reques_activation_request_id_actual__key ON cx22073jw.access_activation_request_view_decision USING btree (activation_request_id, actual_view_code)
cx22073jw	access_activation_request_view_decision	ai_employee_activation_request_view_decision_pkey	CREATE UNIQUE INDEX ai_employee_activation_request_view_decision_pkey ON cx22073jw.access_activation_request_view_decision USING btree (activation_request_view_decision_id)
cx22073jw	access_activation_request_view_decision	ix_ai_employee_activation_request_view_decision_req	CREATE INDEX ix_ai_employee_activation_request_view_decision_req ON cx22073jw.access_activation_request_view_decision USING btree (activation_request_id, decision_status)
cx22073jw	access_activation_review_decision_batch	ai_employee_activation_review_decision_batch_batch_code_key	CREATE UNIQUE INDEX ai_employee_activation_review_decision_batch_batch_code_key ON cx22073jw.access_activation_review_decision_batch USING btree (batch_code)
cx22073jw	access_activation_review_decision_batch	ai_employee_activation_review_decision_batch_pkey	CREATE UNIQUE INDEX ai_employee_activation_review_decision_batch_pkey ON cx22073jw.access_activation_review_decision_batch USING btree (activation_review_decision_batch_id)
cx22073jw	access_activation_review_decision_batch	ix_ai_employee_activation_review_decision_batch_created	CREATE INDEX ix_ai_employee_activation_review_decision_batch_created ON cx22073jw.access_activation_review_decision_batch USING btree (created_at DESC)
cx22073jw	access_activation_review_decision_item	ai_employee_activation_review_activation_review_decision_ba_key	CREATE UNIQUE INDEX ai_employee_activation_review_activation_review_decision_ba_key ON cx22073jw.access_activation_review_decision_item USING btree (activation_review_decision_batch_id, request_code, actual_view_code)
cx22073jw	access_activation_review_decision_item	ai_employee_activation_review_decision_item_pkey	CREATE UNIQUE INDEX ai_employee_activation_review_decision_item_pkey ON cx22073jw.access_activation_review_decision_item USING btree (activation_review_decision_item_id)
cx22073jw	access_activation_review_decision_item	ix_ai_employee_activation_review_decision_item_batch	CREATE INDEX ix_ai_employee_activation_review_decision_item_batch ON cx22073jw.access_activation_review_decision_item USING btree (activation_review_decision_batch_id, review_bucket, request_code)
cx22073jw	access_activation_review_export_item	ai_employee_activation_review_export_item_pkey	CREATE UNIQUE INDEX ai_employee_activation_review_export_item_pkey ON cx22073jw.access_activation_review_export_item USING btree (activation_review_export_item_id)
cx22073jw	access_activation_review_export_item	ix_ai_employee_activation_review_export_item_run	CREATE INDEX ix_ai_employee_activation_review_export_item_run ON cx22073jw.access_activation_review_export_item USING btree (activation_review_export_run_id, request_code, decision_status)
cx22073jw	access_activation_review_export_run	ai_employee_activation_review_export_run_pkey	CREATE UNIQUE INDEX ai_employee_activation_review_export_run_pkey ON cx22073jw.access_activation_review_export_run USING btree (activation_review_export_run_id)
cx22073jw	access_activation_review_export_run	ai_employee_activation_review_export_run_run_code_key	CREATE UNIQUE INDEX ai_employee_activation_review_export_run_run_code_key ON cx22073jw.access_activation_review_export_run USING btree (run_code)
cx22073jw	access_activation_review_export_run	ix_ai_employee_activation_review_export_run_created	CREATE INDEX ix_ai_employee_activation_review_export_run_created ON cx22073jw.access_activation_review_export_run USING btree (created_at DESC)
cx22073jw	access_actual_view_registry	ai_employee_actual_view_registry_logical_view_name_key	CREATE UNIQUE INDEX ai_employee_actual_view_registry_logical_view_name_key ON cx22073jw.access_actual_view_registry USING btree (logical_view_name)
cx22073jw	access_actual_view_registry	ai_employee_actual_view_registry_pkey	CREATE UNIQUE INDEX ai_employee_actual_view_registry_pkey ON cx22073jw.access_actual_view_registry USING btree (actual_view_code)
cx22073jw	access_actual_view_registry	ix_ai_employee_actual_view_registry_family	CREATE INDEX ix_ai_employee_actual_view_registry_family ON cx22073jw.access_actual_view_registry USING btree (view_family_code, domain_code, sensitivity_code)
cx22073jw	access_app_scope_actual_view_allowlist	ai_employee_app_scope_actual_view_allowlist_pkey	CREATE UNIQUE INDEX ai_employee_app_scope_actual_view_allowlist_pkey ON cx22073jw.access_app_scope_actual_view_allowlist USING btree (app_scope_code, actual_view_code)
cx22073jw	access_app_scope_actual_view_allowlist	ix_ai_employee_app_scope_actual_view_allowlist_scope	CREATE INDEX ix_ai_employee_app_scope_actual_view_allowlist_scope ON cx22073jw.access_app_scope_actual_view_allowlist USING btree (app_scope_code, allow_mode)
cx22073jw	access_app_scope_registry	ai_employee_app_scope_registry_pkey	CREATE UNIQUE INDEX ai_employee_app_scope_registry_pkey ON cx22073jw.access_app_scope_registry USING btree (app_scope_code)
cx22073jw	access_app_scope_registry	ix_ai_employee_app_scope_registry_domain	CREATE INDEX ix_ai_employee_app_scope_registry_domain ON cx22073jw.access_app_scope_registry USING btree (domain_code, scope_group)
cx22073jw	access_baseline_health_check_item	access_baseline_health_check__baseline_health_run_id_check__key	CREATE UNIQUE INDEX access_baseline_health_check__baseline_health_run_id_check__key ON cx22073jw.access_baseline_health_check_item USING btree (baseline_health_run_id, check_code)
cx22073jw	access_baseline_health_check_item	access_baseline_health_check_item_pkey	CREATE UNIQUE INDEX access_baseline_health_check_item_pkey ON cx22073jw.access_baseline_health_check_item USING btree (baseline_health_check_item_id)
cx22073jw	access_baseline_health_check_item	ix_access_baseline_health_check_item_run	CREATE INDEX ix_access_baseline_health_check_item_run ON cx22073jw.access_baseline_health_check_item USING btree (baseline_health_run_id, check_group, severity, check_status)
cx22073jw	access_baseline_health_run	access_baseline_health_run_pkey	CREATE UNIQUE INDEX access_baseline_health_run_pkey ON cx22073jw.access_baseline_health_run USING btree (baseline_health_run_id)
cx22073jw	access_baseline_health_run	access_baseline_health_run_run_code_key	CREATE UNIQUE INDEX access_baseline_health_run_run_code_key ON cx22073jw.access_baseline_health_run USING btree (run_code)
cx22073jw	access_baseline_health_run	ix_access_baseline_health_run_created	CREATE INDEX ix_access_baseline_health_run_created ON cx22073jw.access_baseline_health_run USING btree (created_at DESC)
cx22073jw	access_current_state_bundle_export_file	access_current_state_bundle_e_current_state_bundle_export_r_key	CREATE UNIQUE INDEX access_current_state_bundle_e_current_state_bundle_export_r_key ON cx22073jw.access_current_state_bundle_export_file USING btree (current_state_bundle_export_run_id, file_role)
cx22073jw	access_current_state_bundle_export_file	access_current_state_bundle_export_file_pkey	CREATE UNIQUE INDEX access_current_state_bundle_export_file_pkey ON cx22073jw.access_current_state_bundle_export_file USING btree (current_state_bundle_export_file_id)
cx22073jw	access_current_state_bundle_export_file	ix_access_current_state_bundle_export_file_run	CREATE INDEX ix_access_current_state_bundle_export_file_run ON cx22073jw.access_current_state_bundle_export_file USING btree (current_state_bundle_export_run_id, file_role)
cx22073jw	access_current_state_bundle_export_run	access_current_state_bundle_export_run_pkey	CREATE UNIQUE INDEX access_current_state_bundle_export_run_pkey ON cx22073jw.access_current_state_bundle_export_run USING btree (current_state_bundle_export_run_id)
cx22073jw	access_current_state_bundle_export_run	access_current_state_bundle_export_run_run_code_key	CREATE UNIQUE INDEX access_current_state_bundle_export_run_run_code_key ON cx22073jw.access_current_state_bundle_export_run USING btree (run_code)
cx22073jw	access_current_state_bundle_export_run	ix_access_current_state_bundle_export_run_created	CREATE INDEX ix_access_current_state_bundle_export_run_created ON cx22073jw.access_current_state_bundle_export_run USING btree (created_at DESC)
cx22073jw	access_db_role_provision_batch	ai_employee_db_role_provision_batch_batch_code_key	CREATE UNIQUE INDEX ai_employee_db_role_provision_batch_batch_code_key ON cx22073jw.access_db_role_provision_batch USING btree (batch_code)
cx22073jw	access_db_role_provision_batch	ai_employee_db_role_provision_batch_pkey	CREATE UNIQUE INDEX ai_employee_db_role_provision_batch_pkey ON cx22073jw.access_db_role_provision_batch USING btree (db_role_provision_batch_id)
cx22073jw	access_db_role_provision_batch	ix_ai_employee_db_role_provision_batch_created	CREATE INDEX ix_ai_employee_db_role_provision_batch_created ON cx22073jw.access_db_role_provision_batch USING btree (created_at DESC)
cx22073jw	access_db_role_provision_item	ai_employee_db_role_provision_db_role_provision_batch_id_ex_key	CREATE UNIQUE INDEX ai_employee_db_role_provision_db_role_provision_batch_id_ex_key ON cx22073jw.access_db_role_provision_item USING btree (db_role_provision_batch_id, expected_db_role_name)
cx22073jw	access_db_role_provision_item	ai_employee_db_role_provision_item_pkey	CREATE UNIQUE INDEX ai_employee_db_role_provision_item_pkey ON cx22073jw.access_db_role_provision_item USING btree (db_role_provision_item_id)
cx22073jw	access_db_role_provision_item	ix_ai_employee_db_role_provision_item_batch	CREATE INDEX ix_ai_employee_db_role_provision_item_batch ON cx22073jw.access_db_role_provision_item USING btree (db_role_provision_batch_id, provision_status, domain_code)
cx22073jw	access_db_role_registry	ai_employee_db_role_registry_expected_db_role_name_key	CREATE UNIQUE INDEX ai_employee_db_role_registry_expected_db_role_name_key ON cx22073jw.access_db_role_registry USING btree (expected_db_role_name)
cx22073jw	access_db_role_registry	ai_employee_db_role_registry_pkey	CREATE UNIQUE INDEX ai_employee_db_role_registry_pkey ON cx22073jw.access_db_role_registry USING btree (db_role_registry_id)
cx22073jw	access_db_role_registry	ai_employee_db_role_registry_role_code_key	CREATE UNIQUE INDEX ai_employee_db_role_registry_role_code_key ON cx22073jw.access_db_role_registry USING btree (role_code)
cx22073jw	access_db_role_registry	ix_ai_employee_db_role_registry_domain	CREATE INDEX ix_ai_employee_db_role_registry_domain ON cx22073jw.access_db_role_registry USING btree (domain_code, role_status)
cx22073jw	access_domain_master	ai_employee_domain_master_pkey	CREATE UNIQUE INDEX ai_employee_domain_master_pkey ON cx22073jw.access_domain_master USING btree (domain_code)
cx22073jw	access_domain_rule_registry	ai_employee_domain_rule_registry_pkey	CREATE UNIQUE INDEX ai_employee_domain_rule_registry_pkey ON cx22073jw.access_domain_rule_registry USING btree (domain_code, rule_code)
cx22073jw	access_final_handoff_export_item	ai_employee_final_handoff_exp_final_handoff_export_run_id_r_key	CREATE UNIQUE INDEX ai_employee_final_handoff_exp_final_handoff_export_run_id_r_key ON cx22073jw.access_final_handoff_export_item USING btree (final_handoff_export_run_id, request_code, actual_view_code)
cx22073jw	access_final_handoff_export_item	ai_employee_final_handoff_export_item_pkey	CREATE UNIQUE INDEX ai_employee_final_handoff_export_item_pkey ON cx22073jw.access_final_handoff_export_item USING btree (final_handoff_export_item_id)
cx22073jw	access_final_handoff_export_item	ix_ai_employee_final_handoff_export_item_run	CREATE INDEX ix_ai_employee_final_handoff_export_item_run ON cx22073jw.access_final_handoff_export_item USING btree (final_handoff_export_run_id, handoff_bucket, request_code)
cx22073jw	access_final_handoff_export_run	ai_employee_final_handoff_export_run_pkey	CREATE UNIQUE INDEX ai_employee_final_handoff_export_run_pkey ON cx22073jw.access_final_handoff_export_run USING btree (final_handoff_export_run_id)
cx22073jw	access_final_handoff_export_run	ai_employee_final_handoff_export_run_run_code_key	CREATE UNIQUE INDEX ai_employee_final_handoff_export_run_run_code_key ON cx22073jw.access_final_handoff_export_run USING btree (run_code)
cx22073jw	access_final_handoff_export_run	ix_ai_employee_final_handoff_export_run_created	CREATE INDEX ix_ai_employee_final_handoff_export_run_created ON cx22073jw.access_final_handoff_export_run USING btree (created_at DESC)
cx22073jw	access_global_rule_registry	ai_employee_global_rule_registry_pkey	CREATE UNIQUE INDEX ai_employee_global_rule_registry_pkey ON cx22073jw.access_global_rule_registry USING btree (rule_code)
cx22073jw	access_governed_apply_attempt_log	ai_employee_governed_apply_attempt_log_attempt_code_key	CREATE UNIQUE INDEX ai_employee_governed_apply_attempt_log_attempt_code_key ON cx22073jw.access_governed_apply_attempt_log USING btree (attempt_code)
cx22073jw	access_governed_apply_attempt_log	ai_employee_governed_apply_attempt_log_pkey	CREATE UNIQUE INDEX ai_employee_governed_apply_attempt_log_pkey ON cx22073jw.access_governed_apply_attempt_log USING btree (governed_apply_attempt_log_id)
cx22073jw	access_governed_apply_attempt_log	ix_ai_employee_governed_apply_attempt_log_batch	CREATE INDEX ix_ai_employee_governed_apply_attempt_log_batch ON cx22073jw.access_governed_apply_attempt_log USING btree (governed_apply_batch_id, created_at DESC)
cx22073jw	access_governed_apply_batch	ai_employee_governed_apply_batch_batch_code_key	CREATE UNIQUE INDEX ai_employee_governed_apply_batch_batch_code_key ON cx22073jw.access_governed_apply_batch USING btree (batch_code)
cx22073jw	access_governed_apply_batch	ai_employee_governed_apply_batch_pkey	CREATE UNIQUE INDEX ai_employee_governed_apply_batch_pkey ON cx22073jw.access_governed_apply_batch USING btree (governed_apply_batch_id)
cx22073jw	access_governed_apply_batch	ix_ai_employee_governed_apply_batch_created	CREATE INDEX ix_ai_employee_governed_apply_batch_created ON cx22073jw.access_governed_apply_batch USING btree (created_at DESC)
cx22073jw	access_governed_apply_batch_item	ai_employee_governed_apply_ba_governed_apply_batch_id_reque_key	CREATE UNIQUE INDEX ai_employee_governed_apply_ba_governed_apply_batch_id_reque_key ON cx22073jw.access_governed_apply_batch_item USING btree (governed_apply_batch_id, request_code, actual_view_code)
cx22073jw	access_governed_apply_batch_item	ai_employee_governed_apply_batch_item_pkey	CREATE UNIQUE INDEX ai_employee_governed_apply_batch_item_pkey ON cx22073jw.access_governed_apply_batch_item USING btree (governed_apply_batch_item_id)
cx22073jw	access_governed_apply_batch_item	ix_ai_employee_governed_apply_batch_item_batch	CREATE INDEX ix_ai_employee_governed_apply_batch_item_batch ON cx22073jw.access_governed_apply_batch_item USING btree (governed_apply_batch_id, apply_status, request_code)
cx22073jw	access_governed_apply_execution_item	ai_employee_governed_apply_ex_governed_apply_execution_run__key	CREATE UNIQUE INDEX ai_employee_governed_apply_ex_governed_apply_execution_run__key ON cx22073jw.access_governed_apply_execution_item USING btree (governed_apply_execution_run_id, request_code, actual_view_code)
cx22073jw	access_governed_apply_execution_item	ai_employee_governed_apply_execution_item_pkey	CREATE UNIQUE INDEX ai_employee_governed_apply_execution_item_pkey ON cx22073jw.access_governed_apply_execution_item USING btree (governed_apply_execution_item_id)
cx22073jw	access_governed_apply_execution_item	ix_ai_employee_governed_apply_execution_item_run	CREATE INDEX ix_ai_employee_governed_apply_execution_item_run ON cx22073jw.access_governed_apply_execution_item USING btree (governed_apply_execution_run_id, preflight_status, request_code)
cx22073jw	access_governed_apply_execution_run	ai_employee_governed_apply_execution_run_pkey	CREATE UNIQUE INDEX ai_employee_governed_apply_execution_run_pkey ON cx22073jw.access_governed_apply_execution_run USING btree (governed_apply_execution_run_id)
cx22073jw	access_governed_apply_execution_run	ai_employee_governed_apply_execution_run_run_code_key	CREATE UNIQUE INDEX ai_employee_governed_apply_execution_run_run_code_key ON cx22073jw.access_governed_apply_execution_run USING btree (run_code)
cx22073jw	access_governed_apply_execution_run	ix_ai_employee_governed_apply_execution_run_created	CREATE INDEX ix_ai_employee_governed_apply_execution_run_created ON cx22073jw.access_governed_apply_execution_run USING btree (created_at DESC)
cx22073jw	access_governed_apply_queue	ai_employee_governed_apply_qu_source_batch_code_request_cod_key	CREATE UNIQUE INDEX ai_employee_governed_apply_qu_source_batch_code_request_cod_key ON cx22073jw.access_governed_apply_queue USING btree (source_batch_code, request_code, actual_view_code)
cx22073jw	access_governed_apply_queue	ai_employee_governed_apply_queue_pkey	CREATE UNIQUE INDEX ai_employee_governed_apply_queue_pkey ON cx22073jw.access_governed_apply_queue USING btree (governed_apply_queue_id)
cx22073jw	access_governed_apply_queue	ai_employee_governed_apply_queue_queue_code_key	CREATE UNIQUE INDEX ai_employee_governed_apply_queue_queue_code_key ON cx22073jw.access_governed_apply_queue USING btree (queue_code)
cx22073jw	access_governed_apply_queue	ix_ai_employee_governed_apply_queue_created	CREATE INDEX ix_ai_employee_governed_apply_queue_created ON cx22073jw.access_governed_apply_queue USING btree (created_at DESC)
cx22073jw	access_governed_apply_queue	ix_ai_employee_governed_apply_queue_status	CREATE INDEX ix_ai_employee_governed_apply_queue_status ON cx22073jw.access_governed_apply_queue USING btree (queue_status, target_domain_code, target_role_code)
cx22073jw	access_grant_export_item	ai_employee_grant_export_item_pkey	CREATE UNIQUE INDEX ai_employee_grant_export_item_pkey ON cx22073jw.access_grant_export_item USING btree (grant_export_item_id)
cx22073jw	access_grant_export_item	ix_ai_employee_grant_export_item_run	CREATE INDEX ix_ai_employee_grant_export_item_run ON cx22073jw.access_grant_export_item USING btree (grant_export_run_id, domain_code, role_code)
cx22073jw	access_grant_export_run	ai_employee_grant_export_run_pkey	CREATE UNIQUE INDEX ai_employee_grant_export_run_pkey ON cx22073jw.access_grant_export_run USING btree (grant_export_run_id)
cx22073jw	access_grant_export_run	ai_employee_grant_export_run_run_code_key	CREATE UNIQUE INDEX ai_employee_grant_export_run_run_code_key ON cx22073jw.access_grant_export_run USING btree (run_code)
cx22073jw	access_grant_export_run	ix_ai_employee_grant_export_run_created	CREATE INDEX ix_ai_employee_grant_export_run_created ON cx22073jw.access_grant_export_run USING btree (created_at DESC)
cx22073jw	access_human_review_action_log	ai_employee_human_review_action_log_pkey	CREATE UNIQUE INDEX ai_employee_human_review_action_log_pkey ON cx22073jw.access_human_review_action_log USING btree (human_review_action_log_id)
cx22073jw	access_human_review_action_log	ix_ai_employee_human_review_action_log_batch	CREATE INDEX ix_ai_employee_human_review_action_log_batch ON cx22073jw.access_human_review_action_log USING btree (activation_review_decision_batch_id, request_code, created_at DESC)
cx22073jw	access_legacy_compat_audit_db_item	access_legacy_compat_audit_db_item_pkey	CREATE UNIQUE INDEX access_legacy_compat_audit_db_item_pkey ON cx22073jw.access_legacy_compat_audit_db_item USING btree (legacy_compat_audit_db_item_id)
cx22073jw	access_legacy_compat_audit_db_item	ix_access_legacy_compat_audit_db_item_run	CREATE INDEX ix_access_legacy_compat_audit_db_item_run ON cx22073jw.access_legacy_compat_audit_db_item USING btree (legacy_compat_audit_run_id, object_group, object_name)
cx22073jw	access_legacy_compat_audit_file_item	access_legacy_compat_audit_file_item_pkey	CREATE UNIQUE INDEX access_legacy_compat_audit_file_item_pkey ON cx22073jw.access_legacy_compat_audit_file_item USING btree (legacy_compat_audit_file_item_id)
cx22073jw	access_legacy_compat_audit_file_item	ix_access_legacy_compat_audit_file_item_run	CREATE INDEX ix_access_legacy_compat_audit_file_item_run ON cx22073jw.access_legacy_compat_audit_file_item USING btree (legacy_compat_audit_run_id, file_path, line_no)
cx22073jw	access_legacy_compat_audit_run	access_legacy_compat_audit_run_pkey	CREATE UNIQUE INDEX access_legacy_compat_audit_run_pkey ON cx22073jw.access_legacy_compat_audit_run USING btree (legacy_compat_audit_run_id)
cx22073jw	access_legacy_compat_audit_run	access_legacy_compat_audit_run_run_code_key	CREATE UNIQUE INDEX access_legacy_compat_audit_run_run_code_key ON cx22073jw.access_legacy_compat_audit_run USING btree (run_code)
cx22073jw	access_legacy_compat_audit_run	ix_access_legacy_compat_audit_run_created	CREATE INDEX ix_access_legacy_compat_audit_run_created ON cx22073jw.access_legacy_compat_audit_run USING btree (created_at DESC)
cx22073jw	access_legacy_cutover_gate_blocker	access_legacy_cutover_gate_blocker_pkey	CREATE UNIQUE INDEX access_legacy_cutover_gate_blocker_pkey ON cx22073jw.access_legacy_cutover_gate_blocker USING btree (legacy_cutover_gate_blocker_id)
cx22073jw	access_legacy_cutover_gate_blocker	ix_access_legacy_cutover_gate_blocker_run	CREATE INDEX ix_access_legacy_cutover_gate_blocker_run ON cx22073jw.access_legacy_cutover_gate_blocker USING btree (legacy_cutover_gate_run_id, blocker_group, blocker_identity)
cx22073jw	access_legacy_cutover_gate_run	access_legacy_cutover_gate_run_pkey	CREATE UNIQUE INDEX access_legacy_cutover_gate_run_pkey ON cx22073jw.access_legacy_cutover_gate_run USING btree (legacy_cutover_gate_run_id)
cx22073jw	access_legacy_cutover_gate_run	access_legacy_cutover_gate_run_run_code_key	CREATE UNIQUE INDEX access_legacy_cutover_gate_run_run_code_key ON cx22073jw.access_legacy_cutover_gate_run USING btree (run_code)
cx22073jw	access_legacy_cutover_gate_run	ix_access_legacy_cutover_gate_run_created	CREATE INDEX ix_access_legacy_cutover_gate_run_created ON cx22073jw.access_legacy_cutover_gate_run USING btree (created_at DESC)
cx22073jw	access_legacy_db_blocker_patch_item	access_legacy_db_blocker_patch_item_pkey	CREATE UNIQUE INDEX access_legacy_db_blocker_patch_item_pkey ON cx22073jw.access_legacy_db_blocker_patch_item USING btree (legacy_db_blocker_patch_item_id)
cx22073jw	access_legacy_db_blocker_patch_item	ix_access_legacy_db_blocker_patch_item_run	CREATE INDEX ix_access_legacy_db_blocker_patch_item_run ON cx22073jw.access_legacy_db_blocker_patch_item USING btree (legacy_db_blocker_patch_run_id, object_group, patch_status)
cx22073jw	access_legacy_db_blocker_patch_run	access_legacy_db_blocker_patch_run_pkey	CREATE UNIQUE INDEX access_legacy_db_blocker_patch_run_pkey ON cx22073jw.access_legacy_db_blocker_patch_run USING btree (legacy_db_blocker_patch_run_id)
cx22073jw	access_legacy_db_blocker_patch_run	access_legacy_db_blocker_patch_run_run_code_key	CREATE UNIQUE INDEX access_legacy_db_blocker_patch_run_run_code_key ON cx22073jw.access_legacy_db_blocker_patch_run USING btree (run_code)
cx22073jw	access_legacy_db_blocker_patch_run	ix_access_legacy_db_blocker_patch_run_created	CREATE INDEX ix_access_legacy_db_blocker_patch_run_created ON cx22073jw.access_legacy_db_blocker_patch_run USING btree (created_at DESC)
cx22073jw	access_legacy_retirement_plan_item	access_legacy_retirement_plan_item_pkey	CREATE UNIQUE INDEX access_legacy_retirement_plan_item_pkey ON cx22073jw.access_legacy_retirement_plan_item USING btree (legacy_retirement_plan_item_id)
cx22073jw	access_legacy_retirement_plan_item	ix_access_legacy_retirement_plan_item_run	CREATE INDEX ix_access_legacy_retirement_plan_item_run ON cx22073jw.access_legacy_retirement_plan_item USING btree (legacy_retirement_plan_run_id, item_group, object_name)
cx22073jw	access_legacy_retirement_plan_run	access_legacy_retirement_plan_run_pkey	CREATE UNIQUE INDEX access_legacy_retirement_plan_run_pkey ON cx22073jw.access_legacy_retirement_plan_run USING btree (legacy_retirement_plan_run_id)
cx22073jw	access_legacy_retirement_plan_run	access_legacy_retirement_plan_run_run_code_key	CREATE UNIQUE INDEX access_legacy_retirement_plan_run_run_code_key ON cx22073jw.access_legacy_retirement_plan_run USING btree (run_code)
cx22073jw	access_legacy_retirement_plan_run	ix_access_legacy_retirement_plan_run_created	CREATE INDEX ix_access_legacy_retirement_plan_run_created ON cx22073jw.access_legacy_retirement_plan_run USING btree (created_at DESC)
cx22073jw	access_manual_apply_confirmation_log	access_manual_apply_confirmation_log_pkey	CREATE UNIQUE INDEX access_manual_apply_confirmation_log_pkey ON cx22073jw.access_manual_apply_confirmation_log USING btree (manual_apply_confirmation_log_id)
cx22073jw	access_manual_apply_confirmation_log	ix_access_manual_apply_confirmation_log_batch	CREATE INDEX ix_access_manual_apply_confirmation_log_batch ON cx22073jw.access_manual_apply_confirmation_log USING btree (manual_apply_receipt_batch_id, request_code, created_at DESC)
cx22073jw	access_manual_apply_receipt_batch	ai_employee_manual_apply_receipt_batch_batch_code_key	CREATE UNIQUE INDEX ai_employee_manual_apply_receipt_batch_batch_code_key ON cx22073jw.access_manual_apply_receipt_batch USING btree (batch_code)
cx22073jw	access_manual_apply_receipt_batch	ai_employee_manual_apply_receipt_batch_pkey	CREATE UNIQUE INDEX ai_employee_manual_apply_receipt_batch_pkey ON cx22073jw.access_manual_apply_receipt_batch USING btree (manual_apply_receipt_batch_id)
cx22073jw	access_manual_apply_receipt_batch	ix_ai_employee_manual_apply_receipt_batch_created	CREATE INDEX ix_ai_employee_manual_apply_receipt_batch_created ON cx22073jw.access_manual_apply_receipt_batch USING btree (created_at DESC)
cx22073jw	access_manual_apply_receipt_item	ai_employee_manual_apply_rece_manual_apply_receipt_batch_id_key	CREATE UNIQUE INDEX ai_employee_manual_apply_rece_manual_apply_receipt_batch_id_key ON cx22073jw.access_manual_apply_receipt_item USING btree (manual_apply_receipt_batch_id, request_code, actual_view_code)
cx22073jw	access_manual_apply_receipt_item	ai_employee_manual_apply_receipt_item_pkey	CREATE UNIQUE INDEX ai_employee_manual_apply_receipt_item_pkey ON cx22073jw.access_manual_apply_receipt_item USING btree (manual_apply_receipt_item_id)
cx22073jw	access_manual_apply_receipt_item	ix_ai_employee_manual_apply_receipt_item_batch	CREATE INDEX ix_ai_employee_manual_apply_receipt_item_batch ON cx22073jw.access_manual_apply_receipt_item USING btree (manual_apply_receipt_batch_id, receipt_status, request_code)
cx22073jw	access_post_apply_verification_item	ai_employee_post_apply_verifi_post_apply_verification_run_i_key	CREATE UNIQUE INDEX ai_employee_post_apply_verifi_post_apply_verification_run_i_key ON cx22073jw.access_post_apply_verification_item USING btree (post_apply_verification_run_id, request_code, actual_view_code)
cx22073jw	access_post_apply_verification_item	ai_employee_post_apply_verification_item_pkey	CREATE UNIQUE INDEX ai_employee_post_apply_verification_item_pkey ON cx22073jw.access_post_apply_verification_item USING btree (post_apply_verification_item_id)
cx22073jw	access_post_apply_verification_item	ix_ai_employee_post_apply_verification_item_run	CREATE INDEX ix_ai_employee_post_apply_verification_item_run ON cx22073jw.access_post_apply_verification_item USING btree (post_apply_verification_run_id, verification_status, request_code)
cx22073jw	access_post_apply_verification_run	ai_employee_post_apply_verification_run_pkey	CREATE UNIQUE INDEX ai_employee_post_apply_verification_run_pkey ON cx22073jw.access_post_apply_verification_run USING btree (post_apply_verification_run_id)
cx22073jw	access_post_apply_verification_run	ai_employee_post_apply_verification_run_run_code_key	CREATE UNIQUE INDEX ai_employee_post_apply_verification_run_run_code_key ON cx22073jw.access_post_apply_verification_run USING btree (run_code)
cx22073jw	access_post_apply_verification_run	ix_ai_employee_post_apply_verification_run_created	CREATE INDEX ix_ai_employee_post_apply_verification_run_created ON cx22073jw.access_post_apply_verification_run USING btree (created_at DESC)
cx22073jw	access_rank_registry	ai_employee_rank_registry_pkey	CREATE UNIQUE INDEX ai_employee_rank_registry_pkey ON cx22073jw.access_rank_registry USING btree (rank_code)
cx22073jw	access_role_access_bundle_item	ai_employee_role_access_bundl_role_access_bundle_id_actual__key	CREATE UNIQUE INDEX ai_employee_role_access_bundl_role_access_bundle_id_actual__key ON cx22073jw.access_role_access_bundle_item USING btree (role_access_bundle_id, actual_view_code)
cx22073jw	access_role_access_bundle_item	ai_employee_role_access_bundle_item_pkey	CREATE UNIQUE INDEX ai_employee_role_access_bundle_item_pkey ON cx22073jw.access_role_access_bundle_item USING btree (role_access_bundle_item_id)
cx22073jw	access_role_access_bundle_item	ix_ai_employee_role_access_bundle_item_bundle	CREATE INDEX ix_ai_employee_role_access_bundle_item_bundle ON cx22073jw.access_role_access_bundle_item USING btree (role_access_bundle_id, sort_order)
cx22073jw	access_role_access_bundle_master	ai_employee_role_access_bundl_domain_code_role_code_bundle__key	CREATE UNIQUE INDEX ai_employee_role_access_bundl_domain_code_role_code_bundle__key ON cx22073jw.access_role_access_bundle_master USING btree (domain_code, role_code, bundle_scope)
cx22073jw	access_role_access_bundle_master	ai_employee_role_access_bundle_master_bundle_code_key	CREATE UNIQUE INDEX ai_employee_role_access_bundle_master_bundle_code_key ON cx22073jw.access_role_access_bundle_master USING btree (bundle_code)
cx22073jw	access_role_access_bundle_master	ai_employee_role_access_bundle_master_pkey	CREATE UNIQUE INDEX ai_employee_role_access_bundle_master_pkey ON cx22073jw.access_role_access_bundle_master USING btree (role_access_bundle_id)
cx22073jw	access_role_access_bundle_master	ix_ai_employee_role_access_bundle_master_role	CREATE INDEX ix_ai_employee_role_access_bundle_master_role ON cx22073jw.access_role_access_bundle_master USING btree (domain_code, role_code, bundle_status)
cx22073jw	access_role_actual_view_grant_skeleton	ai_employee_role_actual_view_grant_skeleton_pkey	CREATE UNIQUE INDEX ai_employee_role_actual_view_grant_skeleton_pkey ON cx22073jw.access_role_actual_view_grant_skeleton USING btree (role_code, actual_view_code)
cx22073jw	access_role_actual_view_grant_skeleton	ix_ai_employee_role_actual_view_grant_skeleton_view	CREATE INDEX ix_ai_employee_role_actual_view_grant_skeleton_view ON cx22073jw.access_role_actual_view_grant_skeleton USING btree (actual_view_code, grant_mode)
cx22073jw	access_role_master	ai_employee_role_master_pkey	CREATE UNIQUE INDEX ai_employee_role_master_pkey ON cx22073jw.access_role_master USING btree (role_code)
cx22073jw	access_role_master	ix_ai_employee_role_master_domain	CREATE INDEX ix_ai_employee_role_master_domain ON cx22073jw.access_role_master USING btree (domain_code, role_group)
cx22073jw	access_role_view_family_policy	ai_employee_role_view_family_policy_pkey	CREATE UNIQUE INDEX ai_employee_role_view_family_policy_pkey ON cx22073jw.access_role_view_family_policy USING btree (role_code, view_family_code)
cx22073jw	access_role_view_family_policy	ix_ai_employee_role_view_family_policy_family	CREATE INDEX ix_ai_employee_role_view_family_policy_family ON cx22073jw.access_role_view_family_policy USING btree (view_family_code, access_mode)
cx22073jw	access_route_master	access_route_master_pkey	CREATE UNIQUE INDEX access_route_master_pkey ON cx22073jw.access_route_master USING btree (route_code)
cx22073jw	access_runtime_ready_promotion_batch	ai_employee_runtime_ready_promotion_batch_batch_code_key	CREATE UNIQUE INDEX ai_employee_runtime_ready_promotion_batch_batch_code_key ON cx22073jw.access_runtime_ready_promotion_batch USING btree (batch_code)
cx22073jw	access_runtime_ready_promotion_batch	ai_employee_runtime_ready_promotion_batch_pkey	CREATE UNIQUE INDEX ai_employee_runtime_ready_promotion_batch_pkey ON cx22073jw.access_runtime_ready_promotion_batch USING btree (runtime_ready_promotion_batch_id)
cx22073jw	access_runtime_ready_promotion_batch	ix_ai_employee_runtime_ready_promotion_batch_created	CREATE INDEX ix_ai_employee_runtime_ready_promotion_batch_created ON cx22073jw.access_runtime_ready_promotion_batch USING btree (created_at DESC)
cx22073jw	access_runtime_ready_promotion_item	ai_employee_runtime_ready_pro_runtime_ready_promotion_batch_key	CREATE UNIQUE INDEX ai_employee_runtime_ready_pro_runtime_ready_promotion_batch_key ON cx22073jw.access_runtime_ready_promotion_item USING btree (runtime_ready_promotion_batch_id, queue_code)
cx22073jw	access_runtime_ready_promotion_item	ai_employee_runtime_ready_promotion_item_pkey	CREATE UNIQUE INDEX ai_employee_runtime_ready_promotion_item_pkey ON cx22073jw.access_runtime_ready_promotion_item USING btree (runtime_ready_promotion_item_id)
cx22073jw	access_runtime_ready_promotion_item	ix_ai_employee_runtime_ready_promotion_item_batch	CREATE INDEX ix_ai_employee_runtime_ready_promotion_item_batch ON cx22073jw.access_runtime_ready_promotion_item USING btree (runtime_ready_promotion_batch_id, action_status, request_code)
cx22073jw	access_stub_smoke_item	ai_employee_stub_smoke_item_pkey	CREATE UNIQUE INDEX ai_employee_stub_smoke_item_pkey ON cx22073jw.access_stub_smoke_item USING btree (stub_smoke_item_id)
cx22073jw	access_stub_smoke_item	ix_ai_employee_stub_smoke_item_run	CREATE INDEX ix_ai_employee_stub_smoke_item_run ON cx22073jw.access_stub_smoke_item USING btree (stub_smoke_run_id, smoke_status, domain_code)
cx22073jw	access_stub_smoke_run	ai_employee_stub_smoke_run_pkey	CREATE UNIQUE INDEX ai_employee_stub_smoke_run_pkey ON cx22073jw.access_stub_smoke_run USING btree (stub_smoke_run_id)
cx22073jw	access_stub_smoke_run	ai_employee_stub_smoke_run_run_code_key	CREATE UNIQUE INDEX ai_employee_stub_smoke_run_run_code_key ON cx22073jw.access_stub_smoke_run USING btree (run_code)
cx22073jw	access_stub_smoke_run	ix_ai_employee_stub_smoke_run_created	CREATE INDEX ix_ai_employee_stub_smoke_run_created ON cx22073jw.access_stub_smoke_run USING btree (created_at DESC)
cx22073jw	access_stub_view_generation_item	ai_employee_stub_view_generation_item_pkey	CREATE UNIQUE INDEX ai_employee_stub_view_generation_item_pkey ON cx22073jw.access_stub_view_generation_item USING btree (stub_view_generation_item_id)
cx22073jw	access_stub_view_generation_item	ix_ai_employee_stub_view_generation_item_run	CREATE INDEX ix_ai_employee_stub_view_generation_item_run ON cx22073jw.access_stub_view_generation_item USING btree (stub_view_generation_run_id, generation_status)
cx22073jw	access_stub_view_generation_run	ai_employee_stub_view_generation_run_pkey	CREATE UNIQUE INDEX ai_employee_stub_view_generation_run_pkey ON cx22073jw.access_stub_view_generation_run USING btree (stub_view_generation_run_id)
cx22073jw	access_stub_view_generation_run	ai_employee_stub_view_generation_run_run_code_key	CREATE UNIQUE INDEX ai_employee_stub_view_generation_run_run_code_key ON cx22073jw.access_stub_view_generation_run USING btree (run_code)
cx22073jw	access_stub_view_generation_run	ix_ai_employee_stub_view_generation_run_created	CREATE INDEX ix_ai_employee_stub_view_generation_run_created ON cx22073jw.access_stub_view_generation_run USING btree (created_at DESC)
cx22073jw	access_view_family_actual_view_map	ai_employee_view_family_actual_view_map_pkey	CREATE UNIQUE INDEX ai_employee_view_family_actual_view_map_pkey ON cx22073jw.access_view_family_actual_view_map USING btree (view_family_code, actual_view_code)
cx22073jw	access_view_family_actual_view_map	ix_ai_employee_view_family_actual_view_map_family	CREATE INDEX ix_ai_employee_view_family_actual_view_map_family ON cx22073jw.access_view_family_actual_view_map USING btree (view_family_code, mapping_role, sort_order)
cx22073jw	access_view_family_master	ai_employee_view_family_master_pkey	CREATE UNIQUE INDEX ai_employee_view_family_master_pkey ON cx22073jw.access_view_family_master USING btree (view_family_code)
cx22073jw	access_view_family_master	ix_ai_employee_view_family_master_domain	CREATE INDEX ix_ai_employee_view_family_master_domain ON cx22073jw.access_view_family_master USING btree (domain_code, sensitivity_code)
cx22073jw	access_view_naming_rule_registry	ai_employee_view_naming_rule_registry_pkey	CREATE UNIQUE INDEX ai_employee_view_naming_rule_registry_pkey ON cx22073jw.access_view_naming_rule_registry USING btree (naming_rule_code)
cx22073jw	area_exact_contract_snapshot	area_exact_contract_snapshot_generation_registry_id_key	CREATE UNIQUE INDEX area_exact_contract_snapshot_generation_registry_id_key ON cx22073jw.area_exact_contract_snapshot USING btree (generation_registry_id)
cx22073jw	area_exact_contract_snapshot	area_exact_contract_snapshot_pkey	CREATE UNIQUE INDEX area_exact_contract_snapshot_pkey ON cx22073jw.area_exact_contract_snapshot USING btree (area_exact_contract_snapshot_id)
cx22073jw	area_exact_contract_snapshot	ix_area_exact_contract_snapshot_status	CREATE INDEX ix_area_exact_contract_snapshot_status ON cx22073jw.area_exact_contract_snapshot USING btree (contract_status, generated_at DESC)
cx22073jw	area_payload_contract_registry	area_payload_contract_registr_candidate_area_id_payload_col_key	CREATE UNIQUE INDEX area_payload_contract_registr_candidate_area_id_payload_col_key ON cx22073jw.area_payload_contract_registry USING btree (candidate_area_id, payload_column_name)
cx22073jw	area_payload_contract_registry	area_payload_contract_registry_pkey	CREATE UNIQUE INDEX area_payload_contract_registry_pkey ON cx22073jw.area_payload_contract_registry USING btree (area_payload_contract_id)
cx22073jw	area_payload_contract_registry	ix_area_payload_contract_candidate	CREATE INDEX ix_area_payload_contract_candidate ON cx22073jw.area_payload_contract_registry USING btree (candidate_area_id, payload_column_name)
cx22073jw	area_payload_contract_registry	ix_area_payload_contract_required_keys	CREATE INDEX ix_area_payload_contract_required_keys ON cx22073jw.area_payload_contract_registry USING gin (required_keys)
cx22073jw	asset_marketplace_listing_projection_area	asset_marketplace_listing_projection_area_pkey	CREATE UNIQUE INDEX asset_marketplace_listing_projection_area_pkey ON cx22073jw.asset_marketplace_listing_projection_area USING btree (row_id)
cx22073jw	asset_marketplace_listing_projection_area	asset_marketplace_listing_projection_area_subject_key_key	CREATE UNIQUE INDEX asset_marketplace_listing_projection_area_subject_key_key ON cx22073jw.asset_marketplace_listing_projection_area USING btree (subject_key)
cx22073jw	asset_marketplace_listing_projection_area	ix_asset_marketplace_listing_projection_area_priority_score	CREATE INDEX ix_asset_marketplace_listing_projection_area_priority_score ON cx22073jw.asset_marketplace_listing_projection_area USING btree (priority_score DESC)
cx22073jw	asset_marketplace_listing_projection_area	ix_asset_marketplace_listing_projection_area_subject_key	CREATE INDEX ix_asset_marketplace_listing_projection_area_subject_key ON cx22073jw.asset_marketplace_listing_projection_area USING btree (subject_key)
cx22073jw	asset_metadata_localization_area	asset_metadata_localization_area_pkey	CREATE UNIQUE INDEX asset_metadata_localization_area_pkey ON cx22073jw.asset_metadata_localization_area USING btree (row_id)
cx22073jw	asset_metadata_localization_area	asset_metadata_localization_area_subject_key_key	CREATE UNIQUE INDEX asset_metadata_localization_area_subject_key_key ON cx22073jw.asset_metadata_localization_area USING btree (subject_key)
cx22073jw	asset_metadata_localization_area	ix_asset_metadata_localization_area_index_terms	CREATE INDEX ix_asset_metadata_localization_area_index_terms ON cx22073jw.asset_metadata_localization_area USING gin (index_terms)
cx22073jw	asset_metadata_localization_area	ix_asset_metadata_localization_area_subject_key	CREATE INDEX ix_asset_metadata_localization_area_subject_key ON cx22073jw.asset_metadata_localization_area USING btree (subject_key)
cx22073jw	asset_rights_policy_area	asset_rights_policy_area_pkey	CREATE UNIQUE INDEX asset_rights_policy_area_pkey ON cx22073jw.asset_rights_policy_area USING btree (row_id)
cx22073jw	asset_rights_policy_area	asset_rights_policy_area_subject_key_key	CREATE UNIQUE INDEX asset_rights_policy_area_subject_key_key ON cx22073jw.asset_rights_policy_area USING btree (subject_key)
cx22073jw	asset_rights_policy_area	ix_asset_rights_policy_area_subject_key	CREATE INDEX ix_asset_rights_policy_area_subject_key ON cx22073jw.asset_rights_policy_area USING btree (subject_key)
cx22073jw	brain_data_depth_catalog	brain_data_depth_catalog_depth_level_key	CREATE UNIQUE INDEX brain_data_depth_catalog_depth_level_key ON cx22073jw.brain_data_depth_catalog USING btree (depth_level)
cx22073jw	brain_data_depth_catalog	brain_data_depth_catalog_pkey	CREATE UNIQUE INDEX brain_data_depth_catalog_pkey ON cx22073jw.brain_data_depth_catalog USING btree (depth_code)
cx22073jw	brain_data_domain_catalog	brain_data_domain_catalog_pkey	CREATE UNIQUE INDEX brain_data_domain_catalog_pkey ON cx22073jw.brain_data_domain_catalog USING btree (brain_domain_code)
cx22073jw	brain_data_granularity_catalog	brain_data_granularity_catalog_pkey	CREATE UNIQUE INDEX brain_data_granularity_catalog_pkey ON cx22073jw.brain_data_granularity_catalog USING btree (granularity_code)
cx22073jw	brain_data_registry	brain_data_registry_pkey	CREATE UNIQUE INDEX brain_data_registry_pkey ON cx22073jw.brain_data_registry USING btree (brain_data_code)
cx22073jw	brain_data_registry	idx_brain_data_registry_depth	CREATE INDEX idx_brain_data_registry_depth ON cx22073jw.brain_data_registry USING btree (depth_code)
cx22073jw	brain_data_registry	idx_brain_data_registry_domain	CREATE INDEX idx_brain_data_registry_domain ON cx22073jw.brain_data_registry USING btree (brain_domain_code)
cx22073jw	brain_data_registry	idx_brain_data_registry_source	CREATE INDEX idx_brain_data_registry_source ON cx22073jw.brain_data_registry USING btree (source_schema_name, source_object_name)
cx22073jw	brain_data_risk_class_catalog	brain_data_risk_class_catalog_pkey	CREATE UNIQUE INDEX brain_data_risk_class_catalog_pkey ON cx22073jw.brain_data_risk_class_catalog USING btree (risk_class_code)
cx22073jw	brain_data_risk_class_catalog	brain_data_risk_class_catalog_risk_level_key	CREATE UNIQUE INDEX brain_data_risk_class_catalog_risk_level_key ON cx22073jw.brain_data_risk_class_catalog USING btree (risk_level)
cx22073jw	brain_data_use_purpose_catalog	brain_data_use_purpose_catalog_pkey	CREATE UNIQUE INDEX brain_data_use_purpose_catalog_pkey ON cx22073jw.brain_data_use_purpose_catalog USING btree (use_purpose_code)
cx22073jw	brain_detail_axis_catalog	brain_detail_axis_catalog_pkey	CREATE UNIQUE INDEX brain_detail_axis_catalog_pkey ON cx22073jw.brain_detail_axis_catalog USING btree (axis_code)
cx22073jw	brain_detail_expansion_unit	brain_detail_expansion_unit_pkey	CREATE UNIQUE INDEX brain_detail_expansion_unit_pkey ON cx22073jw.brain_detail_expansion_unit USING btree (unit_code)
cx22073jw	brain_detail_expansion_unit	idx_brain_detail_expansion_unit_axis	CREATE INDEX idx_brain_detail_expansion_unit_axis ON cx22073jw.brain_detail_expansion_unit USING btree (detail_axis_code, active_flag)
cx22073jw	brain_detail_expansion_unit	idx_brain_detail_expansion_unit_domain	CREATE INDEX idx_brain_detail_expansion_unit_domain ON cx22073jw.brain_detail_expansion_unit USING btree (brain_domain_code, active_flag)
cx22073jw	brain_domain_breadth_candidate_catalog	brain_domain_breadth_candidate_catalog_pkey	CREATE UNIQUE INDEX brain_domain_breadth_candidate_catalog_pkey ON cx22073jw.brain_domain_breadth_candidate_catalog USING btree (candidate_domain_code)
cx22073jw	brain_full_load_fill_axis_catalog	brain_full_load_fill_axis_catalog_pkey	CREATE UNIQUE INDEX brain_full_load_fill_axis_catalog_pkey ON cx22073jw.brain_full_load_fill_axis_catalog USING btree (axis_code)
cx22073jw	brain_full_load_lane05_run_snapshot	brain_full_load_lane05_run_snapshot_pkey	CREATE UNIQUE INDEX brain_full_load_lane05_run_snapshot_pkey ON cx22073jw.brain_full_load_lane05_run_snapshot USING btree (run_code, snapshot_phase, brain_domain_code)
cx22073jw	brain_full_load_scope_catalog	brain_full_load_scope_catalog_pkey	CREATE UNIQUE INDEX brain_full_load_scope_catalog_pkey ON cx22073jw.brain_full_load_scope_catalog USING btree (brain_domain_code)
cx22073jw	brain_knowledge_unit	brain_knowledge_unit_pkey	CREATE UNIQUE INDEX brain_knowledge_unit_pkey ON cx22073jw.brain_knowledge_unit USING btree (unit_code)
cx22073jw	brain_knowledge_unit	idx_brain_knowledge_unit_depth	CREATE INDEX idx_brain_knowledge_unit_depth ON cx22073jw.brain_knowledge_unit USING btree (depth_code)
cx22073jw	brain_knowledge_unit	idx_brain_knowledge_unit_domain	CREATE INDEX idx_brain_knowledge_unit_domain ON cx22073jw.brain_knowledge_unit USING btree (brain_domain_code)
cx22073jw	brain_knowledge_unit	idx_brain_knowledge_unit_risk	CREATE INDEX idx_brain_knowledge_unit_risk ON cx22073jw.brain_knowledge_unit USING btree (risk_class_code)
cx22073jw	brain_reference_quality_metadata	brain_reference_quality_metadata_pkey	CREATE UNIQUE INDEX brain_reference_quality_metadata_pkey ON cx22073jw.brain_reference_quality_metadata USING btree (metadata_code)
cx22073jw	brain_reference_quality_metadata	brain_reference_quality_metadata_target_uniq	CREATE UNIQUE INDEX brain_reference_quality_metadata_target_uniq ON cx22073jw.brain_reference_quality_metadata USING btree (target_kind, target_code)
cx22073jw	brain_reference_quality_metadata	idx_brain_reference_quality_metadata_domain	CREATE INDEX idx_brain_reference_quality_metadata_domain ON cx22073jw.brain_reference_quality_metadata USING btree (brain_domain_code, canon_status, reference_tier, active_flag)
cx22073jw	brain_reference_quality_metadata	idx_brain_reference_quality_metadata_topic	CREATE INDEX idx_brain_reference_quality_metadata_topic ON cx22073jw.brain_reference_quality_metadata USING btree (topic_code, canon_status, active_flag)
cx22073jw	brain_source_candidate_registry	brain_source_candidate_registry_pkey	CREATE UNIQUE INDEX brain_source_candidate_registry_pkey ON cx22073jw.brain_source_candidate_registry USING btree (source_id)
cx22073jw	brain_source_object_ingestion_catalog	brain_source_object_ingestion_catalog_pkey	CREATE UNIQUE INDEX brain_source_object_ingestion_catalog_pkey ON cx22073jw.brain_source_object_ingestion_catalog USING btree (object_code)
cx22073jw	brain_source_object_ingestion_catalog	brain_source_object_ingestion_source_schema_name_source_obj_key	CREATE UNIQUE INDEX brain_source_object_ingestion_source_schema_name_source_obj_key ON cx22073jw.brain_source_object_ingestion_catalog USING btree (source_schema_name, source_object_name)
cx22073jw	brain_source_object_mapping_rule_catalog	brain_source_object_mapping_rule_catalog_pkey	CREATE UNIQUE INDEX brain_source_object_mapping_rule_catalog_pkey ON cx22073jw.brain_source_object_mapping_rule_catalog USING btree (rule_code)
cx22073jw	business_support_knowledge_material	business_support_knowledge_ma_package_code_topic_code_mater_key	CREATE UNIQUE INDEX business_support_knowledge_ma_package_code_topic_code_mater_key ON cx22073jw.business_support_knowledge_material USING btree (package_code, topic_code, material_code)
cx22073jw	business_support_knowledge_material	business_support_knowledge_material_pkey	CREATE UNIQUE INDEX business_support_knowledge_material_pkey ON cx22073jw.business_support_knowledge_material USING btree (material_id)
cx22073jw	business_support_knowledge_package	business_support_knowledge_package_package_code_key	CREATE UNIQUE INDEX business_support_knowledge_package_package_code_key ON cx22073jw.business_support_knowledge_package USING btree (package_code)
cx22073jw	business_support_knowledge_package	business_support_knowledge_package_pkey	CREATE UNIQUE INDEX business_support_knowledge_package_pkey ON cx22073jw.business_support_knowledge_package USING btree (package_id)
cx22073jw	business_support_topic	business_support_topic_package_code_topic_code_key	CREATE UNIQUE INDEX business_support_topic_package_code_topic_code_key ON cx22073jw.business_support_topic USING btree (package_code, topic_code)
cx22073jw	business_support_topic	business_support_topic_pkey	CREATE UNIQUE INDEX business_support_topic_pkey ON cx22073jw.business_support_topic USING btree (topic_id)
cx22073jw	candidate_area_boundary_rule	candidate_area_boundary_rule_ledger_source_id_boundary_grou_key	CREATE UNIQUE INDEX candidate_area_boundary_rule_ledger_source_id_boundary_grou_key ON cx22073jw.candidate_area_boundary_rule USING btree (ledger_source_id, boundary_group, rule_text)
cx22073jw	candidate_area_boundary_rule	candidate_area_boundary_rule_pkey	CREATE UNIQUE INDEX candidate_area_boundary_rule_pkey ON cx22073jw.candidate_area_boundary_rule USING btree (boundary_rule_id)
cx22073jw	candidate_area_boundary_rule	ix_candidate_area_boundary_rule_source	CREATE INDEX ix_candidate_area_boundary_rule_source ON cx22073jw.candidate_area_boundary_rule USING btree (ledger_source_id, boundary_group, sort_order)
cx22073jw	candidate_area_registry	candidate_area_registry_ledger_source_id_area_slug_key	CREATE UNIQUE INDEX candidate_area_registry_ledger_source_id_area_slug_key ON cx22073jw.candidate_area_registry USING btree (ledger_source_id, area_slug)
cx22073jw	candidate_area_registry	candidate_area_registry_pkey	CREATE UNIQUE INDEX candidate_area_registry_pkey ON cx22073jw.candidate_area_registry USING btree (candidate_area_id)
cx22073jw	candidate_area_registry	ix_candidate_area_registry_contents	CREATE INDEX ix_candidate_area_registry_contents ON cx22073jw.candidate_area_registry USING gin (suitable_contents)
cx22073jw	candidate_area_registry	ix_candidate_area_registry_roles	CREATE INDEX ix_candidate_area_registry_roles ON cx22073jw.candidate_area_registry USING gin (area_roles)
cx22073jw	candidate_area_registry	ix_candidate_area_registry_source_priority	CREATE INDEX ix_candidate_area_registry_source_priority ON cx22073jw.candidate_area_registry USING btree (ledger_source_id, priority_code, is_phase1_recommended)
cx22073jw	candidate_area_tag	candidate_area_tag_candidate_area_id_tag_code_key	CREATE UNIQUE INDEX candidate_area_tag_candidate_area_id_tag_code_key ON cx22073jw.candidate_area_tag USING btree (candidate_area_id, tag_code)
cx22073jw	candidate_area_tag	candidate_area_tag_pkey	CREATE UNIQUE INDEX candidate_area_tag_pkey ON cx22073jw.candidate_area_tag USING btree (candidate_area_tag_id)
cx22073jw	candidate_area_tag	ix_candidate_area_tag_candidate	CREATE INDEX ix_candidate_area_tag_candidate ON cx22073jw.candidate_area_tag USING btree (candidate_area_id, tag_code)
cx22073jw	candidate_ledger_source_registry	candidate_ledger_source_registry_pkey	CREATE UNIQUE INDEX candidate_ledger_source_registry_pkey ON cx22073jw.candidate_ledger_source_registry USING btree (ledger_source_id)
cx22073jw	candidate_ledger_source_registry	candidate_ledger_source_registry_source_code_key	CREATE UNIQUE INDEX candidate_ledger_source_registry_source_code_key ON cx22073jw.candidate_ledger_source_registry USING btree (source_code)
cx22073jw	candidate_ledger_source_registry	ix_candidate_ledger_source_registry_system	CREATE INDEX ix_candidate_ledger_source_registry_system ON cx22073jw.candidate_ledger_source_registry USING btree (source_system, source_app, source_status)
cx22073jw	civilization_exam_question_bank	civilization_exam_question_bank_pkey	CREATE UNIQUE INDEX civilization_exam_question_bank_pkey ON cx22073jw.civilization_exam_question_bank USING btree (exam_question_id)
cx22073jw	civilization_exam_question_bank	civilization_exam_question_bank_question_code_key	CREATE UNIQUE INDEX civilization_exam_question_bank_question_code_key ON cx22073jw.civilization_exam_question_bank USING btree (question_code)
cx22073jw	civilization_exam_question_bank	ix_civilization_exam_question_domain	CREATE INDEX ix_civilization_exam_question_domain ON cx22073jw.civilization_exam_question_bank USING btree (exam_domain_code, country_code, period_code)
cx22073jw	civilization_exam_question_bank	ix_civilization_exam_question_tags_gin	CREATE INDEX ix_civilization_exam_question_tags_gin ON cx22073jw.civilization_exam_question_bank USING gin (search_tags)
cx22073jw	civilization_exam_question_bank	ix_civilization_exam_question_type	CREATE INDEX ix_civilization_exam_question_type ON cx22073jw.civilization_exam_question_bank USING btree (question_type_code)
cx22073jw	civilization_exam_question_choice	civilization_exam_question_choic_question_code_choice_order_key	CREATE UNIQUE INDEX civilization_exam_question_choic_question_code_choice_order_key ON cx22073jw.civilization_exam_question_choice USING btree (question_code, choice_order)
cx22073jw	civilization_exam_question_choice	civilization_exam_question_choice_pkey	CREATE UNIQUE INDEX civilization_exam_question_choice_pkey ON cx22073jw.civilization_exam_question_choice USING btree (exam_question_choice_id)
cx22073jw	civilization_foundation_history_detail_entry	civilization_foundation_history_detail_en_detail_entry_code_key	CREATE UNIQUE INDEX civilization_foundation_history_detail_en_detail_entry_code_key ON cx22073jw.civilization_foundation_history_detail_entry USING btree (detail_entry_code)
cx22073jw	civilization_foundation_history_detail_entry	civilization_foundation_history_detail_entry_pkey	CREATE UNIQUE INDEX civilization_foundation_history_detail_entry_pkey ON cx22073jw.civilization_foundation_history_detail_entry USING btree (detail_entry_id)
cx22073jw	civilization_foundation_history_detail_entry	ix_civ_foundation_history_detail_scope	CREATE INDEX ix_civ_foundation_history_detail_scope ON cx22073jw.civilization_foundation_history_detail_entry USING btree (canon_scope_code, civilization_arc_code)
cx22073jw	civilization_foundation_history_detail_entry	ix_civ_foundation_history_detail_search_tags_gin	CREATE INDEX ix_civ_foundation_history_detail_search_tags_gin ON cx22073jw.civilization_foundation_history_detail_entry USING gin (search_tags)
cx22073jw	civilization_foundation_history_detail_entry	ix_civ_foundation_history_detail_type	CREATE INDEX ix_civ_foundation_history_detail_type ON cx22073jw.civilization_foundation_history_detail_entry USING btree (detail_type_code)
cx22073jw	civilization_foundation_history_detail_entry	ix_civ_foundation_history_detail_year	CREATE INDEX ix_civ_foundation_history_detail_year ON cx22073jw.civilization_foundation_history_detail_entry USING btree (civ_year_start, civ_year_end)
cx22073jw	civilization_foundation_history_entry	civilization_foundation_history_entry_pkey	CREATE UNIQUE INDEX civilization_foundation_history_entry_pkey ON cx22073jw.civilization_foundation_history_entry USING btree (foundation_history_entry_code)
cx22073jw	compatibility_profile_master	compatibility_profile_master_pkey	CREATE UNIQUE INDEX compatibility_profile_master_pkey ON cx22073jw.compatibility_profile_master USING btree (profile_code)
cx22073jw	compatibility_rule	compatibility_rule_left_profile_code_right_profile_code_key	CREATE UNIQUE INDEX compatibility_rule_left_profile_code_right_profile_code_key ON cx22073jw.compatibility_rule USING btree (left_profile_code, right_profile_code)
cx22073jw	compatibility_rule	compatibility_rule_pkey	CREATE UNIQUE INDEX compatibility_rule_pkey ON cx22073jw.compatibility_rule USING btree (rule_id)
cx22073jw	compatibility_rule	ix_compatibility_rule_left_right	CREATE INDEX ix_compatibility_rule_left_right ON cx22073jw.compatibility_rule USING btree (left_profile_code, right_profile_code, compatibility_status)
cx22073jw	contract_remediation_batch	contract_remediation_batch_batch_code_key	CREATE UNIQUE INDEX contract_remediation_batch_batch_code_key ON cx22073jw.contract_remediation_batch USING btree (batch_code)
cx22073jw	contract_remediation_batch	contract_remediation_batch_pkey	CREATE UNIQUE INDEX contract_remediation_batch_pkey ON cx22073jw.contract_remediation_batch USING btree (remediation_batch_id)
cx22073jw	contract_remediation_batch	ix_contract_remediation_batch_scope	CREATE INDEX ix_contract_remediation_batch_scope ON cx22073jw.contract_remediation_batch USING btree (source_scope, created_at DESC)
cx22073jw	contract_remediation_item	contract_remediation_item_pkey	CREATE UNIQUE INDEX contract_remediation_item_pkey ON cx22073jw.contract_remediation_item USING btree (remediation_item_id)
cx22073jw	contract_remediation_item	contract_remediation_item_remediation_batch_id_area_slug_pa_key	CREATE UNIQUE INDEX contract_remediation_item_remediation_batch_id_area_slug_pa_key ON cx22073jw.contract_remediation_item USING btree (remediation_batch_id, area_slug, payload_column_name, remediation_type)
cx22073jw	contract_remediation_item	ix_contract_remediation_item_batch	CREATE INDEX ix_contract_remediation_item_batch ON cx22073jw.contract_remediation_item USING btree (remediation_batch_id, area_slug, payload_column_name)
cx22073jw	contract_remediation_item	ix_contract_remediation_item_keys	CREATE INDEX ix_contract_remediation_item_keys ON cx22073jw.contract_remediation_item USING gin (proposed_keys)
cx22073jw	currency_amount_reference	currency_amount_reference_pkey	CREATE UNIQUE INDEX currency_amount_reference_pkey ON cx22073jw.currency_amount_reference USING btree (currency_code)
cx22073jw	earth_history_detail_entry	earth_history_detail_entry_detail_entry_code_key	CREATE UNIQUE INDEX earth_history_detail_entry_detail_entry_code_key ON cx22073jw.earth_history_detail_entry USING btree (detail_entry_code)
cx22073jw	earth_history_detail_entry	earth_history_detail_entry_pkey	CREATE UNIQUE INDEX earth_history_detail_entry_pkey ON cx22073jw.earth_history_detail_entry USING btree (detail_entry_id)
cx22073jw	earth_history_detail_entry	ix_earth_history_detail_country_period	CREATE INDEX ix_earth_history_detail_country_period ON cx22073jw.earth_history_detail_entry USING btree (country_code, period_code)
cx22073jw	earth_history_detail_entry	ix_earth_history_detail_search_tags_gin	CREATE INDEX ix_earth_history_detail_search_tags_gin ON cx22073jw.earth_history_detail_entry USING gin (search_tags)
cx22073jw	earth_history_detail_entry	ix_earth_history_detail_source	CREATE INDEX ix_earth_history_detail_source ON cx22073jw.earth_history_detail_entry USING btree (source_history_entry_code)
cx22073jw	earth_history_detail_entry	ix_earth_history_detail_type	CREATE INDEX ix_earth_history_detail_type ON cx22073jw.earth_history_detail_entry USING btree (detail_type_code)
cx22073jw	earth_history_knowledge_entry	earth_history_knowledge_entry_pkey	CREATE UNIQUE INDEX earth_history_knowledge_entry_pkey ON cx22073jw.earth_history_knowledge_entry USING btree (earth_history_entry_code)
cx22073jw	entity_master	entity_master_entity_code_key	CREATE UNIQUE INDEX entity_master_entity_code_key ON cx22073jw.entity_master USING btree (entity_code)
cx22073jw	entity_master	entity_master_pkey	CREATE UNIQUE INDEX entity_master_pkey ON cx22073jw.entity_master USING btree (entity_id)
cx22073jw	exact_contract_profile_master	exact_contract_profile_master_pkey	CREATE UNIQUE INDEX exact_contract_profile_master_pkey ON cx22073jw.exact_contract_profile_master USING btree (profile_code)
cx22073jw	exact_contract_sample_case_registry	exact_contract_sample_case_registry_case_code_key	CREATE UNIQUE INDEX exact_contract_sample_case_registry_case_code_key ON cx22073jw.exact_contract_sample_case_registry USING btree (case_code)
cx22073jw	exact_contract_sample_case_registry	exact_contract_sample_case_registry_pkey	CREATE UNIQUE INDEX exact_contract_sample_case_registry_pkey ON cx22073jw.exact_contract_sample_case_registry USING btree (sample_case_id)
cx22073jw	exact_contract_sample_case_registry	ix_exact_contract_sample_case_registry_area	CREATE INDEX ix_exact_contract_sample_case_registry_area ON cx22073jw.exact_contract_sample_case_registry USING btree (area_slug, case_kind, expected_result, is_active)
cx22073jw	exact_contract_sample_run_log	exact_contract_sample_run_log_pkey	CREATE UNIQUE INDEX exact_contract_sample_run_log_pkey ON cx22073jw.exact_contract_sample_run_log USING btree (sample_run_log_id)
cx22073jw	exact_contract_sample_run_log	ix_exact_contract_sample_run_log_case	CREATE INDEX ix_exact_contract_sample_run_log_case ON cx22073jw.exact_contract_sample_run_log USING btree (sample_case_id, executed_at DESC)
cx22073jw	exact_payload_validation_issue_log	exact_payload_validation_issue_log_pkey	CREATE UNIQUE INDEX exact_payload_validation_issue_log_pkey ON cx22073jw.exact_payload_validation_issue_log USING btree (validation_issue_id)
cx22073jw	exact_payload_validation_issue_log	ix_exact_payload_validation_issue_log_area	CREATE INDEX ix_exact_payload_validation_issue_log_area ON cx22073jw.exact_payload_validation_issue_log USING btree (area_slug, created_at DESC)
cx22073jw	exact_payload_validation_issue_log	ix_exact_payload_validation_issue_log_missing	CREATE INDEX ix_exact_payload_validation_issue_log_missing ON cx22073jw.exact_payload_validation_issue_log USING gin (missing_keys)
cx22073jw	exact_payload_validation_issue_log	ix_exact_payload_validation_issue_log_subject	CREATE INDEX ix_exact_payload_validation_issue_log_subject ON cx22073jw.exact_payload_validation_issue_log USING btree (subject_key, created_at DESC)
cx22073jw	executive_strategy_knowledge_package	executive_strategy_knowledge_package_package_code_key	CREATE UNIQUE INDEX executive_strategy_knowledge_package_package_code_key ON cx22073jw.executive_strategy_knowledge_package USING btree (package_code)
cx22073jw	executive_strategy_knowledge_package	executive_strategy_knowledge_package_pkey	CREATE UNIQUE INDEX executive_strategy_knowledge_package_pkey ON cx22073jw.executive_strategy_knowledge_package USING btree (package_id)
cx22073jw	executive_strategy_material	executive_strategy_material_package_code_topic_code_materia_key	CREATE UNIQUE INDEX executive_strategy_material_package_code_topic_code_materia_key ON cx22073jw.executive_strategy_material USING btree (package_code, topic_code, material_code)
cx22073jw	executive_strategy_material	executive_strategy_material_pkey	CREATE UNIQUE INDEX executive_strategy_material_pkey ON cx22073jw.executive_strategy_material USING btree (material_id)
cx22073jw	executive_strategy_topic	executive_strategy_topic_package_code_topic_code_key	CREATE UNIQUE INDEX executive_strategy_topic_package_code_topic_code_key ON cx22073jw.executive_strategy_topic USING btree (package_code, topic_code)
cx22073jw	executive_strategy_topic	executive_strategy_topic_pkey	CREATE UNIQUE INDEX executive_strategy_topic_pkey ON cx22073jw.executive_strategy_topic USING btree (topic_id)
cx22073jw	exhibition_projection_area	exhibition_projection_area_pkey	CREATE UNIQUE INDEX exhibition_projection_area_pkey ON cx22073jw.exhibition_projection_area USING btree (row_id)
cx22073jw	exhibition_projection_area	exhibition_projection_area_subject_key_key	CREATE UNIQUE INDEX exhibition_projection_area_subject_key_key ON cx22073jw.exhibition_projection_area USING btree (subject_key)
cx22073jw	exhibition_projection_area	ix_exhibition_projection_area_priority_score	CREATE INDEX ix_exhibition_projection_area_priority_score ON cx22073jw.exhibition_projection_area USING btree (priority_score DESC)
cx22073jw	exhibition_projection_area	ix_exhibition_projection_area_subject_key	CREATE INDEX ix_exhibition_projection_area_subject_key ON cx22073jw.exhibition_projection_area USING btree (subject_key)
cx22073jw	foundation_domain_master	foundation_domain_master_pkey	CREATE UNIQUE INDEX foundation_domain_master_pkey ON cx22073jw.foundation_domain_master USING btree (domain_code)
cx22073jw	foundation_knowledge_material	foundation_knowledge_material_pkey	CREATE UNIQUE INDEX foundation_knowledge_material_pkey ON cx22073jw.foundation_knowledge_material USING btree (material_code)
cx22073jw	foundation_knowledge_topic	foundation_knowledge_topic_pkey	CREATE UNIQUE INDEX foundation_knowledge_topic_pkey ON cx22073jw.foundation_knowledge_topic USING btree (topic_code)
cx22073jw	foundation_optimization_job	foundation_optimization_job_pkey	CREATE UNIQUE INDEX foundation_optimization_job_pkey ON cx22073jw.foundation_optimization_job USING btree (job_id)
cx22073jw	foundation_optimization_job	ix_foundation_optimization_job_status	CREATE INDEX ix_foundation_optimization_job_status ON cx22073jw.foundation_optimization_job USING btree (status, job_type, created_at DESC)
cx22073jw	generation_profile_master	generation_profile_master_pkey	CREATE UNIQUE INDEX generation_profile_master_pkey ON cx22073jw.generation_profile_master USING btree (profile_code)
cx22073jw	generation_profile_master	ix_generation_profile_master_scope	CREATE INDEX ix_generation_profile_master_scope ON cx22073jw.generation_profile_master USING btree (generation_scope, default_schema_name)
cx22073jw	history_knowledge_entry	history_knowledge_entry_pkey	CREATE UNIQUE INDEX history_knowledge_entry_pkey ON cx22073jw.history_knowledge_entry USING btree (history_entry_code)
cx22073jw	jurisdiction_region_reference	jurisdiction_region_reference_pkey	CREATE UNIQUE INDEX jurisdiction_region_reference_pkey ON cx22073jw.jurisdiction_region_reference USING btree (jurisdiction_code)
cx22073jw	knowledge_article	ix_knowledge_article_domain	CREATE INDEX ix_knowledge_article_domain ON cx22073jw.knowledge_article USING btree (domain_code, publication_status, visibility_scope)
cx22073jw	knowledge_article	knowledge_article_article_code_key	CREATE UNIQUE INDEX knowledge_article_article_code_key ON cx22073jw.knowledge_article USING btree (article_code)
cx22073jw	knowledge_article	knowledge_article_pkey	CREATE UNIQUE INDEX knowledge_article_pkey ON cx22073jw.knowledge_article USING btree (article_id)
cx22073jw	knowledge_chunk	ix_knowledge_chunk_article	CREATE INDEX ix_knowledge_chunk_article ON cx22073jw.knowledge_chunk USING btree (article_id, chunk_no)
cx22073jw	knowledge_chunk	knowledge_chunk_article_id_chunk_no_key	CREATE UNIQUE INDEX knowledge_chunk_article_id_chunk_no_key ON cx22073jw.knowledge_chunk USING btree (article_id, chunk_no)
cx22073jw	knowledge_chunk	knowledge_chunk_pkey	CREATE UNIQUE INDEX knowledge_chunk_pkey ON cx22073jw.knowledge_chunk USING btree (chunk_id)
cx22073jw	knowledge_entry	idx_knowledge_entry_domain	CREATE INDEX idx_knowledge_entry_domain ON cx22073jw.knowledge_entry USING btree (domain_code, enabled, sort_order)
cx22073jw	knowledge_entry	knowledge_entry_pkey	CREATE UNIQUE INDEX knowledge_entry_pkey ON cx22073jw.knowledge_entry USING btree (knowledge_code)
cx22073jw	multilingual_term_dictionary	ix_multilingual_term_key	CREATE INDEX ix_multilingual_term_key ON cx22073jw.multilingual_term_dictionary USING btree (term_key, language_code)
cx22073jw	multilingual_term_dictionary	multilingual_term_dictionary_pkey	CREATE UNIQUE INDEX multilingual_term_dictionary_pkey ON cx22073jw.multilingual_term_dictionary USING btree (term_id)
cx22073jw	multilingual_term_dictionary	multilingual_term_dictionary_term_key_language_code_locale__key	CREATE UNIQUE INDEX multilingual_term_dictionary_term_key_language_code_locale__key ON cx22073jw.multilingual_term_dictionary USING btree (term_key, language_code, locale_code)
cx22073jw	official_prepare_generation_registry	ix_official_prepare_generation_registry_profile	CREATE INDEX ix_official_prepare_generation_registry_profile ON cx22073jw.official_prepare_generation_registry USING btree (profile_code, target_schema_name)
cx22073jw	official_prepare_generation_registry	ix_official_prepare_generation_registry_roles	CREATE INDEX ix_official_prepare_generation_registry_roles ON cx22073jw.official_prepare_generation_registry USING gin (role_signature)
cx22073jw	official_prepare_generation_registry	ix_official_prepare_generation_registry_status	CREATE INDEX ix_official_prepare_generation_registry_status ON cx22073jw.official_prepare_generation_registry USING btree (generation_status, object_family_code, last_generated_at DESC)
cx22073jw	official_prepare_generation_registry	official_prepare_generation_r_target_schema_name_target_fun_key	CREATE UNIQUE INDEX official_prepare_generation_r_target_schema_name_target_fun_key ON cx22073jw.official_prepare_generation_registry USING btree (target_schema_name, target_function_name)
cx22073jw	official_prepare_generation_registry	official_prepare_generation_r_target_schema_name_target_tab_key	CREATE UNIQUE INDEX official_prepare_generation_r_target_schema_name_target_tab_key ON cx22073jw.official_prepare_generation_registry USING btree (target_schema_name, target_table_name)
cx22073jw	official_prepare_generation_registry	official_prepare_generation_r_target_schema_name_target_vie_key	CREATE UNIQUE INDEX official_prepare_generation_r_target_schema_name_target_vie_key ON cx22073jw.official_prepare_generation_registry USING btree (target_schema_name, target_view_name)
cx22073jw	official_prepare_generation_registry	official_prepare_generation_registry_candidate_area_id_key	CREATE UNIQUE INDEX official_prepare_generation_registry_candidate_area_id_key ON cx22073jw.official_prepare_generation_registry USING btree (candidate_area_id)
cx22073jw	official_prepare_generation_registry	official_prepare_generation_registry_pkey	CREATE UNIQUE INDEX official_prepare_generation_registry_pkey ON cx22073jw.official_prepare_generation_registry USING btree (generation_registry_id)
cx22073jw	official_prepare_generation_registry	official_prepare_generation_registry_prepare_queue_item_id_key	CREATE UNIQUE INDEX official_prepare_generation_registry_prepare_queue_item_id_key ON cx22073jw.official_prepare_generation_registry USING btree (prepare_queue_item_id)
cx22073jw	official_prepare_generation_registry_log	ix_official_prepare_generation_registry_log_registry	CREATE INDEX ix_official_prepare_generation_registry_log_registry ON cx22073jw.official_prepare_generation_registry_log USING btree (generation_registry_id, created_at DESC)
cx22073jw	official_prepare_generation_registry_log	official_prepare_generation_registry_log_pkey	CREATE UNIQUE INDEX official_prepare_generation_registry_log_pkey ON cx22073jw.official_prepare_generation_registry_log USING btree (generation_registry_log_id)
cx22073jw	official_prepare_queue_item	ix_official_prepare_queue_item_execution_group	CREATE INDEX ix_official_prepare_queue_item_execution_group ON cx22073jw.official_prepare_queue_item USING btree (execution_group_code, priority_rank)
cx22073jw	official_prepare_queue_item	ix_official_prepare_queue_item_queue_status	CREATE INDEX ix_official_prepare_queue_item_queue_status ON cx22073jw.official_prepare_queue_item USING btree (prepare_queue_id, item_status, prepare_stage, priority_rank)
cx22073jw	official_prepare_queue_item	official_prepare_queue_item_pkey	CREATE UNIQUE INDEX official_prepare_queue_item_pkey ON cx22073jw.official_prepare_queue_item USING btree (prepare_queue_item_id)
cx22073jw	official_prepare_queue_item	official_prepare_queue_item_prepare_queue_id_candidate_area_key	CREATE UNIQUE INDEX official_prepare_queue_item_prepare_queue_id_candidate_area_key ON cx22073jw.official_prepare_queue_item USING btree (prepare_queue_id, candidate_area_id)
cx22073jw	official_prepare_queue_item_log	ix_official_prepare_queue_item_log_item	CREATE INDEX ix_official_prepare_queue_item_log_item ON cx22073jw.official_prepare_queue_item_log USING btree (prepare_queue_item_id, created_at DESC)
cx22073jw	official_prepare_queue_item_log	official_prepare_queue_item_log_pkey	CREATE UNIQUE INDEX official_prepare_queue_item_log_pkey ON cx22073jw.official_prepare_queue_item_log USING btree (prepare_queue_item_log_id)
cx22073jw	official_prepare_queue_master	ix_official_prepare_queue_master_scope	CREATE INDEX ix_official_prepare_queue_master_scope ON cx22073jw.official_prepare_queue_master USING btree (queue_scope, queue_status, target_release_wave)
cx22073jw	official_prepare_queue_master	official_prepare_queue_master_pkey	CREATE UNIQUE INDEX official_prepare_queue_master_pkey ON cx22073jw.official_prepare_queue_master USING btree (prepare_queue_id)
cx22073jw	official_prepare_queue_master	official_prepare_queue_master_queue_code_key	CREATE UNIQUE INDEX official_prepare_queue_master_queue_code_key ON cx22073jw.official_prepare_queue_master USING btree (queue_code)
cx22073jw	phase1_skeleton_apply_batch	ix_phase1_skeleton_apply_batch_status	CREATE INDEX ix_phase1_skeleton_apply_batch_status ON cx22073jw.phase1_skeleton_apply_batch USING btree (batch_status, started_at DESC)
cx22073jw	phase1_skeleton_apply_batch	phase1_skeleton_apply_batch_batch_code_key	CREATE UNIQUE INDEX phase1_skeleton_apply_batch_batch_code_key ON cx22073jw.phase1_skeleton_apply_batch USING btree (batch_code)
cx22073jw	phase1_skeleton_apply_batch	phase1_skeleton_apply_batch_pkey	CREATE UNIQUE INDEX phase1_skeleton_apply_batch_pkey ON cx22073jw.phase1_skeleton_apply_batch USING btree (apply_batch_id)
cx22073jw	phase1_skeleton_apply_item_log	ix_phase1_skeleton_apply_item_log_batch	CREATE INDEX ix_phase1_skeleton_apply_item_log_batch ON cx22073jw.phase1_skeleton_apply_item_log USING btree (apply_batch_id, applied_at DESC)
cx22073jw	phase1_skeleton_apply_item_log	ix_phase1_skeleton_apply_item_log_registry	CREATE INDEX ix_phase1_skeleton_apply_item_log_registry ON cx22073jw.phase1_skeleton_apply_item_log USING btree (generation_registry_id, applied_at DESC)
cx22073jw	phase1_skeleton_apply_item_log	phase1_skeleton_apply_item_log_pkey	CREATE UNIQUE INDEX phase1_skeleton_apply_item_log_pkey ON cx22073jw.phase1_skeleton_apply_item_log USING btree (apply_item_log_id)
cx22073jw	privilege_tier_master	privilege_tier_master_pkey	CREATE UNIQUE INDEX privilege_tier_master_pkey ON cx22073jw.privilege_tier_master USING btree (tier_code)
cx22073jw	privilege_tier_master	privilege_tier_master_tier_rank_key	CREATE UNIQUE INDEX privilege_tier_master_tier_rank_key ON cx22073jw.privilege_tier_master USING btree (tier_rank)
cx22073jw	privileged_access_audit_log	ix_privileged_access_audit_log_requested_at	CREATE INDEX ix_privileged_access_audit_log_requested_at ON cx22073jw.privileged_access_audit_log USING btree (requested_at DESC)
cx22073jw	privileged_access_audit_log	privileged_access_audit_log_pkey	CREATE UNIQUE INDEX privileged_access_audit_log_pkey ON cx22073jw.privileged_access_audit_log USING btree (audit_id)
cx22073jw	privileged_policy_profile	privileged_policy_profile_pkey	CREATE UNIQUE INDEX privileged_policy_profile_pkey ON cx22073jw.privileged_policy_profile USING btree (profile_code)
cx22073jw	privileged_route_policy_binding	ix_privileged_route_policy_binding_lookup	CREATE INDEX ix_privileged_route_policy_binding_lookup ON cx22073jw.privileged_route_policy_binding USING btree (route_code, tier_code, category_code, is_active)
cx22073jw	privileged_route_policy_binding	privileged_route_policy_bindi_route_code_tier_code_profile__key	CREATE UNIQUE INDEX privileged_route_policy_bindi_route_code_tier_code_profile__key ON cx22073jw.privileged_route_policy_binding USING btree (route_code, tier_code, profile_code, category_code)
cx22073jw	privileged_route_policy_binding	privileged_route_policy_binding_pkey	CREATE UNIQUE INDEX privileged_route_policy_binding_pkey ON cx22073jw.privileged_route_policy_binding USING btree (binding_id)
cx22073jw	projection_common_column_contract_master	ix_projection_common_column_contract_profile	CREATE INDEX ix_projection_common_column_contract_profile ON cx22073jw.projection_common_column_contract_master USING btree (profile_code, sort_order)
cx22073jw	projection_common_column_contract_master	projection_common_column_contract__profile_code_column_name_key	CREATE UNIQUE INDEX projection_common_column_contract__profile_code_column_name_key ON cx22073jw.projection_common_column_contract_master USING btree (profile_code, column_name)
cx22073jw	projection_common_column_contract_master	projection_common_column_contract_master_pkey	CREATE UNIQUE INDEX projection_common_column_contract_master_pkey ON cx22073jw.projection_common_column_contract_master USING btree (common_column_contract_id)
cx22073jw	published_knowledge_catalog	ix_published_knowledge_catalog_status	CREATE INDEX ix_published_knowledge_catalog_status ON cx22073jw.published_knowledge_catalog USING btree (catalog_status, quality_grade, publication_channel)
cx22073jw	published_knowledge_catalog	published_knowledge_catalog_article_id_key	CREATE UNIQUE INDEX published_knowledge_catalog_article_id_key ON cx22073jw.published_knowledge_catalog USING btree (article_id)
cx22073jw	published_knowledge_catalog	published_knowledge_catalog_pkey	CREATE UNIQUE INDEX published_knowledge_catalog_pkey ON cx22073jw.published_knowledge_catalog USING btree (catalog_id)
cx22073jw	published_knowledge_quality_metric	ix_published_knowledge_quality_metric_catalog	CREATE INDEX ix_published_knowledge_quality_metric_catalog ON cx22073jw.published_knowledge_quality_metric USING btree (catalog_id, metric_code)
cx22073jw	published_knowledge_quality_metric	published_knowledge_quality_metric_catalog_id_metric_code_key	CREATE UNIQUE INDEX published_knowledge_quality_metric_catalog_id_metric_code_key ON cx22073jw.published_knowledge_quality_metric USING btree (catalog_id, metric_code)
cx22073jw	published_knowledge_quality_metric	published_knowledge_quality_metric_pkey	CREATE UNIQUE INDEX published_knowledge_quality_metric_pkey ON cx22073jw.published_knowledge_quality_metric USING btree (metric_id)
cx22073jw	publishing_asset_area	ix_publishing_asset_area_subject_key	CREATE INDEX ix_publishing_asset_area_subject_key ON cx22073jw.publishing_asset_area USING btree (subject_key)
cx22073jw	publishing_asset_area	publishing_asset_area_pkey	CREATE UNIQUE INDEX publishing_asset_area_pkey ON cx22073jw.publishing_asset_area USING btree (row_id)
cx22073jw	publishing_asset_area	publishing_asset_area_subject_key_key	CREATE UNIQUE INDEX publishing_asset_area_subject_key_key ON cx22073jw.publishing_asset_area USING btree (subject_key)
cx22073jw	readiness_gate_master	readiness_gate_master_gate_code_key	CREATE UNIQUE INDEX readiness_gate_master_gate_code_key ON cx22073jw.readiness_gate_master USING btree (gate_code)
cx22073jw	readiness_gate_master	readiness_gate_master_pkey	CREATE UNIQUE INDEX readiness_gate_master_pkey ON cx22073jw.readiness_gate_master USING btree (readiness_gate_id)
cx22073jw	readiness_gate_result	ix_readiness_gate_result_run	CREATE INDEX ix_readiness_gate_result_run ON cx22073jw.readiness_gate_result USING btree (readiness_gate_run_id, area_slug, pass_flag)
cx22073jw	readiness_gate_result	readiness_gate_result_pkey	CREATE UNIQUE INDEX readiness_gate_result_pkey ON cx22073jw.readiness_gate_result USING btree (readiness_gate_result_id)
cx22073jw	readiness_gate_rule_master	ix_readiness_gate_rule_master_gate	CREATE INDEX ix_readiness_gate_rule_master_gate ON cx22073jw.readiness_gate_rule_master USING btree (readiness_gate_id, sort_order)
cx22073jw	readiness_gate_rule_master	readiness_gate_rule_master_pkey	CREATE UNIQUE INDEX readiness_gate_rule_master_pkey ON cx22073jw.readiness_gate_rule_master USING btree (readiness_gate_rule_id)
cx22073jw	readiness_gate_rule_master	readiness_gate_rule_master_rule_code_key	CREATE UNIQUE INDEX readiness_gate_rule_master_rule_code_key ON cx22073jw.readiness_gate_rule_master USING btree (rule_code)
cx22073jw	readiness_gate_run	ix_readiness_gate_run_gate	CREATE INDEX ix_readiness_gate_run_gate ON cx22073jw.readiness_gate_run USING btree (readiness_gate_id, started_at DESC)
cx22073jw	readiness_gate_run	readiness_gate_run_pkey	CREATE UNIQUE INDEX readiness_gate_run_pkey ON cx22073jw.readiness_gate_run USING btree (readiness_gate_run_id)
cx22073jw	relation_knowledge	ix_relation_knowledge_from_to	CREATE INDEX ix_relation_knowledge_from_to ON cx22073jw.relation_knowledge USING btree (from_entity_id, to_entity_id, relation_type)
cx22073jw	relation_knowledge	relation_knowledge_from_entity_id_to_entity_id_relation_typ_key	CREATE UNIQUE INDEX relation_knowledge_from_entity_id_to_entity_id_relation_typ_key ON cx22073jw.relation_knowledge USING btree (from_entity_id, to_entity_id, relation_type)
cx22073jw	relation_knowledge	relation_knowledge_pkey	CREATE UNIQUE INDEX relation_knowledge_pkey ON cx22073jw.relation_knowledge USING btree (relation_id)
cx22073jw	restriction_rule	ix_restriction_rule_target	CREATE INDEX ix_restriction_rule_target ON cx22073jw.restriction_rule USING btree (target_object_type, target_object_id, restriction_scope, restriction_status)
cx22073jw	restriction_rule	restriction_rule_pkey	CREATE UNIQUE INDEX restriction_rule_pkey ON cx22073jw.restriction_rule USING btree (restriction_id)
cx22073jw	restriction_rule	restriction_rule_target_object_type_target_object_id_restri_key	CREATE UNIQUE INDEX restriction_rule_target_object_type_target_object_id_restri_key ON cx22073jw.restriction_rule USING btree (target_object_type, target_object_id, restriction_code, restriction_scope)
cx22073jw	review_case_area	ix_review_case_area_subject_key	CREATE INDEX ix_review_case_area_subject_key ON cx22073jw.review_case_area USING btree (subject_key)
cx22073jw	review_case_area	review_case_area_pkey	CREATE UNIQUE INDEX review_case_area_pkey ON cx22073jw.review_case_area USING btree (row_id)
cx22073jw	review_case_area	review_case_area_subject_key_key	CREATE UNIQUE INDEX review_case_area_subject_key_key ON cx22073jw.review_case_area USING btree (subject_key)
cx22073jw	robot_model_role_reference_binding	robot_model_role_reference_bi_model_code_role_code_binding__key	CREATE UNIQUE INDEX robot_model_role_reference_bi_model_code_role_code_binding__key ON cx22073jw.robot_model_role_reference_binding USING btree (model_code, role_code, binding_type)
cx22073jw	robot_model_role_reference_binding	robot_model_role_reference_binding_pkey	CREATE UNIQUE INDEX robot_model_role_reference_binding_pkey ON cx22073jw.robot_model_role_reference_binding USING btree (model_binding_id)
cx22073jw	robot_role_knowledge_pack	robot_role_knowledge_pack_pkey	CREATE UNIQUE INDEX robot_role_knowledge_pack_pkey ON cx22073jw.robot_role_knowledge_pack USING btree (role_code)
cx22073jw	robot_role_knowledge_registration_run	robot_role_knowledge_registration_run_pkey	CREATE UNIQUE INDEX robot_role_knowledge_registration_run_pkey ON cx22073jw.robot_role_knowledge_registration_run USING btree (registration_run_id)
cx22073jw	robot_role_knowledge_registration_run	robot_role_knowledge_registration_run_run_code_key	CREATE UNIQUE INDEX robot_role_knowledge_registration_run_run_code_key ON cx22073jw.robot_role_knowledge_registration_run USING btree (run_code)
cx22073jw	robot_role_knowledge_topic_binding	robot_role_knowledge_topic_binding_pkey	CREATE UNIQUE INDEX robot_role_knowledge_topic_binding_pkey ON cx22073jw.robot_role_knowledge_topic_binding USING btree (role_code, topic_code)
cx22073jw	robot_role_series_supplement	robot_role_series_supplement_pkey	CREATE UNIQUE INDEX robot_role_series_supplement_pkey ON cx22073jw.robot_role_series_supplement USING btree (series_code)
cx22073jw	seasonal_event_content_link	ix_seasonal_event_content_link_event	CREATE INDEX ix_seasonal_event_content_link_event ON cx22073jw.seasonal_event_content_link USING btree (event_code, target_object_type, relation_type)
cx22073jw	seasonal_event_content_link	seasonal_event_content_link_event_code_target_object_type_t_key	CREATE UNIQUE INDEX seasonal_event_content_link_event_code_target_object_type_t_key ON cx22073jw.seasonal_event_content_link USING btree (event_code, target_object_type, target_object_id, relation_type)
cx22073jw	seasonal_event_content_link	seasonal_event_content_link_pkey	CREATE UNIQUE INDEX seasonal_event_content_link_pkey ON cx22073jw.seasonal_event_content_link USING btree (link_id)
cx22073jw	seasonal_event_master	ix_seasonal_event_master_active	CREATE INDEX ix_seasonal_event_master_active ON cx22073jw.seasonal_event_master USING btree (is_active, jurisdiction_code, event_type)
cx22073jw	seasonal_event_master	seasonal_event_master_pkey	CREATE UNIQUE INDEX seasonal_event_master_pkey ON cx22073jw.seasonal_event_master USING btree (event_code)
cx22073jw	secret_asset	ix_secret_asset_category	CREATE INDEX ix_secret_asset_category ON cx22073jw.secret_asset USING btree (category_code, is_active)
cx22073jw	secret_asset	secret_asset_asset_code_key	CREATE UNIQUE INDEX secret_asset_asset_code_key ON cx22073jw.secret_asset USING btree (asset_code)
cx22073jw	secret_asset	secret_asset_pkey	CREATE UNIQUE INDEX secret_asset_pkey ON cx22073jw.secret_asset USING btree (asset_id)
cx22073jw	secret_asset_category_master	secret_asset_category_master_pkey	CREATE UNIQUE INDEX secret_asset_category_master_pkey ON cx22073jw.secret_asset_category_master USING btree (category_code)
cx22073jw	secret_route_binding	ix_secret_route_binding_lookup	CREATE INDEX ix_secret_route_binding_lookup ON cx22073jw.secret_route_binding USING btree (route_code, tier_code, selector_code, is_active)
cx22073jw	secret_route_binding	secret_route_binding_pkey	CREATE UNIQUE INDEX secret_route_binding_pkey ON cx22073jw.secret_route_binding USING btree (binding_id)
cx22073jw	secret_route_binding	secret_route_binding_route_code_tier_code_selector_code_tar_key	CREATE UNIQUE INDEX secret_route_binding_route_code_tier_code_selector_code_tar_key ON cx22073jw.secret_route_binding USING btree (route_code, tier_code, selector_code, target_id)
cx22073jw	secret_target_master	secret_target_master_pkey	CREATE UNIQUE INDEX secret_target_master_pkey ON cx22073jw.secret_target_master USING btree (target_id)
cx22073jw	secret_target_master	secret_target_master_target_code_key	CREATE UNIQUE INDEX secret_target_master_target_code_key ON cx22073jw.secret_target_master USING btree (target_code)
cx22073jw	secret_target_selector_master	secret_target_selector_master_pkey	CREATE UNIQUE INDEX secret_target_selector_master_pkey ON cx22073jw.secret_target_selector_master USING btree (selector_code)
cx22073jw	source_review_registry	source_review_registry_pkey	CREATE UNIQUE INDEX source_review_registry_pkey ON cx22073jw.source_review_registry USING btree (source_registry_code)
cx22073jw	source_to_cx_fixed_contract_release	ix_source_to_cx_fixed_contract_release_status	CREATE INDEX ix_source_to_cx_fixed_contract_release_status ON cx22073jw.source_to_cx_fixed_contract_release USING btree (release_status, created_at DESC)
cx22073jw	source_to_cx_fixed_contract_release	source_to_cx_fixed_contract_release_pkey	CREATE UNIQUE INDEX source_to_cx_fixed_contract_release_pkey ON cx22073jw.source_to_cx_fixed_contract_release USING btree (fixed_contract_release_id)
cx22073jw	source_to_cx_fixed_contract_release	source_to_cx_fixed_contract_release_release_code_key	CREATE UNIQUE INDEX source_to_cx_fixed_contract_release_release_code_key ON cx22073jw.source_to_cx_fixed_contract_release USING btree (release_code)
cx22073jw	source_to_cx_fixed_contract_release_key	ix_source_to_cx_fixed_contract_release_key_target	CREATE INDEX ix_source_to_cx_fixed_contract_release_key_target ON cx22073jw.source_to_cx_fixed_contract_release_key USING btree (fixed_contract_release_target_id, sort_order)
cx22073jw	source_to_cx_fixed_contract_release_key	source_to_cx_fixed_contract_r_fixed_contract_release_target_key	CREATE UNIQUE INDEX source_to_cx_fixed_contract_r_fixed_contract_release_target_key ON cx22073jw.source_to_cx_fixed_contract_release_key USING btree (fixed_contract_release_target_id, key_name, key_role)
cx22073jw	source_to_cx_fixed_contract_release_key	source_to_cx_fixed_contract_release_key_pkey	CREATE UNIQUE INDEX source_to_cx_fixed_contract_release_key_pkey ON cx22073jw.source_to_cx_fixed_contract_release_key USING btree (fixed_contract_release_key_id)
cx22073jw	source_to_cx_fixed_contract_release_target	ix_source_to_cx_fixed_contract_release_target_release	CREATE INDEX ix_source_to_cx_fixed_contract_release_target_release ON cx22073jw.source_to_cx_fixed_contract_release_target USING btree (fixed_contract_release_id, sort_order)
cx22073jw	source_to_cx_fixed_contract_release_target	source_to_cx_fixed_contract_r_fixed_contract_release_id_blo_key	CREATE UNIQUE INDEX source_to_cx_fixed_contract_r_fixed_contract_release_id_blo_key ON cx22073jw.source_to_cx_fixed_contract_release_target USING btree (fixed_contract_release_id, block_code, area_slug, contract_level, target_payload_column_name)
cx22073jw	source_to_cx_fixed_contract_release_target	source_to_cx_fixed_contract_release_target_pkey	CREATE UNIQUE INDEX source_to_cx_fixed_contract_release_target_pkey ON cx22073jw.source_to_cx_fixed_contract_release_target USING btree (fixed_contract_release_target_id)
cx22073jw	static_art_asset_area	ix_static_art_asset_area_subject_key	CREATE INDEX ix_static_art_asset_area_subject_key ON cx22073jw.static_art_asset_area USING btree (subject_key)
cx22073jw	static_art_asset_area	static_art_asset_area_pkey	CREATE UNIQUE INDEX static_art_asset_area_pkey ON cx22073jw.static_art_asset_area USING btree (row_id)
cx22073jw	static_art_asset_area	static_art_asset_area_subject_key_key	CREATE UNIQUE INDEX static_art_asset_area_subject_key_key ON cx22073jw.static_art_asset_area USING btree (subject_key)
cx22073jw	staticart_delivery_closeout_run	ix_staticart_delivery_closeout_run_created	CREATE INDEX ix_staticart_delivery_closeout_run_created ON cx22073jw.staticart_delivery_closeout_run USING btree (created_at DESC)
cx22073jw	staticart_delivery_closeout_run	staticart_delivery_closeout_run_pkey	CREATE UNIQUE INDEX staticart_delivery_closeout_run_pkey ON cx22073jw.staticart_delivery_closeout_run USING btree (delivery_closeout_run_id)
cx22073jw	staticart_delivery_closeout_run	staticart_delivery_closeout_run_run_code_key	CREATE UNIQUE INDEX staticart_delivery_closeout_run_run_code_key ON cx22073jw.staticart_delivery_closeout_run USING btree (run_code)
cx22073jw	staticart_final_completion_certificate	ix_staticart_final_completion_certificate_created	CREATE INDEX ix_staticart_final_completion_certificate_created ON cx22073jw.staticart_final_completion_certificate USING btree (created_at DESC)
cx22073jw	staticart_final_completion_certificate	staticart_final_completion_certificate_certificate_code_key	CREATE UNIQUE INDEX staticart_final_completion_certificate_certificate_code_key ON cx22073jw.staticart_final_completion_certificate USING btree (certificate_code)
cx22073jw	staticart_final_completion_certificate	staticart_final_completion_certificate_pkey	CREATE UNIQUE INDEX staticart_final_completion_certificate_pkey ON cx22073jw.staticart_final_completion_certificate USING btree (final_completion_certificate_id)
cx22073jw	staticart_final_handoff_package	ix_staticart_final_handoff_package_created	CREATE INDEX ix_staticart_final_handoff_package_created ON cx22073jw.staticart_final_handoff_package USING btree (created_at DESC)
cx22073jw	staticart_final_handoff_package	staticart_final_handoff_package_package_code_key	CREATE UNIQUE INDEX staticart_final_handoff_package_package_code_key ON cx22073jw.staticart_final_handoff_package USING btree (package_code)
cx22073jw	staticart_final_handoff_package	staticart_final_handoff_package_pkey	CREATE UNIQUE INDEX staticart_final_handoff_package_pkey ON cx22073jw.staticart_final_handoff_package USING btree (final_package_id)
cx22073jw	staticart_final_handoff_package_item	ix_staticart_final_handoff_package_item_package	CREATE INDEX ix_staticart_final_handoff_package_item_package ON cx22073jw.staticart_final_handoff_package_item USING btree (final_package_id, relative_path)
cx22073jw	staticart_final_handoff_package_item	staticart_final_handoff_packa_final_package_id_relative_pat_key	CREATE UNIQUE INDEX staticart_final_handoff_packa_final_package_id_relative_pat_key ON cx22073jw.staticart_final_handoff_package_item USING btree (final_package_id, relative_path)
cx22073jw	staticart_final_handoff_package_item	staticart_final_handoff_package_item_pkey	CREATE UNIQUE INDEX staticart_final_handoff_package_item_pkey ON cx22073jw.staticart_final_handoff_package_item USING btree (final_package_item_id)
cx22073jw	staticart_handoff_export_batch	ix_staticart_handoff_export_batch_release	CREATE INDEX ix_staticart_handoff_export_batch_release ON cx22073jw.staticart_handoff_export_batch USING btree (release_code, created_at DESC)
cx22073jw	staticart_handoff_export_batch	staticart_handoff_export_batch_export_code_key	CREATE UNIQUE INDEX staticart_handoff_export_batch_export_code_key ON cx22073jw.staticart_handoff_export_batch USING btree (export_code)
cx22073jw	staticart_handoff_export_batch	staticart_handoff_export_batch_pkey	CREATE UNIQUE INDEX staticart_handoff_export_batch_pkey ON cx22073jw.staticart_handoff_export_batch USING btree (export_batch_id)
cx22073jw	staticart_handoff_export_item	ix_staticart_handoff_export_item_batch	CREATE INDEX ix_staticart_handoff_export_item_batch ON cx22073jw.staticart_handoff_export_item USING btree (export_batch_id, sort_order)
cx22073jw	staticart_handoff_export_item	staticart_handoff_export_item_pkey	CREATE UNIQUE INDEX staticart_handoff_export_item_pkey ON cx22073jw.staticart_handoff_export_item USING btree (export_item_id)
cx22073jw	staticart_knowledge_pack_run	ix_staticart_knowledge_pack_run_code	CREATE INDEX ix_staticart_knowledge_pack_run_code ON cx22073jw.staticart_knowledge_pack_run USING btree (sample_code, started_at DESC)
cx22073jw	staticart_knowledge_pack_run	staticart_knowledge_pack_run_pkey	CREATE UNIQUE INDEX staticart_knowledge_pack_run_pkey ON cx22073jw.staticart_knowledge_pack_run USING btree (sample_pack_run_id)
cx22073jw	staticart_knowledge_pack_run_item	ix_staticart_knowledge_pack_run_item_run	CREATE INDEX ix_staticart_knowledge_pack_run_item_run ON cx22073jw.staticart_knowledge_pack_run_item USING btree (sample_pack_run_id, area_slug)
cx22073jw	staticart_knowledge_pack_run_item	staticart_knowledge_pack_run_item_pkey	CREATE UNIQUE INDEX staticart_knowledge_pack_run_item_pkey ON cx22073jw.staticart_knowledge_pack_run_item USING btree (sample_pack_run_item_id)
cx22073jw	staticart_knowledge_pack_sample_registry	ix_staticart_knowledge_pack_sample_registry_code	CREATE INDEX ix_staticart_knowledge_pack_sample_registry_code ON cx22073jw.staticart_knowledge_pack_sample_registry USING btree (sample_code, is_active)
cx22073jw	staticart_knowledge_pack_sample_registry	staticart_knowledge_pack_sample_registry_pkey	CREATE UNIQUE INDEX staticart_knowledge_pack_sample_registry_pkey ON cx22073jw.staticart_knowledge_pack_sample_registry USING btree (sample_pack_id)
cx22073jw	staticart_knowledge_pack_sample_registry	staticart_knowledge_pack_sample_registry_sample_code_key	CREATE UNIQUE INDEX staticart_knowledge_pack_sample_registry_sample_code_key ON cx22073jw.staticart_knowledge_pack_sample_registry USING btree (sample_code)
cx22073jw	staticart_resume_pack_run	ix_staticart_resume_pack_run_created	CREATE INDEX ix_staticart_resume_pack_run_created ON cx22073jw.staticart_resume_pack_run USING btree (created_at DESC)
cx22073jw	staticart_resume_pack_run	staticart_resume_pack_run_pkey	CREATE UNIQUE INDEX staticart_resume_pack_run_pkey ON cx22073jw.staticart_resume_pack_run USING btree (resume_pack_run_id)
cx22073jw	staticart_resume_pack_run	staticart_resume_pack_run_run_code_key	CREATE UNIQUE INDEX staticart_resume_pack_run_run_code_key ON cx22073jw.staticart_resume_pack_run USING btree (run_code)
cx22073jw	streaming_category_tree_area	ix_streaming_category_tree_area_index_terms	CREATE INDEX ix_streaming_category_tree_area_index_terms ON cx22073jw.streaming_category_tree_area USING gin (index_terms)
cx22073jw	streaming_category_tree_area	ix_streaming_category_tree_area_priority_score	CREATE INDEX ix_streaming_category_tree_area_priority_score ON cx22073jw.streaming_category_tree_area USING btree (priority_score DESC)
cx22073jw	streaming_category_tree_area	ix_streaming_category_tree_area_subject_key	CREATE INDEX ix_streaming_category_tree_area_subject_key ON cx22073jw.streaming_category_tree_area USING btree (subject_key)
cx22073jw	streaming_category_tree_area	streaming_category_tree_area_pkey	CREATE UNIQUE INDEX streaming_category_tree_area_pkey ON cx22073jw.streaming_category_tree_area USING btree (row_id)
cx22073jw	streaming_category_tree_area	streaming_category_tree_area_subject_key_key	CREATE UNIQUE INDEX streaming_category_tree_area_subject_key_key ON cx22073jw.streaming_category_tree_area USING btree (subject_key)
cx22073jw	streaming_connector_audit_area	ix_streaming_connector_audit_area_priority_score	CREATE INDEX ix_streaming_connector_audit_area_priority_score ON cx22073jw.streaming_connector_audit_area USING btree (priority_score DESC)
cx22073jw	streaming_connector_audit_area	ix_streaming_connector_audit_area_subject_key	CREATE INDEX ix_streaming_connector_audit_area_subject_key ON cx22073jw.streaming_connector_audit_area USING btree (subject_key)
cx22073jw	streaming_connector_audit_area	streaming_connector_audit_area_pkey	CREATE UNIQUE INDEX streaming_connector_audit_area_pkey ON cx22073jw.streaming_connector_audit_area USING btree (row_id)
cx22073jw	streaming_connector_audit_area	streaming_connector_audit_area_subject_key_key	CREATE UNIQUE INDEX streaming_connector_audit_area_subject_key_key ON cx22073jw.streaming_connector_audit_area USING btree (subject_key)
cx22073jw	streaming_continue_watching_area	ix_streaming_continue_watching_area_priority_score	CREATE INDEX ix_streaming_continue_watching_area_priority_score ON cx22073jw.streaming_continue_watching_area USING btree (priority_score DESC)
cx22073jw	streaming_continue_watching_area	ix_streaming_continue_watching_area_resume_at	CREATE INDEX ix_streaming_continue_watching_area_resume_at ON cx22073jw.streaming_continue_watching_area USING btree (resume_at)
cx22073jw	streaming_continue_watching_area	ix_streaming_continue_watching_area_subject_key	CREATE INDEX ix_streaming_continue_watching_area_subject_key ON cx22073jw.streaming_continue_watching_area USING btree (subject_key)
cx22073jw	streaming_continue_watching_area	streaming_continue_watching_area_pkey	CREATE UNIQUE INDEX streaming_continue_watching_area_pkey ON cx22073jw.streaming_continue_watching_area USING btree (row_id)
cx22073jw	streaming_continue_watching_area	streaming_continue_watching_area_subject_key_key	CREATE UNIQUE INDEX streaming_continue_watching_area_subject_key_key ON cx22073jw.streaming_continue_watching_area USING btree (subject_key)
cx22073jw	streaming_creator_asset_area	ix_streaming_creator_asset_area_subject_key	CREATE INDEX ix_streaming_creator_asset_area_subject_key ON cx22073jw.streaming_creator_asset_area USING btree (subject_key)
cx22073jw	streaming_creator_asset_area	streaming_creator_asset_area_pkey	CREATE UNIQUE INDEX streaming_creator_asset_area_pkey ON cx22073jw.streaming_creator_asset_area USING btree (row_id)
cx22073jw	streaming_creator_asset_area	streaming_creator_asset_area_subject_key_key	CREATE UNIQUE INDEX streaming_creator_asset_area_subject_key_key ON cx22073jw.streaming_creator_asset_area USING btree (subject_key)
cx22073jw	streaming_marketplace_listing_area	ix_streaming_marketplace_listing_area_priority_score	CREATE INDEX ix_streaming_marketplace_listing_area_priority_score ON cx22073jw.streaming_marketplace_listing_area USING btree (priority_score DESC)
cx22073jw	streaming_marketplace_listing_area	ix_streaming_marketplace_listing_area_subject_key	CREATE INDEX ix_streaming_marketplace_listing_area_subject_key ON cx22073jw.streaming_marketplace_listing_area USING btree (subject_key)
cx22073jw	streaming_marketplace_listing_area	streaming_marketplace_listing_area_pkey	CREATE UNIQUE INDEX streaming_marketplace_listing_area_pkey ON cx22073jw.streaming_marketplace_listing_area USING btree (row_id)
cx22073jw	streaming_marketplace_listing_area	streaming_marketplace_listing_area_subject_key_key	CREATE UNIQUE INDEX streaming_marketplace_listing_area_subject_key_key ON cx22073jw.streaming_marketplace_listing_area USING btree (subject_key)
cx22073jw	streaming_membership_program_area	ix_streaming_membership_program_area_subject_key	CREATE INDEX ix_streaming_membership_program_area_subject_key ON cx22073jw.streaming_membership_program_area USING btree (subject_key)
cx22073jw	streaming_membership_program_area	streaming_membership_program_area_pkey	CREATE UNIQUE INDEX streaming_membership_program_area_pkey ON cx22073jw.streaming_membership_program_area USING btree (row_id)
cx22073jw	streaming_membership_program_area	streaming_membership_program_area_subject_key_key	CREATE UNIQUE INDEX streaming_membership_program_area_subject_key_key ON cx22073jw.streaming_membership_program_area USING btree (subject_key)
cx22073jw	streaming_membership_rule_area	ix_streaming_membership_rule_area_subject_key	CREATE INDEX ix_streaming_membership_rule_area_subject_key ON cx22073jw.streaming_membership_rule_area USING btree (subject_key)
cx22073jw	streaming_membership_rule_area	streaming_membership_rule_area_pkey	CREATE UNIQUE INDEX streaming_membership_rule_area_pkey ON cx22073jw.streaming_membership_rule_area USING btree (row_id)
cx22073jw	streaming_membership_rule_area	streaming_membership_rule_area_subject_key_key	CREATE UNIQUE INDEX streaming_membership_rule_area_subject_key_key ON cx22073jw.streaming_membership_rule_area USING btree (subject_key)
cx22073jw	streaming_paid_video_offer_area	ix_streaming_paid_video_offer_area_subject_key	CREATE INDEX ix_streaming_paid_video_offer_area_subject_key ON cx22073jw.streaming_paid_video_offer_area USING btree (subject_key)
cx22073jw	streaming_paid_video_offer_area	streaming_paid_video_offer_area_pkey	CREATE UNIQUE INDEX streaming_paid_video_offer_area_pkey ON cx22073jw.streaming_paid_video_offer_area USING btree (row_id)
cx22073jw	streaming_paid_video_offer_area	streaming_paid_video_offer_area_subject_key_key	CREATE UNIQUE INDEX streaming_paid_video_offer_area_subject_key_key ON cx22073jw.streaming_paid_video_offer_area USING btree (subject_key)
cx22073jw	streaming_progress_resume_area	ix_streaming_progress_resume_area_priority_score	CREATE INDEX ix_streaming_progress_resume_area_priority_score ON cx22073jw.streaming_progress_resume_area USING btree (priority_score DESC)
cx22073jw	streaming_progress_resume_area	ix_streaming_progress_resume_area_resume_at	CREATE INDEX ix_streaming_progress_resume_area_resume_at ON cx22073jw.streaming_progress_resume_area USING btree (resume_at)
cx22073jw	streaming_progress_resume_area	ix_streaming_progress_resume_area_subject_key	CREATE INDEX ix_streaming_progress_resume_area_subject_key ON cx22073jw.streaming_progress_resume_area USING btree (subject_key)
cx22073jw	streaming_progress_resume_area	streaming_progress_resume_area_pkey	CREATE UNIQUE INDEX streaming_progress_resume_area_pkey ON cx22073jw.streaming_progress_resume_area USING btree (row_id)
cx22073jw	streaming_progress_resume_area	streaming_progress_resume_area_subject_key_key	CREATE UNIQUE INDEX streaming_progress_resume_area_subject_key_key ON cx22073jw.streaming_progress_resume_area USING btree (subject_key)
cx22073jw	streaming_publish_setting_area	ix_streaming_publish_setting_area_subject_key	CREATE INDEX ix_streaming_publish_setting_area_subject_key ON cx22073jw.streaming_publish_setting_area USING btree (subject_key)
cx22073jw	streaming_publish_setting_area	streaming_publish_setting_area_pkey	CREATE UNIQUE INDEX streaming_publish_setting_area_pkey ON cx22073jw.streaming_publish_setting_area USING btree (row_id)
cx22073jw	streaming_publish_setting_area	streaming_publish_setting_area_subject_key_key	CREATE UNIQUE INDEX streaming_publish_setting_area_subject_key_key ON cx22073jw.streaming_publish_setting_area USING btree (subject_key)
cx22073jw	streaming_revenue_split_area	ix_streaming_revenue_split_area_subject_key	CREATE INDEX ix_streaming_revenue_split_area_subject_key ON cx22073jw.streaming_revenue_split_area USING btree (subject_key)
cx22073jw	streaming_revenue_split_area	streaming_revenue_split_area_pkey	CREATE UNIQUE INDEX streaming_revenue_split_area_pkey ON cx22073jw.streaming_revenue_split_area USING btree (row_id)
cx22073jw	streaming_revenue_split_area	streaming_revenue_split_area_subject_key_key	CREATE UNIQUE INDEX streaming_revenue_split_area_subject_key_key ON cx22073jw.streaming_revenue_split_area USING btree (subject_key)
cx22073jw	streaming_view_history_area	ix_streaming_view_history_area_priority_score	CREATE INDEX ix_streaming_view_history_area_priority_score ON cx22073jw.streaming_view_history_area USING btree (priority_score DESC)
cx22073jw	streaming_view_history_area	ix_streaming_view_history_area_resume_at	CREATE INDEX ix_streaming_view_history_area_resume_at ON cx22073jw.streaming_view_history_area USING btree (resume_at)
cx22073jw	streaming_view_history_area	ix_streaming_view_history_area_subject_key	CREATE INDEX ix_streaming_view_history_area_subject_key ON cx22073jw.streaming_view_history_area USING btree (subject_key)
cx22073jw	streaming_view_history_area	streaming_view_history_area_pkey	CREATE UNIQUE INDEX streaming_view_history_area_pkey ON cx22073jw.streaming_view_history_area USING btree (row_id)
cx22073jw	streaming_view_history_area	streaming_view_history_area_subject_key_key	CREATE UNIQUE INDEX streaming_view_history_area_subject_key_key ON cx22073jw.streaming_view_history_area USING btree (subject_key)
cx22073jw	summary_registry	ix_summary_registry_object	CREATE INDEX ix_summary_registry_object ON cx22073jw.summary_registry USING btree (object_type, object_id, summary_kind)
cx22073jw	summary_registry	summary_registry_object_type_object_id_summary_kind_key	CREATE UNIQUE INDEX summary_registry_object_type_object_id_summary_kind_key ON cx22073jw.summary_registry USING btree (object_type, object_id, summary_kind)
cx22073jw	summary_registry	summary_registry_pkey	CREATE UNIQUE INDEX summary_registry_pkey ON cx22073jw.summary_registry USING btree (summary_id)
cx22073jw	system_to_cx_knowledge_transfer_block	ix_system_to_cx_knowledge_transfer_block_profile	CREATE INDEX ix_system_to_cx_knowledge_transfer_block_profile ON cx22073jw.system_to_cx_knowledge_transfer_block USING btree (transfer_profile_id, sort_order)
cx22073jw	system_to_cx_knowledge_transfer_block	system_to_cx_knowledge_transf_transfer_profile_id_block_cod_key	CREATE UNIQUE INDEX system_to_cx_knowledge_transf_transfer_profile_id_block_cod_key ON cx22073jw.system_to_cx_knowledge_transfer_block USING btree (transfer_profile_id, block_code)
cx22073jw	system_to_cx_knowledge_transfer_block	system_to_cx_knowledge_transfer_block_pkey	CREATE UNIQUE INDEX system_to_cx_knowledge_transfer_block_pkey ON cx22073jw.system_to_cx_knowledge_transfer_block USING btree (transfer_block_id)
cx22073jw	system_to_cx_knowledge_transfer_field	ix_system_to_cx_knowledge_transfer_field_block	CREATE INDEX ix_system_to_cx_knowledge_transfer_field_block ON cx22073jw.system_to_cx_knowledge_transfer_field USING btree (transfer_block_id, sort_order)
cx22073jw	system_to_cx_knowledge_transfer_field	system_to_cx_knowledge_transfe_transfer_block_id_field_code_key	CREATE UNIQUE INDEX system_to_cx_knowledge_transfe_transfer_block_id_field_code_key ON cx22073jw.system_to_cx_knowledge_transfer_field USING btree (transfer_block_id, field_code)
cx22073jw	system_to_cx_knowledge_transfer_field	system_to_cx_knowledge_transfer_field_pkey	CREATE UNIQUE INDEX system_to_cx_knowledge_transfer_field_pkey ON cx22073jw.system_to_cx_knowledge_transfer_field USING btree (transfer_field_id)
cx22073jw	system_to_cx_knowledge_transfer_profile	system_to_cx_knowledge_transfer_profile_pkey	CREATE UNIQUE INDEX system_to_cx_knowledge_transfer_profile_pkey ON cx22073jw.system_to_cx_knowledge_transfer_profile USING btree (transfer_profile_id)
cx22073jw	system_to_cx_knowledge_transfer_profile	system_to_cx_knowledge_transfer_profile_profile_code_key	CREATE UNIQUE INDEX system_to_cx_knowledge_transfer_profile_profile_code_key ON cx22073jw.system_to_cx_knowledge_transfer_profile USING btree (profile_code)
cx22073jw	system_to_cx_knowledge_transfer_rule_item	ix_system_to_cx_knowledge_transfer_rule_item_profile	CREATE INDEX ix_system_to_cx_knowledge_transfer_rule_item_profile ON cx22073jw.system_to_cx_knowledge_transfer_rule_item USING btree (transfer_profile_id, rule_group_code, sort_order)
cx22073jw	system_to_cx_knowledge_transfer_rule_item	system_to_cx_knowledge_transf_transfer_profile_id_rule_grou_key	CREATE UNIQUE INDEX system_to_cx_knowledge_transf_transfer_profile_id_rule_grou_key ON cx22073jw.system_to_cx_knowledge_transfer_rule_item USING btree (transfer_profile_id, rule_group_code, item_text)
cx22073jw	system_to_cx_knowledge_transfer_rule_item	system_to_cx_knowledge_transfer_rule_item_pkey	CREATE UNIQUE INDEX system_to_cx_knowledge_transfer_rule_item_pkey ON cx22073jw.system_to_cx_knowledge_transfer_rule_item USING btree (transfer_rule_item_id)
cx22073jw	system_to_cx_transfer_area_binding	ix_system_to_cx_transfer_area_binding_profile	CREATE INDEX ix_system_to_cx_transfer_area_binding_profile ON cx22073jw.system_to_cx_transfer_area_binding USING btree (transfer_profile_id, priority_rank)
cx22073jw	system_to_cx_transfer_area_binding	system_to_cx_transfer_area_bi_transfer_block_id_candidate_a_key	CREATE UNIQUE INDEX system_to_cx_transfer_area_bi_transfer_block_id_candidate_a_key ON cx22073jw.system_to_cx_transfer_area_binding USING btree (transfer_block_id, candidate_area_id, target_slot_scope, target_payload_column_name)
cx22073jw	system_to_cx_transfer_area_binding	system_to_cx_transfer_area_binding_pkey	CREATE UNIQUE INDEX system_to_cx_transfer_area_binding_pkey ON cx22073jw.system_to_cx_transfer_area_binding USING btree (transfer_area_binding_id)
cx22073jw	system_to_cx_transfer_contract_binding_snapshot	ix_system_to_cx_transfer_contract_binding_snapshot_area	CREATE INDEX ix_system_to_cx_transfer_contract_binding_snapshot_area ON cx22073jw.system_to_cx_transfer_contract_binding_snapshot USING btree (transfer_area_binding_id, generated_at DESC)
cx22073jw	system_to_cx_transfer_contract_binding_snapshot	system_to_cx_transfer_contract_bin_transfer_area_binding_id_key	CREATE UNIQUE INDEX system_to_cx_transfer_contract_bin_transfer_area_binding_id_key ON cx22073jw.system_to_cx_transfer_contract_binding_snapshot USING btree (transfer_area_binding_id)
cx22073jw	system_to_cx_transfer_contract_binding_snapshot	system_to_cx_transfer_contract_binding_snapshot_pkey	CREATE UNIQUE INDEX system_to_cx_transfer_contract_binding_snapshot_pkey ON cx22073jw.system_to_cx_transfer_contract_binding_snapshot USING btree (transfer_contract_binding_snapshot_id)
cx22073jw	system_to_cx_transfer_field_slot_binding	ix_system_to_cx_transfer_field_slot_binding_area	CREATE INDEX ix_system_to_cx_transfer_field_slot_binding_area ON cx22073jw.system_to_cx_transfer_field_slot_binding USING btree (transfer_area_binding_id, sort_order)
cx22073jw	system_to_cx_transfer_field_slot_binding	system_to_cx_transfer_field_s_transfer_area_binding_id_tran_key	CREATE UNIQUE INDEX system_to_cx_transfer_field_s_transfer_area_binding_id_tran_key ON cx22073jw.system_to_cx_transfer_field_slot_binding USING btree (transfer_area_binding_id, transfer_field_id, target_slot_type, target_slot_name)
cx22073jw	system_to_cx_transfer_field_slot_binding	system_to_cx_transfer_field_slot_binding_pkey	CREATE UNIQUE INDEX system_to_cx_transfer_field_slot_binding_pkey ON cx22073jw.system_to_cx_transfer_field_slot_binding USING btree (transfer_field_slot_binding_id)
cx22073jw	template_fragment_binding	ix_template_fragment_binding_template	CREATE INDEX ix_template_fragment_binding_template ON cx22073jw.template_fragment_binding USING btree (template_id, slot_code, sort_order)
cx22073jw	template_fragment_binding	template_fragment_binding_pkey	CREATE UNIQUE INDEX template_fragment_binding_pkey ON cx22073jw.template_fragment_binding USING btree (binding_id)
cx22073jw	template_fragment_binding	template_fragment_binding_template_id_fragment_id_slot_code_key	CREATE UNIQUE INDEX template_fragment_binding_template_id_fragment_id_slot_code_key ON cx22073jw.template_fragment_binding USING btree (template_id, fragment_id, slot_code)
cx22073jw	template_fragment_registry	ix_template_fragment_registry_kind	CREATE INDEX ix_template_fragment_registry_kind ON cx22073jw.template_fragment_registry USING btree (fragment_kind, publication_status, visibility_scope)
cx22073jw	template_fragment_registry	template_fragment_registry_fragment_code_key	CREATE UNIQUE INDEX template_fragment_registry_fragment_code_key ON cx22073jw.template_fragment_registry USING btree (fragment_code)
cx22073jw	template_fragment_registry	template_fragment_registry_pkey	CREATE UNIQUE INDEX template_fragment_registry_pkey ON cx22073jw.template_fragment_registry USING btree (fragment_id)
cx22073jw	template_registry	template_registry_pkey	CREATE UNIQUE INDEX template_registry_pkey ON cx22073jw.template_registry USING btree (template_id)
cx22073jw	template_registry	template_registry_template_code_key	CREATE UNIQUE INDEX template_registry_template_code_key ON cx22073jw.template_registry USING btree (template_code)
cx22073jw	topic_material	idx_topic_material_topic	CREATE INDEX idx_topic_material_topic ON cx22073jw.topic_material USING btree (topic_code, season_code, enabled, sort_order)
cx22073jw	topic_material	topic_material_pkey	CREATE UNIQUE INDEX topic_material_pkey ON cx22073jw.topic_material USING btree (material_id)
cx22073jw	topic_reference	idx_topic_reference_group	CREATE INDEX idx_topic_reference_group ON cx22073jw.topic_reference USING btree (topic_group_code, enabled, sort_order)
cx22073jw	topic_reference	topic_reference_pkey	CREATE UNIQUE INDEX topic_reference_pkey ON cx22073jw.topic_reference USING btree (topic_code)
cx22073jw	unit_conversion_rule	ix_unit_conversion_rule_units	CREATE INDEX ix_unit_conversion_rule_units ON cx22073jw.unit_conversion_rule USING btree (from_unit_code, to_unit_code)
cx22073jw	unit_conversion_rule	unit_conversion_rule_from_unit_code_to_unit_code_key	CREATE UNIQUE INDEX unit_conversion_rule_from_unit_code_to_unit_code_key ON cx22073jw.unit_conversion_rule USING btree (from_unit_code, to_unit_code)
cx22073jw	unit_conversion_rule	unit_conversion_rule_pkey	CREATE UNIQUE INDEX unit_conversion_rule_pkey ON cx22073jw.unit_conversion_rule USING btree (rule_id)
cx22073jw	unit_reference	unit_reference_pkey	CREATE UNIQUE INDEX unit_reference_pkey ON cx22073jw.unit_reference USING btree (unit_code)
