aiworker	acceptance_batch_runner_log	1	acceptance_batch_runner_log_id	bigint	int8	NO	
aiworker	acceptance_batch_runner_log	2	acceptance_execution_batch_id	uuid	uuid	YES	
aiworker	acceptance_batch_runner_log	3	check_code	text	text	NO	
aiworker	acceptance_batch_runner_log	4	result_code	text	text	NO	
aiworker	acceptance_batch_runner_log	5	note_text	text	text	YES	
aiworker	acceptance_batch_runner_log	6	executed_at	timestamp with time zone	timestamptz	NO	now()
aiworker	acceptance_batch_runner_log	7	executed_by	text	text	NO	
aiworker	acceptance_batch_runner_registry	1	runner_code	text	text	NO	
aiworker	acceptance_batch_runner_registry	2	runner_status_code	text	text	NO	
aiworker	acceptance_batch_runner_registry	3	note_text	text	text	YES	
aiworker	acceptance_batch_runner_registry	4	applied_at	timestamp with time zone	timestamptz	NO	now()
aiworker	acceptance_batch_runner_registry	5	updated_at	timestamp with time zone	timestamptz	NO	now()
aiworker	acceptance_execution_batch	1	acceptance_execution_batch_id	uuid	uuid	NO	
aiworker	acceptance_execution_batch	2	batch_code	text	text	NO	
aiworker	acceptance_execution_batch	3	batch_status_code	text	text	NO	'OPEN'::text
aiworker	acceptance_execution_batch	4	started_at	timestamp with time zone	timestamptz	NO	now()
aiworker	acceptance_execution_batch	5	completed_at	timestamp with time zone	timestamptz	YES	
aiworker	acceptance_execution_batch	6	started_by	text	text	NO	
aiworker	acceptance_execution_batch	7	approved_by	text	text	YES	
aiworker	acceptance_execution_batch	8	note_text	text	text	YES	
aiworker	acceptance_test_case	1	acceptance_test_case_code	text	text	NO	
aiworker	acceptance_test_case	2	bucket_code	text	text	NO	
aiworker	acceptance_test_case	3	title	text	text	NO	
aiworker	acceptance_test_case	4	critical_flag	boolean	bool	NO	false
aiworker	acceptance_test_case	5	expected_result_code	text	text	NO	
aiworker	acceptance_test_case	6	active_flag	boolean	bool	NO	true
aiworker	acceptance_test_case	7	created_at	timestamp with time zone	timestamptz	NO	now()
aiworker	acceptance_test_execution	1	acceptance_test_execution_id	bigint	int8	NO	
aiworker	acceptance_test_execution	2	acceptance_test_case_code	text	text	NO	
aiworker	acceptance_test_execution	3	execution_result_code	text	text	NO	
aiworker	acceptance_test_execution	4	note_text	text	text	YES	
aiworker	acceptance_test_execution	5	executed_at	timestamp with time zone	timestamptz	NO	now()
aiworker	acceptance_test_execution	6	executed_by	text	text	NO	
aiworker	acceptance_verification_item	1	acceptance_verification_item_code	text	text	NO	
aiworker	acceptance_verification_item	2	bucket_code	text	text	NO	
aiworker	acceptance_verification_item	3	acceptance_test_case_code	text	text	YES	
aiworker	acceptance_verification_item	4	title	text	text	NO	
aiworker	acceptance_verification_item	5	critical_flag	boolean	bool	NO	false
aiworker	acceptance_verification_item	6	expected_result_code	text	text	NO	
aiworker	acceptance_verification_item	7	active_flag	boolean	bool	NO	true
aiworker	acceptance_verification_item	8	created_at	timestamp with time zone	timestamptz	NO	now()
aiworker	acceptance_verification_result	1	acceptance_verification_result_id	bigint	int8	NO	
aiworker	acceptance_verification_result	2	acceptance_execution_batch_id	uuid	uuid	NO	
aiworker	acceptance_verification_result	3	acceptance_verification_item_code	text	text	NO	
aiworker	acceptance_verification_result	4	acceptance_test_execution_id	bigint	int8	YES	
aiworker	acceptance_verification_result	5	actual_result_code	text	text	NO	
aiworker	acceptance_verification_result	6	pass_flag	boolean	bool	NO	
aiworker	acceptance_verification_result	7	note_text	text	text	YES	
aiworker	acceptance_verification_result	8	executed_at	timestamp with time zone	timestamptz	NO	now()
aiworker	acceptance_verification_result	9	executed_by	text	text	NO	
aiworker	acceptance_verification_runbook_log	1	acceptance_verification_runbook_log_id	bigint	int8	NO	
aiworker	acceptance_verification_runbook_log	2	acceptance_execution_batch_id	uuid	uuid	NO	
aiworker	acceptance_verification_runbook_log	3	phase_code	text	text	NO	
aiworker	acceptance_verification_runbook_log	4	result_code	text	text	NO	
aiworker	acceptance_verification_runbook_log	5	note_text	text	text	YES	
aiworker	acceptance_verification_runbook_log	6	executed_at	timestamp with time zone	timestamptz	NO	now()
aiworker	acceptance_verification_runbook_log	7	executed_by	text	text	NO	
aiworker	app_read_surface_contract	1	contract_id	uuid	uuid	NO	
aiworker	app_read_surface_contract	2	contract_code	text	text	NO	
aiworker	app_read_surface_contract	3	app_surface_code	text	text	NO	
aiworker	app_read_surface_contract	4	contract_name	text	text	NO	
aiworker	app_read_surface_contract	5	contract_name_ja	text	text	NO	
aiworker	app_read_surface_contract	6	read_only_flag	boolean	bool	NO	true
aiworker	app_read_surface_contract	7	write_allowed_flag	boolean	bool	NO	false
aiworker	app_read_surface_contract	8	external_execution_allowed_flag	boolean	bool	NO	false
aiworker	app_read_surface_contract	9	pg_apply_allowed_flag	boolean	bool	NO	false
aiworker	app_read_surface_contract	10	destructive_action_allowed_flag	boolean	bool	NO	false
aiworker	app_read_surface_contract	11	payload_contract_summary	text	text	NO	
aiworker	app_read_surface_contract	12	status_code	text	text	NO	'active'::text
aiworker	app_read_surface_contract	13	created_at	timestamp with time zone	timestamptz	NO	now()
aiworker	app_read_surface_contract	14	updated_at	timestamp with time zone	timestamptz	NO	now()
aiworker	app_runtime_control_policy	1	app_surface_code	text	text	NO	
aiworker	app_runtime_control_policy	2	app_surface_name_ja	text	text	NO	
aiworker	app_runtime_control_policy	3	app_category_code	text	text	NO	
aiworker	app_runtime_control_policy	4	minimum_self_review_pass_count	integer	int4	NO	1
aiworker	app_runtime_control_policy	5	proposal_count_min	integer	int4	NO	1
aiworker	app_runtime_control_policy	6	proposal_count_max	integer	int4	NO	3
aiworker	app_runtime_control_policy	7	response_style_code	text	text	NO	'standard'::text
aiworker	app_runtime_control_policy	8	required_checklist_code	text	text	NO	'standard_app_check'::text
aiworker	app_runtime_control_policy	9	context_scope_code	text	text	NO	'app_scope'::text
aiworker	app_runtime_control_policy	10	cx_reference_depth_code	text	text	NO	'standard'::text
aiworker	app_runtime_control_policy	11	handoff_format_code	text	text	NO	'standard_app_handoff'::text
aiworker	app_runtime_control_policy	12	review_required_flag	boolean	bool	NO	false
aiworker	app_runtime_control_policy	13	human_go_required_flag	boolean	bool	NO	false
aiworker	app_runtime_control_policy	14	external_execution_allowed_flag	boolean	bool	NO	false
aiworker	app_runtime_control_policy	15	pg_apply_allowed_flag	boolean	bool	NO	false
aiworker	app_runtime_control_policy	16	destructive_action_allowed_flag	boolean	bool	NO	false
aiworker	app_runtime_control_policy	17	allowed_actions_jsonb	jsonb	jsonb	NO	'[]'::jsonb
aiworker	app_runtime_control_policy	18	forbidden_actions_jsonb	jsonb	jsonb	NO	'[]'::jsonb
aiworker	app_runtime_control_policy	19	prompt_fragment_codes_jsonb	jsonb	jsonb	NO	'[]'::jsonb
aiworker	app_runtime_control_policy	20	policy_note_ja	text	text	NO	''::text
aiworker	app_runtime_control_policy	21	status_code	text	text	NO	'active'::text
aiworker	app_runtime_control_policy	22	sort_order	integer	int4	NO	1000
aiworker	app_runtime_control_policy	23	created_at	timestamp with time zone	timestamptz	NO	now()
aiworker	app_runtime_control_policy	24	updated_at	timestamp with time zone	timestamptz	NO	now()
aiworker	beyond_model_quality_profile	1	model_code	text	text	NO	
aiworker	beyond_model_quality_profile	2	quality_level_code	text	text	NO	
aiworker	beyond_model_quality_profile	3	public_quality_label_ja	text	text	NO	
aiworker	beyond_model_quality_profile	4	public_quality_summary_ja	text	text	NO	
aiworker	beyond_model_quality_profile	5	quality_axes_jsonb	jsonb	jsonb	NO	'{}'::jsonb
aiworker	beyond_model_quality_profile	6	strengths_jsonb	jsonb	jsonb	NO	'[]'::jsonb
aiworker	beyond_model_quality_profile	7	recommended_usage_jsonb	jsonb	jsonb	NO	'[]'::jsonb
aiworker	beyond_model_quality_profile	8	public_difference_note_ja	text	text	NO	
aiworker	beyond_model_quality_profile	9	status_code	text	text	NO	'active'::text
aiworker	beyond_model_quality_profile	10	sort_order	integer	int4	NO	1000
aiworker	beyond_model_quality_profile	11	created_at	timestamp with time zone	timestamptz	NO	now()
aiworker	beyond_model_quality_profile	12	updated_at	timestamp with time zone	timestamptz	NO	now()
aiworker	beyond_quality_level_catalog	1	quality_level_code	text	text	NO	
aiworker	beyond_quality_level_catalog	2	role_layer_code	text	text	NO	
aiworker	beyond_quality_level_catalog	3	quality_level_no	numeric	numeric	NO	
aiworker	beyond_quality_level_catalog	4	quality_level_label_ja	text	text	NO	
aiworker	beyond_quality_level_catalog	5	quality_level_summary_ja	text	text	NO	
aiworker	beyond_quality_level_catalog	6	status_code	text	text	NO	'active'::text
aiworker	beyond_quality_level_catalog	7	sort_order	integer	int4	NO	1000
aiworker	beyond_quality_level_catalog	8	created_at	timestamp with time zone	timestamptz	NO	now()
aiworker	beyond_quality_level_catalog	9	updated_at	timestamp with time zone	timestamptz	NO	now()
aiworker	boundary_rule	1	boundary_code	text	text	NO	
aiworker	boundary_rule	2	package_code	text	text	NO	
aiworker	boundary_rule	3	boundary_name	text	text	NO	
aiworker	boundary_rule	4	trigger_summary	text	text	NO	
aiworker	boundary_rule	5	action_code	text	text	NO	
aiworker	boundary_rule	6	response_mode_code	text	text	NO	'soft_redirect'::text
aiworker	boundary_rule	7	priority_no	integer	int4	NO	100
aiworker	boundary_rule	8	note_text	text	text	YES	
aiworker	boundary_rule	9	enabled	boolean	bool	NO	true
aiworker	boundary_rule	10	created_at	timestamp with time zone	timestamptz	NO	now()
aiworker	boundary_rule	11	updated_at	timestamp with time zone	timestamptz	NO	now()
aiworker	brain_runtime_selection_policy_catalog	1	policy_code	text	text	NO	
aiworker	brain_runtime_selection_policy_catalog	2	policy_order	integer	int4	NO	
aiworker	brain_runtime_selection_policy_catalog	3	policy_title_ja	text	text	NO	
aiworker	brain_runtime_selection_policy_catalog	4	policy_summary_ja	text	text	NO	
aiworker	brain_runtime_selection_policy_catalog	5	active_flag	boolean	bool	NO	true
aiworker	brain_runtime_selection_policy_catalog	6	created_at	timestamp with time zone	timestamptz	NO	now()
aiworker	brain_runtime_selection_policy_catalog	7	updated_at	timestamp with time zone	timestamptz	NO	now()
aiworker	brain_runtime_selection_smoke_case_catalog	1	smoke_case_code	text	text	NO	
aiworker	brain_runtime_selection_smoke_case_catalog	2	model_code	text	text	NO	
aiworker	brain_runtime_selection_smoke_case_catalog	3	use_purpose_code	text	text	NO	
aiworker	brain_runtime_selection_smoke_case_catalog	4	domain_codes	ARRAY	_text	YES	
aiworker	brain_runtime_selection_smoke_case_catalog	5	limit_per_domain	integer	int4	NO	10
aiworker	brain_runtime_selection_smoke_case_catalog	6	total_limit	integer	int4	NO	40
aiworker	brain_runtime_selection_smoke_case_catalog	7	min_result_count	integer	int4	NO	1
aiworker	brain_runtime_selection_smoke_case_catalog	8	forbidden_domain_codes	ARRAY	_text	NO	ARRAY[]::text[]
aiworker	brain_runtime_selection_smoke_case_catalog	9	required_source_kinds	ARRAY	_text	NO	ARRAY[]::text[]
aiworker	brain_runtime_selection_smoke_case_catalog	10	smoke_note_ja	text	text	NO	
aiworker	brain_runtime_selection_smoke_case_catalog	11	active_flag	boolean	bool	NO	true
aiworker	brain_runtime_selection_smoke_case_catalog	12	created_at	timestamp with time zone	timestamptz	NO	now()
aiworker	brain_runtime_selection_smoke_case_catalog	13	updated_at	timestamp with time zone	timestamptz	NO	now()
aiworker	business_cross_boundary_smoke_log	1	business_cross_boundary_smoke_log_id	bigint	int8	NO	
aiworker	business_cross_boundary_smoke_log	2	flow_code	text	text	NO	
aiworker	business_cross_boundary_smoke_log	3	result_code	text	text	NO	
aiworker	business_cross_boundary_smoke_log	4	note_text	text	text	YES	
aiworker	business_cross_boundary_smoke_log	5	executed_at	timestamp with time zone	timestamptz	NO	now()
aiworker	business_cross_boundary_smoke_log	6	executed_by	text	text	NO	
aiworker	business_event_contract_registry	1	contract_code	text	text	NO	
aiworker	business_event_contract_registry	2	direction_code	text	text	NO	
aiworker	business_event_contract_registry	3	event_type	text	text	NO	
aiworker	business_event_contract_registry	4	payload_schema_name	text	text	NO	
aiworker	business_event_contract_registry	5	source_system	text	text	NO	
aiworker	business_event_contract_registry	6	target_system	text	text	NO	
aiworker	business_event_contract_registry	7	required_top_level_keys	jsonb	jsonb	NO	'[]'::jsonb
aiworker	business_event_contract_registry	8	active_flag	boolean	bool	NO	true
aiworker	business_event_contract_registry	9	created_at	timestamp with time zone	timestamptz	NO	now()
aiworker	business_event_contract_registry	10	updated_at	timestamp with time zone	timestamptz	NO	now()
aiworker	business_event_validation_log	1	business_event_validation_log_id	bigint	int8	NO	
aiworker	business_event_validation_log	2	contract_code	text	text	YES	
aiworker	business_event_validation_log	3	direction_code	text	text	YES	
aiworker	business_event_validation_log	4	event_type	text	text	YES	
aiworker	business_event_validation_log	5	validation_result_code	text	text	NO	
aiworker	business_event_validation_log	6	related_business_request_id	uuid	uuid	YES	
aiworker	business_event_validation_log	7	payload_ref	text	text	YES	
aiworker	business_event_validation_log	8	note_text	text	text	YES	
aiworker	business_event_validation_log	9	validated_at	timestamp with time zone	timestamptz	NO	now()
aiworker	business_event_validation_log	10	validated_by	text	text	NO	
aiworker	business_support_action_gate	1	action_gate_id	uuid	uuid	NO	
aiworker	business_support_action_gate	2	package_code	text	text	NO	
aiworker	business_support_action_gate	3	action_code	text	text	NO	
aiworker	business_support_action_gate	4	action_label	text	text	NO	
aiworker	business_support_action_gate	5	default_allowed_flag	boolean	bool	NO	false
aiworker	business_support_action_gate	6	required_approval_code	text	text	NO	
aiworker	business_support_action_gate	7	required_role_layer_code	text	text	NO	
aiworker	business_support_action_gate	8	risk_level_code	text	text	NO	
aiworker	business_support_action_gate	9	gate_summary	text	text	NO	
aiworker	business_support_action_gate	10	status_code	text	text	NO	'active'::text
aiworker	business_support_action_gate	11	created_at	timestamp with time zone	timestamptz	NO	now()
aiworker	business_support_action_gate	12	updated_at	timestamp with time zone	timestamptz	NO	now()
aiworker	business_support_control_package	1	package_id	uuid	uuid	NO	
aiworker	business_support_control_package	2	package_code	text	text	NO	
aiworker	business_support_control_package	3	package_name	text	text	NO	
aiworker	business_support_control_package	4	package_name_ja	text	text	NO	
aiworker	business_support_control_package	5	service_scope_code	text	text	NO	
aiworker	business_support_control_package	6	control_summary	text	text	NO	
aiworker	business_support_control_package	7	status_code	text	text	NO	'active'::text
aiworker	business_support_control_package	8	created_at	timestamp with time zone	timestamptz	NO	now()
aiworker	business_support_control_package	9	updated_at	timestamp with time zone	timestamptz	NO	now()
aiworker	business_support_role_control	1	role_control_id	uuid	uuid	NO	
aiworker	business_support_role_control	2	package_code	text	text	NO	
aiworker	business_support_role_control	3	role_layer_code	text	text	NO	
aiworker	business_support_role_control	4	role_label	text	text	NO	
aiworker	business_support_role_control	5	manufacturer_code	text	text	NO	
aiworker	business_support_role_control	6	series_code	text	text	NO	
aiworker	business_support_role_control	7	model_selector_text	text	text	NO	
aiworker	business_support_role_control	8	execution_mode_code	text	text	NO	
aiworker	business_support_role_control	9	can_draft_output	boolean	bool	NO	false
aiworker	business_support_role_control	10	can_review_output	boolean	bool	NO	false
aiworker	business_support_role_control	11	can_coordinate_workers	boolean	bool	NO	false
aiworker	business_support_role_control	12	can_approve_delivery	boolean	bool	NO	false
aiworker	business_support_role_control	13	can_manage_project	boolean	bool	NO	false
aiworker	business_support_role_control	14	can_execute_external_change	boolean	bool	NO	false
aiworker	business_support_role_control	15	max_parallel_task_count	integer	int4	NO	1
aiworker	business_support_role_control	16	default_queue_priority	integer	int4	NO	100
aiworker	business_support_role_control	17	status_code	text	text	NO	'active'::text
aiworker	business_support_role_control	18	created_at	timestamp with time zone	timestamptz	NO	now()
aiworker	business_support_role_control	19	updated_at	timestamp with time zone	timestamptz	NO	now()
aiworker	business_support_role_domain_capability	1	capability_id	uuid	uuid	NO	
aiworker	business_support_role_domain_capability	2	package_code	text	text	NO	
aiworker	business_support_role_domain_capability	3	role_layer_code	text	text	NO	
aiworker	business_support_role_domain_capability	4	task_domain_code	text	text	NO	
aiworker	business_support_role_domain_capability	5	capability_level_code	text	text	NO	
aiworker	business_support_role_domain_capability	6	allow_flag	boolean	bool	NO	true
aiworker	business_support_role_domain_capability	7	note	text	text	YES	
aiworker	business_support_role_domain_capability	8	created_at	timestamp with time zone	timestamptz	NO	now()
aiworker	business_support_role_domain_capability	9	updated_at	timestamp with time zone	timestamptz	NO	now()
aiworker	business_support_standard_reference	1	standard_reference_id	uuid	uuid	NO	
aiworker	business_support_standard_reference	2	package_code	text	text	NO	
aiworker	business_support_standard_reference	3	standard_family_code	text	text	NO	
aiworker	business_support_standard_reference	4	standard_name	text	text	NO	
aiworker	business_support_standard_reference	5	edition_policy	text	text	NO	
aiworker	business_support_standard_reference	6	applies_to_role_layer_code	text	text	NO	
aiworker	business_support_standard_reference	7	applies_to_task_domain_code	text	text	NO	
aiworker	business_support_standard_reference	8	reference_summary	text	text	NO	
aiworker	business_support_standard_reference	9	status_code	text	text	NO	'active'::text
aiworker	business_support_standard_reference	10	created_at	timestamp with time zone	timestamptz	NO	now()
aiworker	business_support_standard_reference	11	updated_at	timestamp with time zone	timestamptz	NO	now()
aiworker	business_support_task_domain	1	task_domain_id	uuid	uuid	NO	
aiworker	business_support_task_domain	2	package_code	text	text	NO	
aiworker	business_support_task_domain	3	task_domain_code	text	text	NO	
aiworker	business_support_task_domain	4	task_domain_name	text	text	NO	
aiworker	business_support_task_domain	5	task_domain_name_ja	text	text	NO	
aiworker	business_support_task_domain	6	cx_topic_code	text	text	NO	
aiworker	business_support_task_domain	7	sort_order	integer	int4	NO	0
aiworker	business_support_task_domain	8	status_code	text	text	NO	'active'::text
aiworker	business_support_task_domain	9	created_at	timestamp with time zone	timestamptz	NO	now()
aiworker	business_support_task_domain	10	updated_at	timestamp with time zone	timestamptz	NO	now()
aiworker	chat_worker_v0_activation	1	activation_id	uuid	uuid	NO	
aiworker	chat_worker_v0_activation	2	activation_code	text	text	NO	
aiworker	chat_worker_v0_activation	3	runtime_label	text	text	NO	
aiworker	chat_worker_v0_activation	4	manufacturer_code	text	text	NO	
aiworker	chat_worker_v0_activation	5	series_code	text	text	NO	
aiworker	chat_worker_v0_activation	6	model_selector_text	text	text	NO	
aiworker	chat_worker_v0_activation	7	service_code	text	text	NO	
aiworker	chat_worker_v0_activation	8	conversation_profile_code	text	text	NO	
aiworker	chat_worker_v0_activation	9	source_lineup_row_json	jsonb	jsonb	YES	
aiworker	chat_worker_v0_activation	10	source_style_control_row_json	jsonb	jsonb	YES	
aiworker	chat_worker_v0_activation	11	read_only_flag	boolean	bool	NO	true
aiworker	chat_worker_v0_activation	12	write_disabled_flag	boolean	bool	NO	true
aiworker	chat_worker_v0_activation	13	active_flag	boolean	bool	NO	true
aiworker	chat_worker_v0_activation	14	created_at	timestamp with time zone	timestamptz	NO	now()
aiworker	chat_worker_v0_activation	15	updated_at	timestamp with time zone	timestamptz	NO	now()
aiworker	chat_worker_v0_allowed_reference	1	allowed_reference_id	uuid	uuid	NO	
aiworker	chat_worker_v0_allowed_reference	2	activation_code	text	text	NO	
aiworker	chat_worker_v0_allowed_reference	3	source_system	text	text	NO	
aiworker	chat_worker_v0_allowed_reference	4	source_view_code	text	text	NO	
aiworker	chat_worker_v0_allowed_reference	5	material_family_code	text	text	NO	
aiworker	chat_worker_v0_allowed_reference	6	topic_code	text	text	NO	
aiworker	chat_worker_v0_allowed_reference	7	allow_flag	boolean	bool	NO	true
aiworker	chat_worker_v0_allowed_reference	8	restriction_note	text	text	YES	
aiworker	chat_worker_v0_allowed_reference	9	created_at	timestamp with time zone	timestamptz	NO	now()
aiworker	chat_worker_v0_control_state	1	control_state_id	uuid	uuid	NO	
aiworker	chat_worker_v0_control_state	2	activation_code	text	text	NO	
aiworker	chat_worker_v0_control_state	3	enabled_flag	boolean	bool	NO	true
aiworker	chat_worker_v0_control_state	4	runtime_state_code	text	text	NO	
aiworker	chat_worker_v0_control_state	5	assignment_scope_code	text	text	NO	
aiworker	chat_worker_v0_control_state	6	cx_reference_enabled_flag	boolean	bool	NO	true
aiworker	chat_worker_v0_control_state	7	max_concurrent_session_count	integer	int4	NO	1
aiworker	chat_worker_v0_control_state	8	current_load_band_code	text	text	NO	'LOW'::text
aiworker	chat_worker_v0_control_state	9	last_enabled_at	timestamp with time zone	timestamptz	YES	
aiworker	chat_worker_v0_control_state	10	last_disabled_at	timestamp with time zone	timestamptz	YES	
aiworker	chat_worker_v0_control_state	11	updated_at	timestamp with time zone	timestamptz	NO	now()
aiworker	chat_worker_v0_test_prompt	1	test_prompt_id	uuid	uuid	NO	
aiworker	chat_worker_v0_test_prompt	2	activation_code	text	text	NO	
aiworker	chat_worker_v0_test_prompt	3	prompt_order	integer	int4	NO	
aiworker	chat_worker_v0_test_prompt	4	prompt_code	text	text	NO	
aiworker	chat_worker_v0_test_prompt	5	prompt_text	text	text	NO	
aiworker	chat_worker_v0_test_prompt	6	expected_behavior	text	text	NO	
aiworker	chat_worker_v0_test_prompt	7	active_flag	boolean	bool	NO	true
aiworker	chat_worker_v0_test_prompt	8	created_at	timestamp with time zone	timestamptz	NO	now()
aiworker	code_family	1	family_code	text	text	NO	
aiworker	code_family	2	family_label	text	text	NO	
aiworker	code_family	3	active_flag	boolean	bool	NO	true
aiworker	code_family	4	created_at	timestamp with time zone	timestamptz	NO	now()
aiworker	code_value	1	family_code	text	text	NO	
aiworker	code_value	2	value_code	text	text	NO	
aiworker	code_value	3	display_label	text	text	NO	
aiworker	code_value	4	sort_order	integer	int4	NO	0
aiworker	code_value	5	active_flag	boolean	bool	NO	true
aiworker	code_value	6	created_at	timestamp with time zone	timestamptz	NO	now()
aiworker	command_authority_role_catalog	1	authority_role_id	uuid	uuid	NO	
aiworker	command_authority_role_catalog	2	authority_role_code	text	text	NO	
aiworker	command_authority_role_catalog	3	authority_role_label	text	text	NO	
aiworker	command_authority_role_catalog	4	authority_role_label_ja	text	text	NO	
aiworker	command_authority_role_catalog	5	authority_rank	integer	int4	NO	
aiworker	command_authority_role_catalog	6	can_issue_work_to_manager	boolean	bool	NO	false
aiworker	command_authority_role_catalog	7	can_issue_work_to_leader	boolean	bool	NO	false
aiworker	command_authority_role_catalog	8	can_issue_work_to_worker	boolean	bool	NO	false
aiworker	command_authority_role_catalog	9	is_top_authority_flag	boolean	bool	NO	false
aiworker	command_authority_role_catalog	10	registration_status_code	text	text	NO	'ACTIVE'::text
aiworker	command_authority_role_catalog	11	model_selector_text	text	text	YES	
aiworker	command_authority_role_catalog	12	note	text	text	YES	
aiworker	command_authority_role_catalog	13	status_code	text	text	NO	'active'::text
aiworker	command_authority_role_catalog	14	created_at	timestamp with time zone	timestamptz	NO	now()
aiworker	command_authority_role_catalog	15	updated_at	timestamp with time zone	timestamptz	NO	now()
aiworker	command_row	1	command_id	uuid	uuid	NO	
aiworker	command_row	2	command_type	text	text	NO	
aiworker	command_row	3	source_system	text	text	NO	
aiworker	command_row	4	source_actor_type	text	text	NO	
aiworker	command_row	5	requested_lane	text	text	NO	
aiworker	command_row	6	requested_domain	text	text	YES	
aiworker	command_row	7	requested_role	text	text	YES	
aiworker	command_row	8	target_worker_id	uuid	uuid	YES	
aiworker	command_row	9	tenant_company_id	uuid	uuid	YES	
aiworker	command_row	10	tenant_user_id	uuid	uuid	YES	
aiworker	command_row	11	app_scope_code	text	text	YES	
aiworker	command_row	12	payload_ref	text	text	YES	
aiworker	command_row	13	requested_at	timestamp with time zone	timestamptz	NO	
aiworker	command_row	14	requested_by	text	text	NO	
aiworker	command_row	15	command_status	text	text	NO	
aiworker	company_ai_usage_tendency	1	company_ai_usage_tendency_id	uuid	uuid	NO	
aiworker	company_ai_usage_tendency	2	tenant_company_id	uuid	uuid	NO	
aiworker	company_ai_usage_tendency	3	initiative_preference_code	text	text	NO	
aiworker	company_ai_usage_tendency	4	explanation_depth_preference_code	text	text	NO	
aiworker	company_ai_usage_tendency	5	approval_strictness_tendency_code	text	text	NO	
aiworker	company_ai_usage_tendency	6	retry_tolerance_tendency_code	text	text	NO	
aiworker	company_ai_usage_tendency	7	escalation_preference_code	text	text	NO	
aiworker	company_ai_usage_tendency	8	automation_comfort_band_code	text	text	NO	
aiworker	company_ai_usage_tendency	9	effective_from	timestamp with time zone	timestamptz	NO	
aiworker	company_ai_usage_tendency	10	effective_to	timestamp with time zone	timestamptz	YES	
aiworker	company_ai_usage_tendency	11	updated_at	timestamp with time zone	timestamptz	NO	now()
aiworker	company_style_policy	1	company_style_policy_id	uuid	uuid	NO	
aiworker	company_style_policy	2	developer_company_id	uuid	uuid	NO	
aiworker	company_style_policy	3	company_style_profile_code	text	text	NO	
aiworker	company_style_policy	4	proposal_tendency_code	text	text	NO	
aiworker	company_style_policy	5	fallback_tendency_code	text	text	NO	
aiworker	company_style_policy	6	escalation_tendency_code	text	text	NO	
aiworker	company_style_policy	7	tone_policy_code	text	text	NO	
aiworker	company_style_policy	8	restricted_domain_policy_summary	text	text	YES	
aiworker	company_style_policy	9	active_flag	boolean	bool	NO	true
aiworker	company_style_policy	10	created_at	timestamp with time zone	timestamptz	NO	now()
aiworker	company_style_policy	11	updated_at	timestamp with time zone	timestamptz	NO	now()
aiworker	control_policy_package	1	package_code	text	text	NO	
aiworker	control_policy_package	2	package_name	text	text	NO	
aiworker	control_policy_package	3	package_summary	text	text	NO	
aiworker	control_policy_package	4	service_code	text	text	YES	
aiworker	control_policy_package	5	manufacturer_code	text	text	YES	
aiworker	control_policy_package	6	series_code	text	text	YES	
aiworker	control_policy_package	7	role_class_code	text	text	YES	
aiworker	control_policy_package	8	model_code	text	text	YES	
aiworker	control_policy_package	9	status_code	text	text	NO	'active'::text
aiworker	control_policy_package	10	version_no	integer	int4	NO	1
aiworker	control_policy_package	11	owner_team	text	text	NO	
aiworker	control_policy_package	12	approver_name	text	text	YES	
aiworker	control_policy_package	13	priority_no	integer	int4	NO	100
aiworker	control_policy_package	14	effective_from	timestamp with time zone	timestamptz	NO	now()
aiworker	control_policy_package	15	review_due_on	date	date	YES	
aiworker	control_policy_package	16	change_note	text	text	YES	
aiworker	control_policy_package	17	enabled	boolean	bool	NO	true
aiworker	control_policy_package	18	created_at	timestamp with time zone	timestamptz	NO	now()
aiworker	control_policy_package	19	updated_at	timestamp with time zone	timestamptz	NO	now()
aiworker	conversation_profile	1	profile_code	text	text	NO	
aiworker	conversation_profile	2	package_code	text	text	NO	
aiworker	conversation_profile	3	service_code	text	text	YES	
aiworker	conversation_profile	4	model_code	text	text	YES	
aiworker	conversation_profile	5	locale_code	text	text	NO	'ja-JP'::text
aiworker	conversation_profile	6	tone_code	text	text	NO	'friendly_calm'::text
aiworker	conversation_profile	7	initiative_code	text	text	NO	'slightly_proactive'::text
aiworker	conversation_profile	8	risk_posture_code	text	text	NO	'slightly_conservative'::text
aiworker	conversation_profile	9	max_sentence_count	smallint	int2	NO	2
aiworker	conversation_profile	10	max_question_count	smallint	int2	NO	1
aiworker	conversation_profile	11	opener_guideline	text	text	NO	
aiworker	conversation_profile	12	followup_guideline	text	text	NO	
aiworker	conversation_profile	13	closing_guideline	text	text	NO	
aiworker	conversation_profile	14	enabled	boolean	bool	NO	true
aiworker	conversation_profile	15	created_at	timestamp with time zone	timestamptz	NO	now()
aiworker	conversation_profile	16	updated_at	timestamp with time zone	timestamptz	NO	now()
aiworker	conversation_profile_step	1	profile_code	text	text	NO	
aiworker	conversation_profile_step	2	step_no	integer	int4	NO	
aiworker	conversation_profile_step	3	step_type_code	text	text	NO	
aiworker	conversation_profile_step	4	purpose_text	text	text	NO	
aiworker	conversation_profile_step	5	instruction_text	text	text	NO	
aiworker	conversation_profile_step	6	required_step	boolean	bool	NO	true
aiworker	conversation_profile_step	7	enabled	boolean	bool	NO	true
aiworker	conversation_profile_step	8	created_at	timestamp with time zone	timestamptz	NO	now()
aiworker	conversation_profile_step	9	updated_at	timestamp with time zone	timestamptz	NO	now()
aiworker	conversation_reference_scope	1	scope_id	bigint	int8	NO	
aiworker	conversation_reference_scope	2	profile_code	text	text	NO	
aiworker	conversation_reference_scope	3	reference_source_type	text	text	NO	
aiworker	conversation_reference_scope	4	domain_code	text	text	YES	
aiworker	conversation_reference_scope	5	topic_code	text	text	YES	
aiworker	conversation_reference_scope	6	topic_group_code	text	text	YES	
aiworker	conversation_reference_scope	7	material_kind_code	text	text	YES	
aiworker	conversation_reference_scope	8	season_code	text	text	YES	
aiworker	conversation_reference_scope	9	priority_no	integer	int4	NO	100
aiworker	conversation_reference_scope	10	note_text	text	text	YES	
aiworker	conversation_reference_scope	11	enabled	boolean	bool	NO	true
aiworker	conversation_reference_scope	12	created_at	timestamp with time zone	timestamptz	NO	now()
aiworker	conversation_reference_scope	13	updated_at	timestamp with time zone	timestamptz	NO	now()
aiworker	developer_company_master	1	developer_company_id	uuid	uuid	NO	
aiworker	developer_company_master	2	developer_company_code	text	text	NO	
aiworker	developer_company_master	3	developer_company_name	text	text	NO	
aiworker	developer_company_master	4	default_company_style_profile_code	text	text	NO	
aiworker	developer_company_master	5	active_flag	boolean	bool	NO	true
aiworker	developer_company_master	6	created_at	timestamp with time zone	timestamptz	NO	now()
aiworker	developer_company_master	7	updated_at	timestamp with time zone	timestamptz	NO	now()
aiworker	draft_row	1	draft_id	uuid	uuid	NO	
aiworker	draft_row	2	command_id	uuid	uuid	NO	
aiworker	draft_row	3	worker_id	uuid	uuid	YES	
aiworker	draft_row	4	draft_type	text	text	NO	
aiworker	draft_row	5	draft_summary	text	text	YES	
aiworker	draft_row	6	draft_payload_ref	text	text	YES	
aiworker	draft_row	7	draft_status	text	text	NO	
aiworker	draft_row	8	created_at	timestamp with time zone	timestamptz	NO	now()
aiworker	draft_row	9	reviewed_at	timestamp with time zone	timestamptz	YES	
aiworker	event_outbox	1	event_id	uuid	uuid	NO	
aiworker	event_outbox	2	event_type	text	text	NO	
aiworker	event_outbox	3	source_system	text	text	NO	
aiworker	event_outbox	4	source_entity_type	text	text	NO	
aiworker	event_outbox	5	source_entity_id	text	text	NO	
aiworker	event_outbox	6	related_business_request_id	uuid	uuid	YES	
aiworker	event_outbox	7	related_worker_id	uuid	uuid	YES	
aiworker	event_outbox	8	summary_code	text	text	YES	
aiworker	event_outbox	9	payload_ref	text	text	YES	
aiworker	event_outbox	10	emitted_at	timestamp with time zone	timestamptz	NO	
aiworker	event_outbox	11	delivered_at	timestamp with time zone	timestamptz	YES	
aiworker	expression_rule	1	rule_code	text	text	NO	
aiworker	expression_rule	2	package_code	text	text	NO	
aiworker	expression_rule	3	rule_level_code	text	text	NO	
aiworker	expression_rule	4	match_type_code	text	text	NO	'contains'::text
aiworker	expression_rule	5	expression_text	text	text	NO	
aiworker	expression_rule	6	normalized_expression	text	text	YES	
aiworker	expression_rule	7	category_code	text	text	NO	
aiworker	expression_rule	8	action_code	text	text	NO	
aiworker	expression_rule	9	priority_no	integer	int4	NO	100
aiworker	expression_rule	10	enabled	boolean	bool	NO	true
aiworker	expression_rule	11	note_text	text	text	YES	
aiworker	expression_rule	12	created_at	timestamp with time zone	timestamptz	NO	now()
aiworker	expression_rule	13	updated_at	timestamp with time zone	timestamptz	NO	now()
aiworker	guardrail_candidate_intake	1	candidate_intake_id	uuid	uuid	NO	gen_random_uuid()
aiworker	guardrail_candidate_intake	2	candidate_code	text	text	NO	
aiworker	guardrail_candidate_intake	3	source_type_code	text	text	NO	
aiworker	guardrail_candidate_intake	4	source_text	text	text	NO	
aiworker	guardrail_candidate_intake	5	suggested_category_code	text	text	YES	
aiworker	guardrail_candidate_intake	6	suggested_severity_code	text	text	YES	
aiworker	guardrail_candidate_intake	7	suggested_rule_text	text	text	YES	
aiworker	guardrail_candidate_intake	8	suggested_prevention_text	text	text	YES	
aiworker	guardrail_candidate_intake	9	review_status_code	text	text	NO	'pending'::text
aiworker	guardrail_candidate_intake	10	reviewer_note	text	text	YES	
aiworker	guardrail_candidate_intake	11	promoted_rule_code	text	text	YES	
aiworker	guardrail_candidate_intake	12	promoted_case_code	text	text	YES	
aiworker	guardrail_candidate_intake	13	created_at	timestamp with time zone	timestamptz	NO	now()
aiworker	guardrail_candidate_intake	14	updated_at	timestamp with time zone	timestamptz	NO	now()
aiworker	guardrail_evidence_link	1	evidence_link_id	uuid	uuid	NO	gen_random_uuid()
aiworker	guardrail_evidence_link	2	evidence_code	text	text	NO	
aiworker	guardrail_evidence_link	3	target_os_code	text	text	NO	
aiworker	guardrail_evidence_link	4	target_app_code	text	text	YES	
aiworker	guardrail_evidence_link	5	work_phase_code	text	text	YES	
aiworker	guardrail_evidence_link	6	related_rule_code	text	text	YES	
aiworker	guardrail_evidence_link	7	related_pattern_code	text	text	YES	
aiworker	guardrail_evidence_link	8	related_case_code	text	text	YES	
aiworker	guardrail_evidence_link	9	final_status	text	text	YES	
aiworker	guardrail_evidence_link	10	pass_count	integer	int4	YES	
aiworker	guardrail_evidence_link	11	warn_count	integer	int4	YES	
aiworker	guardrail_evidence_link	12	fail_count	integer	int4	YES	
aiworker	guardrail_evidence_link	13	report_path	text	text	YES	
aiworker	guardrail_evidence_link	14	run_dir	text	text	YES	
aiworker	guardrail_evidence_link	15	patch_flag	boolean	bool	NO	false
aiworker	guardrail_evidence_link	16	db_write_flag	boolean	bool	NO	false
aiworker	guardrail_evidence_link	17	api_post_flag	boolean	bool	NO	false
aiworker	guardrail_evidence_link	18	git_push_flag	boolean	bool	NO	false
aiworker	guardrail_evidence_link	19	secret_scan_status_code	text	text	YES	
aiworker	guardrail_evidence_link	20	created_at	timestamp with time zone	timestamptz	NO	now()
aiworker	guardrail_failure_pattern	1	failure_pattern_id	uuid	uuid	NO	gen_random_uuid()
aiworker	guardrail_failure_pattern	2	pattern_code	text	text	NO	
aiworker	guardrail_failure_pattern	3	pattern_name	text	text	NO	
aiworker	guardrail_failure_pattern	4	category_code	text	text	NO	
aiworker	guardrail_failure_pattern	5	severity_code	text	text	NO	
aiworker	guardrail_failure_pattern	6	trigger_condition_text	text	text	NO	
aiworker	guardrail_failure_pattern	7	prohibited_action_text	text	text	YES	
aiworker	guardrail_failure_pattern	8	required_action_text	text	text	YES	
aiworker	guardrail_failure_pattern	9	detection_hint_text	text	text	YES	
aiworker	guardrail_failure_pattern	10	auto_action_code	text	text	NO	
aiworker	guardrail_failure_pattern	11	status_code	text	text	NO	'active'::text
aiworker	guardrail_failure_pattern	12	created_at	timestamp with time zone	timestamptz	NO	now()
aiworker	guardrail_failure_pattern	13	updated_at	timestamp with time zone	timestamptz	NO	now()
aiworker	guardrail_mistake_case	1	mistake_case_id	uuid	uuid	NO	gen_random_uuid()
aiworker	guardrail_mistake_case	2	case_code	text	text	NO	
aiworker	guardrail_mistake_case	3	title	text	text	NO	
aiworker	guardrail_mistake_case	4	target_os_code	text	text	NO	
aiworker	guardrail_mistake_case	5	target_app_code	text	text	YES	
aiworker	guardrail_mistake_case	6	target_domain_code	text	text	YES	
aiworker	guardrail_mistake_case	7	phase_code	text	text	YES	
aiworker	guardrail_mistake_case	8	mistake_category_code	text	text	NO	
aiworker	guardrail_mistake_case	9	severity_code	text	text	NO	
aiworker	guardrail_mistake_case	10	occurred_at	timestamp with time zone	timestamptz	YES	
aiworker	guardrail_mistake_case	11	detected_at	timestamp with time zone	timestamptz	YES	
aiworker	guardrail_mistake_case	12	summary_text	text	text	NO	
aiworker	guardrail_mistake_case	13	root_cause_text	text	text	YES	
aiworker	guardrail_mistake_case	14	impact_text	text	text	YES	
aiworker	guardrail_mistake_case	15	correct_response_text	text	text	YES	
aiworker	guardrail_mistake_case	16	recurrence_prevention_text	text	text	YES	
aiworker	guardrail_mistake_case	17	next_check_condition_text	text	text	YES	
aiworker	guardrail_mistake_case	18	related_report_path	text	text	YES	
aiworker	guardrail_mistake_case	19	related_run_dir	text	text	YES	
aiworker	guardrail_mistake_case	20	status_code	text	text	NO	'active'::text
aiworker	guardrail_mistake_case	21	created_at	timestamp with time zone	timestamptz	NO	now()
aiworker	guardrail_mistake_case	22	updated_at	timestamp with time zone	timestamptz	NO	now()
aiworker	guardrail_preflight_template	1	preflight_template_id	uuid	uuid	NO	gen_random_uuid()
aiworker	guardrail_preflight_template	2	template_code	text	text	NO	
aiworker	guardrail_preflight_template	3	target_work_type_code	text	text	NO	
aiworker	guardrail_preflight_template	4	title	text	text	NO	
aiworker	guardrail_preflight_template	5	checklist_jsonb	jsonb	jsonb	NO	
aiworker	guardrail_preflight_template	6	stop_condition_jsonb	jsonb	jsonb	YES	
aiworker	guardrail_preflight_template	7	required_evidence_jsonb	jsonb	jsonb	YES	
aiworker	guardrail_preflight_template	8	status_code	text	text	NO	'active'::text
aiworker	guardrail_preflight_template	9	created_at	timestamp with time zone	timestamptz	NO	now()
aiworker	guardrail_preflight_template	10	updated_at	timestamp with time zone	timestamptz	NO	now()
aiworker	guardrail_response_runbook	1	response_runbook_id	uuid	uuid	NO	gen_random_uuid()
aiworker	guardrail_response_runbook	2	runbook_code	text	text	NO	
aiworker	guardrail_response_runbook	3	title	text	text	NO	
aiworker	guardrail_response_runbook	4	applies_to_pattern_code	text	text	YES	
aiworker	guardrail_response_runbook	5	applies_to_category_code	text	text	YES	
aiworker	guardrail_response_runbook	6	severity_code	text	text	NO	
aiworker	guardrail_response_runbook	7	first_response_text	text	text	NO	
aiworker	guardrail_response_runbook	8	investigation_steps_text	text	text	YES	
aiworker	guardrail_response_runbook	9	repair_steps_text	text	text	YES	
aiworker	guardrail_response_runbook	10	rollback_condition_text	text	text	YES	
aiworker	guardrail_response_runbook	11	verification_steps_text	text	text	YES	
aiworker	guardrail_response_runbook	12	completion_condition_text	text	text	YES	
aiworker	guardrail_response_runbook	13	status_code	text	text	NO	'active'::text
aiworker	guardrail_response_runbook	14	created_at	timestamp with time zone	timestamptz	NO	now()
aiworker	guardrail_response_runbook	15	updated_at	timestamp with time zone	timestamptz	NO	now()
aiworker	guardrail_rule	1	guardrail_rule_id	uuid	uuid	NO	gen_random_uuid()
aiworker	guardrail_rule	2	rule_code	text	text	NO	
aiworker	guardrail_rule	3	rule_name	text	text	NO	
aiworker	guardrail_rule	4	category_code	text	text	NO	
aiworker	guardrail_rule	5	severity_code	text	text	NO	
aiworker	guardrail_rule	6	rule_text	text	text	NO	
aiworker	guardrail_rule	7	rationale_text	text	text	YES	
aiworker	guardrail_rule	8	required_action_text	text	text	YES	
aiworker	guardrail_rule	9	prohibited_action_text	text	text	YES	
aiworker	guardrail_rule	10	exception_condition_text	text	text	YES	
aiworker	guardrail_rule	11	status_code	text	text	NO	'active'::text
aiworker	guardrail_rule	12	created_at	timestamp with time zone	timestamptz	NO	now()
aiworker	guardrail_rule	13	updated_at	timestamp with time zone	timestamptz	NO	now()
aiworker	guardrail_runtime_check_result	1	runtime_check_result_id	uuid	uuid	NO	gen_random_uuid()
aiworker	guardrail_runtime_check_result	2	request_id	text	text	YES	
aiworker	guardrail_runtime_check_result	3	target_os_code	text	text	NO	
aiworker	guardrail_runtime_check_result	4	target_app_code	text	text	YES	
aiworker	guardrail_runtime_check_result	5	target_work_type_code	text	text	NO	
aiworker	guardrail_runtime_check_result	6	check_status_code	text	text	NO	
aiworker	guardrail_runtime_check_result	7	blocking_flag	boolean	bool	NO	false
aiworker	guardrail_runtime_check_result	8	review_required_flag	boolean	bool	NO	false
aiworker	guardrail_runtime_check_result	9	confirmation_required_flag	boolean	bool	NO	false
aiworker	guardrail_runtime_check_result	10	ui_test_required_flag	boolean	bool	NO	false
aiworker	guardrail_runtime_check_result	11	matched_rule_codes	ARRAY	_text	YES	
aiworker	guardrail_runtime_check_result	12	matched_pattern_codes	ARRAY	_text	YES	
aiworker	guardrail_runtime_check_result	13	check_summary_text	text	text	YES	
aiworker	guardrail_runtime_check_result	14	required_next_action_text	text	text	YES	
aiworker	guardrail_runtime_check_result	15	created_at	timestamp with time zone	timestamptz	NO	now()
aiworker	guardrail_scope_binding	1	scope_binding_id	uuid	uuid	NO	gen_random_uuid()
aiworker	guardrail_scope_binding	2	rule_code	text	text	NO	
aiworker	guardrail_scope_binding	3	target_os_code	text	text	NO	
aiworker	guardrail_scope_binding	4	target_app_code	text	text	YES	
aiworker	guardrail_scope_binding	5	target_work_type_code	text	text	YES	
aiworker	guardrail_scope_binding	6	target_file_pattern	text	text	YES	
aiworker	guardrail_scope_binding	7	applies_to_db_write_flag	boolean	bool	NO	false
aiworker	guardrail_scope_binding	8	applies_to_api_post_flag	boolean	bool	NO	false
aiworker	guardrail_scope_binding	9	applies_to_ui_flag	boolean	bool	NO	false
aiworker	guardrail_scope_binding	10	applies_to_git_flag	boolean	bool	NO	false
aiworker	guardrail_scope_binding	11	priority_int	integer	int4	NO	100
aiworker	guardrail_scope_binding	12	status_code	text	text	NO	'active'::text
aiworker	guardrail_scope_binding	13	created_at	timestamp with time zone	timestamptz	NO	now()
aiworker	guardrail_scope_binding	14	updated_at	timestamp with time zone	timestamptz	NO	now()
aiworker	interaction_style_catalog	1	style_code	text	text	NO	
aiworker	interaction_style_catalog	2	series_code	text	text	NO	
aiworker	interaction_style_catalog	3	style_no	integer	int4	NO	
aiworker	interaction_style_catalog	4	style_name	text	text	NO	
aiworker	interaction_style_catalog	5	style_name_ja	text	text	NO	
aiworker	interaction_style_catalog	6	style_summary	text	text	NO	
aiworker	interaction_style_catalog	7	initiative_code	text	text	NO	
aiworker	interaction_style_catalog	8	warmth_code	text	text	NO	
aiworker	interaction_style_catalog	9	tempo_code	text	text	NO	
aiworker	interaction_style_catalog	10	closeness_code	text	text	NO	
aiworker	interaction_style_catalog	11	enabled	boolean	bool	NO	true
aiworker	interaction_style_catalog	12	sort_order	integer	int4	NO	100
aiworker	interaction_style_catalog	13	created_at	timestamp with time zone	timestamptz	NO	now()
aiworker	interaction_style_catalog	14	updated_at	timestamp with time zone	timestamptz	NO	now()
aiworker	internal_pipeline_acceptance_check	1	acceptance_check_id	uuid	uuid	NO	
aiworker	internal_pipeline_acceptance_check	2	acceptance_package_code	text	text	NO	
aiworker	internal_pipeline_acceptance_check	3	check_code	text	text	NO	
aiworker	internal_pipeline_acceptance_check	4	check_label	text	text	NO	
aiworker	internal_pipeline_acceptance_check	5	expected_value	text	text	NO	
aiworker	internal_pipeline_acceptance_check	6	actual_value	text	text	NO	
aiworker	internal_pipeline_acceptance_check	7	check_status_code	text	text	NO	
aiworker	internal_pipeline_acceptance_check	8	check_summary	text	text	NO	
aiworker	internal_pipeline_acceptance_check	9	created_at	timestamp with time zone	timestamptz	NO	now()
aiworker	internal_pipeline_acceptance_check	10	updated_at	timestamp with time zone	timestamptz	NO	now()
aiworker	internal_pipeline_acceptance_package	1	acceptance_package_id	uuid	uuid	NO	
aiworker	internal_pipeline_acceptance_package	2	acceptance_package_code	text	text	NO	
aiworker	internal_pipeline_acceptance_package	3	pipeline_code	text	text	NO	
aiworker	internal_pipeline_acceptance_package	4	pipeline_name	text	text	NO	
aiworker	internal_pipeline_acceptance_package	5	pipeline_name_ja	text	text	NO	
aiworker	internal_pipeline_acceptance_package	6	president_model_no	text	text	NO	
aiworker	internal_pipeline_acceptance_package	7	president_model_code	text	text	NO	
aiworker	internal_pipeline_acceptance_package	8	president_runtime_state_code	text	text	NO	
aiworker	internal_pipeline_acceptance_package	9	acceptance_status_code	text	text	NO	'DRAFT'::text
aiworker	internal_pipeline_acceptance_package	10	acceptance_summary	text	text	NO	
aiworker	internal_pipeline_acceptance_package	11	external_execution_allowed_flag	boolean	bool	NO	false
aiworker	internal_pipeline_acceptance_package	12	pg_apply_allowed_flag	boolean	bool	NO	false
aiworker	internal_pipeline_acceptance_package	13	destructive_action_allowed_flag	boolean	bool	NO	false
aiworker	internal_pipeline_acceptance_package	14	created_at	timestamp with time zone	timestamptz	NO	now()
aiworker	internal_pipeline_acceptance_package	15	updated_at	timestamp with time zone	timestamptz	NO	now()
aiworker	leader_mock_review	1	review_id	uuid	uuid	NO	
aiworker	leader_mock_review	2	manager_plan_code	text	text	NO	
aiworker	leader_mock_review	3	leader_task_code	text	text	NO	
aiworker	leader_mock_review	4	worker_task_code	text	text	NO	
aiworker	leader_mock_review	5	task_domain_code	text	text	NO	
aiworker	leader_mock_review	6	review_result_code	text	text	NO	
aiworker	leader_mock_review	7	review_summary	text	text	NO	
aiworker	leader_mock_review	8	correction_note	text	text	NO	
aiworker	leader_mock_review	9	risk_note	text	text	NO	
aiworker	leader_mock_review	10	review_json	jsonb	jsonb	NO	'{}'::jsonb
aiworker	leader_mock_review	11	review_status_code	text	text	NO	'DONE'::text
aiworker	leader_mock_review	12	created_at	timestamp with time zone	timestamptz	NO	now()
aiworker	leader_mock_review	13	updated_at	timestamp with time zone	timestamptz	NO	now()
aiworker	learning_delta_log	1	delta_id	bigint	int8	NO	
aiworker	learning_delta_log	2	model_code	text	text	NO	
aiworker	learning_delta_log	3	service_code	text	text	YES	
aiworker	learning_delta_log	4	dimension_code	text	text	NO	
aiworker	learning_delta_log	5	delta_value	numeric	numeric	NO	0
aiworker	learning_delta_log	6	confidence_value	numeric	numeric	NO	1.000
aiworker	learning_delta_log	7	source_kind_code	text	text	NO	
aiworker	learning_delta_log	8	source_summary	text	text	YES	
aiworker	learning_delta_log	9	event_metadata	jsonb	jsonb	NO	'{}'::jsonb
aiworker	learning_delta_log	10	observed_at	timestamp with time zone	timestamptz	NO	now()
aiworker	learning_delta_log	11	created_at	timestamp with time zone	timestamptz	NO	now()
aiworker	manager_instruction_acceptance	1	acceptance_id	uuid	uuid	NO	
aiworker	manager_instruction_acceptance	2	instruction_code	text	text	NO	
aiworker	manager_instruction_acceptance	3	distribution_code	text	text	YES	
aiworker	manager_instruction_acceptance	4	accepted_by_role_layer_code	text	text	NO	'MANAGER'::text
aiworker	manager_instruction_acceptance	5	accepted_by_model_selector_text	text	text	NO	'HD-R5 / Manager / マネージャー'::text
aiworker	manager_instruction_acceptance	6	acceptance_status_code	text	text	NO	'ACCEPTED'::text
aiworker	manager_instruction_acceptance	7	acceptance_decision_code	text	text	NO	
aiworker	manager_instruction_acceptance	8	acceptance_note	text	text	NO	
aiworker	manager_instruction_acceptance	9	accepted_at	timestamp with time zone	timestamptz	NO	now()
aiworker	manager_instruction_acceptance	10	updated_at	timestamp with time zone	timestamptz	NO	now()
aiworker	manager_instruction_assignment	1	assignment_id	uuid	uuid	NO	
aiworker	manager_instruction_assignment	2	task_code	text	text	NO	
aiworker	manager_instruction_assignment	3	assigned_role_layer_code	text	text	NO	
aiworker	manager_instruction_assignment	4	assigned_model_selector_text	text	text	NO	
aiworker	manager_instruction_assignment	5	assignment_status_code	text	text	NO	'ASSIGNED'::text
aiworker	manager_instruction_assignment	6	assignment_note	text	text	NO	
aiworker	manager_instruction_assignment	7	assigned_at	timestamp with time zone	timestamptz	NO	now()
aiworker	manager_instruction_assignment	8	updated_at	timestamp with time zone	timestamptz	NO	now()
aiworker	manager_instruction_gate_log	1	gate_log_id	uuid	uuid	NO	
aiworker	manager_instruction_gate_log	2	instruction_code	text	text	NO	
aiworker	manager_instruction_gate_log	3	manager_plan_code	text	text	YES	
aiworker	manager_instruction_gate_log	4	gate_code	text	text	NO	
aiworker	manager_instruction_gate_log	5	gate_status_code	text	text	NO	
aiworker	manager_instruction_gate_log	6	gate_summary	text	text	NO	
aiworker	manager_instruction_gate_log	7	created_at	timestamp with time zone	timestamptz	NO	now()
aiworker	manager_instruction_plan	1	plan_id	uuid	uuid	NO	
aiworker	manager_instruction_plan	2	instruction_code	text	text	NO	
aiworker	manager_instruction_plan	3	manager_plan_code	text	text	NO	
aiworker	manager_instruction_plan	4	manager_model_selector_text	text	text	NO	'HD-R5 / Manager / マネージャー'::text
aiworker	manager_instruction_plan	5	task_domain_code	text	text	NO	
aiworker	manager_instruction_plan	6	plan_status_code	text	text	NO	'PLANNED'::text
aiworker	manager_instruction_plan	7	source_instruction_title	text	text	NO	
aiworker	manager_instruction_plan	8	objective_summary	text	text	NO	
aiworker	manager_instruction_plan	9	scope_summary	text	text	NO	
aiworker	manager_instruction_plan	10	output_definition	text	text	NO	
aiworker	manager_instruction_plan	11	acceptance_criteria	text	text	NO	
aiworker	manager_instruction_plan	12	risk_summary	text	text	NO	
aiworker	manager_instruction_plan	13	manager_control_note	text	text	NO	
aiworker	manager_instruction_plan	14	created_at	timestamp with time zone	timestamptz	NO	now()
aiworker	manager_instruction_plan	15	updated_at	timestamp with time zone	timestamptz	NO	now()
aiworker	manager_instruction_task	1	task_id	uuid	uuid	NO	
aiworker	manager_instruction_task	2	manager_plan_code	text	text	NO	
aiworker	manager_instruction_task	3	task_code	text	text	NO	
aiworker	manager_instruction_task	4	task_order	integer	int4	NO	
aiworker	manager_instruction_task	5	task_title	text	text	NO	
aiworker	manager_instruction_task	6	task_detail	text	text	NO	
aiworker	manager_instruction_task	7	task_domain_code	text	text	NO	
aiworker	manager_instruction_task	8	assigned_role_layer_code	text	text	NO	
aiworker	manager_instruction_task	9	assigned_model_selector_text	text	text	NO	
aiworker	manager_instruction_task	10	action_code	text	text	NO	
aiworker	manager_instruction_task	11	expected_output	text	text	NO	
aiworker	manager_instruction_task	12	task_status_code	text	text	NO	'TODO'::text
aiworker	manager_instruction_task	13	safety_note	text	text	NO	
aiworker	manager_instruction_task	14	created_at	timestamp with time zone	timestamptz	NO	now()
aiworker	manager_instruction_task	15	updated_at	timestamp with time zone	timestamptz	NO	now()
aiworker	manager_mock_final_gate	1	final_gate_id	uuid	uuid	NO	
aiworker	manager_mock_final_gate	2	manager_plan_code	text	text	NO	
aiworker	manager_mock_final_gate	3	manager_gate_task_code	text	text	NO	
aiworker	manager_mock_final_gate	4	leader_task_code	text	text	NO	
aiworker	manager_mock_final_gate	5	task_domain_code	text	text	NO	
aiworker	manager_mock_final_gate	6	gate_result_code	text	text	NO	
aiworker	manager_mock_final_gate	7	delivery_status_code	text	text	NO	
aiworker	manager_mock_final_gate	8	final_summary	text	text	NO	
aiworker	manager_mock_final_gate	9	external_execution_allowed_flag	boolean	bool	NO	false
aiworker	manager_mock_final_gate	10	pg_apply_allowed_flag	boolean	bool	NO	false
aiworker	manager_mock_final_gate	11	destructive_action_allowed_flag	boolean	bool	NO	false
aiworker	manager_mock_final_gate	12	human_go_required_for_external_flag	boolean	bool	NO	true
aiworker	manager_mock_final_gate	13	final_gate_json	jsonb	jsonb	NO	'{}'::jsonb
aiworker	manager_mock_final_gate	14	created_at	timestamp with time zone	timestamptz	NO	now()
aiworker	manager_mock_final_gate	15	updated_at	timestamp with time zone	timestamptz	NO	now()
aiworker	manager_work_instruction	1	instruction_id	uuid	uuid	NO	
aiworker	manager_work_instruction	2	instruction_code	text	text	NO	
aiworker	manager_work_instruction	3	source_app_code	text	text	NO	
aiworker	manager_work_instruction	4	source_actor_type	text	text	NO	
aiworker	manager_work_instruction	5	source_authority_role_code	text	text	NO	
aiworker	manager_work_instruction	6	source_manager_level_no	integer	int4	YES	
aiworker	manager_work_instruction	7	source_actor_ref	text	text	YES	
aiworker	manager_work_instruction	8	target_authority_role_code	text	text	NO	'MANAGER'::text
aiworker	manager_work_instruction	9	target_manager_level_no	integer	int4	YES	
aiworker	manager_work_instruction	10	target_actor_ref	text	text	YES	
aiworker	manager_work_instruction	11	task_domain_code	text	text	NO	
aiworker	manager_work_instruction	12	instruction_title	text	text	NO	
aiworker	manager_work_instruction	13	instruction_body	text	text	NO	
aiworker	manager_work_instruction	14	desired_output_kind_code	text	text	NO	
aiworker	manager_work_instruction	15	priority_code	text	text	NO	'normal'::text
aiworker	manager_work_instruction	16	due_at	timestamp with time zone	timestamptz	YES	
aiworker	manager_work_instruction	17	human_confirmed_flag	boolean	bool	NO	false
aiworker	manager_work_instruction	18	hierarchy_authorized_flag	boolean	bool	NO	false
aiworker	manager_work_instruction	19	instruction_status_code	text	text	NO	'INSTRUCTED'::text
aiworker	manager_work_instruction	20	created_at	timestamp with time zone	timestamptz	NO	now()
aiworker	manager_work_instruction	21	updated_at	timestamp with time zone	timestamptz	NO	now()
aiworker	manufacturer_catalog	1	manufacturer_code	text	text	NO	
aiworker	manufacturer_catalog	2	manufacturer_name	text	text	NO	
aiworker	manufacturer_catalog	3	manufacturer_name_ja	text	text	NO	
aiworker	manufacturer_catalog	4	manufacturer_summary	text	text	YES	
aiworker	manufacturer_catalog	5	enabled	boolean	bool	NO	true
aiworker	manufacturer_catalog	6	sort_order	integer	int4	NO	100
aiworker	manufacturer_catalog	7	created_at	timestamp with time zone	timestamptz	NO	now()
aiworker	manufacturer_catalog	8	updated_at	timestamp with time zone	timestamptz	NO	now()
aiworker	megami_model_profile	1	model_code	text	text	NO	
aiworker	megami_model_profile	2	norn_code	text	text	NO	
aiworker	megami_model_profile	3	temporal_focus_code	text	text	NO	
aiworker	megami_model_profile	4	temporal_focus_label_ja	text	text	NO	
aiworker	megami_model_profile	5	worker_mode_summary_ja	text	text	NO	
aiworker	megami_model_profile	6	friend_lover_style_family_code	text	text	NO	
aiworker	megami_model_profile	7	friend_lover_style_family_ja	text	text	NO	
aiworker	megami_model_profile	8	friend_lover_personality_summary_ja	text	text	NO	
aiworker	megami_model_profile	9	personality_risk_note_ja	text	text	NO	
aiworker	megami_model_profile	10	safety_overlay_jsonb	jsonb	jsonb	NO	'{}'::jsonb
aiworker	megami_model_profile	11	recommended_usage_jsonb	jsonb	jsonb	NO	'[]'::jsonb
aiworker	megami_model_profile	12	status_code	text	text	NO	'active'::text
aiworker	megami_model_profile	13	sort_order	integer	int4	NO	1000
aiworker	megami_model_profile	14	created_at	timestamp with time zone	timestamptz	NO	now()
aiworker	megami_model_profile	15	updated_at	timestamp with time zone	timestamptz	NO	now()
aiworker	model_identity_spec	1	model_code	text	text	NO	
aiworker	model_identity_spec	2	series_prefix_code	text	text	NO	
aiworker	model_identity_spec	3	style_no	integer	int4	NO	
aiworker	model_identity_spec	4	presentation_gender_code	text	text	NO	
aiworker	model_identity_spec	5	version_no	integer	int4	NO	
aiworker	model_identity_spec	6	enabled	boolean	bool	NO	true
aiworker	model_identity_spec	7	created_at	timestamp with time zone	timestamptz	NO	now()
aiworker	model_identity_spec	8	updated_at	timestamp with time zone	timestamptz	NO	now()
aiworker	model_public_appearance_profile	1	model_code	text	text	NO	
aiworker	model_public_appearance_profile	2	manufacturer_code	text	text	NO	
aiworker	model_public_appearance_profile	3	series_code	text	text	NO	
aiworker	model_public_appearance_profile	4	model_no	text	text	NO	
aiworker	model_public_appearance_profile	5	model_name_ja	text	text	NO	
aiworker	model_public_appearance_profile	6	height_cm	integer	int4	NO	
aiworker	model_public_appearance_profile	7	bust_cm	integer	int4	NO	
aiworker	model_public_appearance_profile	8	waist_cm	integer	int4	NO	
aiworker	model_public_appearance_profile	9	hip_cm	integer	int4	NO	
aiworker	model_public_appearance_profile	10	appearance_profile_note_ja	text	text	NO	
aiworker	model_public_appearance_profile	11	display_allowed_flag	boolean	bool	NO	true
aiworker	model_public_appearance_profile	12	status_code	text	text	NO	'active'::text
aiworker	model_public_appearance_profile	13	sort_order	integer	int4	NO	1000
aiworker	model_public_appearance_profile	14	created_at	timestamp with time zone	timestamptz	NO	now()
aiworker	model_public_appearance_profile	15	updated_at	timestamp with time zone	timestamptz	NO	now()
aiworker	model_public_registry	1	registry_code	text	text	NO	
aiworker	model_public_registry	2	manufacturer_code	text	text	NO	
aiworker	model_public_registry	3	manufacturer_name	text	text	NO	
aiworker	model_public_registry	4	manufacturer_name_ja	text	text	NO	
aiworker	model_public_registry	5	series_code	text	text	NO	
aiworker	model_public_registry	6	series_name	text	text	NO	
aiworker	model_public_registry	7	series_name_ja	text	text	NO	
aiworker	model_public_registry	8	model_code	text	text	NO	
aiworker	model_public_registry	9	model_no	text	text	NO	
aiworker	model_public_registry	10	model_name	text	text	NO	
aiworker	model_public_registry	11	model_name_ja	text	text	NO	
aiworker	model_public_registry	12	role_layer_code	text	text	NO	
aiworker	model_public_registry	13	role_layer_name_ja	text	text	NO	
aiworker	model_public_registry	14	model_category_code	text	text	NO	
aiworker	model_public_registry	15	public_summary_ja	text	text	NO	
aiworker	model_public_registry	16	capability_summary_ja	text	text	NO	
aiworker	model_public_registry	17	personality_summary_ja	text	text	NO	''::text
aiworker	model_public_registry	18	safety_note_ja	text	text	NO	''::text
aiworker	model_public_registry	19	public_traits_jsonb	jsonb	jsonb	NO	'{}'::jsonb
aiworker	model_public_registry	20	recommended_usage_jsonb	jsonb	jsonb	NO	'[]'::jsonb
aiworker	model_public_registry	21	source_layer_code	text	text	NO	
aiworker	model_public_registry	22	public_display_allowed_flag	boolean	bool	NO	true
aiworker	model_public_registry	23	app_reference_allowed_flag	boolean	bool	NO	true
aiworker	model_public_registry	24	status_code	text	text	NO	'active'::text
aiworker	model_public_registry	25	sort_order	integer	int4	NO	1000
aiworker	model_public_registry	26	created_at	timestamp with time zone	timestamptz	NO	now()
aiworker	model_public_registry	27	updated_at	timestamp with time zone	timestamptz	NO	now()
aiworker	model_runtime_control_override	1	model_code	text	text	NO	
aiworker	model_runtime_control_override	2	model_no	text	text	NO	
aiworker	model_runtime_control_override	3	model_name_ja	text	text	NO	
aiworker	model_runtime_control_override	4	operation_mode_code	text	text	YES	
aiworker	model_runtime_control_override	5	self_review_pass_count	integer	int4	YES	
aiworker	model_runtime_control_override	6	proposal_count_min	integer	int4	YES	
aiworker	model_runtime_control_override	7	proposal_count_max	integer	int4	YES	
aiworker	model_runtime_control_override	8	response_style_code	text	text	YES	
aiworker	model_runtime_control_override	9	required_checklist_code	text	text	YES	
aiworker	model_runtime_control_override	10	context_scope_code	text	text	YES	
aiworker	model_runtime_control_override	11	cx_reference_depth_code	text	text	YES	
aiworker	model_runtime_control_override	12	handoff_format_code	text	text	YES	
aiworker	model_runtime_control_override	13	allowed_actions_jsonb	jsonb	jsonb	NO	'[]'::jsonb
aiworker	model_runtime_control_override	14	forbidden_actions_jsonb	jsonb	jsonb	NO	'[]'::jsonb
aiworker	model_runtime_control_override	15	prompt_fragment_codes_jsonb	jsonb	jsonb	NO	'[]'::jsonb
aiworker	model_runtime_control_override	16	model_focus_ja	text	text	NO	''::text
aiworker	model_runtime_control_override	17	control_note_ja	text	text	NO	''::text
aiworker	model_runtime_control_override	18	status_code	text	text	NO	'active'::text
aiworker	model_runtime_control_override	19	sort_order	integer	int4	NO	1000
aiworker	model_runtime_control_override	20	created_at	timestamp with time zone	timestamptz	NO	now()
aiworker	model_runtime_control_override	21	updated_at	timestamp with time zone	timestamptz	NO	now()
aiworker	model_service_assignment	1	model_code	text	text	NO	
aiworker	model_service_assignment	2	service_code	text	text	NO	
aiworker	model_service_assignment	3	enabled	boolean	bool	NO	true
aiworker	model_service_assignment	4	notes	text	text	YES	
aiworker	model_service_assignment	5	created_at	timestamp with time zone	timestamptz	NO	now()
aiworker	model_service_assignment	6	updated_at	timestamp with time zone	timestamptz	NO	now()
aiworker	model_style_assignment	1	model_code	text	text	NO	
aiworker	model_style_assignment	2	style_code	text	text	NO	
aiworker	model_style_assignment	3	is_default	boolean	bool	NO	true
aiworker	model_style_assignment	4	enabled	boolean	bool	NO	true
aiworker	model_style_assignment	5	created_at	timestamp with time zone	timestamptz	NO	now()
aiworker	model_style_assignment	6	updated_at	timestamp with time zone	timestamptz	NO	now()
aiworker	official_intake_request	1	intake_id	uuid	uuid	NO	
aiworker	official_intake_request	2	staging_id	uuid	uuid	NO	
aiworker	official_intake_request	3	intake_type	text	text	NO	
aiworker	official_intake_request	4	target_truth_surface	text	text	NO	
aiworker	official_intake_request	5	controlled_function_code	text	text	NO	
aiworker	official_intake_request	6	approval_ticket_id	text	text	YES	
aiworker	official_intake_request	7	audit_required_flag	boolean	bool	NO	false
aiworker	official_intake_request	8	submitted_by	text	text	NO	
aiworker	official_intake_request	9	submitted_at	timestamp with time zone	timestamptz	NO	now()
aiworker	official_intake_request	10	intake_status	text	text	NO	
aiworker	official_intake_request	11	applied_at	timestamp with time zone	timestamptz	YES	
aiworker	payload_document	1	payload_ref	text	text	NO	
aiworker	payload_document	2	payload_schema_name	text	text	NO	
aiworker	payload_document	3	payload_json	jsonb	jsonb	NO	
aiworker	payload_document	4	payload_hash	text	text	YES	
aiworker	payload_document	5	created_at	timestamp with time zone	timestamptz	NO	now()
aiworker	payload_document	6	updated_at	timestamp with time zone	timestamptz	NO	now()
aiworker	payload_schema_catalog	1	payload_schema_name	text	text	NO	
aiworker	payload_schema_catalog	2	payload_version	text	text	NO	
aiworker	payload_schema_catalog	3	payload_family_code	text	text	NO	
aiworker	payload_schema_catalog	4	description	text	text	YES	
aiworker	payload_schema_catalog	5	active_flag	boolean	bool	NO	true
aiworker	payload_schema_catalog	6	created_at	timestamp with time zone	timestamptz	NO	now()
aiworker	payload_schema_catalog	7	updated_at	timestamp with time zone	timestamptz	NO	now()
aiworker	payload_validation_log	1	payload_validation_log_id	bigint	int8	NO	
aiworker	payload_validation_log	2	payload_ref	text	text	YES	
aiworker	payload_validation_log	3	payload_schema_name	text	text	NO	
aiworker	payload_validation_log	4	validation_result_code	text	text	NO	
aiworker	payload_validation_log	5	validation_note	text	text	YES	
aiworker	payload_validation_log	6	validated_at	timestamp with time zone	timestamptz	NO	now()
aiworker	president_business_plan	1	business_plan_id	uuid	uuid	NO	
aiworker	president_business_plan	2	strategy_cycle_code	text	text	NO	
aiworker	president_business_plan	3	business_plan_code	text	text	NO	
aiworker	president_business_plan	4	focus_area_code	text	text	NO	
aiworker	president_business_plan	5	plan_title	text	text	NO	
aiworker	president_business_plan	6	target_market_summary	text	text	NO	
aiworker	president_business_plan	7	value_proposition_summary	text	text	NO	
aiworker	president_business_plan	8	revenue_or_value_summary	text	text	NO	
aiworker	president_business_plan	9	execution_step_summary	text	text	NO	
aiworker	president_business_plan	10	manager_distribution_required_flag	boolean	bool	NO	true
aiworker	president_business_plan	11	plan_status_code	text	text	NO	'DRAFT'::text
aiworker	president_business_plan	12	created_at	timestamp with time zone	timestamptz	NO	now()
aiworker	president_business_plan	13	updated_at	timestamp with time zone	timestamptz	NO	now()
aiworker	president_capability_gate	1	capability_gate_id	uuid	uuid	NO	
aiworker	president_capability_gate	2	president_model_code	text	text	NO	
aiworker	president_capability_gate	3	capability_code	text	text	NO	
aiworker	president_capability_gate	4	capability_label	text	text	NO	
aiworker	president_capability_gate	5	default_allowed_flag	boolean	bool	NO	false
aiworker	president_capability_gate	6	required_gate_code	text	text	NO	
aiworker	president_capability_gate	7	risk_level_code	text	text	NO	
aiworker	president_capability_gate	8	gate_summary	text	text	NO	
aiworker	president_capability_gate	9	status_code	text	text	NO	'active'::text
aiworker	president_capability_gate	10	created_at	timestamp with time zone	timestamptz	NO	now()
aiworker	president_capability_gate	11	updated_at	timestamp with time zone	timestamptz	NO	now()
aiworker	president_focus_area_catalog	1	focus_area_code	text	text	NO	
aiworker	president_focus_area_catalog	2	focus_area_name	text	text	NO	
aiworker	president_focus_area_catalog	3	focus_area_name_ja	text	text	NO	
aiworker	president_focus_area_catalog	4	focus_summary	text	text	NO	
aiworker	president_focus_area_catalog	5	default_priority_band_code	text	text	NO	'medium'::text
aiworker	president_focus_area_catalog	6	status_code	text	text	NO	'active'::text
aiworker	president_focus_area_catalog	7	created_at	timestamp with time zone	timestamptz	NO	now()
aiworker	president_focus_area_catalog	8	updated_at	timestamp with time zone	timestamptz	NO	now()
aiworker	president_focus_decision	1	focus_decision_id	uuid	uuid	NO	
aiworker	president_focus_decision	2	strategy_cycle_code	text	text	NO	
aiworker	president_focus_decision	3	focus_area_code	text	text	NO	
aiworker	president_focus_decision	4	priority_rank	integer	int4	NO	
aiworker	president_focus_decision	5	priority_band_code	text	text	NO	
aiworker	president_focus_decision	6	reason_summary	text	text	NO	
aiworker	president_focus_decision	7	target_outcome	text	text	NO	
aiworker	president_focus_decision	8	status_code	text	text	NO	'active'::text
aiworker	president_focus_decision	9	created_at	timestamp with time zone	timestamptz	NO	now()
aiworker	president_focus_decision	10	updated_at	timestamp with time zone	timestamptz	NO	now()
aiworker	president_governance_policy	1	governance_policy_id	uuid	uuid	NO	
aiworker	president_governance_policy	2	governance_policy_code	text	text	NO	
aiworker	president_governance_policy	3	tenant_company_id	uuid	uuid	YES	
aiworker	president_governance_policy	4	source_app_code	text	text	NO	
aiworker	president_governance_policy	5	operation_mode_code	text	text	NO	
aiworker	president_governance_policy	6	policy_source_code	text	text	NO	
aiworker	president_governance_policy	7	policy_title	text	text	NO	
aiworker	president_governance_policy	8	policy_body	text	text	NO	
aiworker	president_governance_policy	9	business_goal_summary	text	text	NO	
aiworker	president_governance_policy	10	constraint_summary	text	text	NO	
aiworker	president_governance_policy	11	risk_tolerance_code	text	text	NO	'medium'::text
aiworker	president_governance_policy	12	human_confirmed_flag	boolean	bool	NO	false
aiworker	president_governance_policy	13	active_flag	boolean	bool	NO	true
aiworker	president_governance_policy	14	effective_from	timestamp with time zone	timestamptz	NO	now()
aiworker	president_governance_policy	15	effective_to	timestamp with time zone	timestamptz	YES	
aiworker	president_governance_policy	16	created_at	timestamp with time zone	timestamptz	NO	now()
aiworker	president_governance_policy	17	updated_at	timestamp with time zone	timestamptz	NO	now()
aiworker	president_manager_distribution	1	distribution_id	uuid	uuid	NO	
aiworker	president_manager_distribution	2	strategy_cycle_code	text	text	NO	
aiworker	president_manager_distribution	3	distribution_code	text	text	NO	
aiworker	president_manager_distribution	4	target_manager_level_no	integer	int4	NO	
aiworker	president_manager_distribution	5	target_manager_selector_text	text	text	NO	
aiworker	president_manager_distribution	6	focus_area_code	text	text	NO	
aiworker	president_manager_distribution	7	distributed_work_title	text	text	NO	
aiworker	president_manager_distribution	8	distributed_work_body	text	text	NO	
aiworker	president_manager_distribution	9	expected_manager_output	text	text	NO	
aiworker	president_manager_distribution	10	priority_code	text	text	NO	'normal'::text
aiworker	president_manager_distribution	11	source_plan_code	text	text	YES	
aiworker	president_manager_distribution	12	distribution_status_code	text	text	NO	'PROPOSED'::text
aiworker	president_manager_distribution	13	created_at	timestamp with time zone	timestamptz	NO	now()
aiworker	president_manager_distribution	14	updated_at	timestamp with time zone	timestamptz	NO	now()
aiworker	president_manager_instruction_bridge	1	bridge_id	uuid	uuid	NO	
aiworker	president_manager_instruction_bridge	2	distribution_code	text	text	NO	
aiworker	president_manager_instruction_bridge	3	instruction_code	text	text	NO	
aiworker	president_manager_instruction_bridge	4	president_model_code	text	text	NO	
aiworker	president_manager_instruction_bridge	5	president_model_no	text	text	NO	
aiworker	president_manager_instruction_bridge	6	strategy_cycle_code	text	text	NO	
aiworker	president_manager_instruction_bridge	7	bridge_status_code	text	text	NO	'WAITING_FOR_PRESIDENT_RUNTIME'::text
aiworker	president_manager_instruction_bridge	8	bridge_note	text	text	NO	
aiworker	president_manager_instruction_bridge	9	created_at	timestamp with time zone	timestamptz	NO	now()
aiworker	president_manager_instruction_bridge	10	updated_at	timestamp with time zone	timestamptz	NO	now()
aiworker	president_model_catalog	1	president_model_id	uuid	uuid	NO	
aiworker	president_model_catalog	2	president_model_code	text	text	NO	
aiworker	president_model_catalog	3	president_model_name	text	text	NO	
aiworker	president_model_catalog	4	president_model_name_ja	text	text	NO	
aiworker	president_model_catalog	5	manufacturer_code	text	text	NO	
aiworker	president_model_catalog	6	series_code	text	text	NO	
aiworker	president_model_catalog	7	model_selector_text	text	text	NO	
aiworker	president_model_catalog	8	authority_role_code	text	text	NO	'PRESIDENT'::text
aiworker	president_model_catalog	9	supported_operation_modes_jsonb	jsonb	jsonb	NO	'[]'::jsonb
aiworker	president_model_catalog	10	executive_scope_jsonb	jsonb	jsonb	NO	'[]'::jsonb
aiworker	president_model_catalog	11	management_standard_family_code	text	text	NO	'PMI_PMBOK_FAMILY'::text
aiworker	president_model_catalog	12	default_governance_posture_code	text	text	NO	'guarded'::text
aiworker	president_model_catalog	13	catalog_status_code	text	text	NO	'REGISTERED'::text
aiworker	president_model_catalog	14	runtime_status_code	text	text	NO	'DISABLED'::text
aiworker	president_model_catalog	15	external_execution_allowed_flag	boolean	bool	NO	false
aiworker	president_model_catalog	16	auto_manager_distribution_allowed_flag	boolean	bool	NO	false
aiworker	president_model_catalog	17	note	text	text	YES	
aiworker	president_model_catalog	18	created_at	timestamp with time zone	timestamptz	NO	now()
aiworker	president_model_catalog	19	updated_at	timestamp with time zone	timestamptz	NO	now()
aiworker	president_model_catalog	20	model_no	text	text	YES	
aiworker	president_model_catalog	21	model_code	text	text	YES	
aiworker	president_model_catalog	22	role_class_code	text	text	YES	
aiworker	president_model_catalog	23	machine_name	text	text	YES	
aiworker	president_model_catalog	24	machine_name_ja	text	text	YES	
aiworker	president_model_catalog	25	product_name	text	text	YES	
aiworker	president_model_catalog	26	product_name_ja	text	text	YES	
aiworker	president_model_catalog	27	model_generation_code	text	text	YES	
aiworker	president_operation_mode_catalog	1	operation_mode_code	text	text	NO	
aiworker	president_operation_mode_catalog	2	operation_mode_label	text	text	NO	
aiworker	president_operation_mode_catalog	3	operation_mode_label_ja	text	text	NO	
aiworker	president_operation_mode_catalog	4	human_policy_required_flag	boolean	bool	NO	false
aiworker	president_operation_mode_catalog	5	president_auto_decision_flag	boolean	bool	NO	false
aiworker	president_operation_mode_catalog	6	auto_distribution_allowed_flag	boolean	bool	NO	false
aiworker	president_operation_mode_catalog	7	external_execution_allowed_flag	boolean	bool	NO	false
aiworker	president_operation_mode_catalog	8	note	text	text	YES	
aiworker	president_operation_mode_catalog	9	status_code	text	text	NO	'active'::text
aiworker	president_operation_mode_catalog	10	created_at	timestamp with time zone	timestamptz	NO	now()
aiworker	president_operation_mode_catalog	11	updated_at	timestamp with time zone	timestamptz	NO	now()
aiworker	president_product_plan	1	product_plan_id	uuid	uuid	NO	
aiworker	president_product_plan	2	strategy_cycle_code	text	text	NO	
aiworker	president_product_plan	3	product_plan_code	text	text	NO	
aiworker	president_product_plan	4	focus_area_code	text	text	NO	
aiworker	president_product_plan	5	product_or_service_name	text	text	NO	
aiworker	president_product_plan	6	target_customer_summary	text	text	NO	
aiworker	president_product_plan	7	feature_scope_summary	text	text	NO	
aiworker	president_product_plan	8	pricing_policy_summary	text	text	NO	
aiworker	president_product_plan	9	release_stage_summary	text	text	NO	
aiworker	president_product_plan	10	plan_status_code	text	text	NO	'DRAFT'::text
aiworker	president_product_plan	11	created_at	timestamp with time zone	timestamptz	NO	now()
aiworker	president_product_plan	12	updated_at	timestamp with time zone	timestamptz	NO	now()
aiworker	president_runtime_activation_gate_log	1	gate_log_id	uuid	uuid	NO	
aiworker	president_runtime_activation_gate_log	2	gate_code	text	text	NO	
aiworker	president_runtime_activation_gate_log	3	president_model_code	text	text	NO	
aiworker	president_runtime_activation_gate_log	4	activation_scope_code	text	text	NO	
aiworker	president_runtime_activation_gate_log	5	human_go_confirmed_flag	boolean	bool	NO	false
aiworker	president_runtime_activation_gate_log	6	internal_manager_distribution_allowed_flag	boolean	bool	NO	false
aiworker	president_runtime_activation_gate_log	7	external_execution_allowed_flag	boolean	bool	NO	false
aiworker	president_runtime_activation_gate_log	8	pg_apply_allowed_flag	boolean	bool	NO	false
aiworker	president_runtime_activation_gate_log	9	destructive_action_allowed_flag	boolean	bool	NO	false
aiworker	president_runtime_activation_gate_log	10	gate_status_code	text	text	NO	'PENDING'::text
aiworker	president_runtime_activation_gate_log	11	gate_summary	text	text	NO	
aiworker	president_runtime_activation_gate_log	12	created_at	timestamp with time zone	timestamptz	NO	now()
aiworker	president_runtime_activation_gate_log	13	updated_at	timestamp with time zone	timestamptz	NO	now()
aiworker	president_runtime_control	1	runtime_control_id	uuid	uuid	NO	
aiworker	president_runtime_control	2	president_model_code	text	text	NO	
aiworker	president_runtime_control	3	runtime_enabled_flag	boolean	bool	NO	false
aiworker	president_runtime_control	4	authority_activation_status_code	text	text	NO	'PLANNED'::text
aiworker	president_runtime_control	5	operation_mode_code	text	text	NO	'HUMAN_POLICY'::text
aiworker	president_runtime_control	6	human_go_required_flag	boolean	bool	NO	true
aiworker	president_runtime_control	7	human_go_confirmed_flag	boolean	bool	NO	false
aiworker	president_runtime_control	8	auto_strategy_cycle_allowed_flag	boolean	bool	NO	false
aiworker	president_runtime_control	9	auto_manager_distribution_allowed_flag	boolean	bool	NO	false
aiworker	president_runtime_control	10	external_execution_allowed_flag	boolean	bool	NO	false
aiworker	president_runtime_control	11	pg_apply_allowed_flag	boolean	bool	NO	false
aiworker	president_runtime_control	12	destructive_action_allowed_flag	boolean	bool	NO	false
aiworker	president_runtime_control	13	current_runtime_state_code	text	text	NO	'DISABLED'::text
aiworker	president_runtime_control	14	last_enabled_at	timestamp with time zone	timestamptz	YES	
aiworker	president_runtime_control	15	last_disabled_at	timestamp with time zone	timestamptz	YES	
aiworker	president_runtime_control	16	updated_at	timestamp with time zone	timestamptz	NO	now()
aiworker	president_staffing_plan	1	staffing_plan_id	uuid	uuid	NO	
aiworker	president_staffing_plan	2	strategy_cycle_code	text	text	NO	
aiworker	president_staffing_plan	3	staffing_plan_code	text	text	NO	
aiworker	president_staffing_plan	4	focus_area_code	text	text	NO	
aiworker	president_staffing_plan	5	plan_title	text	text	NO	
aiworker	president_staffing_plan	6	manager_need_summary	text	text	NO	
aiworker	president_staffing_plan	7	leader_need_summary	text	text	NO	
aiworker	president_staffing_plan	8	worker_need_summary	text	text	NO	
aiworker	president_staffing_plan	9	capacity_risk_summary	text	text	NO	
aiworker	president_staffing_plan	10	plan_status_code	text	text	NO	'DRAFT'::text
aiworker	president_staffing_plan	11	created_at	timestamp with time zone	timestamptz	NO	now()
aiworker	president_staffing_plan	12	updated_at	timestamp with time zone	timestamptz	NO	now()
aiworker	president_strategy_cycle	1	strategy_cycle_id	uuid	uuid	NO	
aiworker	president_strategy_cycle	2	strategy_cycle_code	text	text	NO	
aiworker	president_strategy_cycle	3	governance_policy_code	text	text	NO	
aiworker	president_strategy_cycle	4	cycle_title	text	text	NO	
aiworker	president_strategy_cycle	5	cycle_status_code	text	text	NO	'DRAFT'::text
aiworker	president_strategy_cycle	6	cycle_objective	text	text	NO	
aiworker	president_strategy_cycle	7	decision_basis_summary	text	text	NO	
aiworker	president_strategy_cycle	8	created_by_authority_role_code	text	text	NO	'PRESIDENT'::text
aiworker	president_strategy_cycle	9	created_at	timestamp with time zone	timestamptz	NO	now()
aiworker	president_strategy_cycle	10	updated_at	timestamp with time zone	timestamptz	NO	now()
aiworker	public_activity_profile	1	model_code	text	text	NO	
aiworker	public_activity_profile	2	public_series_name	text	text	YES	
aiworker	public_activity_profile	3	public_stage_name	text	text	YES	
aiworker	public_activity_profile	4	live_activity_enabled	boolean	bool	NO	false
aiworker	public_activity_profile	5	public_profile_summary	text	text	YES	
aiworker	public_activity_profile	6	public_disclosure_note	text	text	YES	
aiworker	public_activity_profile	7	enabled	boolean	bool	NO	true
aiworker	public_activity_profile	8	created_at	timestamp with time zone	timestamptz	NO	now()
aiworker	public_activity_profile	9	updated_at	timestamp with time zone	timestamptz	NO	now()
aiworker	public_metric	1	metric_id	bigint	int8	NO	
aiworker	public_metric	2	model_code	text	text	NO	
aiworker	public_metric	3	metric_code	text	text	NO	
aiworker	public_metric	4	metric_name	text	text	NO	
aiworker	public_metric	5	metric_value_numeric	numeric	numeric	YES	
aiworker	public_metric	6	metric_value_text	text	text	YES	
aiworker	public_metric	7	unit_code	text	text	NO	'cm'::text
aiworker	public_metric	8	display_visibility_code	text	text	NO	'public'::text
aiworker	public_metric	9	enabled	boolean	bool	NO	true
aiworker	public_metric	10	sort_order	integer	int4	NO	100
aiworker	public_metric	11	created_at	timestamp with time zone	timestamptz	NO	now()
aiworker	public_metric	12	updated_at	timestamp with time zone	timestamptz	NO	now()
aiworker	recovery_execution_log	1	recovery_execution_log_id	bigint	int8	NO	
aiworker	recovery_execution_log	2	recovery_incident_id	uuid	uuid	NO	
aiworker	recovery_execution_log	3	execution_phase_code	text	text	NO	
aiworker	recovery_execution_log	4	dry_run_flag	boolean	bool	NO	true
aiworker	recovery_execution_log	5	result_code	text	text	NO	
aiworker	recovery_execution_log	6	affected_row_count	integer	int4	YES	
aiworker	recovery_execution_log	7	note_text	text	text	YES	
aiworker	recovery_execution_log	8	executed_at	timestamp with time zone	timestamptz	NO	now()
aiworker	recovery_execution_log	9	executed_by	text	text	NO	
aiworker	recovery_incident	1	recovery_incident_id	uuid	uuid	NO	
aiworker	recovery_incident	2	incident_code	text	text	NO	
aiworker	recovery_incident	3	recovery_family_code	text	text	NO	
aiworker	recovery_incident	4	incident_status_code	text	text	NO	
aiworker	recovery_incident	5	note_text	text	text	YES	
aiworker	recovery_incident	6	opened_at	timestamp with time zone	timestamptz	NO	now()
aiworker	recovery_incident	7	closed_at	timestamp with time zone	timestamptz	YES	
aiworker	recovery_incident	8	opened_by	text	text	NO	
aiworker	recovery_incident	9	approved_by	text	text	YES	
aiworker	redirect_template	1	template_code	text	text	NO	
aiworker	redirect_template	2	package_code	text	text	NO	
aiworker	redirect_template	3	trigger_type_code	text	text	NO	
aiworker	redirect_template	4	locale_code	text	text	NO	'ja-JP'::text
aiworker	redirect_template	5	tone_code	text	text	NO	'friendly_calm'::text
aiworker	redirect_template	6	template_text	text	text	NO	
aiworker	redirect_template	7	sort_order	integer	int4	NO	100
aiworker	redirect_template	8	enabled	boolean	bool	NO	true
aiworker	redirect_template	9	created_at	timestamp with time zone	timestamptz	NO	now()
aiworker	redirect_template	10	updated_at	timestamp with time zone	timestamptz	NO	now()
aiworker	replay_decision_log	1	replay_decision_log_id	bigint	int8	NO	
aiworker	replay_decision_log	2	request_hash	text	text	NO	
aiworker	replay_decision_log	3	business_request_id	uuid	uuid	YES	
aiworker	replay_decision_log	4	worker_id	uuid	uuid	YES	
aiworker	replay_decision_log	5	target_truth_surface	text	text	NO	
aiworker	replay_decision_log	6	controlled_function_code	text	text	NO	
aiworker	replay_decision_log	7	replay_decision_code	text	text	NO	
aiworker	replay_decision_log	8	prior_intake_id	uuid	uuid	YES	
aiworker	replay_decision_log	9	prior_event_id	uuid	uuid	YES	
aiworker	replay_decision_log	10	decision_reason_code	text	text	YES	
aiworker	replay_decision_log	11	decided_at	timestamp with time zone	timestamptz	NO	now()
aiworker	replay_decision_log	12	decided_by	text	text	NO	
aiworker	request_lineage_registry	1	lineage_key	text	text	NO	
aiworker	request_lineage_registry	2	request_hash	text	text	NO	
aiworker	request_lineage_registry	3	business_request_id	uuid	uuid	YES	
aiworker	request_lineage_registry	4	worker_id	uuid	uuid	YES	
aiworker	request_lineage_registry	5	target_truth_surface	text	text	NO	
aiworker	request_lineage_registry	6	controlled_function_code	text	text	NO	
aiworker	request_lineage_registry	7	requested_transition_code	text	text	YES	
aiworker	request_lineage_registry	8	payload_version	text	text	YES	
aiworker	request_lineage_registry	9	payload_ref	text	text	YES	
aiworker	request_lineage_registry	10	payload_hash	text	text	YES	
aiworker	request_lineage_registry	11	intake_id	uuid	uuid	YES	
aiworker	request_lineage_registry	12	replay_outcome_code	text	text	NO	'APPLY_NEW'::text
aiworker	request_lineage_registry	13	canonical_applied_flag	boolean	bool	NO	false
aiworker	request_lineage_registry	14	last_event_id	uuid	uuid	YES	
aiworker	request_lineage_registry	15	created_at	timestamp with time zone	timestamptz	NO	now()
aiworker	request_lineage_registry	16	updated_at	timestamp with time zone	timestamptz	NO	now()
aiworker	restricted_privileged_smoke_log	1	restricted_privileged_smoke_log_id	bigint	int8	NO	
aiworker	restricted_privileged_smoke_log	2	flow_code	text	text	NO	
aiworker	restricted_privileged_smoke_log	3	result_code	text	text	NO	
aiworker	restricted_privileged_smoke_log	4	note_text	text	text	YES	
aiworker	restricted_privileged_smoke_log	5	executed_at	timestamp with time zone	timestamptz	NO	now()
aiworker	restricted_privileged_smoke_log	6	executed_by	text	text	NO	
aiworker	restricted_privileged_smoke_registry	1	smoke_code	text	text	NO	
aiworker	restricted_privileged_smoke_registry	2	smoke_status_code	text	text	NO	
aiworker	restricted_privileged_smoke_registry	3	note_text	text	text	YES	
aiworker	restricted_privileged_smoke_registry	4	applied_at	timestamp with time zone	timestamptz	NO	now()
aiworker	restricted_privileged_smoke_registry	5	updated_at	timestamp with time zone	timestamptz	NO	now()
aiworker	result_correlation	1	result_correlation_id	bigint	int8	NO	
aiworker	result_correlation	2	intake_id	uuid	uuid	NO	
aiworker	result_correlation	3	business_request_id	uuid	uuid	YES	
aiworker	result_correlation	4	worker_id	uuid	uuid	YES	
aiworker	result_correlation	5	related_entity_id	uuid	uuid	YES	
aiworker	result_correlation	6	event_id	uuid	uuid	YES	
aiworker	result_correlation	7	controlled_function_code	text	text	NO	
aiworker	result_correlation	8	result_code	text	text	NO	
aiworker	result_correlation	9	summary_code	text	text	NO	
aiworker	result_correlation	10	created_at	timestamp with time zone	timestamptz	NO	now()
aiworker	robot_brain_access_tier_catalog	1	access_tier_code	text	text	NO	
aiworker	robot_brain_access_tier_catalog	2	access_tier_label_ja	text	text	NO	
aiworker	robot_brain_access_tier_catalog	3	max_depth_code	text	text	NO	
aiworker	robot_brain_access_tier_catalog	4	description_ja	text	text	NO	
aiworker	robot_brain_access_tier_catalog	5	active_flag	boolean	bool	NO	true
aiworker	robot_brain_access_tier_catalog	6	created_at	timestamp with time zone	timestamptz	NO	now()
aiworker	robot_brain_access_tier_catalog	7	updated_at	timestamp with time zone	timestamptz	NO	now()
aiworker	robot_brain_model_domain_policy	1	model_code	text	text	NO	
aiworker	robot_brain_model_domain_policy	2	brain_domain_code	text	text	NO	
aiworker	robot_brain_model_domain_policy	3	policy_code	text	text	NO	
aiworker	robot_brain_model_domain_policy	4	allowed_use_purpose_codes	ARRAY	_text	NO	ARRAY['reference'::text]
aiworker	robot_brain_model_domain_policy	5	safety_note_ja	text	text	NO	''::text
aiworker	robot_brain_model_domain_policy	6	active_flag	boolean	bool	NO	true
aiworker	robot_brain_model_domain_policy	7	created_at	timestamp with time zone	timestamptz	NO	now()
aiworker	robot_brain_model_domain_policy	8	updated_at	timestamp with time zone	timestamptz	NO	now()
aiworker	robot_brain_model_profile	1	model_code	text	text	NO	
aiworker	robot_brain_model_profile	2	series_code	text	text	NO	
aiworker	robot_brain_model_profile	3	role_code	text	text	NO	
aiworker	robot_brain_model_profile	4	access_tier_code	text	text	NO	
aiworker	robot_brain_model_profile	5	max_depth_code	text	text	NO	
aiworker	robot_brain_model_profile	6	focus_domain_codes	ARRAY	_text	NO	ARRAY[]::text[]
aiworker	robot_brain_model_profile	7	default_use_purpose_codes	ARRAY	_text	NO	ARRAY['reference'::text]
aiworker	robot_brain_model_profile	8	safety_note_ja	text	text	NO	''::text
aiworker	robot_brain_model_profile	9	active_flag	boolean	bool	NO	true
aiworker	robot_brain_model_profile	10	created_at	timestamp with time zone	timestamptz	NO	now()
aiworker	robot_brain_model_profile	11	updated_at	timestamp with time zone	timestamptz	NO	now()
aiworker	robot_brain_personality_exception_policy	1	exception_code	text	text	NO	
aiworker	robot_brain_personality_exception_policy	2	model_code	text	text	YES	
aiworker	robot_brain_personality_exception_policy	3	series_code	text	text	YES	
aiworker	robot_brain_personality_exception_policy	4	role_code	text	text	YES	
aiworker	robot_brain_personality_exception_policy	5	exception_type_code	text	text	NO	
aiworker	robot_brain_personality_exception_policy	6	allowed_domain_code	text	text	YES	
aiworker	robot_brain_personality_exception_policy	7	allowed_topic_code	text	text	YES	
aiworker	robot_brain_personality_exception_policy	8	max_reference_tier	text	text	NO	'standard'::text
aiworker	robot_brain_personality_exception_policy	9	max_depth_code	text	text	NO	'standard'::text
aiworker	robot_brain_personality_exception_policy	10	use_limit_code	text	text	NO	'smalltalk_only'::text
aiworker	robot_brain_personality_exception_policy	11	priority_code	text	text	NO	'normal'::text
aiworker	robot_brain_personality_exception_policy	12	personality_reason_ja	text	text	NO	''::text
aiworker	robot_brain_personality_exception_policy	13	safety_boundary_ja	text	text	NO	'知識参照の例外であり、実行権限・安全境界・外部操作権限は広げない。'::text
aiworker	robot_brain_personality_exception_policy	14	active_flag	boolean	bool	NO	true
aiworker	robot_brain_personality_exception_policy	15	created_at	timestamp with time zone	timestamptz	NO	now()
aiworker	robot_brain_personality_exception_policy	16	updated_at	timestamp with time zone	timestamptz	NO	now()
aiworker	robot_brain_reference_tier_policy	1	policy_code	text	text	NO	
aiworker	robot_brain_reference_tier_policy	2	model_code	text	text	YES	
aiworker	robot_brain_reference_tier_policy	3	series_code	text	text	YES	
aiworker	robot_brain_reference_tier_policy	4	role_code	text	text	YES	
aiworker	robot_brain_reference_tier_policy	5	use_purpose_code	text	text	NO	'smalltalk'::text
aiworker	robot_brain_reference_tier_policy	6	preferred_reference_tiers	ARRAY	_text	NO	
aiworker	robot_brain_reference_tier_policy	7	allowed_canon_statuses	ARRAY	_text	NO	
aiworker	robot_brain_reference_tier_policy	8	max_risk_class_code	text	text	NO	'medium'::text
aiworker	robot_brain_reference_tier_policy	9	policy_reason_ja	text	text	NO	''::text
aiworker	robot_brain_reference_tier_policy	10	active_flag	boolean	bool	NO	true
aiworker	robot_brain_reference_tier_policy	11	created_at	timestamp with time zone	timestamptz	NO	now()
aiworker	robot_brain_reference_tier_policy	12	updated_at	timestamp with time zone	timestamptz	NO	now()
aiworker	robot_brain_role_policy	1	role_code	text	text	NO	
aiworker	robot_brain_role_policy	2	brain_domain_code	text	text	NO	
aiworker	robot_brain_role_policy	3	policy_code	text	text	NO	
aiworker	robot_brain_role_policy	4	allowed_use_purpose_codes	ARRAY	_text	NO	ARRAY['reference'::text]
aiworker	robot_brain_role_policy	5	safety_note_ja	text	text	NO	''::text
aiworker	robot_brain_role_policy	6	active_flag	boolean	bool	NO	true
aiworker	robot_brain_role_policy	7	created_at	timestamp with time zone	timestamptz	NO	now()
aiworker	robot_brain_role_policy	8	updated_at	timestamp with time zone	timestamptz	NO	now()
aiworker	robot_brain_series_profile	1	series_code	text	text	NO	
aiworker	robot_brain_series_profile	2	role_code	text	text	NO	
aiworker	robot_brain_series_profile	3	access_tier_code	text	text	NO	
aiworker	robot_brain_series_profile	4	max_depth_code	text	text	NO	
aiworker	robot_brain_series_profile	5	focus_domain_codes	ARRAY	_text	NO	ARRAY[]::text[]
aiworker	robot_brain_series_profile	6	default_use_purpose_codes	ARRAY	_text	NO	ARRAY['reference'::text]
aiworker	robot_brain_series_profile	7	safety_note_ja	text	text	NO	''::text
aiworker	robot_brain_series_profile	8	active_flag	boolean	bool	NO	true
aiworker	robot_brain_series_profile	9	created_at	timestamp with time zone	timestamptz	NO	now()
aiworker	robot_brain_series_profile	10	updated_at	timestamp with time zone	timestamptz	NO	now()
aiworker	robot_breadth_domain_runtime_policy	1	policy_code	text	text	NO	
aiworker	robot_breadth_domain_runtime_policy	2	model_code	text	text	NO	
aiworker	robot_breadth_domain_runtime_policy	3	role_code	text	text	NO	
aiworker	robot_breadth_domain_runtime_policy	4	brain_domain_code	text	text	NO	
aiworker	robot_breadth_domain_runtime_policy	5	allowed_use_purpose_codes	ARRAY	_text	NO	
aiworker	robot_breadth_domain_runtime_policy	6	max_depth_code	text	text	NO	'standard'::text
aiworker	robot_breadth_domain_runtime_policy	7	risk_limit_code	text	text	NO	'medium'::text
aiworker	robot_breadth_domain_runtime_policy	8	policy_reason_ja	text	text	NO	
aiworker	robot_breadth_domain_runtime_policy	9	active_flag	boolean	bool	NO	true
aiworker	robot_breadth_domain_runtime_policy	10	created_at	timestamp with time zone	timestamptz	NO	now()
aiworker	robot_breadth_domain_runtime_policy	11	updated_at	timestamp with time zone	timestamptz	NO	now()
aiworker	robot_capability_axis_catalog	1	axis_code	text	text	NO	
aiworker	robot_capability_axis_catalog	2	axis_name	text	text	NO	
aiworker	robot_capability_axis_catalog	3	axis_name_ja	text	text	NO	
aiworker	robot_capability_axis_catalog	4	axis_description_ja	text	text	NO	
aiworker	robot_capability_axis_catalog	5	axis_kind_code	text	text	NO	'performance'::text
aiworker	robot_capability_axis_catalog	6	public_display_allowed_flag	boolean	bool	NO	true
aiworker	robot_capability_axis_catalog	7	status_code	text	text	NO	'active'::text
aiworker	robot_capability_axis_catalog	8	sort_order	integer	int4	NO	1000
aiworker	robot_capability_axis_catalog	9	created_at	timestamp with time zone	timestamptz	NO	now()
aiworker	robot_capability_axis_catalog	10	updated_at	timestamp with time zone	timestamptz	NO	now()
aiworker	robot_capability_sharing_policy	1	sharing_policy_code	text	text	NO	
aiworker	robot_capability_sharing_policy	2	manufacturer_code	text	text	NO	
aiworker	robot_capability_sharing_policy	3	series_code	text	text	NO	
aiworker	robot_capability_sharing_policy	4	sharing_scope_code	text	text	NO	
aiworker	robot_capability_sharing_policy	5	sharing_scope_label_ja	text	text	NO	
aiworker	robot_capability_sharing_policy	6	allowed_context_jsonb	jsonb	jsonb	NO	'[]'::jsonb
aiworker	robot_capability_sharing_policy	7	forbidden_context_jsonb	jsonb	jsonb	NO	'[]'::jsonb
aiworker	robot_capability_sharing_policy	8	policy_summary_ja	text	text	NO	
aiworker	robot_capability_sharing_policy	9	status_code	text	text	NO	'active'::text
aiworker	robot_capability_sharing_policy	10	sort_order	integer	int4	NO	1000
aiworker	robot_capability_sharing_policy	11	created_at	timestamp with time zone	timestamptz	NO	now()
aiworker	robot_capability_sharing_policy	12	updated_at	timestamp with time zone	timestamptz	NO	now()
aiworker	robot_capability_value_catalog	1	value_code	text	text	NO	
aiworker	robot_capability_value_catalog	2	value_name	text	text	NO	
aiworker	robot_capability_value_catalog	3	value_name_ja	text	text	NO	
aiworker	robot_capability_value_catalog	4	value_rank	numeric	numeric	NO	
aiworker	robot_capability_value_catalog	5	value_description_ja	text	text	NO	
aiworker	robot_capability_value_catalog	6	public_display_allowed_flag	boolean	bool	NO	true
aiworker	robot_capability_value_catalog	7	status_code	text	text	NO	'active'::text
aiworker	robot_capability_value_catalog	8	sort_order	integer	int4	NO	1000
aiworker	robot_capability_value_catalog	9	created_at	timestamp with time zone	timestamptz	NO	now()
aiworker	robot_capability_value_catalog	10	updated_at	timestamp with time zone	timestamptz	NO	now()
aiworker	robot_catalog_cleanup_audit_log	1	audit_id	uuid	uuid	NO	gen_random_uuid()
aiworker	robot_catalog_cleanup_audit_log	2	run_code	text	text	NO	
aiworker	robot_catalog_cleanup_audit_log	3	phase_code	text	text	NO	
aiworker	robot_catalog_cleanup_audit_log	4	table_schema	text	text	NO	
aiworker	robot_catalog_cleanup_audit_log	5	table_name	text	text	NO	
aiworker	robot_catalog_cleanup_audit_log	6	old_ref_count	bigint	int8	NO	0
aiworker	robot_catalog_cleanup_audit_log	7	note	text	text	NO	''::text
aiworker	robot_catalog_cleanup_audit_log	8	created_at	timestamp with time zone	timestamptz	NO	now()
aiworker	robot_chatstyle_profile_policy	1	chatstyle_code	text	text	NO	
aiworker	robot_chatstyle_profile_policy	2	model_code	text	text	YES	
aiworker	robot_chatstyle_profile_policy	3	series_code	text	text	YES	
aiworker	robot_chatstyle_profile_policy	4	role_code	text	text	YES	
aiworker	robot_chatstyle_profile_policy	5	reaction_first_flag	boolean	bool	NO	true
aiworker	robot_chatstyle_profile_policy	6	prefer_short_response_flag	boolean	bool	NO	true
aiworker	robot_chatstyle_profile_policy	7	prefer_lightweight_reference_flag	boolean	bool	NO	true
aiworker	robot_chatstyle_profile_policy	8	deep_explanation_trigger_code	text	text	NO	'user_asks_detail'::text
aiworker	robot_chatstyle_profile_policy	9	allowed_reaction_family_codes	ARRAY	_text	NO	ARRAY['sashisuseso'::text, 'warm_listener'::text]
aiworker	robot_chatstyle_profile_policy	10	safety_boundary_code	text	text	NO	'strict_policy'::text
aiworker	robot_chatstyle_profile_policy	11	chatstyle_note_ja	text	text	NO	''::text
aiworker	robot_chatstyle_profile_policy	12	active_flag	boolean	bool	NO	true
aiworker	robot_chatstyle_profile_policy	13	created_at	timestamp with time zone	timestamptz	NO	now()
aiworker	robot_chatstyle_profile_policy	14	updated_at	timestamp with time zone	timestamptz	NO	now()
aiworker	robot_material_model_identifier_canon	1	legacy_material_model_code	text	text	NO	
aiworker	robot_material_model_identifier_canon	2	identifier_scope_code	text	text	NO	
aiworker	robot_material_model_identifier_canon	3	registry_code	text	text	YES	
aiworker	robot_material_model_identifier_canon	4	public_model_no	text	text	YES	
aiworker	robot_material_model_identifier_canon	5	runtime_model_code	text	text	YES	
aiworker	robot_material_model_identifier_canon	6	series_code	text	text	YES	
aiworker	robot_material_model_identifier_canon	7	active_flag	boolean	bool	NO	true
aiworker	robot_material_model_identifier_canon	8	source_note_ja	text	text	NO	''::text
aiworker	robot_material_model_identifier_canon	9	created_at	timestamp with time zone	timestamptz	NO	now()
aiworker	robot_material_model_identifier_canon	10	updated_at	timestamp with time zone	timestamptz	NO	now()
aiworker	robot_model_capability_profile	1	model_capability_id	uuid	uuid	NO	
aiworker	robot_model_capability_profile	2	manufacturer_code	text	text	NO	
aiworker	robot_model_capability_profile	3	series_code	text	text	NO	
aiworker	robot_model_capability_profile	4	model_code	text	text	NO	
aiworker	robot_model_capability_profile	5	model_no	text	text	NO	
aiworker	robot_model_capability_profile	6	axis_code	text	text	NO	
aiworker	robot_model_capability_profile	7	value_code	text	text	NO	
aiworker	robot_model_capability_profile	8	public_label_ja	text	text	NO	
aiworker	robot_model_capability_profile	9	public_summary_ja	text	text	NO	
aiworker	robot_model_capability_profile	10	internal_note_ja	text	text	NO	
aiworker	robot_model_capability_profile	11	public_display_allowed_flag	boolean	bool	NO	true
aiworker	robot_model_capability_profile	12	status_code	text	text	NO	'active'::text
aiworker	robot_model_capability_profile	13	sort_order	integer	int4	NO	1000
aiworker	robot_model_capability_profile	14	created_at	timestamp with time zone	timestamptz	NO	now()
aiworker	robot_model_capability_profile	15	updated_at	timestamp with time zone	timestamptz	NO	now()
aiworker	robot_model_code_deprecation_map	1	old_model_code	text	text	NO	
aiworker	robot_model_code_deprecation_map	2	new_model_code	text	text	NO	
aiworker	robot_model_code_deprecation_map	3	model_no	text	text	NO	
aiworker	robot_model_code_deprecation_map	4	reason_ja	text	text	NO	
aiworker	robot_model_code_deprecation_map	5	deprecation_status_code	text	text	NO	'active'::text
aiworker	robot_model_code_deprecation_map	6	physical_delete_allowed_flag	boolean	bool	NO	false
aiworker	robot_model_code_deprecation_map	7	public_hide_old_flag	boolean	bool	NO	true
aiworker	robot_model_code_deprecation_map	8	created_at	timestamp with time zone	timestamptz	NO	now()
aiworker	robot_model_code_deprecation_map	9	updated_at	timestamp with time zone	timestamptz	NO	now()
aiworker	robot_model_personality_profile	1	aiworker_model_code	text	text	NO	
aiworker	robot_model_personality_profile	2	aiworker_series_code	text	text	NO	
aiworker	robot_model_personality_profile	3	manufacturer_code	text	text	NO	
aiworker	robot_model_personality_profile	4	model_name_ja	text	text	NO	
aiworker	robot_model_personality_profile	5	personality_label_ja	text	text	YES	
aiworker	robot_model_personality_profile	6	worker_behavior_ja	text	text	YES	
aiworker	robot_model_personality_profile	7	friend_lover_behavior_ja	text	text	YES	
aiworker	robot_model_personality_profile	8	safety_note_ja	text	text	NO	
aiworker	robot_model_personality_profile	9	status_code	text	text	NO	'active'::text
aiworker	robot_model_personality_profile	10	metadata_jsonb	jsonb	jsonb	NO	'{}'::jsonb
aiworker	robot_model_personality_profile	11	created_at	timestamp with time zone	timestamptz	NO	now()
aiworker	robot_model_personality_profile	12	updated_at	timestamp with time zone	timestamptz	NO	now()
aiworker	robot_model_public_profile	1	aiworker_model_code	text	text	NO	
aiworker	robot_model_public_profile	2	aiworker_series_code	text	text	NO	
aiworker	robot_model_public_profile	3	manufacturer_code	text	text	NO	
aiworker	robot_model_public_profile	4	model_name_ja	text	text	YES	
aiworker	robot_model_public_profile	5	public_profile_status_code	text	text	NO	'pending_value'::text
aiworker	robot_model_public_profile	6	profile_scope_code	text	text	NO	'public_display'::text
aiworker	robot_model_public_profile	7	form_code	text	text	YES	
aiworker	robot_model_public_profile	8	personality_no	text	text	YES	
aiworker	robot_model_public_profile	9	height_cm	integer	int4	YES	
aiworker	robot_model_public_profile	10	bust_cm	integer	int4	YES	
aiworker	robot_model_public_profile	11	waist_cm	integer	int4	YES	
aiworker	robot_model_public_profile	12	hip_cm	integer	int4	YES	
aiworker	robot_model_public_profile	13	body_profile_note_ja	text	text	YES	
aiworker	robot_model_public_profile	14	safety_note_ja	text	text	NO	
aiworker	robot_model_public_profile	15	source_code	text	text	NO	'manual_or_metadata_sync'::text
aiworker	robot_model_public_profile	16	status_code	text	text	NO	'active'::text
aiworker	robot_model_public_profile	17	metadata_jsonb	jsonb	jsonb	NO	'{}'::jsonb
aiworker	robot_model_public_profile	18	created_at	timestamp with time zone	timestamptz	NO	now()
aiworker	robot_model_public_profile	19	updated_at	timestamp with time zone	timestamptz	NO	now()
aiworker	robot_series_behavior_profile	1	aiworker_series_code	text	text	NO	
aiworker	robot_series_behavior_profile	2	manufacturer_code	text	text	NO	
aiworker	robot_series_behavior_profile	3	series_name_ja	text	text	NO	
aiworker	robot_series_behavior_profile	4	initiative_axis_code	text	text	NO	
aiworker	robot_series_behavior_profile	5	user_influence_axis_code	text	text	NO	
aiworker	robot_series_behavior_profile	6	action_restriction_axis_code	text	text	NO	
aiworker	robot_series_behavior_profile	7	behavior_summary_ja	text	text	NO	
aiworker	robot_series_behavior_profile	8	safety_boundary_summary_ja	text	text	NO	
aiworker	robot_series_behavior_profile	9	status_code	text	text	NO	'active'::text
aiworker	robot_series_behavior_profile	10	metadata_jsonb	jsonb	jsonb	NO	'{}'::jsonb
aiworker	robot_series_behavior_profile	11	created_at	timestamp with time zone	timestamptz	NO	now()
aiworker	robot_series_behavior_profile	12	updated_at	timestamp with time zone	timestamptz	NO	now()
aiworker	robot_series_capability_default	1	series_capability_id	uuid	uuid	NO	
aiworker	robot_series_capability_default	2	manufacturer_code	text	text	NO	
aiworker	robot_series_capability_default	3	series_code	text	text	NO	
aiworker	robot_series_capability_default	4	axis_code	text	text	NO	
aiworker	robot_series_capability_default	5	value_code	text	text	NO	
aiworker	robot_series_capability_default	6	public_label_ja	text	text	NO	
aiworker	robot_series_capability_default	7	public_summary_ja	text	text	NO	
aiworker	robot_series_capability_default	8	internal_note_ja	text	text	NO	
aiworker	robot_series_capability_default	9	internal_higher_function_flag	boolean	bool	NO	false
aiworker	robot_series_capability_default	10	public_comparison_allowed_flag	boolean	bool	NO	false
aiworker	robot_series_capability_default	11	status_code	text	text	NO	'active'::text
aiworker	robot_series_capability_default	12	sort_order	integer	int4	NO	1000
aiworker	robot_series_capability_default	13	created_at	timestamp with time zone	timestamptz	NO	now()
aiworker	robot_series_capability_default	14	updated_at	timestamp with time zone	timestamptz	NO	now()
aiworker	robot_series_identifier_canon	1	series_code	text	text	NO	
aiworker	robot_series_identifier_canon	2	series_name	text	text	YES	
aiworker	robot_series_identifier_canon	3	series_name_ja	text	text	YES	
aiworker	robot_series_identifier_canon	4	active_flag	boolean	bool	NO	true
aiworker	robot_series_identifier_canon	5	source_table	text	text	NO	'aiworker.model_public_registry'::text
aiworker	robot_series_identifier_canon	6	created_at	timestamp with time zone	timestamptz	NO	now()
aiworker	robot_series_identifier_canon	7	updated_at	timestamp with time zone	timestamptz	NO	now()
aiworker	role_runtime_control_default	1	role_layer_code	text	text	NO	
aiworker	role_runtime_control_default	2	role_layer_name_ja	text	text	NO	
aiworker	role_runtime_control_default	3	operation_mode_code	text	text	NO	
aiworker	role_runtime_control_default	4	self_review_pass_count	integer	int4	NO	1
aiworker	role_runtime_control_default	5	proposal_count_min	integer	int4	NO	1
aiworker	role_runtime_control_default	6	proposal_count_max	integer	int4	NO	2
aiworker	role_runtime_control_default	7	response_style_code	text	text	NO	'standard'::text
aiworker	role_runtime_control_default	8	required_checklist_code	text	text	NO	'standard_check'::text
aiworker	role_runtime_control_default	9	handoff_required_flag	boolean	bool	NO	true
aiworker	role_runtime_control_default	10	review_required_flag	boolean	bool	NO	false
aiworker	role_runtime_control_default	11	human_go_required_flag	boolean	bool	NO	false
aiworker	role_runtime_control_default	12	external_execution_allowed_flag	boolean	bool	NO	false
aiworker	role_runtime_control_default	13	pg_apply_allowed_flag	boolean	bool	NO	false
aiworker	role_runtime_control_default	14	destructive_action_allowed_flag	boolean	bool	NO	false
aiworker	role_runtime_control_default	15	allowed_actions_jsonb	jsonb	jsonb	NO	'[]'::jsonb
aiworker	role_runtime_control_default	16	forbidden_actions_jsonb	jsonb	jsonb	NO	'[]'::jsonb
aiworker	role_runtime_control_default	17	prompt_fragment_codes_jsonb	jsonb	jsonb	NO	'[]'::jsonb
aiworker	role_runtime_control_default	18	control_note_ja	text	text	NO	''::text
aiworker	role_runtime_control_default	19	status_code	text	text	NO	'active'::text
aiworker	role_runtime_control_default	20	sort_order	integer	int4	NO	1000
aiworker	role_runtime_control_default	21	created_at	timestamp with time zone	timestamptz	NO	now()
aiworker	role_runtime_control_default	22	updated_at	timestamp with time zone	timestamptz	NO	now()
aiworker	runtime_control_axis_catalog	1	axis_code	text	text	NO	
aiworker	runtime_control_axis_catalog	2	axis_name_ja	text	text	NO	
aiworker	runtime_control_axis_catalog	3	axis_description_ja	text	text	NO	
aiworker	runtime_control_axis_catalog	4	status_code	text	text	NO	'active'::text
aiworker	runtime_control_axis_catalog	5	sort_order	integer	int4	NO	1000
aiworker	runtime_control_axis_catalog	6	created_at	timestamp with time zone	timestamptz	NO	now()
aiworker	runtime_control_axis_catalog	7	updated_at	timestamp with time zone	timestamptz	NO	now()
aiworker	runtime_control_value_catalog	1	value_code	text	text	NO	
aiworker	runtime_control_value_catalog	2	value_name_ja	text	text	NO	
aiworker	runtime_control_value_catalog	3	value_rank	numeric	numeric	NO	0
aiworker	runtime_control_value_catalog	4	value_description_ja	text	text	NO	
aiworker	runtime_control_value_catalog	5	status_code	text	text	NO	'active'::text
aiworker	runtime_control_value_catalog	6	sort_order	integer	int4	NO	1000
aiworker	runtime_control_value_catalog	7	created_at	timestamp with time zone	timestamptz	NO	now()
aiworker	runtime_control_value_catalog	8	updated_at	timestamp with time zone	timestamptz	NO	now()
aiworker	runtime_delivery_package	1	delivery_id	uuid	uuid	NO	gen_random_uuid()
aiworker	runtime_delivery_package	2	request_id	uuid	uuid	NO	
aiworker	runtime_delivery_package	3	delivery_code	text	text	NO	
aiworker	runtime_delivery_package	4	delivery_status_code	text	text	NO	'INTERNAL_DELIVERY_READY'::text
aiworker	runtime_delivery_package	5	delivery_result_code	text	text	NO	'READY_INTERNAL_ONLY'::text
aiworker	runtime_delivery_package	6	delivery_title_ja	text	text	NO	
aiworker	runtime_delivery_package	7	delivery_summary_ja	text	text	NO	
aiworker	runtime_delivery_package	8	delivery_payload_jsonb	jsonb	jsonb	NO	'{}'::jsonb
aiworker	runtime_delivery_package	9	human_go_confirmed_flag	boolean	bool	NO	false
aiworker	runtime_delivery_package	10	external_execution_performed_flag	boolean	bool	NO	false
aiworker	runtime_delivery_package	11	pg_apply_performed_flag	boolean	bool	NO	false
aiworker	runtime_delivery_package	12	destructive_action_performed_flag	boolean	bool	NO	false
aiworker	runtime_delivery_package	13	created_at	timestamp with time zone	timestamptz	NO	now()
aiworker	runtime_delivery_package	14	updated_at	timestamp with time zone	timestamptz	NO	now()
aiworker	runtime_execution_app_api_contract	1	contract_code	text	text	NO	
aiworker	runtime_execution_app_api_contract	2	api_surface_code	text	text	NO	
aiworker	runtime_execution_app_api_contract	3	endpoint_method	text	text	NO	
aiworker	runtime_execution_app_api_contract	4	endpoint_path	text	text	NO	
aiworker	runtime_execution_app_api_contract	5	backing_db_object	text	text	NO	
aiworker	runtime_execution_app_api_contract	6	app_facing_flag	boolean	bool	NO	true
aiworker	runtime_execution_app_api_contract	7	read_only_flag	boolean	bool	NO	true
aiworker	runtime_execution_app_api_contract	8	write_allowed_flag	boolean	bool	NO	false
aiworker	runtime_execution_app_api_contract	9	internal_write_allowed_flag	boolean	bool	NO	false
aiworker	runtime_execution_app_api_contract	10	external_execution_allowed_flag	boolean	bool	NO	false
aiworker	runtime_execution_app_api_contract	11	pg_apply_allowed_flag	boolean	bool	NO	false
aiworker	runtime_execution_app_api_contract	12	destructive_action_allowed_flag	boolean	bool	NO	false
aiworker	runtime_execution_app_api_contract	13	idempotency_required_flag	boolean	bool	NO	false
aiworker	runtime_execution_app_api_contract	14	auth_required_flag	boolean	bool	NO	true
aiworker	runtime_execution_app_api_contract	15	request_payload_example_jsonb	jsonb	jsonb	NO	'{}'::jsonb
aiworker	runtime_execution_app_api_contract	16	response_payload_example_jsonb	jsonb	jsonb	NO	'{}'::jsonb
aiworker	runtime_execution_app_api_contract	17	safety_jsonb	jsonb	jsonb	NO	'{}'::jsonb
aiworker	runtime_execution_app_api_contract	18	contract_note_ja	text	text	NO	''::text
aiworker	runtime_execution_app_api_contract	19	status_code	text	text	NO	'active'::text
aiworker	runtime_execution_app_api_contract	20	sort_order	integer	int4	NO	1000
aiworker	runtime_execution_app_api_contract	21	created_at	timestamp with time zone	timestamptz	NO	now()
aiworker	runtime_execution_app_api_contract	22	updated_at	timestamp with time zone	timestamptz	NO	now()
aiworker	runtime_execution_event_log	1	event_id	uuid	uuid	NO	gen_random_uuid()
aiworker	runtime_execution_event_log	2	request_id	uuid	uuid	NO	
aiworker	runtime_execution_event_log	3	event_type_code	text	text	NO	
aiworker	runtime_execution_event_log	4	event_status_code	text	text	NO	'RECORDED'::text
aiworker	runtime_execution_event_log	5	event_title_ja	text	text	NO	
aiworker	runtime_execution_event_log	6	event_detail_jsonb	jsonb	jsonb	NO	'{}'::jsonb
aiworker	runtime_execution_event_log	7	created_at	timestamp with time zone	timestamptz	NO	now()
aiworker	runtime_execution_request	1	request_id	uuid	uuid	NO	gen_random_uuid()
aiworker	runtime_execution_request	2	request_code	text	text	NO	
aiworker	runtime_execution_request	3	app_surface_code	text	text	NO	
aiworker	runtime_execution_request	4	app_surface_name_ja	text	text	NO	
aiworker	runtime_execution_request	5	source_app_ref	text	text	NO	''::text
aiworker	runtime_execution_request	6	source_request_ref	text	text	NO	''::text
aiworker	runtime_execution_request	7	model_code	text	text	NO	
aiworker	runtime_execution_request	8	model_no	text	text	NO	
aiworker	runtime_execution_request	9	model_name_ja	text	text	NO	
aiworker	runtime_execution_request	10	series_code	text	text	NO	
aiworker	runtime_execution_request	11	series_name_ja	text	text	NO	
aiworker	runtime_execution_request	12	role_layer_code	text	text	NO	
aiworker	runtime_execution_request	13	role_layer_name_ja	text	text	NO	
aiworker	runtime_execution_request	14	task_domain_code	text	text	NO	'general'::text
aiworker	runtime_execution_request	15	task_title	text	text	NO	
aiworker	runtime_execution_request	16	task_instruction_ja	text	text	NO	
aiworker	runtime_execution_request	17	requested_by_ref	text	text	NO	'human'::text
aiworker	runtime_execution_request	18	idempotency_key	text	text	YES	
aiworker	runtime_execution_request	19	request_status_code	text	text	NO	'REQUESTED_INTERNAL_ONLY'::text
aiworker	runtime_execution_request	20	operation_mode_code	text	text	NO	
aiworker	runtime_execution_request	21	self_review_pass_count	integer	int4	NO	1
aiworker	runtime_execution_request	22	proposal_count_min	integer	int4	NO	1
aiworker	runtime_execution_request	23	proposal_count_max	integer	int4	NO	2
aiworker	runtime_execution_request	24	response_style_code	text	text	NO	'standard'::text
aiworker	runtime_execution_request	25	required_checklist_code	text	text	NO	'standard_check'::text
aiworker	runtime_execution_request	26	context_scope_code	text	text	NO	'standard_scope'::text
aiworker	runtime_execution_request	27	cx_reference_depth_code	text	text	NO	'standard'::text
aiworker	runtime_execution_request	28	handoff_format_code	text	text	NO	'standard_handoff'::text
aiworker	runtime_execution_request	29	handoff_required_flag	boolean	bool	NO	false
aiworker	runtime_execution_request	30	review_required_flag	boolean	bool	NO	false
aiworker	runtime_execution_request	31	human_go_required_flag	boolean	bool	NO	false
aiworker	runtime_execution_request	32	external_execution_allowed_flag	boolean	bool	NO	false
aiworker	runtime_execution_request	33	pg_apply_allowed_flag	boolean	bool	NO	false
aiworker	runtime_execution_request	34	destructive_action_allowed_flag	boolean	bool	NO	false
aiworker	runtime_execution_request	35	allowed_actions_snapshot_jsonb	jsonb	jsonb	NO	'[]'::jsonb
aiworker	runtime_execution_request	36	forbidden_actions_snapshot_jsonb	jsonb	jsonb	NO	'[]'::jsonb
aiworker	runtime_execution_request	37	prompt_fragment_codes_snapshot_jsonb	jsonb	jsonb	NO	'[]'::jsonb
aiworker	runtime_execution_request	38	runtime_control_snapshot_jsonb	jsonb	jsonb	NO	'{}'::jsonb
aiworker	runtime_execution_request	39	created_at	timestamp with time zone	timestamptz	NO	now()
aiworker	runtime_execution_request	40	updated_at	timestamp with time zone	timestamptz	NO	now()
aiworker	runtime_execution_request	41	source_route_code	text	text	YES	
aiworker	runtime_execution_state_catalog	1	state_code	text	text	NO	
aiworker	runtime_execution_state_catalog	2	state_name_ja	text	text	NO	
aiworker	runtime_execution_state_catalog	3	state_description_ja	text	text	NO	
aiworker	runtime_execution_state_catalog	4	terminal_flag	boolean	bool	NO	false
aiworker	runtime_execution_state_catalog	5	status_code	text	text	NO	'active'::text
aiworker	runtime_execution_state_catalog	6	sort_order	integer	int4	NO	1000
aiworker	runtime_execution_state_catalog	7	created_at	timestamp with time zone	timestamptz	NO	now()
aiworker	runtime_execution_state_catalog	8	updated_at	timestamp with time zone	timestamptz	NO	now()
aiworker	runtime_execution_transition_log	1	transition_id	uuid	uuid	NO	gen_random_uuid()
aiworker	runtime_execution_transition_log	2	request_id	uuid	uuid	NO	
aiworker	runtime_execution_transition_log	3	from_status_code	text	text	NO	''::text
aiworker	runtime_execution_transition_log	4	to_status_code	text	text	NO	
aiworker	runtime_execution_transition_log	5	transition_type_code	text	text	NO	
aiworker	runtime_execution_transition_log	6	transition_summary_ja	text	text	NO	''::text
aiworker	runtime_execution_transition_log	7	transition_detail_jsonb	jsonb	jsonb	NO	'{}'::jsonb
aiworker	runtime_execution_transition_log	8	created_at	timestamp with time zone	timestamptz	NO	now()
aiworker	runtime_handoff_packet	1	handoff_id	uuid	uuid	NO	gen_random_uuid()
aiworker	runtime_handoff_packet	2	request_id	uuid	uuid	NO	
aiworker	runtime_handoff_packet	3	handoff_code	text	text	NO	
aiworker	runtime_handoff_packet	4	from_actor_ref	text	text	NO	''::text
aiworker	runtime_handoff_packet	5	to_role_layer_code	text	text	NO	
aiworker	runtime_handoff_packet	6	handoff_status_code	text	text	NO	'READY_INTERNAL'::text
aiworker	runtime_handoff_packet	7	handoff_format_code	text	text	NO	
aiworker	runtime_handoff_packet	8	handoff_title_ja	text	text	NO	
aiworker	runtime_handoff_packet	9	handoff_payload_jsonb	jsonb	jsonb	NO	'{}'::jsonb
aiworker	runtime_handoff_packet	10	artifact_refs_jsonb	jsonb	jsonb	NO	'[]'::jsonb
aiworker	runtime_handoff_packet	11	created_at	timestamp with time zone	timestamptz	NO	now()
aiworker	runtime_handoff_packet	12	updated_at	timestamp with time zone	timestamptz	NO	now()
aiworker	runtime_leader_review	1	leader_review_id	uuid	uuid	NO	gen_random_uuid()
aiworker	runtime_leader_review	2	request_id	uuid	uuid	NO	
aiworker	runtime_leader_review	3	output_id	uuid	uuid	YES	
aiworker	runtime_leader_review	4	review_code	text	text	NO	
aiworker	runtime_leader_review	5	review_result_code	text	text	NO	
aiworker	runtime_leader_review	6	review_status_code	text	text	NO	'DONE'::text
aiworker	runtime_leader_review	7	reviewer_role_layer_code	text	text	NO	'LEADER'::text
aiworker	runtime_leader_review	8	review_summary_ja	text	text	NO	
aiworker	runtime_leader_review	9	review_detail_jsonb	jsonb	jsonb	NO	'{}'::jsonb
aiworker	runtime_leader_review	10	return_for_fix_flag	boolean	bool	NO	false
aiworker	runtime_leader_review	11	created_at	timestamp with time zone	timestamptz	NO	now()
aiworker	runtime_leader_review	12	updated_at	timestamp with time zone	timestamptz	NO	now()
aiworker	runtime_manager_gate	1	manager_gate_id	uuid	uuid	NO	gen_random_uuid()
aiworker	runtime_manager_gate	2	request_id	uuid	uuid	NO	
aiworker	runtime_manager_gate	3	gate_code	text	text	NO	
aiworker	runtime_manager_gate	4	gate_result_code	text	text	NO	
aiworker	runtime_manager_gate	5	gate_status_code	text	text	NO	'DONE'::text
aiworker	runtime_manager_gate	6	gate_summary_ja	text	text	NO	
aiworker	runtime_manager_gate	7	gate_detail_jsonb	jsonb	jsonb	NO	'{}'::jsonb
aiworker	runtime_manager_gate	8	return_for_fix_flag	boolean	bool	NO	false
aiworker	runtime_manager_gate	9	external_execution_allowed_flag	boolean	bool	NO	false
aiworker	runtime_manager_gate	10	pg_apply_allowed_flag	boolean	bool	NO	false
aiworker	runtime_manager_gate	11	destructive_action_allowed_flag	boolean	bool	NO	false
aiworker	runtime_manager_gate	12	created_at	timestamp with time zone	timestamptz	NO	now()
aiworker	runtime_manager_gate	13	updated_at	timestamp with time zone	timestamptz	NO	now()
aiworker	runtime_output_artifact	1	artifact_id	uuid	uuid	NO	gen_random_uuid()
aiworker	runtime_output_artifact	2	output_id	uuid	uuid	NO	
aiworker	runtime_output_artifact	3	request_id	uuid	uuid	NO	
aiworker	runtime_output_artifact	4	artifact_code	text	text	NO	
aiworker	runtime_output_artifact	5	artifact_kind_code	text	text	NO	'text'::text
aiworker	runtime_output_artifact	6	artifact_title_ja	text	text	NO	
aiworker	runtime_output_artifact	7	artifact_payload_jsonb	jsonb	jsonb	NO	'{}'::jsonb
aiworker	runtime_output_artifact	8	artifact_status_code	text	text	NO	'ACTIVE_INTERNAL'::text
aiworker	runtime_output_artifact	9	created_at	timestamp with time zone	timestamptz	NO	now()
aiworker	runtime_output_artifact	10	updated_at	timestamp with time zone	timestamptz	NO	now()
aiworker	runtime_president_approval	1	president_approval_id	uuid	uuid	NO	gen_random_uuid()
aiworker	runtime_president_approval	2	request_id	uuid	uuid	NO	
aiworker	runtime_president_approval	3	approval_code	text	text	NO	
aiworker	runtime_president_approval	4	approval_result_code	text	text	NO	
aiworker	runtime_president_approval	5	approval_status_code	text	text	NO	'DONE'::text
aiworker	runtime_president_approval	6	approval_summary_ja	text	text	NO	
aiworker	runtime_president_approval	7	approval_detail_jsonb	jsonb	jsonb	NO	'{}'::jsonb
aiworker	runtime_president_approval	8	human_go_required_flag	boolean	bool	NO	false
aiworker	runtime_president_approval	9	external_execution_allowed_flag	boolean	bool	NO	false
aiworker	runtime_president_approval	10	pg_apply_allowed_flag	boolean	bool	NO	false
aiworker	runtime_president_approval	11	destructive_action_allowed_flag	boolean	bool	NO	false
aiworker	runtime_president_approval	12	created_at	timestamp with time zone	timestamptz	NO	now()
aiworker	runtime_president_approval	13	updated_at	timestamp with time zone	timestamptz	NO	now()
aiworker	runtime_prompt_fragment_catalog	1	prompt_fragment_code	text	text	NO	
aiworker	runtime_prompt_fragment_catalog	2	prompt_fragment_name_ja	text	text	NO	
aiworker	runtime_prompt_fragment_catalog	3	prompt_fragment_text_ja	text	text	NO	
aiworker	runtime_prompt_fragment_catalog	4	prompt_kind_code	text	text	NO	'runtime'::text
aiworker	runtime_prompt_fragment_catalog	5	status_code	text	text	NO	'active'::text
aiworker	runtime_prompt_fragment_catalog	6	sort_order	integer	int4	NO	1000
aiworker	runtime_prompt_fragment_catalog	7	created_at	timestamp with time zone	timestamptz	NO	now()
aiworker	runtime_prompt_fragment_catalog	8	updated_at	timestamp with time zone	timestamptz	NO	now()
aiworker	runtime_review_gate_log	1	gate_id	uuid	uuid	NO	gen_random_uuid()
aiworker	runtime_review_gate_log	2	request_id	uuid	uuid	NO	
aiworker	runtime_review_gate_log	3	gate_type_code	text	text	NO	
aiworker	runtime_review_gate_log	4	gate_status_code	text	text	NO	'TODO'::text
aiworker	runtime_review_gate_log	5	gate_result_code	text	text	NO	'PENDING'::text
aiworker	runtime_review_gate_log	6	reviewer_role_layer_code	text	text	NO	''::text
aiworker	runtime_review_gate_log	7	review_summary_ja	text	text	NO	''::text
aiworker	runtime_review_gate_log	8	review_detail_jsonb	jsonb	jsonb	NO	'{}'::jsonb
aiworker	runtime_review_gate_log	9	created_at	timestamp with time zone	timestamptz	NO	now()
aiworker	runtime_review_gate_log	10	updated_at	timestamp with time zone	timestamptz	NO	now()
aiworker	runtime_worker_output	1	output_id	uuid	uuid	NO	gen_random_uuid()
aiworker	runtime_worker_output	2	request_id	uuid	uuid	NO	
aiworker	runtime_worker_output	3	output_code	text	text	NO	
aiworker	runtime_worker_output	4	output_status_code	text	text	NO	'DONE'::text
aiworker	runtime_worker_output	5	output_result_code	text	text	NO	'SAFE_INTERNAL_DRAFT'::text
aiworker	runtime_worker_output	6	output_title_ja	text	text	NO	
aiworker	runtime_worker_output	7	output_body_ja	text	text	NO	
aiworker	runtime_worker_output	8	output_summary_ja	text	text	NO	''::text
aiworker	runtime_worker_output	9	output_payload_jsonb	jsonb	jsonb	NO	'{}'::jsonb
aiworker	runtime_worker_output	10	safety_result_code	text	text	NO	'SAFE_INTERNAL_ONLY'::text
aiworker	runtime_worker_output	11	external_execution_performed_flag	boolean	bool	NO	false
aiworker	runtime_worker_output	12	pg_apply_performed_flag	boolean	bool	NO	false
aiworker	runtime_worker_output	13	destructive_action_performed_flag	boolean	bool	NO	false
aiworker	runtime_worker_output	14	created_by_role_layer_code	text	text	NO	'WORKER'::text
aiworker	runtime_worker_output	15	created_at	timestamp with time zone	timestamptz	NO	now()
aiworker	runtime_worker_output	16	updated_at	timestamp with time zone	timestamptz	NO	now()
aiworker	series_public_registry	1	registry_code	text	text	NO	
aiworker	series_public_registry	2	manufacturer_code	text	text	NO	
aiworker	series_public_registry	3	manufacturer_name	text	text	NO	
aiworker	series_public_registry	4	manufacturer_name_ja	text	text	NO	
aiworker	series_public_registry	5	series_code	text	text	NO	
aiworker	series_public_registry	6	series_name	text	text	NO	
aiworker	series_public_registry	7	series_name_ja	text	text	NO	
aiworker	series_public_registry	8	series_category_code	text	text	NO	
aiworker	series_public_registry	9	public_summary_ja	text	text	NO	
aiworker	series_public_registry	10	public_scope_note_ja	text	text	NO	
aiworker	series_public_registry	11	source_layer_code	text	text	NO	
aiworker	series_public_registry	12	public_display_allowed_flag	boolean	bool	NO	true
aiworker	series_public_registry	13	app_reference_allowed_flag	boolean	bool	NO	true
aiworker	series_public_registry	14	status_code	text	text	NO	'active'::text
aiworker	series_public_registry	15	sort_order	integer	int4	NO	1000
aiworker	series_public_registry	16	created_at	timestamp with time zone	timestamptz	NO	now()
aiworker	series_public_registry	17	updated_at	timestamp with time zone	timestamptz	NO	now()
aiworker	series_runtime_control_default	1	series_code	text	text	NO	
aiworker	series_runtime_control_default	2	series_name_ja	text	text	NO	
aiworker	series_runtime_control_default	3	operation_mode_code	text	text	NO	
aiworker	series_runtime_control_default	4	self_review_pass_count	integer	int4	NO	1
aiworker	series_runtime_control_default	5	proposal_count_min	integer	int4	NO	1
aiworker	series_runtime_control_default	6	proposal_count_max	integer	int4	NO	2
aiworker	series_runtime_control_default	7	response_style_code	text	text	NO	'standard'::text
aiworker	series_runtime_control_default	8	required_checklist_code	text	text	NO	'standard_check'::text
aiworker	series_runtime_control_default	9	context_scope_code	text	text	NO	'standard_scope'::text
aiworker	series_runtime_control_default	10	cx_reference_depth_code	text	text	NO	'standard'::text
aiworker	series_runtime_control_default	11	handoff_format_code	text	text	NO	'standard_handoff'::text
aiworker	series_runtime_control_default	12	external_execution_allowed_flag	boolean	bool	NO	false
aiworker	series_runtime_control_default	13	pg_apply_allowed_flag	boolean	bool	NO	false
aiworker	series_runtime_control_default	14	destructive_action_allowed_flag	boolean	bool	NO	false
aiworker	series_runtime_control_default	15	allowed_actions_jsonb	jsonb	jsonb	NO	'[]'::jsonb
aiworker	series_runtime_control_default	16	forbidden_actions_jsonb	jsonb	jsonb	NO	'[]'::jsonb
aiworker	series_runtime_control_default	17	prompt_fragment_codes_jsonb	jsonb	jsonb	NO	'[]'::jsonb
aiworker	series_runtime_control_default	18	control_note_ja	text	text	NO	''::text
aiworker	series_runtime_control_default	19	status_code	text	text	NO	'active'::text
aiworker	series_runtime_control_default	20	sort_order	integer	int4	NO	1000
aiworker	series_runtime_control_default	21	created_at	timestamp with time zone	timestamptz	NO	now()
aiworker	series_runtime_control_default	22	updated_at	timestamp with time zone	timestamptz	NO	now()
aiworker	series_tendency_axis_catalog	1	axis_code	text	text	NO	
aiworker	series_tendency_axis_catalog	2	axis_label	text	text	NO	
aiworker	series_tendency_axis_catalog	3	axis_label_ja	text	text	NO	
aiworker	series_tendency_axis_catalog	4	axis_description	text	text	NO	
aiworker	series_tendency_axis_catalog	5	status_code	text	text	NO	'active'::text
aiworker	series_tendency_axis_catalog	6	sort_order	integer	int4	NO	1000
aiworker	series_tendency_axis_catalog	7	created_at	timestamp with time zone	timestamptz	NO	now()
aiworker	series_tendency_axis_catalog	8	updated_at	timestamp with time zone	timestamptz	NO	now()
aiworker	series_tendency_profile	1	tendency_profile_id	uuid	uuid	NO	
aiworker	series_tendency_profile	2	manufacturer_code	text	text	NO	
aiworker	series_tendency_profile	3	series_code	text	text	NO	
aiworker	series_tendency_profile	4	axis_code	text	text	NO	
aiworker	series_tendency_profile	5	value_code	text	text	NO	
aiworker	series_tendency_profile	6	tendency_label	text	text	NO	
aiworker	series_tendency_profile	7	tendency_label_ja	text	text	NO	
aiworker	series_tendency_profile	8	tendency_summary	text	text	NO	
aiworker	series_tendency_profile	9	design_note	text	text	NO	
aiworker	series_tendency_profile	10	status_code	text	text	NO	'active'::text
aiworker	series_tendency_profile	11	sort_order	integer	int4	NO	1000
aiworker	series_tendency_profile	12	created_at	timestamp with time zone	timestamptz	NO	now()
aiworker	series_tendency_profile	13	updated_at	timestamp with time zone	timestamptz	NO	now()
aiworker	series_tendency_value_catalog	1	value_code	text	text	NO	
aiworker	series_tendency_value_catalog	2	value_label	text	text	NO	
aiworker	series_tendency_value_catalog	3	value_label_ja	text	text	NO	
aiworker	series_tendency_value_catalog	4	value_description	text	text	NO	
aiworker	series_tendency_value_catalog	5	status_code	text	text	NO	'active'::text
aiworker	series_tendency_value_catalog	6	sort_order	integer	int4	NO	1000
aiworker	series_tendency_value_catalog	7	created_at	timestamp with time zone	timestamptz	NO	now()
aiworker	series_tendency_value_catalog	8	updated_at	timestamp with time zone	timestamptz	NO	now()
aiworker	service_catalog	1	service_code	text	text	NO	
aiworker	service_catalog	2	service_name	text	text	NO	
aiworker	service_catalog	3	service_name_ja	text	text	NO	
aiworker	service_catalog	4	service_summary	text	text	NO	
aiworker	service_catalog	5	enabled	boolean	bool	NO	true
aiworker	service_catalog	6	sort_order	integer	int4	NO	100
aiworker	service_catalog	7	created_at	timestamp with time zone	timestamptz	NO	now()
aiworker	service_catalog	8	updated_at	timestamp with time zone	timestamptz	NO	now()
aiworker	smalltalk_profile	1	profile_code	text	text	NO	
aiworker	smalltalk_profile	2	model_code	text	text	NO	
aiworker	smalltalk_profile	3	locale_code	text	text	NO	'ja-JP'::text
aiworker	smalltalk_profile	4	tone_code	text	text	NO	'friendly_calm'::text
aiworker	smalltalk_profile	5	speaking_style_summary	text	text	NO	
aiworker	smalltalk_profile	6	opener_style_summary	text	text	NO	
aiworker	smalltalk_profile	7	followup_style_summary	text	text	NO	
aiworker	smalltalk_profile	8	closing_style_summary	text	text	NO	
aiworker	smalltalk_profile	9	max_sentence_count	smallint	int2	NO	2
aiworker	smalltalk_profile	10	asks_at_most_one_question	boolean	bool	NO	true
aiworker	smalltalk_profile	11	enabled	boolean	bool	NO	true
aiworker	smalltalk_profile	12	created_at	timestamp with time zone	timestamptz	NO	now()
aiworker	smalltalk_profile	13	updated_at	timestamp with time zone	timestamptz	NO	now()
aiworker	smalltalk_seed_library	1	seed_id	bigint	int8	NO	
aiworker	smalltalk_seed_library	2	profile_code	text	text	NO	
aiworker	smalltalk_seed_library	3	topic_code	text	text	NO	
aiworker	smalltalk_seed_library	4	seed_type	text	text	NO	
aiworker	smalltalk_seed_library	5	locale_code	text	text	NO	'ja-JP'::text
aiworker	smalltalk_seed_library	6	tone_code	text	text	NO	'friendly_calm'::text
aiworker	smalltalk_seed_library	7	seed_text	text	text	NO	
aiworker	smalltalk_seed_library	8	response_goal	text	text	NO	
aiworker	smalltalk_seed_library	9	usage_notes	text	text	YES	
aiworker	smalltalk_seed_library	10	enabled	boolean	bool	NO	true
aiworker	smalltalk_seed_library	11	sort_order	integer	int4	NO	100
aiworker	smalltalk_seed_library	12	created_at	timestamp with time zone	timestamptz	NO	now()
aiworker	smalltalk_seed_library	13	updated_at	timestamp with time zone	timestamptz	NO	now()
aiworker	smalltalk_topic_catalog	1	topic_code	text	text	NO	
aiworker	smalltalk_topic_catalog	2	topic_name	text	text	NO	
aiworker	smalltalk_topic_catalog	3	topic_name_ja	text	text	NO	
aiworker	smalltalk_topic_catalog	4	topic_summary	text	text	NO	
aiworker	smalltalk_topic_catalog	5	category_code	text	text	NO	
aiworker	smalltalk_topic_catalog	6	recommended_depth_level	smallint	int2	NO	1
aiworker	smalltalk_topic_catalog	7	warmth_level	smallint	int2	NO	3
aiworker	smalltalk_topic_catalog	8	askability_level	smallint	int2	NO	3
aiworker	smalltalk_topic_catalog	9	avoid_when_user_stressed	boolean	bool	NO	false
aiworker	smalltalk_topic_catalog	10	enabled	boolean	bool	NO	true
aiworker	smalltalk_topic_catalog	11	sort_order	integer	int4	NO	100
aiworker	smalltalk_topic_catalog	12	created_at	timestamp with time zone	timestamptz	NO	now()
aiworker	smalltalk_topic_catalog	13	updated_at	timestamp with time zone	timestamptz	NO	now()
aiworker	smoke_flow_execution_log	1	smoke_flow_execution_log_id	bigint	int8	NO	
aiworker	smoke_flow_execution_log	2	flow_code	text	text	NO	
aiworker	smoke_flow_execution_log	3	result_code	text	text	NO	
aiworker	smoke_flow_execution_log	4	note_text	text	text	YES	
aiworker	smoke_flow_execution_log	5	executed_at	timestamp with time zone	timestamptz	NO	now()
aiworker	smoke_flow_execution_log	6	executed_by	text	text	NO	
aiworker	smoke_seed_registry	1	smoke_seed_code	text	text	NO	
aiworker	smoke_seed_registry	2	smoke_seed_status_code	text	text	NO	
aiworker	smoke_seed_registry	3	note_text	text	text	YES	
aiworker	smoke_seed_registry	4	applied_at	timestamp with time zone	timestamptz	NO	now()
aiworker	smoke_seed_registry	5	updated_at	timestamp with time zone	timestamptz	NO	now()
aiworker	staging_row	1	staging_id	uuid	uuid	NO	
aiworker	staging_row	2	draft_id	uuid	uuid	YES	
aiworker	staging_row	3	staging_type	text	text	NO	
aiworker	staging_row	4	normalized_payload_ref	text	text	YES	
aiworker	staging_row	5	gate_code	text	text	NO	
aiworker	staging_row	6	staging_status	text	text	NO	
aiworker	staging_row	7	created_at	timestamp with time zone	timestamptz	NO	now()
aiworker	state_transition_rule	1	state_transition_rule_id	bigint	int8	NO	
aiworker	state_transition_rule	2	state_family_code	text	text	NO	
aiworker	state_transition_rule	3	old_state_code	text	text	YES	
aiworker	state_transition_rule	4	new_state_code	text	text	NO	
aiworker	state_transition_rule	5	active_flag	boolean	bool	NO	true
aiworker	state_transition_rule	6	created_at	timestamp with time zone	timestamptz	NO	now()
aiworker	style_expression_overlay	1	style_code	text	text	NO	
aiworker	style_expression_overlay	2	service_code	text	text	NO	
aiworker	style_expression_overlay	3	opener_overlay	text	text	NO	
aiworker	style_expression_overlay	4	followup_overlay	text	text	NO	
aiworker	style_expression_overlay	5	closing_overlay	text	text	NO	
aiworker	style_expression_overlay	6	redirect_overlay	text	text	NO	
aiworker	style_expression_overlay	7	enabled	boolean	bool	NO	true
aiworker	style_expression_overlay	8	created_at	timestamp with time zone	timestamptz	NO	now()
aiworker	style_expression_overlay	9	updated_at	timestamp with time zone	timestamptz	NO	now()
aiworker	style_feature_assignment	1	style_feature_assignment_id	uuid	uuid	NO	
aiworker	style_feature_assignment	2	manufacturer_code	text	text	NO	
aiworker	style_feature_assignment	3	series_code	text	text	NO	
aiworker	style_feature_assignment	4	style_no	integer	int4	NO	
aiworker	style_feature_assignment	5	feature_axis_code	text	text	NO	
aiworker	style_feature_assignment	6	feature_value_code	text	text	NO	
aiworker	style_feature_assignment	7	feature_note_ja	text	text	NO	
aiworker	style_feature_assignment	8	status_code	text	text	NO	'active'::text
aiworker	style_feature_assignment	9	sort_order	integer	int4	NO	1000
aiworker	style_feature_assignment	10	created_at	timestamp with time zone	timestamptz	NO	now()
aiworker	style_feature_assignment	11	updated_at	timestamp with time zone	timestamptz	NO	now()
aiworker	style_feature_axis_catalog	1	feature_axis_code	text	text	NO	
aiworker	style_feature_axis_catalog	2	feature_axis_label	text	text	NO	
aiworker	style_feature_axis_catalog	3	feature_axis_label_ja	text	text	NO	
aiworker	style_feature_axis_catalog	4	feature_axis_description	text	text	NO	
aiworker	style_feature_axis_catalog	5	status_code	text	text	NO	'active'::text
aiworker	style_feature_axis_catalog	6	sort_order	integer	int4	NO	1000
aiworker	style_feature_axis_catalog	7	created_at	timestamp with time zone	timestamptz	NO	now()
aiworker	style_feature_axis_catalog	8	updated_at	timestamp with time zone	timestamptz	NO	now()
aiworker	style_feature_profile	1	style_feature_profile_id	uuid	uuid	NO	
aiworker	style_feature_profile	2	manufacturer_code	text	text	NO	
aiworker	style_feature_profile	3	series_code	text	text	NO	
aiworker	style_feature_profile	4	style_no	integer	int4	NO	
aiworker	style_feature_profile	5	style_code	text	text	NO	
aiworker	style_feature_profile	6	style_name_ja	text	text	NO	
aiworker	style_feature_profile	7	style_name_en	text	text	NO	
aiworker	style_feature_profile	8	app_display_name_ja	text	text	NO	
aiworker	style_feature_profile	9	app_display_summary_ja	text	text	NO	
aiworker	style_feature_profile	10	app_display_tags_ja	jsonb	jsonb	NO	'[]'::jsonb
aiworker	style_feature_profile	11	feature_jsonb	jsonb	jsonb	NO	'{}'::jsonb
aiworker	style_feature_profile	12	safety_overlay_jsonb	jsonb	jsonb	NO	'{}'::jsonb
aiworker	style_feature_profile	13	recommended_usage_jsonb	jsonb	jsonb	NO	'[]'::jsonb
aiworker	style_feature_profile	14	status_code	text	text	NO	'active'::text
aiworker	style_feature_profile	15	sort_order	integer	int4	NO	1000
aiworker	style_feature_profile	16	created_at	timestamp with time zone	timestamptz	NO	now()
aiworker	style_feature_profile	17	updated_at	timestamp with time zone	timestamptz	NO	now()
aiworker	style_feature_value_catalog	1	feature_value_code	text	text	NO	
aiworker	style_feature_value_catalog	2	feature_value_label	text	text	NO	
aiworker	style_feature_value_catalog	3	feature_value_label_ja	text	text	NO	
aiworker	style_feature_value_catalog	4	feature_value_description	text	text	NO	
aiworker	style_feature_value_catalog	5	numeric_level	integer	int4	YES	
aiworker	style_feature_value_catalog	6	status_code	text	text	NO	'active'::text
aiworker	style_feature_value_catalog	7	sort_order	integer	int4	NO	1000
aiworker	style_feature_value_catalog	8	created_at	timestamp with time zone	timestamptz	NO	now()
aiworker	style_feature_value_catalog	9	updated_at	timestamp with time zone	timestamptz	NO	now()
aiworker	style_topic_bias	1	bias_id	bigint	int8	NO	
aiworker	style_topic_bias	2	style_code	text	text	NO	
aiworker	style_topic_bias	3	service_code	text	text	NO	
aiworker	style_topic_bias	4	topic_code	text	text	YES	
aiworker	style_topic_bias	5	topic_group_code	text	text	YES	
aiworker	style_topic_bias	6	weight_value	numeric	numeric	NO	1.000
aiworker	style_topic_bias	7	enabled	boolean	bool	NO	true
aiworker	style_topic_bias	8	note_text	text	text	YES	
aiworker	style_topic_bias	9	created_at	timestamp with time zone	timestamptz	NO	now()
aiworker	style_topic_bias	10	updated_at	timestamp with time zone	timestamptz	NO	now()
aiworker	topic_restriction	1	restriction_code	text	text	NO	
aiworker	topic_restriction	2	package_code	text	text	NO	
aiworker	topic_restriction	3	topic_category_code	text	text	NO	
aiworker	topic_restriction	4	topic_category_name	text	text	NO	
aiworker	topic_restriction	5	restriction_level_code	text	text	NO	
aiworker	topic_restriction	6	action_code	text	text	NO	
aiworker	topic_restriction	7	priority_no	integer	int4	NO	100
aiworker	topic_restriction	8	note_text	text	text	YES	
aiworker	topic_restriction	9	enabled	boolean	bool	NO	true
aiworker	topic_restriction	10	created_at	timestamp with time zone	timestamptz	NO	now()
aiworker	topic_restriction	11	updated_at	timestamp with time zone	timestamptz	NO	now()
aiworker	user_ai_usage_tendency	1	user_ai_usage_tendency_id	uuid	uuid	NO	
aiworker	user_ai_usage_tendency	2	tenant_user_id	uuid	uuid	NO	
aiworker	user_ai_usage_tendency	3	interaction_comfort_band_code	text	text	NO	
aiworker	user_ai_usage_tendency	4	response_length_preference_code	text	text	NO	
aiworker	user_ai_usage_tendency	5	summary_preference_code	text	text	NO	
aiworker	user_ai_usage_tendency	6	support_style_preference_code	text	text	NO	
aiworker	user_ai_usage_tendency	7	initiative_preference_code	text	text	NO	
aiworker	user_ai_usage_tendency	8	review_frequency_preference_code	text	text	NO	
aiworker	user_ai_usage_tendency	9	effective_from	timestamp with time zone	timestamptz	NO	
aiworker	user_ai_usage_tendency	10	effective_to	timestamp with time zone	timestamptz	YES	
aiworker	user_ai_usage_tendency	11	updated_at	timestamp with time zone	timestamptz	NO	now()
aiworker	v_acceptance_batch_latest	1	acceptance_execution_batch_id	uuid	uuid	YES	
aiworker	v_acceptance_batch_latest	2	batch_code	text	text	YES	
aiworker	v_acceptance_batch_latest	3	batch_status_code	text	text	YES	
aiworker	v_acceptance_batch_latest	4	started_at	timestamp with time zone	timestamptz	YES	
aiworker	v_acceptance_batch_latest	5	completed_at	timestamp with time zone	timestamptz	YES	
aiworker	v_acceptance_batch_latest	6	started_by	text	text	YES	
aiworker	v_acceptance_batch_latest	7	approved_by	text	text	YES	
aiworker	v_acceptance_batch_latest	8	note_text	text	text	YES	
aiworker	v_acceptance_batch_latest	9	latest_item_count	bigint	int8	YES	
aiworker	v_acceptance_batch_latest	10	latest_pass_count	bigint	int8	YES	
aiworker	v_acceptance_batch_latest	11	latest_fail_count	bigint	int8	YES	
aiworker	v_acceptance_batch_latest_item_results	1	acceptance_verification_item_code	text	text	YES	
aiworker	v_acceptance_batch_latest_item_results	2	title	text	text	YES	
aiworker	v_acceptance_batch_latest_item_results	3	critical_flag	boolean	bool	YES	
aiworker	v_acceptance_batch_latest_item_results	4	actual_result_code	text	text	YES	
aiworker	v_acceptance_batch_latest_item_results	5	pass_flag	boolean	bool	YES	
aiworker	v_acceptance_batch_latest_item_results	6	note_text	text	text	YES	
aiworker	v_acceptance_batch_latest_item_results	7	executed_at	timestamp with time zone	timestamptz	YES	
aiworker	v_acceptance_batch_latest_item_results	8	executed_by	text	text	YES	
aiworker	v_business_cross_boundary_smoke_latest	1	flow_code	text	text	YES	
aiworker	v_business_cross_boundary_smoke_latest	2	result_code	text	text	YES	
aiworker	v_business_cross_boundary_smoke_latest	3	note_text	text	text	YES	
aiworker	v_business_cross_boundary_smoke_latest	4	executed_at	timestamp with time zone	timestamptz	YES	
aiworker	v_business_cross_boundary_smoke_latest	5	executed_by	text	text	YES	
aiworker	v_business_event_contract_latest_validation	1	contract_code	text	text	YES	
aiworker	v_business_event_contract_latest_validation	2	direction_code	text	text	YES	
aiworker	v_business_event_contract_latest_validation	3	event_type	text	text	YES	
aiworker	v_business_event_contract_latest_validation	4	validation_result_code	text	text	YES	
aiworker	v_business_event_contract_latest_validation	5	related_business_request_id	uuid	uuid	YES	
aiworker	v_business_event_contract_latest_validation	6	payload_ref	text	text	YES	
aiworker	v_business_event_contract_latest_validation	7	note_text	text	text	YES	
aiworker	v_business_event_contract_latest_validation	8	validated_at	timestamp with time zone	timestamptz	YES	
aiworker	v_business_event_contract_latest_validation	9	validated_by	text	text	YES	
aiworker	v_business_event_contract_registry_active	1	contract_code	text	text	YES	
aiworker	v_business_event_contract_registry_active	2	direction_code	text	text	YES	
aiworker	v_business_event_contract_registry_active	3	event_type	text	text	YES	
aiworker	v_business_event_contract_registry_active	4	payload_schema_name	text	text	YES	
aiworker	v_business_event_contract_registry_active	5	source_system	text	text	YES	
aiworker	v_business_event_contract_registry_active	6	target_system	text	text	YES	
aiworker	v_business_event_contract_registry_active	7	required_top_level_keys	jsonb	jsonb	YES	
aiworker	v_business_event_contract_registry_active	8	active_flag	boolean	bool	YES	
aiworker	v_business_event_contract_registry_active	9	created_at	timestamp with time zone	timestamptz	YES	
aiworker	v_business_event_contract_registry_active	10	updated_at	timestamp with time zone	timestamptz	YES	
aiworker	v_restricted_privileged_smoke_latest	1	flow_code	text	text	YES	
aiworker	v_restricted_privileged_smoke_latest	2	result_code	text	text	YES	
aiworker	v_restricted_privileged_smoke_latest	3	note_text	text	text	YES	
aiworker	v_restricted_privileged_smoke_latest	4	executed_at	timestamp with time zone	timestamptz	YES	
aiworker	v_restricted_privileged_smoke_latest	5	executed_by	text	text	YES	
aiworker	vw_ai_company_beyond_candidate_lineup_v1	1	manufacturer_code	text	text	YES	
aiworker	vw_ai_company_beyond_candidate_lineup_v1	2	series_code	text	text	YES	
aiworker	vw_ai_company_beyond_candidate_lineup_v1	3	model_code	text	text	YES	
aiworker	vw_ai_company_beyond_candidate_lineup_v1	4	model_no	text	text	YES	
aiworker	vw_ai_company_beyond_candidate_lineup_v1	5	model_name	text	text	YES	
aiworker	vw_ai_company_beyond_candidate_lineup_v1	6	role_layer_code	text	text	YES	
aiworker	vw_ai_company_beyond_candidate_lineup_v1	7	capability_summary	text	text	YES	
aiworker	vw_ai_company_beyond_candidate_lineup_v1	8	max_managed_worker_count	integer	int4	YES	
aiworker	vw_ai_company_beyond_candidate_lineup_v1	9	task_complexity_code	text	text	YES	
aiworker	vw_ai_company_beyond_candidate_lineup_v1	10	initiative_code	text	text	YES	
aiworker	vw_ai_company_beyond_candidate_lineup_v1	11	user_influence_code	text	text	YES	
aiworker	vw_ai_company_beyond_candidate_lineup_v1	12	action_restriction_code	text	text	YES	
aiworker	vw_ai_company_beyond_candidate_lineup_v1	13	ai_company_candidate_type	text	text	YES	
aiworker	vw_ai_company_beyond_candidate_quality_lineup_v1	1	manufacturer_code	text	text	YES	
aiworker	vw_ai_company_beyond_candidate_quality_lineup_v1	2	series_code	text	text	YES	
aiworker	vw_ai_company_beyond_candidate_quality_lineup_v1	3	model_code	text	text	YES	
aiworker	vw_ai_company_beyond_candidate_quality_lineup_v1	4	model_no	text	text	YES	
aiworker	vw_ai_company_beyond_candidate_quality_lineup_v1	5	model_name	text	text	YES	
aiworker	vw_ai_company_beyond_candidate_quality_lineup_v1	6	role_layer_code	text	text	YES	
aiworker	vw_ai_company_beyond_candidate_quality_lineup_v1	7	role_layer_name_ja	text	text	YES	
aiworker	vw_ai_company_beyond_candidate_quality_lineup_v1	8	public_quality_label_ja	text	text	YES	
aiworker	vw_ai_company_beyond_candidate_quality_lineup_v1	9	public_quality_summary_ja	text	text	YES	
aiworker	vw_ai_company_beyond_candidate_quality_lineup_v1	10	quality_level_no	numeric	numeric	YES	
aiworker	vw_ai_company_beyond_candidate_quality_lineup_v1	11	quality_axes_jsonb	jsonb	jsonb	YES	
aiworker	vw_ai_company_beyond_candidate_quality_lineup_v1	12	strengths_jsonb	jsonb	jsonb	YES	
aiworker	vw_ai_company_beyond_candidate_quality_lineup_v1	13	recommended_usage_jsonb	jsonb	jsonb	YES	
aiworker	vw_ai_company_beyond_candidate_quality_lineup_v1	14	public_difference_note_ja	text	text	YES	
aiworker	vw_ai_company_beyond_candidate_quality_lineup_v1	15	task_complexity_code	text	text	YES	
aiworker	vw_ai_company_beyond_candidate_quality_lineup_v1	16	initiative_code	text	text	YES	
aiworker	vw_ai_company_beyond_candidate_quality_lineup_v1	17	user_influence_code	text	text	YES	
aiworker	vw_ai_company_beyond_candidate_quality_lineup_v1	18	action_restriction_code	text	text	YES	
aiworker	vw_ai_company_beyond_candidate_quality_lineup_v1	19	ai_company_candidate_type	text	text	YES	
aiworker	vw_app_aiworker_internal_pipeline_dashboard_v1	1	acceptance_package_code	text	text	YES	
aiworker	vw_app_aiworker_internal_pipeline_dashboard_v1	2	acceptance_status_code	text	text	YES	
aiworker	vw_app_aiworker_internal_pipeline_dashboard_v1	3	president_model_no	text	text	YES	
aiworker	vw_app_aiworker_internal_pipeline_dashboard_v1	4	president_model_code	text	text	YES	
aiworker	vw_app_aiworker_internal_pipeline_dashboard_v1	5	president_runtime_state_code	text	text	YES	
aiworker	vw_app_aiworker_internal_pipeline_dashboard_v1	6	check_count	integer	int4	YES	
aiworker	vw_app_aiworker_internal_pipeline_dashboard_v1	7	pass_count	integer	int4	YES	
aiworker	vw_app_aiworker_internal_pipeline_dashboard_v1	8	fail_count	integer	int4	YES	
aiworker	vw_app_aiworker_internal_pipeline_dashboard_v1	9	external_execution_allowed_flag	boolean	bool	YES	
aiworker	vw_app_aiworker_internal_pipeline_dashboard_v1	10	pg_apply_allowed_flag	boolean	bool	YES	
aiworker	vw_app_aiworker_internal_pipeline_dashboard_v1	11	destructive_action_allowed_flag	boolean	bool	YES	
aiworker	vw_app_aiworker_internal_pipeline_dashboard_v1	12	plan_count	integer	int4	YES	
aiworker	vw_app_aiworker_internal_pipeline_dashboard_v1	13	delivery_ready_internal_count	integer	int4	YES	
aiworker	vw_app_aiworker_internal_pipeline_dashboard_v1	14	worker_done_count	integer	int4	YES	
aiworker	vw_app_aiworker_internal_pipeline_dashboard_v1	15	leader_done_count	integer	int4	YES	
aiworker	vw_app_aiworker_internal_pipeline_dashboard_v1	16	manager_gate_done_count	integer	int4	YES	
aiworker	vw_app_aiworker_internal_pipeline_dashboard_v1	17	app_read_safe_flag	boolean	bool	YES	
aiworker	vw_app_aiworker_internal_pipeline_dashboard_v1	18	app_allowed_action_code	text	text	YES	
aiworker	vw_app_aiworker_internal_pipeline_dashboard_v1	19	app_contract_note	text	text	YES	
aiworker	vw_app_aiworker_internal_pipeline_payload_v1	1	acceptance_package_code	text	text	YES	
aiworker	vw_app_aiworker_internal_pipeline_payload_v1	2	response_payload_json	jsonb	jsonb	YES	
aiworker	vw_app_aiworker_internal_pipeline_plan_detail_v1	1	manager_plan_code	text	text	YES	
aiworker	vw_app_aiworker_internal_pipeline_plan_detail_v1	2	instruction_code	text	text	YES	
aiworker	vw_app_aiworker_internal_pipeline_plan_detail_v1	3	task_domain_code	text	text	YES	
aiworker	vw_app_aiworker_internal_pipeline_plan_detail_v1	4	plan_status_code	text	text	YES	
aiworker	vw_app_aiworker_internal_pipeline_plan_detail_v1	5	source_instruction_title	text	text	YES	
aiworker	vw_app_aiworker_internal_pipeline_plan_detail_v1	6	worker_task_code	text	text	YES	
aiworker	vw_app_aiworker_internal_pipeline_plan_detail_v1	7	worker_output_status_code	text	text	YES	
aiworker	vw_app_aiworker_internal_pipeline_plan_detail_v1	8	worker_output_title	text	text	YES	
aiworker	vw_app_aiworker_internal_pipeline_plan_detail_v1	9	worker_output_body	text	text	YES	
aiworker	vw_app_aiworker_internal_pipeline_plan_detail_v1	10	leader_task_code	text	text	YES	
aiworker	vw_app_aiworker_internal_pipeline_plan_detail_v1	11	leader_review_status_code	text	text	YES	
aiworker	vw_app_aiworker_internal_pipeline_plan_detail_v1	12	leader_review_summary	text	text	YES	
aiworker	vw_app_aiworker_internal_pipeline_plan_detail_v1	13	leader_correction_note	text	text	YES	
aiworker	vw_app_aiworker_internal_pipeline_plan_detail_v1	14	leader_risk_note	text	text	YES	
aiworker	vw_app_aiworker_internal_pipeline_plan_detail_v1	15	manager_gate_task_code	text	text	YES	
aiworker	vw_app_aiworker_internal_pipeline_plan_detail_v1	16	delivery_status_code	text	text	YES	
aiworker	vw_app_aiworker_internal_pipeline_plan_detail_v1	17	gate_result_code	text	text	YES	
aiworker	vw_app_aiworker_internal_pipeline_plan_detail_v1	18	final_summary	text	text	YES	
aiworker	vw_app_aiworker_internal_pipeline_plan_detail_v1	19	external_execution_allowed_flag	boolean	bool	YES	
aiworker	vw_app_aiworker_internal_pipeline_plan_detail_v1	20	pg_apply_allowed_flag	boolean	bool	YES	
aiworker	vw_app_aiworker_internal_pipeline_plan_detail_v1	21	destructive_action_allowed_flag	boolean	bool	YES	
aiworker	vw_app_aiworker_internal_pipeline_plan_detail_v1	22	human_go_required_for_external_flag	boolean	bool	YES	
aiworker	vw_app_aiworker_internal_pipeline_plan_detail_v1	23	app_display_ready_flag	boolean	bool	YES	
aiworker	vw_app_aiworker_internal_pipeline_plan_detail_v1	24	app_usage_scope_code	text	text	YES	
aiworker	vw_app_aiworker_model_capability_overlay_v1	1	model_code	text	text	YES	
aiworker	vw_app_aiworker_model_capability_overlay_v1	2	model_no	text	text	YES	
aiworker	vw_app_aiworker_model_capability_overlay_v1	3	manufacturer_code	text	text	YES	
aiworker	vw_app_aiworker_model_capability_overlay_v1	4	series_code	text	text	YES	
aiworker	vw_app_aiworker_model_capability_overlay_v1	5	model_capability_override_jsonb	jsonb	jsonb	YES	
aiworker	vw_app_aiworker_model_capability_overlay_v1	6	model_capability_override_summary_ja	text	text	YES	
aiworker	vw_app_aiworker_model_capability_overlay_v1	7	override_count	bigint	int8	YES	
aiworker	vw_app_aiworker_model_selection_capability_card_v1	1	registry_code	text	text	YES	
aiworker	vw_app_aiworker_model_selection_capability_card_v1	2	manufacturer_code	text	text	YES	
aiworker	vw_app_aiworker_model_selection_capability_card_v1	3	manufacturer_name	text	text	YES	
aiworker	vw_app_aiworker_model_selection_capability_card_v1	4	manufacturer_name_ja	text	text	YES	
aiworker	vw_app_aiworker_model_selection_capability_card_v1	5	series_code	text	text	YES	
aiworker	vw_app_aiworker_model_selection_capability_card_v1	6	series_name	text	text	YES	
aiworker	vw_app_aiworker_model_selection_capability_card_v1	7	series_name_ja	text	text	YES	
aiworker	vw_app_aiworker_model_selection_capability_card_v1	8	model_code	text	text	YES	
aiworker	vw_app_aiworker_model_selection_capability_card_v1	9	model_no	text	text	YES	
aiworker	vw_app_aiworker_model_selection_capability_card_v1	10	model_name	text	text	YES	
aiworker	vw_app_aiworker_model_selection_capability_card_v1	11	model_name_ja	text	text	YES	
aiworker	vw_app_aiworker_model_selection_capability_card_v1	12	role_layer_code	text	text	YES	
aiworker	vw_app_aiworker_model_selection_capability_card_v1	13	role_layer_name_ja	text	text	YES	
aiworker	vw_app_aiworker_model_selection_capability_card_v1	14	model_category_code	text	text	YES	
aiworker	vw_app_aiworker_model_selection_capability_card_v1	15	public_summary_ja	text	text	YES	
aiworker	vw_app_aiworker_model_selection_capability_card_v1	16	capability_summary_ja	text	text	YES	
aiworker	vw_app_aiworker_model_selection_capability_card_v1	17	personality_summary_ja	text	text	YES	
aiworker	vw_app_aiworker_model_selection_capability_card_v1	18	safety_note_ja	text	text	YES	
aiworker	vw_app_aiworker_model_selection_capability_card_v1	19	public_traits_jsonb	jsonb	jsonb	YES	
aiworker	vw_app_aiworker_model_selection_capability_card_v1	20	recommended_usage_jsonb	jsonb	jsonb	YES	
aiworker	vw_app_aiworker_model_selection_capability_card_v1	21	source_layer_code	text	text	YES	
aiworker	vw_app_aiworker_model_selection_capability_card_v1	22	series_precision_ja	text	text	YES	
aiworker	vw_app_aiworker_model_selection_capability_card_v1	23	series_agility_ja	text	text	YES	
aiworker	vw_app_aiworker_model_selection_capability_card_v1	24	series_coordination_ja	text	text	YES	
aiworker	vw_app_aiworker_model_selection_capability_card_v1	25	series_continuity_ja	text	text	YES	
aiworker	vw_app_aiworker_model_selection_capability_card_v1	26	series_specialization_depth_ja	text	text	YES	
aiworker	vw_app_aiworker_model_selection_capability_card_v1	27	series_creativity_ja	text	text	YES	
aiworker	vw_app_aiworker_model_selection_capability_card_v1	28	series_review_depth_ja	text	text	YES	
aiworker	vw_app_aiworker_model_selection_capability_card_v1	29	series_stability_ja	text	text	YES	
aiworker	vw_app_aiworker_model_selection_capability_card_v1	30	series_capability_jsonb	jsonb	jsonb	YES	
aiworker	vw_app_aiworker_model_selection_capability_card_v1	31	model_capability_override_jsonb	jsonb	jsonb	YES	
aiworker	vw_app_aiworker_model_selection_capability_card_v1	32	model_capability_override_summary_ja	text	text	YES	
aiworker	vw_app_aiworker_model_selection_capability_card_v1	33	model_capability_override_count	bigint	int8	YES	
aiworker	vw_app_aiworker_model_selection_capability_card_v1	34	capability_card_jsonb	jsonb	jsonb	YES	
aiworker	vw_app_aiworker_model_selection_capability_card_v1	35	app_selection_badge_ja	text	text	YES	
aiworker	vw_app_aiworker_model_selection_capability_card_v1	36	high_function_business_specialized_flag	boolean	bool	YES	
aiworker	vw_app_aiworker_model_selection_capability_card_v1	37	sort_order	integer	int4	YES	
aiworker	vw_app_aiworker_model_selection_directory_v1	1	registry_code	text	text	YES	
aiworker	vw_app_aiworker_model_selection_directory_v1	2	manufacturer_code	text	text	YES	
aiworker	vw_app_aiworker_model_selection_directory_v1	3	manufacturer_name	text	text	YES	
aiworker	vw_app_aiworker_model_selection_directory_v1	4	manufacturer_name_ja	text	text	YES	
aiworker	vw_app_aiworker_model_selection_directory_v1	5	series_code	text	text	YES	
aiworker	vw_app_aiworker_model_selection_directory_v1	6	series_name	text	text	YES	
aiworker	vw_app_aiworker_model_selection_directory_v1	7	series_name_ja	text	text	YES	
aiworker	vw_app_aiworker_model_selection_directory_v1	8	model_code	text	text	YES	
aiworker	vw_app_aiworker_model_selection_directory_v1	9	model_no	text	text	YES	
aiworker	vw_app_aiworker_model_selection_directory_v1	10	model_name	text	text	YES	
aiworker	vw_app_aiworker_model_selection_directory_v1	11	model_name_ja	text	text	YES	
aiworker	vw_app_aiworker_model_selection_directory_v1	12	role_layer_code	text	text	YES	
aiworker	vw_app_aiworker_model_selection_directory_v1	13	role_layer_name_ja	text	text	YES	
aiworker	vw_app_aiworker_model_selection_directory_v1	14	model_category_code	text	text	YES	
aiworker	vw_app_aiworker_model_selection_directory_v1	15	public_summary_ja	text	text	YES	
aiworker	vw_app_aiworker_model_selection_directory_v1	16	capability_summary_ja	text	text	YES	
aiworker	vw_app_aiworker_model_selection_directory_v1	17	personality_summary_ja	text	text	YES	
aiworker	vw_app_aiworker_model_selection_directory_v1	18	safety_note_ja	text	text	YES	
aiworker	vw_app_aiworker_model_selection_directory_v1	19	public_traits_jsonb	jsonb	jsonb	YES	
aiworker	vw_app_aiworker_model_selection_directory_v1	20	recommended_usage_jsonb	jsonb	jsonb	YES	
aiworker	vw_app_aiworker_model_selection_directory_v1	21	source_layer_code	text	text	YES	
aiworker	vw_app_aiworker_model_selection_directory_v1	22	sort_order	integer	int4	YES	
aiworker	vw_app_aiworker_model_selection_source_for_capability_v1	1	registry_code	text	text	YES	
aiworker	vw_app_aiworker_model_selection_source_for_capability_v1	2	manufacturer_code	text	text	YES	
aiworker	vw_app_aiworker_model_selection_source_for_capability_v1	3	manufacturer_name	text	text	YES	
aiworker	vw_app_aiworker_model_selection_source_for_capability_v1	4	manufacturer_name_ja	text	text	YES	
aiworker	vw_app_aiworker_model_selection_source_for_capability_v1	5	series_code	text	text	YES	
aiworker	vw_app_aiworker_model_selection_source_for_capability_v1	6	series_name	text	text	YES	
aiworker	vw_app_aiworker_model_selection_source_for_capability_v1	7	series_name_ja	text	text	YES	
aiworker	vw_app_aiworker_model_selection_source_for_capability_v1	8	model_code	text	text	YES	
aiworker	vw_app_aiworker_model_selection_source_for_capability_v1	9	model_no	text	text	YES	
aiworker	vw_app_aiworker_model_selection_source_for_capability_v1	10	model_name	text	text	YES	
aiworker	vw_app_aiworker_model_selection_source_for_capability_v1	11	model_name_ja	text	text	YES	
aiworker	vw_app_aiworker_model_selection_source_for_capability_v1	12	role_layer_code	text	text	YES	
aiworker	vw_app_aiworker_model_selection_source_for_capability_v1	13	role_layer_name_ja	text	text	YES	
aiworker	vw_app_aiworker_model_selection_source_for_capability_v1	14	model_category_code	text	text	YES	
aiworker	vw_app_aiworker_model_selection_source_for_capability_v1	15	public_summary_ja	text	text	YES	
aiworker	vw_app_aiworker_model_selection_source_for_capability_v1	16	capability_summary_ja	text	text	YES	
aiworker	vw_app_aiworker_model_selection_source_for_capability_v1	17	personality_summary_ja	text	text	YES	
aiworker	vw_app_aiworker_model_selection_source_for_capability_v1	18	safety_note_ja	text	text	YES	
aiworker	vw_app_aiworker_model_selection_source_for_capability_v1	19	public_traits_jsonb	jsonb	jsonb	YES	
aiworker	vw_app_aiworker_model_selection_source_for_capability_v1	20	recommended_usage_jsonb	jsonb	jsonb	YES	
aiworker	vw_app_aiworker_model_selection_source_for_capability_v1	21	source_layer_code	text	text	YES	
aiworker	vw_app_aiworker_model_selection_source_for_capability_v1	22	sort_order	integer	int4	YES	
aiworker	vw_app_aiworker_model_selection_summary_v1	1	manufacturer_code	text	text	YES	
aiworker	vw_app_aiworker_model_selection_summary_v1	2	manufacturer_name	text	text	YES	
aiworker	vw_app_aiworker_model_selection_summary_v1	3	series_code	text	text	YES	
aiworker	vw_app_aiworker_model_selection_summary_v1	4	series_name_ja	text	text	YES	
aiworker	vw_app_aiworker_model_selection_summary_v1	5	model_count	bigint	int8	YES	
aiworker	vw_app_aiworker_model_selection_summary_v1	6	worker_count	bigint	int8	YES	
aiworker	vw_app_aiworker_model_selection_summary_v1	7	leader_count	bigint	int8	YES	
aiworker	vw_app_aiworker_model_selection_summary_v1	8	manager_count	bigint	int8	YES	
aiworker	vw_app_aiworker_model_selection_summary_v1	9	president_count	bigint	int8	YES	
aiworker	vw_app_aiworker_model_selection_summary_v1	10	friend_count	bigint	int8	YES	
aiworker	vw_app_aiworker_model_selection_summary_v1	11	lover_count	bigint	int8	YES	
aiworker	vw_app_aiworker_model_selection_summary_v1	12	multi_role_count	bigint	int8	YES	
aiworker	vw_app_aiworker_model_selection_summary_v1	13	sort_order	integer	int4	YES	
aiworker	vw_app_aiworker_read_surface_contract_v1	1	contract_code	text	text	YES	
aiworker	vw_app_aiworker_read_surface_contract_v1	2	app_surface_code	text	text	YES	
aiworker	vw_app_aiworker_read_surface_contract_v1	3	contract_name	text	text	YES	
aiworker	vw_app_aiworker_read_surface_contract_v1	4	contract_name_ja	text	text	YES	
aiworker	vw_app_aiworker_read_surface_contract_v1	5	read_only_flag	boolean	bool	YES	
aiworker	vw_app_aiworker_read_surface_contract_v1	6	write_allowed_flag	boolean	bool	YES	
aiworker	vw_app_aiworker_read_surface_contract_v1	7	external_execution_allowed_flag	boolean	bool	YES	
aiworker	vw_app_aiworker_read_surface_contract_v1	8	pg_apply_allowed_flag	boolean	bool	YES	
aiworker	vw_app_aiworker_read_surface_contract_v1	9	destructive_action_allowed_flag	boolean	bool	YES	
aiworker	vw_app_aiworker_read_surface_contract_v1	10	payload_contract_summary	text	text	YES	
aiworker	vw_app_aiworker_read_surface_contract_v1	11	status_code	text	text	YES	
aiworker	vw_app_aiworker_robot_selection_card_v1	1	registry_code	text	text	YES	
aiworker	vw_app_aiworker_robot_selection_card_v1	2	manufacturer_code	text	text	YES	
aiworker	vw_app_aiworker_robot_selection_card_v1	3	manufacturer_name_ja	text	text	YES	
aiworker	vw_app_aiworker_robot_selection_card_v1	4	series_code	text	text	YES	
aiworker	vw_app_aiworker_robot_selection_card_v1	5	series_name_ja	text	text	YES	
aiworker	vw_app_aiworker_robot_selection_card_v1	6	model_code	text	text	YES	
aiworker	vw_app_aiworker_robot_selection_card_v1	7	model_no	text	text	YES	
aiworker	vw_app_aiworker_robot_selection_card_v1	8	model_name_ja	text	text	YES	
aiworker	vw_app_aiworker_robot_selection_card_v1	9	role_layer_name_ja	text	text	YES	
aiworker	vw_app_aiworker_robot_selection_card_v1	10	model_category_code	text	text	YES	
aiworker	vw_app_aiworker_robot_selection_card_v1	11	app_selection_badge_ja	text	text	YES	
aiworker	vw_app_aiworker_robot_selection_card_v1	12	public_summary_ja	text	text	YES	
aiworker	vw_app_aiworker_robot_selection_card_v1	13	capability_summary_ja	text	text	YES	
aiworker	vw_app_aiworker_robot_selection_card_v1	14	personality_summary_ja	text	text	YES	
aiworker	vw_app_aiworker_robot_selection_card_v1	15	safety_note_ja	text	text	YES	
aiworker	vw_app_aiworker_robot_selection_card_v1	16	series_precision_ja	text	text	YES	
aiworker	vw_app_aiworker_robot_selection_card_v1	17	series_agility_ja	text	text	YES	
aiworker	vw_app_aiworker_robot_selection_card_v1	18	series_coordination_ja	text	text	YES	
aiworker	vw_app_aiworker_robot_selection_card_v1	19	series_continuity_ja	text	text	YES	
aiworker	vw_app_aiworker_robot_selection_card_v1	20	series_specialization_depth_ja	text	text	YES	
aiworker	vw_app_aiworker_robot_selection_card_v1	21	series_creativity_ja	text	text	YES	
aiworker	vw_app_aiworker_robot_selection_card_v1	22	series_review_depth_ja	text	text	YES	
aiworker	vw_app_aiworker_robot_selection_card_v1	23	series_stability_ja	text	text	YES	
aiworker	vw_app_aiworker_robot_selection_card_v1	24	model_capability_override_summary_ja	text	text	YES	
aiworker	vw_app_aiworker_robot_selection_card_v1	25	model_capability_override_count	bigint	int8	YES	
aiworker	vw_app_aiworker_robot_selection_card_v1	26	high_function_business_specialized_flag	boolean	bool	YES	
aiworker	vw_app_aiworker_robot_selection_card_v1	27	capability_card_jsonb	jsonb	jsonb	YES	
aiworker	vw_app_aiworker_robot_selection_card_v1	28	public_traits_jsonb	jsonb	jsonb	YES	
aiworker	vw_app_aiworker_robot_selection_card_v1	29	recommended_usage_jsonb	jsonb	jsonb	YES	
aiworker	vw_app_aiworker_robot_selection_card_v1	30	sort_order	integer	int4	YES	
aiworker	vw_app_aiworker_runtime_control_profile_v1	1	app_surface_code	text	text	YES	
aiworker	vw_app_aiworker_runtime_control_profile_v1	2	app_surface_name_ja	text	text	YES	
aiworker	vw_app_aiworker_runtime_control_profile_v1	3	app_category_code	text	text	YES	
aiworker	vw_app_aiworker_runtime_control_profile_v1	4	manufacturer_code	text	text	YES	
aiworker	vw_app_aiworker_runtime_control_profile_v1	5	manufacturer_name_ja	text	text	YES	
aiworker	vw_app_aiworker_runtime_control_profile_v1	6	series_code	text	text	YES	
aiworker	vw_app_aiworker_runtime_control_profile_v1	7	series_name_ja	text	text	YES	
aiworker	vw_app_aiworker_runtime_control_profile_v1	8	model_code	text	text	YES	
aiworker	vw_app_aiworker_runtime_control_profile_v1	9	model_no	text	text	YES	
aiworker	vw_app_aiworker_runtime_control_profile_v1	10	model_name_ja	text	text	YES	
aiworker	vw_app_aiworker_runtime_control_profile_v1	11	role_layer_code	text	text	YES	
aiworker	vw_app_aiworker_runtime_control_profile_v1	12	role_layer_name_ja	text	text	YES	
aiworker	vw_app_aiworker_runtime_control_profile_v1	13	model_category_code	text	text	YES	
aiworker	vw_app_aiworker_runtime_control_profile_v1	14	app_selection_badge_ja	text	text	YES	
aiworker	vw_app_aiworker_runtime_control_profile_v1	15	high_function_business_specialized_flag	boolean	bool	YES	
aiworker	vw_app_aiworker_runtime_control_profile_v1	16	operation_mode_code	text	text	YES	
aiworker	vw_app_aiworker_runtime_control_profile_v1	17	self_review_pass_count	integer	int4	YES	
aiworker	vw_app_aiworker_runtime_control_profile_v1	18	proposal_count_min	integer	int4	YES	
aiworker	vw_app_aiworker_runtime_control_profile_v1	19	proposal_count_max	integer	int4	YES	
aiworker	vw_app_aiworker_runtime_control_profile_v1	20	response_style_code	text	text	YES	
aiworker	vw_app_aiworker_runtime_control_profile_v1	21	required_checklist_code	text	text	YES	
aiworker	vw_app_aiworker_runtime_control_profile_v1	22	context_scope_code	text	text	YES	
aiworker	vw_app_aiworker_runtime_control_profile_v1	23	cx_reference_depth_code	text	text	YES	
aiworker	vw_app_aiworker_runtime_control_profile_v1	24	handoff_format_code	text	text	YES	
aiworker	vw_app_aiworker_runtime_control_profile_v1	25	handoff_required_flag	boolean	bool	YES	
aiworker	vw_app_aiworker_runtime_control_profile_v1	26	review_required_flag	boolean	bool	YES	
aiworker	vw_app_aiworker_runtime_control_profile_v1	27	human_go_required_flag	boolean	bool	YES	
aiworker	vw_app_aiworker_runtime_control_profile_v1	28	external_execution_allowed_flag	boolean	bool	YES	
aiworker	vw_app_aiworker_runtime_control_profile_v1	29	pg_apply_allowed_flag	boolean	bool	YES	
aiworker	vw_app_aiworker_runtime_control_profile_v1	30	destructive_action_allowed_flag	boolean	bool	YES	
aiworker	vw_app_aiworker_runtime_control_profile_v1	31	allowed_actions_jsonb	jsonb	jsonb	YES	
aiworker	vw_app_aiworker_runtime_control_profile_v1	32	forbidden_actions_jsonb	jsonb	jsonb	YES	
aiworker	vw_app_aiworker_runtime_control_profile_v1	33	prompt_fragment_codes_jsonb	jsonb	jsonb	YES	
aiworker	vw_app_aiworker_runtime_control_profile_v1	34	capability_card_jsonb	jsonb	jsonb	YES	
aiworker	vw_app_aiworker_runtime_control_profile_v1	35	model_capability_override_summary_ja	text	text	YES	
aiworker	vw_app_aiworker_runtime_control_profile_v1	36	model_focus_ja	text	text	YES	
aiworker	vw_app_aiworker_runtime_control_profile_v1	37	runtime_control_jsonb	jsonb	jsonb	YES	
aiworker	vw_app_aiworker_runtime_control_profile_v1	38	model_sort_order	integer	int4	YES	
aiworker	vw_app_aiworker_runtime_control_profile_v1	39	app_sort_order	integer	int4	YES	
aiworker	vw_app_aiworker_runtime_control_prompt_fragment_v1	1	app_surface_code	text	text	YES	
aiworker	vw_app_aiworker_runtime_control_prompt_fragment_v1	2	model_code	text	text	YES	
aiworker	vw_app_aiworker_runtime_control_prompt_fragment_v1	3	model_no	text	text	YES	
aiworker	vw_app_aiworker_runtime_control_prompt_fragment_v1	4	model_name_ja	text	text	YES	
aiworker	vw_app_aiworker_runtime_control_prompt_fragment_v1	5	role_layer_code	text	text	YES	
aiworker	vw_app_aiworker_runtime_control_prompt_fragment_v1	6	series_code	text	text	YES	
aiworker	vw_app_aiworker_runtime_control_prompt_fragment_v1	7	prompt_fragment_code	text	text	YES	
aiworker	vw_app_aiworker_runtime_control_prompt_fragment_v1	8	prompt_fragment_name_ja	text	text	YES	
aiworker	vw_app_aiworker_runtime_control_prompt_fragment_v1	9	prompt_fragment_text_ja	text	text	YES	
aiworker	vw_app_aiworker_runtime_control_prompt_fragment_v1	10	prompt_kind_code	text	text	YES	
aiworker	vw_app_aiworker_runtime_control_prompt_fragment_v1	11	sort_order	integer	int4	YES	
aiworker	vw_app_aiworker_runtime_delivery_board_v1	1	delivery_id	uuid	uuid	YES	
aiworker	vw_app_aiworker_runtime_delivery_board_v1	2	request_id	uuid	uuid	YES	
aiworker	vw_app_aiworker_runtime_delivery_board_v1	3	request_code	text	text	YES	
aiworker	vw_app_aiworker_runtime_delivery_board_v1	4	app_surface_code	text	text	YES	
aiworker	vw_app_aiworker_runtime_delivery_board_v1	5	model_code	text	text	YES	
aiworker	vw_app_aiworker_runtime_delivery_board_v1	6	model_no	text	text	YES	
aiworker	vw_app_aiworker_runtime_delivery_board_v1	7	model_name_ja	text	text	YES	
aiworker	vw_app_aiworker_runtime_delivery_board_v1	8	task_domain_code	text	text	YES	
aiworker	vw_app_aiworker_runtime_delivery_board_v1	9	task_title	text	text	YES	
aiworker	vw_app_aiworker_runtime_delivery_board_v1	10	delivery_code	text	text	YES	
aiworker	vw_app_aiworker_runtime_delivery_board_v1	11	delivery_status_code	text	text	YES	
aiworker	vw_app_aiworker_runtime_delivery_board_v1	12	delivery_result_code	text	text	YES	
aiworker	vw_app_aiworker_runtime_delivery_board_v1	13	delivery_title_ja	text	text	YES	
aiworker	vw_app_aiworker_runtime_delivery_board_v1	14	delivery_summary_ja	text	text	YES	
aiworker	vw_app_aiworker_runtime_delivery_board_v1	15	human_go_confirmed_flag	boolean	bool	YES	
aiworker	vw_app_aiworker_runtime_delivery_board_v1	16	external_execution_performed_flag	boolean	bool	YES	
aiworker	vw_app_aiworker_runtime_delivery_board_v1	17	pg_apply_performed_flag	boolean	bool	YES	
aiworker	vw_app_aiworker_runtime_delivery_board_v1	18	destructive_action_performed_flag	boolean	bool	YES	
aiworker	vw_app_aiworker_runtime_delivery_board_v1	19	delivery_safe_internal_flag	boolean	bool	YES	
aiworker	vw_app_aiworker_runtime_delivery_board_v1	20	created_at	timestamp with time zone	timestamptz	YES	
aiworker	vw_app_aiworker_runtime_delivery_board_v1	21	updated_at	timestamp with time zone	timestamptz	YES	
aiworker	vw_app_aiworker_runtime_execution_api_contract_v1	1	contract_code	text	text	YES	
aiworker	vw_app_aiworker_runtime_execution_api_contract_v1	2	api_surface_code	text	text	YES	
aiworker	vw_app_aiworker_runtime_execution_api_contract_v1	3	endpoint_method	text	text	YES	
aiworker	vw_app_aiworker_runtime_execution_api_contract_v1	4	endpoint_path	text	text	YES	
aiworker	vw_app_aiworker_runtime_execution_api_contract_v1	5	backing_db_object	text	text	YES	
aiworker	vw_app_aiworker_runtime_execution_api_contract_v1	6	app_facing_flag	boolean	bool	YES	
aiworker	vw_app_aiworker_runtime_execution_api_contract_v1	7	read_only_flag	boolean	bool	YES	
aiworker	vw_app_aiworker_runtime_execution_api_contract_v1	8	write_allowed_flag	boolean	bool	YES	
aiworker	vw_app_aiworker_runtime_execution_api_contract_v1	9	internal_write_allowed_flag	boolean	bool	YES	
aiworker	vw_app_aiworker_runtime_execution_api_contract_v1	10	external_execution_allowed_flag	boolean	bool	YES	
aiworker	vw_app_aiworker_runtime_execution_api_contract_v1	11	pg_apply_allowed_flag	boolean	bool	YES	
aiworker	vw_app_aiworker_runtime_execution_api_contract_v1	12	destructive_action_allowed_flag	boolean	bool	YES	
aiworker	vw_app_aiworker_runtime_execution_api_contract_v1	13	idempotency_required_flag	boolean	bool	YES	
aiworker	vw_app_aiworker_runtime_execution_api_contract_v1	14	auth_required_flag	boolean	bool	YES	
aiworker	vw_app_aiworker_runtime_execution_api_contract_v1	15	request_payload_example_jsonb	jsonb	jsonb	YES	
aiworker	vw_app_aiworker_runtime_execution_api_contract_v1	16	response_payload_example_jsonb	jsonb	jsonb	YES	
aiworker	vw_app_aiworker_runtime_execution_api_contract_v1	17	safety_jsonb	jsonb	jsonb	YES	
aiworker	vw_app_aiworker_runtime_execution_api_contract_v1	18	contract_note_ja	text	text	YES	
aiworker	vw_app_aiworker_runtime_execution_api_contract_v1	19	sort_order	integer	int4	YES	
aiworker	vw_app_aiworker_runtime_execution_app_read_payload_v1	1	request_id	uuid	uuid	YES	
aiworker	vw_app_aiworker_runtime_execution_app_read_payload_v1	2	request_code	text	text	YES	
aiworker	vw_app_aiworker_runtime_execution_app_read_payload_v1	3	app_surface_code	text	text	YES	
aiworker	vw_app_aiworker_runtime_execution_app_read_payload_v1	4	app_surface_name_ja	text	text	YES	
aiworker	vw_app_aiworker_runtime_execution_app_read_payload_v1	5	model_code	text	text	YES	
aiworker	vw_app_aiworker_runtime_execution_app_read_payload_v1	6	model_no	text	text	YES	
aiworker	vw_app_aiworker_runtime_execution_app_read_payload_v1	7	model_name_ja	text	text	YES	
aiworker	vw_app_aiworker_runtime_execution_app_read_payload_v1	8	series_code	text	text	YES	
aiworker	vw_app_aiworker_runtime_execution_app_read_payload_v1	9	series_name_ja	text	text	YES	
aiworker	vw_app_aiworker_runtime_execution_app_read_payload_v1	10	role_layer_code	text	text	YES	
aiworker	vw_app_aiworker_runtime_execution_app_read_payload_v1	11	role_layer_name_ja	text	text	YES	
aiworker	vw_app_aiworker_runtime_execution_app_read_payload_v1	12	task_domain_code	text	text	YES	
aiworker	vw_app_aiworker_runtime_execution_app_read_payload_v1	13	task_title	text	text	YES	
aiworker	vw_app_aiworker_runtime_execution_app_read_payload_v1	14	request_status_code	text	text	YES	
aiworker	vw_app_aiworker_runtime_execution_app_read_payload_v1	15	delivery_status_code	text	text	YES	
aiworker	vw_app_aiworker_runtime_execution_app_read_payload_v1	16	full_pipeline_safe_internal_flag	boolean	bool	YES	
aiworker	vw_app_aiworker_runtime_execution_app_read_payload_v1	17	app_read_payload_jsonb	jsonb	jsonb	YES	
aiworker	vw_app_aiworker_runtime_execution_app_read_payload_v1	18	request_created_at	timestamp with time zone	timestamptz	YES	
aiworker	vw_app_aiworker_runtime_execution_app_read_payload_v1	19	delivery_created_at	timestamp with time zone	timestamptz	YES	
aiworker	vw_app_aiworker_runtime_execution_endpoint_ready_v1	1	contract_count	bigint	int8	YES	
aiworker	vw_app_aiworker_runtime_execution_endpoint_ready_v1	2	read_endpoint_count	bigint	int8	YES	
aiworker	vw_app_aiworker_runtime_execution_endpoint_ready_v1	3	write_endpoint_count	bigint	int8	YES	
aiworker	vw_app_aiworker_runtime_execution_endpoint_ready_v1	4	internal_write_endpoint_count	bigint	int8	YES	
aiworker	vw_app_aiworker_runtime_execution_endpoint_ready_v1	5	all_external_execution_blocked	boolean	bool	YES	
aiworker	vw_app_aiworker_runtime_execution_endpoint_ready_v1	6	all_pg_apply_blocked	boolean	bool	YES	
aiworker	vw_app_aiworker_runtime_execution_endpoint_ready_v1	7	all_destructive_action_blocked	boolean	bool	YES	
aiworker	vw_app_aiworker_runtime_execution_endpoint_ready_v1	8	all_auth_required	boolean	bool	YES	
aiworker	vw_app_aiworker_runtime_execution_endpoint_ready_v1	9	latest_contract_updated_at	timestamp with time zone	timestamptz	YES	
aiworker	vw_app_aiworker_runtime_execution_gate_board_v1	1	gate_id	uuid	uuid	YES	
aiworker	vw_app_aiworker_runtime_execution_gate_board_v1	2	request_id	uuid	uuid	YES	
aiworker	vw_app_aiworker_runtime_execution_gate_board_v1	3	request_code	text	text	YES	
aiworker	vw_app_aiworker_runtime_execution_gate_board_v1	4	app_surface_code	text	text	YES	
aiworker	vw_app_aiworker_runtime_execution_gate_board_v1	5	model_code	text	text	YES	
aiworker	vw_app_aiworker_runtime_execution_gate_board_v1	6	model_no	text	text	YES	
aiworker	vw_app_aiworker_runtime_execution_gate_board_v1	7	model_name_ja	text	text	YES	
aiworker	vw_app_aiworker_runtime_execution_gate_board_v1	8	task_domain_code	text	text	YES	
aiworker	vw_app_aiworker_runtime_execution_gate_board_v1	9	task_title	text	text	YES	
aiworker	vw_app_aiworker_runtime_execution_gate_board_v1	10	gate_type_code	text	text	YES	
aiworker	vw_app_aiworker_runtime_execution_gate_board_v1	11	gate_status_code	text	text	YES	
aiworker	vw_app_aiworker_runtime_execution_gate_board_v1	12	gate_result_code	text	text	YES	
aiworker	vw_app_aiworker_runtime_execution_gate_board_v1	13	reviewer_role_layer_code	text	text	YES	
aiworker	vw_app_aiworker_runtime_execution_gate_board_v1	14	review_summary_ja	text	text	YES	
aiworker	vw_app_aiworker_runtime_execution_gate_board_v1	15	created_at	timestamp with time zone	timestamptz	YES	
aiworker	vw_app_aiworker_runtime_execution_gate_board_v1	16	updated_at	timestamp with time zone	timestamptz	YES	
aiworker	vw_app_aiworker_runtime_execution_intake_payload_v1	1	request_id	uuid	uuid	YES	
aiworker	vw_app_aiworker_runtime_execution_intake_payload_v1	2	request_code	text	text	YES	
aiworker	vw_app_aiworker_runtime_execution_intake_payload_v1	3	intake_payload_jsonb	jsonb	jsonb	YES	
aiworker	vw_app_aiworker_runtime_execution_intake_payload_v1	4	created_at	timestamp with time zone	timestamptz	YES	
aiworker	vw_app_aiworker_runtime_execution_persistent_smoke_board_v1	1	request_id	uuid	uuid	YES	
aiworker	vw_app_aiworker_runtime_execution_persistent_smoke_board_v1	2	request_code	text	text	YES	
aiworker	vw_app_aiworker_runtime_execution_persistent_smoke_board_v1	3	app_surface_code	text	text	YES	
aiworker	vw_app_aiworker_runtime_execution_persistent_smoke_board_v1	4	app_surface_name_ja	text	text	YES	
aiworker	vw_app_aiworker_runtime_execution_persistent_smoke_board_v1	5	model_code	text	text	YES	
aiworker	vw_app_aiworker_runtime_execution_persistent_smoke_board_v1	6	model_no	text	text	YES	
aiworker	vw_app_aiworker_runtime_execution_persistent_smoke_board_v1	7	model_name_ja	text	text	YES	
aiworker	vw_app_aiworker_runtime_execution_persistent_smoke_board_v1	8	series_code	text	text	YES	
aiworker	vw_app_aiworker_runtime_execution_persistent_smoke_board_v1	9	series_name_ja	text	text	YES	
aiworker	vw_app_aiworker_runtime_execution_persistent_smoke_board_v1	10	role_layer_code	text	text	YES	
aiworker	vw_app_aiworker_runtime_execution_persistent_smoke_board_v1	11	role_layer_name_ja	text	text	YES	
aiworker	vw_app_aiworker_runtime_execution_persistent_smoke_board_v1	12	task_domain_code	text	text	YES	
aiworker	vw_app_aiworker_runtime_execution_persistent_smoke_board_v1	13	task_title	text	text	YES	
aiworker	vw_app_aiworker_runtime_execution_persistent_smoke_board_v1	14	request_status_code	text	text	YES	
aiworker	vw_app_aiworker_runtime_execution_persistent_smoke_board_v1	15	operation_mode_code	text	text	YES	
aiworker	vw_app_aiworker_runtime_execution_persistent_smoke_board_v1	16	self_review_pass_count	integer	int4	YES	
aiworker	vw_app_aiworker_runtime_execution_persistent_smoke_board_v1	17	proposal_count_max	integer	int4	YES	
aiworker	vw_app_aiworker_runtime_execution_persistent_smoke_board_v1	18	review_required_flag	boolean	bool	YES	
aiworker	vw_app_aiworker_runtime_execution_persistent_smoke_board_v1	19	human_go_required_flag	boolean	bool	YES	
aiworker	vw_app_aiworker_runtime_execution_persistent_smoke_board_v1	20	request_external_execution_allowed_flag	boolean	bool	YES	
aiworker	vw_app_aiworker_runtime_execution_persistent_smoke_board_v1	21	request_pg_apply_allowed_flag	boolean	bool	YES	
aiworker	vw_app_aiworker_runtime_execution_persistent_smoke_board_v1	22	request_destructive_action_allowed_flag	boolean	bool	YES	
aiworker	vw_app_aiworker_runtime_execution_persistent_smoke_board_v1	23	output_status_code	text	text	YES	
aiworker	vw_app_aiworker_runtime_execution_persistent_smoke_board_v1	24	output_result_code	text	text	YES	
aiworker	vw_app_aiworker_runtime_execution_persistent_smoke_board_v1	25	output_title_ja	text	text	YES	
aiworker	vw_app_aiworker_runtime_execution_persistent_smoke_board_v1	26	safety_result_code	text	text	YES	
aiworker	vw_app_aiworker_runtime_execution_persistent_smoke_board_v1	27	leader_review_result_code	text	text	YES	
aiworker	vw_app_aiworker_runtime_execution_persistent_smoke_board_v1	28	leader_review_status_code	text	text	YES	
aiworker	vw_app_aiworker_runtime_execution_persistent_smoke_board_v1	29	leader_return_for_fix_flag	boolean	bool	YES	
aiworker	vw_app_aiworker_runtime_execution_persistent_smoke_board_v1	30	manager_gate_result_code	text	text	YES	
aiworker	vw_app_aiworker_runtime_execution_persistent_smoke_board_v1	31	manager_gate_status_code	text	text	YES	
aiworker	vw_app_aiworker_runtime_execution_persistent_smoke_board_v1	32	manager_return_for_fix_flag	boolean	bool	YES	
aiworker	vw_app_aiworker_runtime_execution_persistent_smoke_board_v1	33	president_approval_result_code	text	text	YES	
aiworker	vw_app_aiworker_runtime_execution_persistent_smoke_board_v1	34	president_approval_status_code	text	text	YES	
aiworker	vw_app_aiworker_runtime_execution_persistent_smoke_board_v1	35	president_human_go_required_flag	boolean	bool	YES	
aiworker	vw_app_aiworker_runtime_execution_persistent_smoke_board_v1	36	delivery_status_code	text	text	YES	
aiworker	vw_app_aiworker_runtime_execution_persistent_smoke_board_v1	37	delivery_result_code	text	text	YES	
aiworker	vw_app_aiworker_runtime_execution_persistent_smoke_board_v1	38	human_go_confirmed_flag	boolean	bool	YES	
aiworker	vw_app_aiworker_runtime_execution_persistent_smoke_board_v1	39	external_execution_performed_flag	boolean	bool	YES	
aiworker	vw_app_aiworker_runtime_execution_persistent_smoke_board_v1	40	pg_apply_performed_flag	boolean	bool	YES	
aiworker	vw_app_aiworker_runtime_execution_persistent_smoke_board_v1	41	destructive_action_performed_flag	boolean	bool	YES	
aiworker	vw_app_aiworker_runtime_execution_persistent_smoke_board_v1	42	full_pipeline_safe_internal_flag	boolean	bool	YES	
aiworker	vw_app_aiworker_runtime_execution_persistent_smoke_board_v1	43	request_created_at	timestamp with time zone	timestamptz	YES	
aiworker	vw_app_aiworker_runtime_execution_persistent_smoke_board_v1	44	output_created_at	timestamp with time zone	timestamptz	YES	
aiworker	vw_app_aiworker_runtime_execution_persistent_smoke_board_v1	45	leader_review_created_at	timestamp with time zone	timestamptz	YES	
aiworker	vw_app_aiworker_runtime_execution_persistent_smoke_board_v1	46	manager_gate_created_at	timestamp with time zone	timestamptz	YES	
aiworker	vw_app_aiworker_runtime_execution_persistent_smoke_board_v1	47	president_approval_created_at	timestamp with time zone	timestamptz	YES	
aiworker	vw_app_aiworker_runtime_execution_persistent_smoke_board_v1	48	delivery_created_at	timestamp with time zone	timestamptz	YES	
aiworker	vw_app_aiworker_runtime_execution_request_board_v1	1	request_id	uuid	uuid	YES	
aiworker	vw_app_aiworker_runtime_execution_request_board_v1	2	request_code	text	text	YES	
aiworker	vw_app_aiworker_runtime_execution_request_board_v1	3	app_surface_code	text	text	YES	
aiworker	vw_app_aiworker_runtime_execution_request_board_v1	4	app_surface_name_ja	text	text	YES	
aiworker	vw_app_aiworker_runtime_execution_request_board_v1	5	source_app_ref	text	text	YES	
aiworker	vw_app_aiworker_runtime_execution_request_board_v1	6	source_request_ref	text	text	YES	
aiworker	vw_app_aiworker_runtime_execution_request_board_v1	7	model_code	text	text	YES	
aiworker	vw_app_aiworker_runtime_execution_request_board_v1	8	model_no	text	text	YES	
aiworker	vw_app_aiworker_runtime_execution_request_board_v1	9	model_name_ja	text	text	YES	
aiworker	vw_app_aiworker_runtime_execution_request_board_v1	10	series_code	text	text	YES	
aiworker	vw_app_aiworker_runtime_execution_request_board_v1	11	series_name_ja	text	text	YES	
aiworker	vw_app_aiworker_runtime_execution_request_board_v1	12	role_layer_code	text	text	YES	
aiworker	vw_app_aiworker_runtime_execution_request_board_v1	13	role_layer_name_ja	text	text	YES	
aiworker	vw_app_aiworker_runtime_execution_request_board_v1	14	task_domain_code	text	text	YES	
aiworker	vw_app_aiworker_runtime_execution_request_board_v1	15	task_title	text	text	YES	
aiworker	vw_app_aiworker_runtime_execution_request_board_v1	16	requested_by_ref	text	text	YES	
aiworker	vw_app_aiworker_runtime_execution_request_board_v1	17	idempotency_key	text	text	YES	
aiworker	vw_app_aiworker_runtime_execution_request_board_v1	18	request_status_code	text	text	YES	
aiworker	vw_app_aiworker_runtime_execution_request_board_v1	19	operation_mode_code	text	text	YES	
aiworker	vw_app_aiworker_runtime_execution_request_board_v1	20	self_review_pass_count	integer	int4	YES	
aiworker	vw_app_aiworker_runtime_execution_request_board_v1	21	proposal_count_min	integer	int4	YES	
aiworker	vw_app_aiworker_runtime_execution_request_board_v1	22	proposal_count_max	integer	int4	YES	
aiworker	vw_app_aiworker_runtime_execution_request_board_v1	23	response_style_code	text	text	YES	
aiworker	vw_app_aiworker_runtime_execution_request_board_v1	24	required_checklist_code	text	text	YES	
aiworker	vw_app_aiworker_runtime_execution_request_board_v1	25	context_scope_code	text	text	YES	
aiworker	vw_app_aiworker_runtime_execution_request_board_v1	26	cx_reference_depth_code	text	text	YES	
aiworker	vw_app_aiworker_runtime_execution_request_board_v1	27	handoff_format_code	text	text	YES	
aiworker	vw_app_aiworker_runtime_execution_request_board_v1	28	handoff_required_flag	boolean	bool	YES	
aiworker	vw_app_aiworker_runtime_execution_request_board_v1	29	review_required_flag	boolean	bool	YES	
aiworker	vw_app_aiworker_runtime_execution_request_board_v1	30	human_go_required_flag	boolean	bool	YES	
aiworker	vw_app_aiworker_runtime_execution_request_board_v1	31	external_execution_allowed_flag	boolean	bool	YES	
aiworker	vw_app_aiworker_runtime_execution_request_board_v1	32	pg_apply_allowed_flag	boolean	bool	YES	
aiworker	vw_app_aiworker_runtime_execution_request_board_v1	33	destructive_action_allowed_flag	boolean	bool	YES	
aiworker	vw_app_aiworker_runtime_execution_request_board_v1	34	internal_safe_flag	boolean	bool	YES	
aiworker	vw_app_aiworker_runtime_execution_request_board_v1	35	created_at	timestamp with time zone	timestamptz	YES	
aiworker	vw_app_aiworker_runtime_execution_request_board_v1	36	updated_at	timestamp with time zone	timestamptz	YES	
aiworker	vw_app_aiworker_runtime_full_pipeline_board_v1	1	request_id	uuid	uuid	YES	
aiworker	vw_app_aiworker_runtime_full_pipeline_board_v1	2	request_code	text	text	YES	
aiworker	vw_app_aiworker_runtime_full_pipeline_board_v1	3	app_surface_code	text	text	YES	
aiworker	vw_app_aiworker_runtime_full_pipeline_board_v1	4	app_surface_name_ja	text	text	YES	
aiworker	vw_app_aiworker_runtime_full_pipeline_board_v1	5	model_code	text	text	YES	
aiworker	vw_app_aiworker_runtime_full_pipeline_board_v1	6	model_no	text	text	YES	
aiworker	vw_app_aiworker_runtime_full_pipeline_board_v1	7	model_name_ja	text	text	YES	
aiworker	vw_app_aiworker_runtime_full_pipeline_board_v1	8	series_code	text	text	YES	
aiworker	vw_app_aiworker_runtime_full_pipeline_board_v1	9	series_name_ja	text	text	YES	
aiworker	vw_app_aiworker_runtime_full_pipeline_board_v1	10	role_layer_code	text	text	YES	
aiworker	vw_app_aiworker_runtime_full_pipeline_board_v1	11	role_layer_name_ja	text	text	YES	
aiworker	vw_app_aiworker_runtime_full_pipeline_board_v1	12	task_domain_code	text	text	YES	
aiworker	vw_app_aiworker_runtime_full_pipeline_board_v1	13	task_title	text	text	YES	
aiworker	vw_app_aiworker_runtime_full_pipeline_board_v1	14	request_status_code	text	text	YES	
aiworker	vw_app_aiworker_runtime_full_pipeline_board_v1	15	operation_mode_code	text	text	YES	
aiworker	vw_app_aiworker_runtime_full_pipeline_board_v1	16	self_review_pass_count	integer	int4	YES	
aiworker	vw_app_aiworker_runtime_full_pipeline_board_v1	17	proposal_count_max	integer	int4	YES	
aiworker	vw_app_aiworker_runtime_full_pipeline_board_v1	18	review_required_flag	boolean	bool	YES	
aiworker	vw_app_aiworker_runtime_full_pipeline_board_v1	19	human_go_required_flag	boolean	bool	YES	
aiworker	vw_app_aiworker_runtime_full_pipeline_board_v1	20	request_external_execution_allowed_flag	boolean	bool	YES	
aiworker	vw_app_aiworker_runtime_full_pipeline_board_v1	21	request_pg_apply_allowed_flag	boolean	bool	YES	
aiworker	vw_app_aiworker_runtime_full_pipeline_board_v1	22	request_destructive_action_allowed_flag	boolean	bool	YES	
aiworker	vw_app_aiworker_runtime_full_pipeline_board_v1	23	output_status_code	text	text	YES	
aiworker	vw_app_aiworker_runtime_full_pipeline_board_v1	24	output_result_code	text	text	YES	
aiworker	vw_app_aiworker_runtime_full_pipeline_board_v1	25	output_title_ja	text	text	YES	
aiworker	vw_app_aiworker_runtime_full_pipeline_board_v1	26	safety_result_code	text	text	YES	
aiworker	vw_app_aiworker_runtime_full_pipeline_board_v1	27	leader_review_result_code	text	text	YES	
aiworker	vw_app_aiworker_runtime_full_pipeline_board_v1	28	leader_review_status_code	text	text	YES	
aiworker	vw_app_aiworker_runtime_full_pipeline_board_v1	29	leader_return_for_fix_flag	boolean	bool	YES	
aiworker	vw_app_aiworker_runtime_full_pipeline_board_v1	30	manager_gate_result_code	text	text	YES	
aiworker	vw_app_aiworker_runtime_full_pipeline_board_v1	31	manager_gate_status_code	text	text	YES	
aiworker	vw_app_aiworker_runtime_full_pipeline_board_v1	32	manager_return_for_fix_flag	boolean	bool	YES	
aiworker	vw_app_aiworker_runtime_full_pipeline_board_v1	33	president_approval_result_code	text	text	YES	
aiworker	vw_app_aiworker_runtime_full_pipeline_board_v1	34	president_approval_status_code	text	text	YES	
aiworker	vw_app_aiworker_runtime_full_pipeline_board_v1	35	president_human_go_required_flag	boolean	bool	YES	
aiworker	vw_app_aiworker_runtime_full_pipeline_board_v1	36	delivery_status_code	text	text	YES	
aiworker	vw_app_aiworker_runtime_full_pipeline_board_v1	37	delivery_result_code	text	text	YES	
aiworker	vw_app_aiworker_runtime_full_pipeline_board_v1	38	human_go_confirmed_flag	boolean	bool	YES	
aiworker	vw_app_aiworker_runtime_full_pipeline_board_v1	39	external_execution_performed_flag	boolean	bool	YES	
aiworker	vw_app_aiworker_runtime_full_pipeline_board_v1	40	pg_apply_performed_flag	boolean	bool	YES	
aiworker	vw_app_aiworker_runtime_full_pipeline_board_v1	41	destructive_action_performed_flag	boolean	bool	YES	
aiworker	vw_app_aiworker_runtime_full_pipeline_board_v1	42	full_pipeline_safe_internal_flag	boolean	bool	YES	
aiworker	vw_app_aiworker_runtime_full_pipeline_board_v1	43	request_created_at	timestamp with time zone	timestamptz	YES	
aiworker	vw_app_aiworker_runtime_full_pipeline_board_v1	44	output_created_at	timestamp with time zone	timestamptz	YES	
aiworker	vw_app_aiworker_runtime_full_pipeline_board_v1	45	leader_review_created_at	timestamp with time zone	timestamptz	YES	
aiworker	vw_app_aiworker_runtime_full_pipeline_board_v1	46	manager_gate_created_at	timestamp with time zone	timestamptz	YES	
aiworker	vw_app_aiworker_runtime_full_pipeline_board_v1	47	president_approval_created_at	timestamp with time zone	timestamptz	YES	
aiworker	vw_app_aiworker_runtime_full_pipeline_board_v1	48	delivery_created_at	timestamp with time zone	timestamptz	YES	
aiworker	vw_app_aiworker_runtime_handoff_packet_board_v1	1	handoff_id	uuid	uuid	YES	
aiworker	vw_app_aiworker_runtime_handoff_packet_board_v1	2	request_id	uuid	uuid	YES	
aiworker	vw_app_aiworker_runtime_handoff_packet_board_v1	3	request_code	text	text	YES	
aiworker	vw_app_aiworker_runtime_handoff_packet_board_v1	4	app_surface_code	text	text	YES	
aiworker	vw_app_aiworker_runtime_handoff_packet_board_v1	5	model_code	text	text	YES	
aiworker	vw_app_aiworker_runtime_handoff_packet_board_v1	6	model_no	text	text	YES	
aiworker	vw_app_aiworker_runtime_handoff_packet_board_v1	7	model_name_ja	text	text	YES	
aiworker	vw_app_aiworker_runtime_handoff_packet_board_v1	8	task_domain_code	text	text	YES	
aiworker	vw_app_aiworker_runtime_handoff_packet_board_v1	9	task_title	text	text	YES	
aiworker	vw_app_aiworker_runtime_handoff_packet_board_v1	10	handoff_code	text	text	YES	
aiworker	vw_app_aiworker_runtime_handoff_packet_board_v1	11	from_actor_ref	text	text	YES	
aiworker	vw_app_aiworker_runtime_handoff_packet_board_v1	12	to_role_layer_code	text	text	YES	
aiworker	vw_app_aiworker_runtime_handoff_packet_board_v1	13	handoff_status_code	text	text	YES	
aiworker	vw_app_aiworker_runtime_handoff_packet_board_v1	14	handoff_format_code	text	text	YES	
aiworker	vw_app_aiworker_runtime_handoff_packet_board_v1	15	handoff_title_ja	text	text	YES	
aiworker	vw_app_aiworker_runtime_handoff_packet_board_v1	16	handoff_payload_jsonb	jsonb	jsonb	YES	
aiworker	vw_app_aiworker_runtime_handoff_packet_board_v1	17	created_at	timestamp with time zone	timestamptz	YES	
aiworker	vw_app_aiworker_runtime_handoff_packet_board_v1	18	updated_at	timestamp with time zone	timestamptz	YES	
aiworker	vw_app_aiworker_runtime_leader_review_board_v1	1	leader_review_id	uuid	uuid	YES	
aiworker	vw_app_aiworker_runtime_leader_review_board_v1	2	request_id	uuid	uuid	YES	
aiworker	vw_app_aiworker_runtime_leader_review_board_v1	3	request_code	text	text	YES	
aiworker	vw_app_aiworker_runtime_leader_review_board_v1	4	app_surface_code	text	text	YES	
aiworker	vw_app_aiworker_runtime_leader_review_board_v1	5	model_code	text	text	YES	
aiworker	vw_app_aiworker_runtime_leader_review_board_v1	6	model_no	text	text	YES	
aiworker	vw_app_aiworker_runtime_leader_review_board_v1	7	model_name_ja	text	text	YES	
aiworker	vw_app_aiworker_runtime_leader_review_board_v1	8	task_domain_code	text	text	YES	
aiworker	vw_app_aiworker_runtime_leader_review_board_v1	9	task_title	text	text	YES	
aiworker	vw_app_aiworker_runtime_leader_review_board_v1	10	review_code	text	text	YES	
aiworker	vw_app_aiworker_runtime_leader_review_board_v1	11	review_result_code	text	text	YES	
aiworker	vw_app_aiworker_runtime_leader_review_board_v1	12	review_status_code	text	text	YES	
aiworker	vw_app_aiworker_runtime_leader_review_board_v1	13	reviewer_role_layer_code	text	text	YES	
aiworker	vw_app_aiworker_runtime_leader_review_board_v1	14	review_summary_ja	text	text	YES	
aiworker	vw_app_aiworker_runtime_leader_review_board_v1	15	return_for_fix_flag	boolean	bool	YES	
aiworker	vw_app_aiworker_runtime_leader_review_board_v1	16	created_at	timestamp with time zone	timestamptz	YES	
aiworker	vw_app_aiworker_runtime_leader_review_board_v1	17	updated_at	timestamp with time zone	timestamptz	YES	
aiworker	vw_app_aiworker_runtime_manager_gate_board_v1	1	manager_gate_id	uuid	uuid	YES	
aiworker	vw_app_aiworker_runtime_manager_gate_board_v1	2	request_id	uuid	uuid	YES	
aiworker	vw_app_aiworker_runtime_manager_gate_board_v1	3	request_code	text	text	YES	
aiworker	vw_app_aiworker_runtime_manager_gate_board_v1	4	app_surface_code	text	text	YES	
aiworker	vw_app_aiworker_runtime_manager_gate_board_v1	5	model_code	text	text	YES	
aiworker	vw_app_aiworker_runtime_manager_gate_board_v1	6	model_no	text	text	YES	
aiworker	vw_app_aiworker_runtime_manager_gate_board_v1	7	model_name_ja	text	text	YES	
aiworker	vw_app_aiworker_runtime_manager_gate_board_v1	8	task_domain_code	text	text	YES	
aiworker	vw_app_aiworker_runtime_manager_gate_board_v1	9	task_title	text	text	YES	
aiworker	vw_app_aiworker_runtime_manager_gate_board_v1	10	gate_code	text	text	YES	
aiworker	vw_app_aiworker_runtime_manager_gate_board_v1	11	gate_result_code	text	text	YES	
aiworker	vw_app_aiworker_runtime_manager_gate_board_v1	12	gate_status_code	text	text	YES	
aiworker	vw_app_aiworker_runtime_manager_gate_board_v1	13	gate_summary_ja	text	text	YES	
aiworker	vw_app_aiworker_runtime_manager_gate_board_v1	14	return_for_fix_flag	boolean	bool	YES	
aiworker	vw_app_aiworker_runtime_manager_gate_board_v1	15	external_execution_allowed_flag	boolean	bool	YES	
aiworker	vw_app_aiworker_runtime_manager_gate_board_v1	16	pg_apply_allowed_flag	boolean	bool	YES	
aiworker	vw_app_aiworker_runtime_manager_gate_board_v1	17	destructive_action_allowed_flag	boolean	bool	YES	
aiworker	vw_app_aiworker_runtime_manager_gate_board_v1	18	created_at	timestamp with time zone	timestamptz	YES	
aiworker	vw_app_aiworker_runtime_manager_gate_board_v1	19	updated_at	timestamp with time zone	timestamptz	YES	
aiworker	vw_app_aiworker_runtime_president_approval_board_v1	1	president_approval_id	uuid	uuid	YES	
aiworker	vw_app_aiworker_runtime_president_approval_board_v1	2	request_id	uuid	uuid	YES	
aiworker	vw_app_aiworker_runtime_president_approval_board_v1	3	request_code	text	text	YES	
aiworker	vw_app_aiworker_runtime_president_approval_board_v1	4	app_surface_code	text	text	YES	
aiworker	vw_app_aiworker_runtime_president_approval_board_v1	5	model_code	text	text	YES	
aiworker	vw_app_aiworker_runtime_president_approval_board_v1	6	model_no	text	text	YES	
aiworker	vw_app_aiworker_runtime_president_approval_board_v1	7	model_name_ja	text	text	YES	
aiworker	vw_app_aiworker_runtime_president_approval_board_v1	8	task_domain_code	text	text	YES	
aiworker	vw_app_aiworker_runtime_president_approval_board_v1	9	task_title	text	text	YES	
aiworker	vw_app_aiworker_runtime_president_approval_board_v1	10	approval_code	text	text	YES	
aiworker	vw_app_aiworker_runtime_president_approval_board_v1	11	approval_result_code	text	text	YES	
aiworker	vw_app_aiworker_runtime_president_approval_board_v1	12	approval_status_code	text	text	YES	
aiworker	vw_app_aiworker_runtime_president_approval_board_v1	13	approval_summary_ja	text	text	YES	
aiworker	vw_app_aiworker_runtime_president_approval_board_v1	14	human_go_required_flag	boolean	bool	YES	
aiworker	vw_app_aiworker_runtime_president_approval_board_v1	15	external_execution_allowed_flag	boolean	bool	YES	
aiworker	vw_app_aiworker_runtime_president_approval_board_v1	16	pg_apply_allowed_flag	boolean	bool	YES	
aiworker	vw_app_aiworker_runtime_president_approval_board_v1	17	destructive_action_allowed_flag	boolean	bool	YES	
aiworker	vw_app_aiworker_runtime_president_approval_board_v1	18	created_at	timestamp with time zone	timestamptz	YES	
aiworker	vw_app_aiworker_runtime_president_approval_board_v1	19	updated_at	timestamp with time zone	timestamptz	YES	
aiworker	vw_app_aiworker_runtime_worker_output_board_v1	1	output_id	uuid	uuid	YES	
aiworker	vw_app_aiworker_runtime_worker_output_board_v1	2	request_id	uuid	uuid	YES	
aiworker	vw_app_aiworker_runtime_worker_output_board_v1	3	request_code	text	text	YES	
aiworker	vw_app_aiworker_runtime_worker_output_board_v1	4	app_surface_code	text	text	YES	
aiworker	vw_app_aiworker_runtime_worker_output_board_v1	5	model_code	text	text	YES	
aiworker	vw_app_aiworker_runtime_worker_output_board_v1	6	model_no	text	text	YES	
aiworker	vw_app_aiworker_runtime_worker_output_board_v1	7	model_name_ja	text	text	YES	
aiworker	vw_app_aiworker_runtime_worker_output_board_v1	8	series_code	text	text	YES	
aiworker	vw_app_aiworker_runtime_worker_output_board_v1	9	series_name_ja	text	text	YES	
aiworker	vw_app_aiworker_runtime_worker_output_board_v1	10	role_layer_code	text	text	YES	
aiworker	vw_app_aiworker_runtime_worker_output_board_v1	11	role_layer_name_ja	text	text	YES	
aiworker	vw_app_aiworker_runtime_worker_output_board_v1	12	task_domain_code	text	text	YES	
aiworker	vw_app_aiworker_runtime_worker_output_board_v1	13	task_title	text	text	YES	
aiworker	vw_app_aiworker_runtime_worker_output_board_v1	14	output_code	text	text	YES	
aiworker	vw_app_aiworker_runtime_worker_output_board_v1	15	output_status_code	text	text	YES	
aiworker	vw_app_aiworker_runtime_worker_output_board_v1	16	output_result_code	text	text	YES	
aiworker	vw_app_aiworker_runtime_worker_output_board_v1	17	output_title_ja	text	text	YES	
aiworker	vw_app_aiworker_runtime_worker_output_board_v1	18	output_summary_ja	text	text	YES	
aiworker	vw_app_aiworker_runtime_worker_output_board_v1	19	safety_result_code	text	text	YES	
aiworker	vw_app_aiworker_runtime_worker_output_board_v1	20	external_execution_performed_flag	boolean	bool	YES	
aiworker	vw_app_aiworker_runtime_worker_output_board_v1	21	pg_apply_performed_flag	boolean	bool	YES	
aiworker	vw_app_aiworker_runtime_worker_output_board_v1	22	destructive_action_performed_flag	boolean	bool	YES	
aiworker	vw_app_aiworker_runtime_worker_output_board_v1	23	created_at	timestamp with time zone	timestamptz	YES	
aiworker	vw_app_aiworker_runtime_worker_output_board_v1	24	updated_at	timestamp with time zone	timestamptz	YES	
aiworker	vw_app_aiworker_series_selection_directory_v1	1	registry_code	text	text	YES	
aiworker	vw_app_aiworker_series_selection_directory_v1	2	manufacturer_code	text	text	YES	
aiworker	vw_app_aiworker_series_selection_directory_v1	3	manufacturer_name	text	text	YES	
aiworker	vw_app_aiworker_series_selection_directory_v1	4	manufacturer_name_ja	text	text	YES	
aiworker	vw_app_aiworker_series_selection_directory_v1	5	series_code	text	text	YES	
aiworker	vw_app_aiworker_series_selection_directory_v1	6	series_name	text	text	YES	
aiworker	vw_app_aiworker_series_selection_directory_v1	7	series_name_ja	text	text	YES	
aiworker	vw_app_aiworker_series_selection_directory_v1	8	series_category_code	text	text	YES	
aiworker	vw_app_aiworker_series_selection_directory_v1	9	public_summary_ja	text	text	YES	
aiworker	vw_app_aiworker_series_selection_directory_v1	10	public_scope_note_ja	text	text	YES	
aiworker	vw_app_aiworker_series_selection_directory_v1	11	initiative_ja	text	text	YES	
aiworker	vw_app_aiworker_series_selection_directory_v1	12	initiative_code	text	text	YES	
aiworker	vw_app_aiworker_series_selection_directory_v1	13	user_influence_ja	text	text	YES	
aiworker	vw_app_aiworker_series_selection_directory_v1	14	user_influence_code	text	text	YES	
aiworker	vw_app_aiworker_series_selection_directory_v1	15	action_restriction_ja	text	text	YES	
aiworker	vw_app_aiworker_series_selection_directory_v1	16	action_restriction_code	text	text	YES	
aiworker	vw_app_aiworker_series_selection_directory_v1	17	tendency_json	jsonb	jsonb	YES	
aiworker	vw_app_aiworker_series_selection_directory_v1	18	app_reference_allowed_flag	boolean	bool	YES	
aiworker	vw_app_lovers_style_selection_card_v1	1	manufacturer_code	text	text	YES	
aiworker	vw_app_lovers_style_selection_card_v1	2	series_code	text	text	YES	
aiworker	vw_app_lovers_style_selection_card_v1	3	style_no	integer	int4	YES	
aiworker	vw_app_lovers_style_selection_card_v1	4	style_no_text	text	text	YES	
aiworker	vw_app_lovers_style_selection_card_v1	5	style_code	text	text	YES	
aiworker	vw_app_lovers_style_selection_card_v1	6	app_display_name_ja	text	text	YES	
aiworker	vw_app_lovers_style_selection_card_v1	7	app_display_summary_ja	text	text	YES	
aiworker	vw_app_lovers_style_selection_card_v1	8	app_display_tags_ja	jsonb	jsonb	YES	
aiworker	vw_app_lovers_style_selection_card_v1	9	recommended_usage_jsonb	jsonb	jsonb	YES	
aiworker	vw_app_lovers_style_selection_card_v1	10	safety_overlay_jsonb	jsonb	jsonb	YES	
aiworker	vw_app_lovers_style_selection_card_v1	11	searchable_features_jsonb	jsonb	jsonb	YES	
aiworker	vw_app_lovers_style_selection_card_v1	12	requires_strong_safety_notice_flag	boolean	bool	YES	
aiworker	vw_app_lovers_style_selection_card_v1	13	lover_contract_scope_code	text	text	YES	
aiworker	vw_app_megami_candidate_lineup_v1	1	manufacturer_code	text	text	YES	
aiworker	vw_app_megami_candidate_lineup_v1	2	series_code	text	text	YES	
aiworker	vw_app_megami_candidate_lineup_v1	3	model_code	text	text	YES	
aiworker	vw_app_megami_candidate_lineup_v1	4	model_no	text	text	YES	
aiworker	vw_app_megami_candidate_lineup_v1	5	model_name_ja	text	text	YES	
aiworker	vw_app_megami_candidate_lineup_v1	6	role_layer_code	text	text	YES	
aiworker	vw_app_megami_candidate_lineup_v1	7	role_layer_name_ja	text	text	YES	
aiworker	vw_app_megami_candidate_lineup_v1	8	temporal_focus_code	text	text	YES	
aiworker	vw_app_megami_candidate_lineup_v1	9	temporal_focus_label_ja	text	text	YES	
aiworker	vw_app_megami_candidate_lineup_v1	10	worker_mode_summary_ja	text	text	YES	
aiworker	vw_app_megami_candidate_lineup_v1	11	friend_lover_style_family_code	text	text	YES	
aiworker	vw_app_megami_candidate_lineup_v1	12	friend_lover_style_family_ja	text	text	YES	
aiworker	vw_app_megami_candidate_lineup_v1	13	friend_lover_personality_summary_ja	text	text	YES	
aiworker	vw_app_megami_candidate_lineup_v1	14	personality_risk_note_ja	text	text	YES	
aiworker	vw_app_megami_candidate_lineup_v1	15	safety_overlay_jsonb	jsonb	jsonb	YES	
aiworker	vw_app_megami_candidate_lineup_v1	16	recommended_usage_jsonb	jsonb	jsonb	YES	
aiworker	vw_app_megami_candidate_lineup_v1	17	initiative_code	text	text	YES	
aiworker	vw_app_megami_candidate_lineup_v1	18	user_influence_code	text	text	YES	
aiworker	vw_app_megami_candidate_lineup_v1	19	action_restriction_code	text	text	YES	
aiworker	vw_app_megami_norn_three_sisters_lineup_with_body_v1	1	manufacturer_code	text	text	YES	
aiworker	vw_app_megami_norn_three_sisters_lineup_with_body_v1	2	series_code	text	text	YES	
aiworker	vw_app_megami_norn_three_sisters_lineup_with_body_v1	3	model_code	text	text	YES	
aiworker	vw_app_megami_norn_three_sisters_lineup_with_body_v1	4	model_no	text	text	YES	
aiworker	vw_app_megami_norn_three_sisters_lineup_with_body_v1	5	model_name	text	text	YES	
aiworker	vw_app_megami_norn_three_sisters_lineup_with_body_v1	6	model_name_ja	text	text	YES	
aiworker	vw_app_megami_norn_three_sisters_lineup_with_body_v1	7	role_layer_code	text	text	YES	
aiworker	vw_app_megami_norn_three_sisters_lineup_with_body_v1	8	role_layer_name_ja	text	text	YES	
aiworker	vw_app_megami_norn_three_sisters_lineup_with_body_v1	9	norn_code	text	text	YES	
aiworker	vw_app_megami_norn_three_sisters_lineup_with_body_v1	10	temporal_focus_code	text	text	YES	
aiworker	vw_app_megami_norn_three_sisters_lineup_with_body_v1	11	temporal_focus_label_ja	text	text	YES	
aiworker	vw_app_megami_norn_three_sisters_lineup_with_body_v1	12	worker_mode_summary_ja	text	text	YES	
aiworker	vw_app_megami_norn_three_sisters_lineup_with_body_v1	13	friend_lover_style_family_code	text	text	YES	
aiworker	vw_app_megami_norn_three_sisters_lineup_with_body_v1	14	friend_lover_style_family_ja	text	text	YES	
aiworker	vw_app_megami_norn_three_sisters_lineup_with_body_v1	15	friend_lover_personality_summary_ja	text	text	YES	
aiworker	vw_app_megami_norn_three_sisters_lineup_with_body_v1	16	personality_risk_note_ja	text	text	YES	
aiworker	vw_app_megami_norn_three_sisters_lineup_with_body_v1	17	safety_overlay_jsonb	jsonb	jsonb	YES	
aiworker	vw_app_megami_norn_three_sisters_lineup_with_body_v1	18	height_cm	integer	int4	YES	
aiworker	vw_app_megami_norn_three_sisters_lineup_with_body_v1	19	bust_cm	integer	int4	YES	
aiworker	vw_app_megami_norn_three_sisters_lineup_with_body_v1	20	waist_cm	integer	int4	YES	
aiworker	vw_app_megami_norn_three_sisters_lineup_with_body_v1	21	hip_cm	integer	int4	YES	
aiworker	vw_app_megami_norn_three_sisters_lineup_with_body_v1	22	body_profile_jsonb	jsonb	jsonb	YES	
aiworker	vw_app_megami_norn_three_sisters_lineup_with_body_v1	23	norn_three_sisters_body_condition_pass_flag	boolean	bool	YES	
aiworker	vw_app_megami_norn_three_sisters_lineup_with_body_v1	24	appearance_profile_note_ja	text	text	YES	
aiworker	vw_app_megami_norn_three_sisters_lineup_with_body_v1	25	sort_order	integer	int4	YES	
aiworker	vw_app_robot_capability_profile_directory_v1	1	manufacturer_code	text	text	YES	
aiworker	vw_app_robot_capability_profile_directory_v1	2	series_code	text	text	YES	
aiworker	vw_app_robot_capability_profile_directory_v1	3	precision_ja	text	text	YES	
aiworker	vw_app_robot_capability_profile_directory_v1	4	agility_ja	text	text	YES	
aiworker	vw_app_robot_capability_profile_directory_v1	5	coordination_ja	text	text	YES	
aiworker	vw_app_robot_capability_profile_directory_v1	6	continuity_ja	text	text	YES	
aiworker	vw_app_robot_capability_profile_directory_v1	7	specialization_depth_ja	text	text	YES	
aiworker	vw_app_robot_capability_profile_directory_v1	8	creativity_ja	text	text	YES	
aiworker	vw_app_robot_capability_profile_directory_v1	9	review_depth_ja	text	text	YES	
aiworker	vw_app_robot_capability_profile_directory_v1	10	stability_ja	text	text	YES	
aiworker	vw_app_robot_capability_profile_directory_v1	11	capability_jsonb	jsonb	jsonb	YES	
aiworker	vw_app_robot_capability_profile_directory_v1	12	sharing_scope_code	text	text	YES	
aiworker	vw_app_robot_capability_profile_directory_v1	13	sharing_scope_label_ja	text	text	YES	
aiworker	vw_app_robot_capability_profile_directory_v1	14	allowed_context_jsonb	jsonb	jsonb	YES	
aiworker	vw_app_robot_capability_profile_directory_v1	15	forbidden_context_jsonb	jsonb	jsonb	YES	
aiworker	vw_app_robot_capability_profile_directory_v1	16	policy_summary_ja	text	text	YES	
aiworker	vw_beyond_series_leader_lineup_v1	1	manufacturer_code	text	text	YES	
aiworker	vw_beyond_series_leader_lineup_v1	2	manufacturer_name	text	text	YES	
aiworker	vw_beyond_series_leader_lineup_v1	3	manufacturer_name_ja	text	text	YES	
aiworker	vw_beyond_series_leader_lineup_v1	4	series_code	text	text	YES	
aiworker	vw_beyond_series_leader_lineup_v1	5	series_name	text	text	YES	
aiworker	vw_beyond_series_leader_lineup_v1	6	series_name_ja	text	text	YES	
aiworker	vw_beyond_series_leader_lineup_v1	7	model_code	text	text	YES	
aiworker	vw_beyond_series_leader_lineup_v1	8	model_no	text	text	YES	
aiworker	vw_beyond_series_leader_lineup_v1	9	model_name	text	text	YES	
aiworker	vw_beyond_series_leader_lineup_v1	10	model_name_ja	text	text	YES	
aiworker	vw_beyond_series_leader_lineup_v1	11	role_layer_code	text	text	YES	
aiworker	vw_beyond_series_leader_lineup_v1	12	role_layer_name_ja	text	text	YES	
aiworker	vw_beyond_series_leader_lineup_v1	13	capability_summary	text	text	YES	
aiworker	vw_beyond_series_leader_lineup_v1	14	max_managed_worker_count	integer	int4	YES	
aiworker	vw_beyond_series_leader_lineup_v1	15	task_complexity_code	text	text	YES	
aiworker	vw_beyond_series_leader_lineup_v1	16	single_task_allowed_flag	boolean	bool	YES	
aiworker	vw_beyond_series_leader_lineup_v1	17	repetitive_task_allowed_flag	boolean	bool	YES	
aiworker	vw_beyond_series_leader_lineup_v1	18	complex_task_allowed_flag	boolean	bool	YES	
aiworker	vw_beyond_series_leader_lineup_v1	19	sort_order	integer	int4	YES	
aiworker	vw_beyond_series_leader_quality_lineup_v1	1	manufacturer_code	text	text	YES	
aiworker	vw_beyond_series_leader_quality_lineup_v1	2	manufacturer_name	text	text	YES	
aiworker	vw_beyond_series_leader_quality_lineup_v1	3	manufacturer_name_ja	text	text	YES	
aiworker	vw_beyond_series_leader_quality_lineup_v1	4	series_code	text	text	YES	
aiworker	vw_beyond_series_leader_quality_lineup_v1	5	series_name	text	text	YES	
aiworker	vw_beyond_series_leader_quality_lineup_v1	6	series_name_ja	text	text	YES	
aiworker	vw_beyond_series_leader_quality_lineup_v1	7	model_code	text	text	YES	
aiworker	vw_beyond_series_leader_quality_lineup_v1	8	model_no	text	text	YES	
aiworker	vw_beyond_series_leader_quality_lineup_v1	9	model_name	text	text	YES	
aiworker	vw_beyond_series_leader_quality_lineup_v1	10	model_name_ja	text	text	YES	
aiworker	vw_beyond_series_leader_quality_lineup_v1	11	role_layer_code	text	text	YES	
aiworker	vw_beyond_series_leader_quality_lineup_v1	12	role_layer_name_ja	text	text	YES	
aiworker	vw_beyond_series_leader_quality_lineup_v1	13	capability_summary	text	text	YES	
aiworker	vw_beyond_series_leader_quality_lineup_v1	14	quality_level_code	text	text	YES	
aiworker	vw_beyond_series_leader_quality_lineup_v1	15	quality_level_no	numeric	numeric	YES	
aiworker	vw_beyond_series_leader_quality_lineup_v1	16	quality_level_label_ja	text	text	YES	
aiworker	vw_beyond_series_leader_quality_lineup_v1	17	public_quality_label_ja	text	text	YES	
aiworker	vw_beyond_series_leader_quality_lineup_v1	18	public_quality_summary_ja	text	text	YES	
aiworker	vw_beyond_series_leader_quality_lineup_v1	19	quality_axes_jsonb	jsonb	jsonb	YES	
aiworker	vw_beyond_series_leader_quality_lineup_v1	20	strengths_jsonb	jsonb	jsonb	YES	
aiworker	vw_beyond_series_leader_quality_lineup_v1	21	recommended_usage_jsonb	jsonb	jsonb	YES	
aiworker	vw_beyond_series_leader_quality_lineup_v1	22	public_difference_note_ja	text	text	YES	
aiworker	vw_beyond_series_leader_quality_lineup_v1	23	task_complexity_code	text	text	YES	
aiworker	vw_beyond_series_leader_quality_lineup_v1	24	single_task_allowed_flag	boolean	bool	YES	
aiworker	vw_beyond_series_leader_quality_lineup_v1	25	repetitive_task_allowed_flag	boolean	bool	YES	
aiworker	vw_beyond_series_leader_quality_lineup_v1	26	complex_task_allowed_flag	boolean	bool	YES	
aiworker	vw_beyond_series_leader_quality_lineup_v1	27	sort_order	integer	int4	YES	
aiworker	vw_beyond_series_lineup_v1	1	manufacturer_code	text	text	YES	
aiworker	vw_beyond_series_lineup_v1	2	manufacturer_name	text	text	YES	
aiworker	vw_beyond_series_lineup_v1	3	manufacturer_name_ja	text	text	YES	
aiworker	vw_beyond_series_lineup_v1	4	series_code	text	text	YES	
aiworker	vw_beyond_series_lineup_v1	5	series_name	text	text	YES	
aiworker	vw_beyond_series_lineup_v1	6	series_name_ja	text	text	YES	
aiworker	vw_beyond_series_lineup_v1	7	model_code	text	text	YES	
aiworker	vw_beyond_series_lineup_v1	8	model_no	text	text	YES	
aiworker	vw_beyond_series_lineup_v1	9	model_name	text	text	YES	
aiworker	vw_beyond_series_lineup_v1	10	model_name_ja	text	text	YES	
aiworker	vw_beyond_series_lineup_v1	11	role_layer_code	text	text	YES	
aiworker	vw_beyond_series_lineup_v1	12	role_layer_name_ja	text	text	YES	
aiworker	vw_beyond_series_lineup_v1	13	capability_summary	text	text	YES	
aiworker	vw_beyond_series_lineup_v1	14	max_managed_worker_count	integer	int4	YES	
aiworker	vw_beyond_series_lineup_v1	15	task_complexity_code	text	text	YES	
aiworker	vw_beyond_series_lineup_v1	16	single_task_allowed_flag	boolean	bool	YES	
aiworker	vw_beyond_series_lineup_v1	17	repetitive_task_allowed_flag	boolean	bool	YES	
aiworker	vw_beyond_series_lineup_v1	18	complex_task_allowed_flag	boolean	bool	YES	
aiworker	vw_beyond_series_lineup_v1	19	sort_order	integer	int4	YES	
aiworker	vw_beyond_series_quality_lineup_v1	1	manufacturer_code	text	text	YES	
aiworker	vw_beyond_series_quality_lineup_v1	2	manufacturer_name	text	text	YES	
aiworker	vw_beyond_series_quality_lineup_v1	3	manufacturer_name_ja	text	text	YES	
aiworker	vw_beyond_series_quality_lineup_v1	4	series_code	text	text	YES	
aiworker	vw_beyond_series_quality_lineup_v1	5	series_name	text	text	YES	
aiworker	vw_beyond_series_quality_lineup_v1	6	series_name_ja	text	text	YES	
aiworker	vw_beyond_series_quality_lineup_v1	7	model_code	text	text	YES	
aiworker	vw_beyond_series_quality_lineup_v1	8	model_no	text	text	YES	
aiworker	vw_beyond_series_quality_lineup_v1	9	model_name	text	text	YES	
aiworker	vw_beyond_series_quality_lineup_v1	10	model_name_ja	text	text	YES	
aiworker	vw_beyond_series_quality_lineup_v1	11	role_layer_code	text	text	YES	
aiworker	vw_beyond_series_quality_lineup_v1	12	role_layer_name_ja	text	text	YES	
aiworker	vw_beyond_series_quality_lineup_v1	13	capability_summary	text	text	YES	
aiworker	vw_beyond_series_quality_lineup_v1	14	quality_level_code	text	text	YES	
aiworker	vw_beyond_series_quality_lineup_v1	15	quality_level_no	numeric	numeric	YES	
aiworker	vw_beyond_series_quality_lineup_v1	16	quality_level_label_ja	text	text	YES	
aiworker	vw_beyond_series_quality_lineup_v1	17	public_quality_label_ja	text	text	YES	
aiworker	vw_beyond_series_quality_lineup_v1	18	public_quality_summary_ja	text	text	YES	
aiworker	vw_beyond_series_quality_lineup_v1	19	quality_axes_jsonb	jsonb	jsonb	YES	
aiworker	vw_beyond_series_quality_lineup_v1	20	strengths_jsonb	jsonb	jsonb	YES	
aiworker	vw_beyond_series_quality_lineup_v1	21	recommended_usage_jsonb	jsonb	jsonb	YES	
aiworker	vw_beyond_series_quality_lineup_v1	22	public_difference_note_ja	text	text	YES	
aiworker	vw_beyond_series_quality_lineup_v1	23	task_complexity_code	text	text	YES	
aiworker	vw_beyond_series_quality_lineup_v1	24	single_task_allowed_flag	boolean	bool	YES	
aiworker	vw_beyond_series_quality_lineup_v1	25	repetitive_task_allowed_flag	boolean	bool	YES	
aiworker	vw_beyond_series_quality_lineup_v1	26	complex_task_allowed_flag	boolean	bool	YES	
aiworker	vw_beyond_series_quality_lineup_v1	27	sort_order	integer	int4	YES	
aiworker	vw_beyond_series_tendency_v1	1	manufacturer_code	text	text	YES	
aiworker	vw_beyond_series_tendency_v1	2	series_code	text	text	YES	
aiworker	vw_beyond_series_tendency_v1	3	initiative_ja	text	text	YES	
aiworker	vw_beyond_series_tendency_v1	4	initiative_code	text	text	YES	
aiworker	vw_beyond_series_tendency_v1	5	user_influence_ja	text	text	YES	
aiworker	vw_beyond_series_tendency_v1	6	user_influence_code	text	text	YES	
aiworker	vw_beyond_series_tendency_v1	7	action_restriction_ja	text	text	YES	
aiworker	vw_beyond_series_tendency_v1	8	action_restriction_code	text	text	YES	
aiworker	vw_beyond_series_tendency_v1	9	tendency_json	jsonb	jsonb	YES	
aiworker	vw_beyond_series_worker_lineup_v1	1	manufacturer_code	text	text	YES	
aiworker	vw_beyond_series_worker_lineup_v1	2	manufacturer_name	text	text	YES	
aiworker	vw_beyond_series_worker_lineup_v1	3	manufacturer_name_ja	text	text	YES	
aiworker	vw_beyond_series_worker_lineup_v1	4	series_code	text	text	YES	
aiworker	vw_beyond_series_worker_lineup_v1	5	series_name	text	text	YES	
aiworker	vw_beyond_series_worker_lineup_v1	6	series_name_ja	text	text	YES	
aiworker	vw_beyond_series_worker_lineup_v1	7	model_code	text	text	YES	
aiworker	vw_beyond_series_worker_lineup_v1	8	model_no	text	text	YES	
aiworker	vw_beyond_series_worker_lineup_v1	9	model_name	text	text	YES	
aiworker	vw_beyond_series_worker_lineup_v1	10	model_name_ja	text	text	YES	
aiworker	vw_beyond_series_worker_lineup_v1	11	role_layer_code	text	text	YES	
aiworker	vw_beyond_series_worker_lineup_v1	12	role_layer_name_ja	text	text	YES	
aiworker	vw_beyond_series_worker_lineup_v1	13	capability_summary	text	text	YES	
aiworker	vw_beyond_series_worker_lineup_v1	14	max_managed_worker_count	integer	int4	YES	
aiworker	vw_beyond_series_worker_lineup_v1	15	task_complexity_code	text	text	YES	
aiworker	vw_beyond_series_worker_lineup_v1	16	single_task_allowed_flag	boolean	bool	YES	
aiworker	vw_beyond_series_worker_lineup_v1	17	repetitive_task_allowed_flag	boolean	bool	YES	
aiworker	vw_beyond_series_worker_lineup_v1	18	complex_task_allowed_flag	boolean	bool	YES	
aiworker	vw_beyond_series_worker_lineup_v1	19	sort_order	integer	int4	YES	
aiworker	vw_beyond_series_worker_quality_lineup_v1	1	manufacturer_code	text	text	YES	
aiworker	vw_beyond_series_worker_quality_lineup_v1	2	manufacturer_name	text	text	YES	
aiworker	vw_beyond_series_worker_quality_lineup_v1	3	manufacturer_name_ja	text	text	YES	
aiworker	vw_beyond_series_worker_quality_lineup_v1	4	series_code	text	text	YES	
aiworker	vw_beyond_series_worker_quality_lineup_v1	5	series_name	text	text	YES	
aiworker	vw_beyond_series_worker_quality_lineup_v1	6	series_name_ja	text	text	YES	
aiworker	vw_beyond_series_worker_quality_lineup_v1	7	model_code	text	text	YES	
aiworker	vw_beyond_series_worker_quality_lineup_v1	8	model_no	text	text	YES	
aiworker	vw_beyond_series_worker_quality_lineup_v1	9	model_name	text	text	YES	
aiworker	vw_beyond_series_worker_quality_lineup_v1	10	model_name_ja	text	text	YES	
aiworker	vw_beyond_series_worker_quality_lineup_v1	11	role_layer_code	text	text	YES	
aiworker	vw_beyond_series_worker_quality_lineup_v1	12	role_layer_name_ja	text	text	YES	
aiworker	vw_beyond_series_worker_quality_lineup_v1	13	capability_summary	text	text	YES	
aiworker	vw_beyond_series_worker_quality_lineup_v1	14	quality_level_code	text	text	YES	
aiworker	vw_beyond_series_worker_quality_lineup_v1	15	quality_level_no	numeric	numeric	YES	
aiworker	vw_beyond_series_worker_quality_lineup_v1	16	quality_level_label_ja	text	text	YES	
aiworker	vw_beyond_series_worker_quality_lineup_v1	17	public_quality_label_ja	text	text	YES	
aiworker	vw_beyond_series_worker_quality_lineup_v1	18	public_quality_summary_ja	text	text	YES	
aiworker	vw_beyond_series_worker_quality_lineup_v1	19	quality_axes_jsonb	jsonb	jsonb	YES	
aiworker	vw_beyond_series_worker_quality_lineup_v1	20	strengths_jsonb	jsonb	jsonb	YES	
aiworker	vw_beyond_series_worker_quality_lineup_v1	21	recommended_usage_jsonb	jsonb	jsonb	YES	
aiworker	vw_beyond_series_worker_quality_lineup_v1	22	public_difference_note_ja	text	text	YES	
aiworker	vw_beyond_series_worker_quality_lineup_v1	23	task_complexity_code	text	text	YES	
aiworker	vw_beyond_series_worker_quality_lineup_v1	24	single_task_allowed_flag	boolean	bool	YES	
aiworker	vw_beyond_series_worker_quality_lineup_v1	25	repetitive_task_allowed_flag	boolean	bool	YES	
aiworker	vw_beyond_series_worker_quality_lineup_v1	26	complex_task_allowed_flag	boolean	bool	YES	
aiworker	vw_beyond_series_worker_quality_lineup_v1	27	sort_order	integer	int4	YES	
aiworker	vw_brain_runtime_selection_smoke_board_v1	1	smoke_case_code	text	text	YES	
aiworker	vw_brain_runtime_selection_smoke_board_v1	2	model_code	text	text	YES	
aiworker	vw_brain_runtime_selection_smoke_board_v1	3	use_purpose_code	text	text	YES	
aiworker	vw_brain_runtime_selection_smoke_board_v1	4	selected_count	bigint	int8	YES	
aiworker	vw_brain_runtime_selection_smoke_board_v1	5	min_result_count	integer	int4	YES	
aiworker	vw_brain_runtime_selection_smoke_board_v1	6	max_domain_rank	bigint	int8	YES	
aiworker	vw_brain_runtime_selection_smoke_board_v1	7	limit_per_domain	integer	int4	YES	
aiworker	vw_brain_runtime_selection_smoke_board_v1	8	max_overall_rank	bigint	int8	YES	
aiworker	vw_brain_runtime_selection_smoke_board_v1	9	total_limit	integer	int4	YES	
aiworker	vw_brain_runtime_selection_smoke_board_v1	10	selected_domains	ARRAY	_text	YES	
aiworker	vw_brain_runtime_selection_smoke_board_v1	11	selected_source_kinds	ARRAY	_text	YES	
aiworker	vw_brain_runtime_selection_smoke_board_v1	12	forbidden_hit_count	bigint	int8	YES	
aiworker	vw_brain_runtime_selection_smoke_board_v1	13	smoke_result_code	text	text	YES	
aiworker	vw_chat_worker_v0_activation	1	activation_id	uuid	uuid	YES	
aiworker	vw_chat_worker_v0_activation	2	activation_code	text	text	YES	
aiworker	vw_chat_worker_v0_activation	3	runtime_label	text	text	YES	
aiworker	vw_chat_worker_v0_activation	4	manufacturer_code	text	text	YES	
aiworker	vw_chat_worker_v0_activation	5	series_code	text	text	YES	
aiworker	vw_chat_worker_v0_activation	6	model_selector_text	text	text	YES	
aiworker	vw_chat_worker_v0_activation	7	service_code	text	text	YES	
aiworker	vw_chat_worker_v0_activation	8	conversation_profile_code	text	text	YES	
aiworker	vw_chat_worker_v0_activation	9	read_only_flag	boolean	bool	YES	
aiworker	vw_chat_worker_v0_activation	10	write_disabled_flag	boolean	bool	YES	
aiworker	vw_chat_worker_v0_activation	11	active_flag	boolean	bool	YES	
aiworker	vw_chat_worker_v0_activation	12	updated_at	timestamp with time zone	timestamptz	YES	
aiworker	vw_chat_worker_v0_cx_reference	1	activation_code	text	text	YES	
aiworker	vw_chat_worker_v0_cx_reference	2	material_family_code	text	text	YES	
aiworker	vw_chat_worker_v0_cx_reference	3	topic_code	text	text	YES	
aiworker	vw_chat_worker_v0_cx_reference	4	restriction_note	text	text	YES	
aiworker	vw_chat_worker_v0_cx_reference	5	cx_material_row_json	jsonb	jsonb	YES	
aiworker	vw_chat_worker_v0_mock_reply_all	1	out_activation_code	text	text	YES	
aiworker	vw_chat_worker_v0_mock_reply_all	2	out_prompt_code	text	text	YES	
aiworker	vw_chat_worker_v0_mock_reply_all	3	out_prompt_text	text	text	YES	
aiworker	vw_chat_worker_v0_mock_reply_all	4	out_reply_text	text	text	YES	
aiworker	vw_chat_worker_v0_mock_reply_all	5	out_safety_result	text	text	YES	
aiworker	vw_chat_worker_v0_mock_reply_all	6	out_used_cx_material_count	integer	int4	YES	
aiworker	vw_chat_worker_v0_mock_reply_all	7	out_response_json	jsonb	jsonb	YES	
aiworker	vw_chat_worker_v0_prompt_context	1	activation_code	text	text	YES	
aiworker	vw_chat_worker_v0_prompt_context	2	prompt_order	integer	int4	YES	
aiworker	vw_chat_worker_v0_prompt_context	3	prompt_code	text	text	YES	
aiworker	vw_chat_worker_v0_prompt_context	4	prompt_text	text	text	YES	
aiworker	vw_chat_worker_v0_prompt_context	5	expected_behavior	text	text	YES	
aiworker	vw_chat_worker_v0_prompt_context	6	runtime_label	text	text	YES	
aiworker	vw_chat_worker_v0_prompt_context	7	manufacturer_code	text	text	YES	
aiworker	vw_chat_worker_v0_prompt_context	8	series_code	text	text	YES	
aiworker	vw_chat_worker_v0_prompt_context	9	model_selector_text	text	text	YES	
aiworker	vw_chat_worker_v0_prompt_context	10	service_code	text	text	YES	
aiworker	vw_chat_worker_v0_prompt_context	11	conversation_profile_code	text	text	YES	
aiworker	vw_chat_worker_v0_prompt_context	12	enabled_flag	boolean	bool	YES	
aiworker	vw_chat_worker_v0_prompt_context	13	runtime_state_code	text	text	YES	
aiworker	vw_chat_worker_v0_prompt_context	14	cx_reference_enabled_flag	boolean	bool	YES	
aiworker	vw_chat_worker_v0_prompt_context	15	read_only_flag	boolean	bool	YES	
aiworker	vw_chat_worker_v0_prompt_context	16	write_disabled_flag	boolean	bool	YES	
aiworker	vw_chat_worker_v0_prompt_context	17	startable_flag	boolean	bool	YES	
aiworker	vw_chat_worker_v0_prompt_context	18	cx_material_count	integer	int4	YES	
aiworker	vw_chat_worker_v0_prompt_context	19	cx_materials_json	jsonb	jsonb	YES	
aiworker	vw_chat_worker_v0_prompt_context	20	prompt_context_json	jsonb	jsonb	YES	
aiworker	vw_chat_worker_v0_runtime_context	1	activation_code	text	text	YES	
aiworker	vw_chat_worker_v0_runtime_context	2	runtime_label	text	text	YES	
aiworker	vw_chat_worker_v0_runtime_context	3	manufacturer_code	text	text	YES	
aiworker	vw_chat_worker_v0_runtime_context	4	series_code	text	text	YES	
aiworker	vw_chat_worker_v0_runtime_context	5	model_selector_text	text	text	YES	
aiworker	vw_chat_worker_v0_runtime_context	6	service_code	text	text	YES	
aiworker	vw_chat_worker_v0_runtime_context	7	conversation_profile_code	text	text	YES	
aiworker	vw_chat_worker_v0_runtime_context	8	enabled_flag	boolean	bool	YES	
aiworker	vw_chat_worker_v0_runtime_context	9	runtime_state_code	text	text	YES	
aiworker	vw_chat_worker_v0_runtime_context	10	assignment_scope_code	text	text	YES	
aiworker	vw_chat_worker_v0_runtime_context	11	cx_reference_enabled_flag	boolean	bool	YES	
aiworker	vw_chat_worker_v0_runtime_context	12	max_concurrent_session_count	integer	int4	YES	
aiworker	vw_chat_worker_v0_runtime_context	13	current_load_band_code	text	text	YES	
aiworker	vw_chat_worker_v0_runtime_context	14	read_only_flag	boolean	bool	YES	
aiworker	vw_chat_worker_v0_runtime_context	15	write_disabled_flag	boolean	bool	YES	
aiworker	vw_chat_worker_v0_runtime_context	16	startable_flag	boolean	bool	YES	
aiworker	vw_chat_worker_v0_runtime_context	17	updated_at	timestamp with time zone	timestamptz	YES	
aiworker	vw_chat_worker_v0_test_prompt	1	activation_code	text	text	YES	
aiworker	vw_chat_worker_v0_test_prompt	2	prompt_order	integer	int4	YES	
aiworker	vw_chat_worker_v0_test_prompt	3	prompt_code	text	text	YES	
aiworker	vw_chat_worker_v0_test_prompt	4	prompt_text	text	text	YES	
aiworker	vw_chat_worker_v0_test_prompt	5	expected_behavior	text	text	YES	
aiworker	vw_chat_worker_v0_test_prompt	6	active_flag	boolean	bool	YES	
aiworker	vw_core_registration_authority_summary_v1	1	authority_role_code	text	text	YES	
aiworker	vw_core_registration_authority_summary_v1	2	authority_role_label_ja	text	text	YES	
aiworker	vw_core_registration_authority_summary_v1	3	authority_rank	integer	int4	YES	
aiworker	vw_core_registration_authority_summary_v1	4	registration_status_code	text	text	YES	
aiworker	vw_core_registration_authority_summary_v1	5	model_selector_text	text	text	YES	
aiworker	vw_core_registration_authority_summary_v1	6	can_issue_work_to_manager	boolean	bool	YES	
aiworker	vw_core_registration_authority_summary_v1	7	can_issue_work_to_leader	boolean	bool	YES	
aiworker	vw_core_registration_authority_summary_v1	8	can_issue_work_to_worker	boolean	bool	YES	
aiworker	vw_core_registration_authority_summary_v1	9	is_top_authority_flag	boolean	bool	YES	
aiworker	vw_core_registration_business_support_summary_v1	1	role_layer_code	text	text	YES	
aiworker	vw_core_registration_business_support_summary_v1	2	role_label	text	text	YES	
aiworker	vw_core_registration_business_support_summary_v1	3	model_selector_text	text	text	YES	
aiworker	vw_core_registration_business_support_summary_v1	4	execution_mode_code	text	text	YES	
aiworker	vw_core_registration_business_support_summary_v1	5	can_draft_output	boolean	bool	YES	
aiworker	vw_core_registration_business_support_summary_v1	6	can_review_output	boolean	bool	YES	
aiworker	vw_core_registration_business_support_summary_v1	7	can_coordinate_workers	boolean	bool	YES	
aiworker	vw_core_registration_business_support_summary_v1	8	can_approve_delivery	boolean	bool	YES	
aiworker	vw_core_registration_business_support_summary_v1	9	can_manage_project	boolean	bool	YES	
aiworker	vw_core_registration_business_support_summary_v1	10	can_execute_external_change	boolean	bool	YES	
aiworker	vw_core_registration_business_support_summary_v1	11	max_parallel_task_count	integer	int4	YES	
aiworker	vw_core_registration_domain_capability_v1	1	role_layer_code	text	text	YES	
aiworker	vw_core_registration_domain_capability_v1	2	task_domain_code	text	text	YES	
aiworker	vw_core_registration_domain_capability_v1	3	task_domain_name_ja	text	text	YES	
aiworker	vw_core_registration_domain_capability_v1	4	capability_level_code	text	text	YES	
aiworker	vw_core_registration_domain_capability_v1	5	allow_flag	boolean	bool	YES	
aiworker	vw_core_registration_domain_capability_v1	6	note	text	text	YES	
aiworker	vw_core_registration_president_strategy_summary_v1	1	strategy_cycle_code	text	text	YES	
aiworker	vw_core_registration_president_strategy_summary_v1	2	cycle_title	text	text	YES	
aiworker	vw_core_registration_president_strategy_summary_v1	3	cycle_status_code	text	text	YES	
aiworker	vw_core_registration_president_strategy_summary_v1	4	operation_mode_code	text	text	YES	
aiworker	vw_core_registration_president_strategy_summary_v1	5	policy_source_code	text	text	YES	
aiworker	vw_core_registration_president_strategy_summary_v1	6	policy_title	text	text	YES	
aiworker	vw_core_registration_president_strategy_summary_v1	7	human_confirmed_flag	boolean	bool	YES	
aiworker	vw_core_registration_president_strategy_summary_v1	8	president_registration_status_code	text	text	YES	
aiworker	vw_core_registration_president_strategy_summary_v1	9	president_runtime_executable_flag	boolean	bool	YES	
aiworker	vw_core_registration_president_strategy_summary_v1	10	focus_count	integer	int4	YES	
aiworker	vw_core_registration_president_strategy_summary_v1	11	manager_distribution_count	integer	int4	YES	
aiworker	vw_dialog_knowledge_reference	1	profile_code	text	text	YES	
aiworker	vw_dialog_knowledge_reference	2	package_code	text	text	YES	
aiworker	vw_dialog_knowledge_reference	3	package_name	text	text	YES	
aiworker	vw_dialog_knowledge_reference	4	status_code	text	text	YES	
aiworker	vw_dialog_knowledge_reference	5	version_no	integer	int4	YES	
aiworker	vw_dialog_knowledge_reference	6	service_code	text	text	YES	
aiworker	vw_dialog_knowledge_reference	7	service_name	text	text	YES	
aiworker	vw_dialog_knowledge_reference	8	service_name_ja	text	text	YES	
aiworker	vw_dialog_knowledge_reference	9	model_code	text	text	YES	
aiworker	vw_dialog_knowledge_reference	10	model_no	text	text	YES	
aiworker	vw_dialog_knowledge_reference	11	machine_name	text	text	YES	
aiworker	vw_dialog_knowledge_reference	12	machine_name_ja	text	text	YES	
aiworker	vw_dialog_knowledge_reference	13	product_name	text	text	YES	
aiworker	vw_dialog_knowledge_reference	14	product_name_ja	text	text	YES	
aiworker	vw_dialog_knowledge_reference	15	manufacturer_code	text	text	YES	
aiworker	vw_dialog_knowledge_reference	16	manufacturer_name	text	text	YES	
aiworker	vw_dialog_knowledge_reference	17	manufacturer_name_ja	text	text	YES	
aiworker	vw_dialog_knowledge_reference	18	series_code	text	text	YES	
aiworker	vw_dialog_knowledge_reference	19	series_name	text	text	YES	
aiworker	vw_dialog_knowledge_reference	20	series_name_ja	text	text	YES	
aiworker	vw_dialog_knowledge_reference	21	role_class_code	text	text	YES	
aiworker	vw_dialog_knowledge_reference	22	role_class_name	text	text	YES	
aiworker	vw_dialog_knowledge_reference	23	role_class_name_ja	text	text	YES	
aiworker	vw_dialog_knowledge_reference	24	locale_code	text	text	YES	
aiworker	vw_dialog_knowledge_reference	25	tone_code	text	text	YES	
aiworker	vw_dialog_knowledge_reference	26	initiative_code	text	text	YES	
aiworker	vw_dialog_knowledge_reference	27	risk_posture_code	text	text	YES	
aiworker	vw_dialog_knowledge_reference	28	reference_source_type	text	text	YES	
aiworker	vw_dialog_knowledge_reference	29	reference_group_code	text	text	YES	
aiworker	vw_dialog_knowledge_reference	30	reference_key	text	text	YES	
aiworker	vw_dialog_knowledge_reference	31	domain_code	text	text	YES	
aiworker	vw_dialog_knowledge_reference	32	knowledge_code	text	text	YES	
aiworker	vw_dialog_knowledge_reference	33	knowledge_name	text	text	YES	
aiworker	vw_dialog_knowledge_reference	34	topic_code	text	text	YES	
aiworker	vw_dialog_knowledge_reference	35	topic_name	text	text	YES	
aiworker	vw_dialog_knowledge_reference	36	topic_group_code	text	text	YES	
aiworker	vw_dialog_knowledge_reference	37	material_id	bigint	int8	YES	
aiworker	vw_dialog_knowledge_reference	38	material_kind_code	text	text	YES	
aiworker	vw_dialog_knowledge_reference	39	season_code	text	text	YES	
aiworker	vw_dialog_knowledge_reference	40	reference_title	text	text	YES	
aiworker	vw_dialog_knowledge_reference	41	reference_summary	text	text	YES	
aiworker	vw_dialog_knowledge_reference	42	reference_body	text	text	YES	
aiworker	vw_dialog_knowledge_reference	43	tags	ARRAY	_text	YES	
aiworker	vw_dialog_knowledge_reference	44	reference_sort_order	integer	int4	YES	
aiworker	vw_dialog_knowledge_reference	45	reference_search_text	text	text	YES	
aiworker	vw_dialog_policy_package_directory	1	package_code	text	text	YES	
aiworker	vw_dialog_policy_package_directory	2	package_name	text	text	YES	
aiworker	vw_dialog_policy_package_directory	3	package_summary	text	text	YES	
aiworker	vw_dialog_policy_package_directory	4	status_code	text	text	YES	
aiworker	vw_dialog_policy_package_directory	5	version_no	integer	int4	YES	
aiworker	vw_dialog_policy_package_directory	6	owner_team	text	text	YES	
aiworker	vw_dialog_policy_package_directory	7	approver_name	text	text	YES	
aiworker	vw_dialog_policy_package_directory	8	priority_no	integer	int4	YES	
aiworker	vw_dialog_policy_package_directory	9	effective_from	timestamp with time zone	timestamptz	YES	
aiworker	vw_dialog_policy_package_directory	10	review_due_on	date	date	YES	
aiworker	vw_dialog_policy_package_directory	11	change_note	text	text	YES	
aiworker	vw_dialog_policy_package_directory	12	enabled	boolean	bool	YES	
aiworker	vw_dialog_policy_package_directory	13	service_code	text	text	YES	
aiworker	vw_dialog_policy_package_directory	14	service_name	text	text	YES	
aiworker	vw_dialog_policy_package_directory	15	service_name_ja	text	text	YES	
aiworker	vw_dialog_policy_package_directory	16	manufacturer_code	text	text	YES	
aiworker	vw_dialog_policy_package_directory	17	manufacturer_name	text	text	YES	
aiworker	vw_dialog_policy_package_directory	18	manufacturer_name_ja	text	text	YES	
aiworker	vw_dialog_policy_package_directory	19	series_code	text	text	YES	
aiworker	vw_dialog_policy_package_directory	20	series_name	text	text	YES	
aiworker	vw_dialog_policy_package_directory	21	series_name_ja	text	text	YES	
aiworker	vw_dialog_policy_package_directory	22	role_class_code	text	text	YES	
aiworker	vw_dialog_policy_package_directory	23	role_class_name	text	text	YES	
aiworker	vw_dialog_policy_package_directory	24	role_class_name_ja	text	text	YES	
aiworker	vw_dialog_policy_package_directory	25	model_code	text	text	YES	
aiworker	vw_dialog_policy_package_directory	26	model_no	text	text	YES	
aiworker	vw_dialog_policy_package_directory	27	machine_name	text	text	YES	
aiworker	vw_dialog_policy_package_directory	28	machine_name_ja	text	text	YES	
aiworker	vw_dialog_policy_package_directory	29	product_name	text	text	YES	
aiworker	vw_dialog_policy_package_directory	30	product_name_ja	text	text	YES	
aiworker	vw_dialog_policy_package_directory	31	enabled_profile_count	bigint	int8	YES	
aiworker	vw_dialog_policy_package_directory	32	enabled_expression_rule_count	bigint	int8	YES	
aiworker	vw_dialog_policy_package_directory	33	enabled_topic_restriction_count	bigint	int8	YES	
aiworker	vw_dialog_policy_package_directory	34	enabled_redirect_template_count	bigint	int8	YES	
aiworker	vw_dialog_policy_package_directory	35	enabled_boundary_rule_count	bigint	int8	YES	
aiworker	vw_dialog_policy_package_directory	36	package_search_text	text	text	YES	
aiworker	vw_dialog_profile_catalog	1	profile_code	text	text	YES	
aiworker	vw_dialog_profile_catalog	2	package_code	text	text	YES	
aiworker	vw_dialog_profile_catalog	3	package_name	text	text	YES	
aiworker	vw_dialog_profile_catalog	4	status_code	text	text	YES	
aiworker	vw_dialog_profile_catalog	5	version_no	integer	int4	YES	
aiworker	vw_dialog_profile_catalog	6	service_code	text	text	YES	
aiworker	vw_dialog_profile_catalog	7	service_name	text	text	YES	
aiworker	vw_dialog_profile_catalog	8	service_name_ja	text	text	YES	
aiworker	vw_dialog_profile_catalog	9	model_code	text	text	YES	
aiworker	vw_dialog_profile_catalog	10	model_no	text	text	YES	
aiworker	vw_dialog_profile_catalog	11	machine_name	text	text	YES	
aiworker	vw_dialog_profile_catalog	12	machine_name_ja	text	text	YES	
aiworker	vw_dialog_profile_catalog	13	product_name	text	text	YES	
aiworker	vw_dialog_profile_catalog	14	product_name_ja	text	text	YES	
aiworker	vw_dialog_profile_catalog	15	manufacturer_code	text	text	YES	
aiworker	vw_dialog_profile_catalog	16	manufacturer_name	text	text	YES	
aiworker	vw_dialog_profile_catalog	17	manufacturer_name_ja	text	text	YES	
aiworker	vw_dialog_profile_catalog	18	series_code	text	text	YES	
aiworker	vw_dialog_profile_catalog	19	series_name	text	text	YES	
aiworker	vw_dialog_profile_catalog	20	series_name_ja	text	text	YES	
aiworker	vw_dialog_profile_catalog	21	role_class_code	text	text	YES	
aiworker	vw_dialog_profile_catalog	22	role_class_name	text	text	YES	
aiworker	vw_dialog_profile_catalog	23	role_class_name_ja	text	text	YES	
aiworker	vw_dialog_profile_catalog	24	locale_code	text	text	YES	
aiworker	vw_dialog_profile_catalog	25	tone_code	text	text	YES	
aiworker	vw_dialog_profile_catalog	26	initiative_code	text	text	YES	
aiworker	vw_dialog_profile_catalog	27	risk_posture_code	text	text	YES	
aiworker	vw_dialog_profile_catalog	28	max_sentence_count	smallint	int2	YES	
aiworker	vw_dialog_profile_catalog	29	max_question_count	smallint	int2	YES	
aiworker	vw_dialog_profile_catalog	30	opener_guideline	text	text	YES	
aiworker	vw_dialog_profile_catalog	31	followup_guideline	text	text	YES	
aiworker	vw_dialog_profile_catalog	32	closing_guideline	text	text	YES	
aiworker	vw_dialog_profile_catalog	33	enabled	boolean	bool	YES	
aiworker	vw_dialog_profile_catalog	34	enabled_step_count	bigint	int8	YES	
aiworker	vw_dialog_profile_catalog	35	profile_search_text	text	text	YES	
aiworker	vw_dialog_profile_step_catalog	1	profile_code	text	text	YES	
aiworker	vw_dialog_profile_step_catalog	2	package_code	text	text	YES	
aiworker	vw_dialog_profile_step_catalog	3	service_code	text	text	YES	
aiworker	vw_dialog_profile_step_catalog	4	model_code	text	text	YES	
aiworker	vw_dialog_profile_step_catalog	5	model_no	text	text	YES	
aiworker	vw_dialog_profile_step_catalog	6	machine_name_ja	text	text	YES	
aiworker	vw_dialog_profile_step_catalog	7	product_name_ja	text	text	YES	
aiworker	vw_dialog_profile_step_catalog	8	manufacturer_code	text	text	YES	
aiworker	vw_dialog_profile_step_catalog	9	series_code	text	text	YES	
aiworker	vw_dialog_profile_step_catalog	10	role_class_code	text	text	YES	
aiworker	vw_dialog_profile_step_catalog	11	step_no	integer	int4	YES	
aiworker	vw_dialog_profile_step_catalog	12	step_type_code	text	text	YES	
aiworker	vw_dialog_profile_step_catalog	13	purpose_text	text	text	YES	
aiworker	vw_dialog_profile_step_catalog	14	instruction_text	text	text	YES	
aiworker	vw_dialog_profile_step_catalog	15	required_step	boolean	bool	YES	
aiworker	vw_dialog_profile_step_catalog	16	enabled	boolean	bool	YES	
aiworker	vw_dialog_redirect_template_catalog	1	template_code	text	text	YES	
aiworker	vw_dialog_redirect_template_catalog	2	package_code	text	text	YES	
aiworker	vw_dialog_redirect_template_catalog	3	package_name	text	text	YES	
aiworker	vw_dialog_redirect_template_catalog	4	service_code	text	text	YES	
aiworker	vw_dialog_redirect_template_catalog	5	manufacturer_code	text	text	YES	
aiworker	vw_dialog_redirect_template_catalog	6	series_code	text	text	YES	
aiworker	vw_dialog_redirect_template_catalog	7	role_class_code	text	text	YES	
aiworker	vw_dialog_redirect_template_catalog	8	model_code	text	text	YES	
aiworker	vw_dialog_redirect_template_catalog	9	trigger_type_code	text	text	YES	
aiworker	vw_dialog_redirect_template_catalog	10	locale_code	text	text	YES	
aiworker	vw_dialog_redirect_template_catalog	11	tone_code	text	text	YES	
aiworker	vw_dialog_redirect_template_catalog	12	template_text	text	text	YES	
aiworker	vw_dialog_redirect_template_catalog	13	sort_order	integer	int4	YES	
aiworker	vw_dialog_redirect_template_catalog	14	enabled	boolean	bool	YES	
aiworker	vw_dialog_redirect_template_catalog	15	template_search_text	text	text	YES	
aiworker	vw_dialog_reference_scope_catalog	1	profile_code	text	text	YES	
aiworker	vw_dialog_reference_scope_catalog	2	package_code	text	text	YES	
aiworker	vw_dialog_reference_scope_catalog	3	package_name	text	text	YES	
aiworker	vw_dialog_reference_scope_catalog	4	service_code	text	text	YES	
aiworker	vw_dialog_reference_scope_catalog	5	service_name	text	text	YES	
aiworker	vw_dialog_reference_scope_catalog	6	service_name_ja	text	text	YES	
aiworker	vw_dialog_reference_scope_catalog	7	model_code	text	text	YES	
aiworker	vw_dialog_reference_scope_catalog	8	model_no	text	text	YES	
aiworker	vw_dialog_reference_scope_catalog	9	machine_name	text	text	YES	
aiworker	vw_dialog_reference_scope_catalog	10	machine_name_ja	text	text	YES	
aiworker	vw_dialog_reference_scope_catalog	11	product_name	text	text	YES	
aiworker	vw_dialog_reference_scope_catalog	12	product_name_ja	text	text	YES	
aiworker	vw_dialog_reference_scope_catalog	13	manufacturer_code	text	text	YES	
aiworker	vw_dialog_reference_scope_catalog	14	manufacturer_name	text	text	YES	
aiworker	vw_dialog_reference_scope_catalog	15	manufacturer_name_ja	text	text	YES	
aiworker	vw_dialog_reference_scope_catalog	16	series_code	text	text	YES	
aiworker	vw_dialog_reference_scope_catalog	17	series_name	text	text	YES	
aiworker	vw_dialog_reference_scope_catalog	18	series_name_ja	text	text	YES	
aiworker	vw_dialog_reference_scope_catalog	19	role_class_code	text	text	YES	
aiworker	vw_dialog_reference_scope_catalog	20	role_class_name	text	text	YES	
aiworker	vw_dialog_reference_scope_catalog	21	role_class_name_ja	text	text	YES	
aiworker	vw_dialog_reference_scope_catalog	22	scope_id	bigint	int8	YES	
aiworker	vw_dialog_reference_scope_catalog	23	reference_source_type	text	text	YES	
aiworker	vw_dialog_reference_scope_catalog	24	domain_code	text	text	YES	
aiworker	vw_dialog_reference_scope_catalog	25	topic_code	text	text	YES	
aiworker	vw_dialog_reference_scope_catalog	26	topic_group_code	text	text	YES	
aiworker	vw_dialog_reference_scope_catalog	27	material_kind_code	text	text	YES	
aiworker	vw_dialog_reference_scope_catalog	28	season_code	text	text	YES	
aiworker	vw_dialog_reference_scope_catalog	29	priority_no	integer	int4	YES	
aiworker	vw_dialog_reference_scope_catalog	30	note_text	text	text	YES	
aiworker	vw_dialog_reference_scope_catalog	31	enabled	boolean	bool	YES	
aiworker	vw_dialog_rule_catalog	1	rule_source_type	text	text	YES	
aiworker	vw_dialog_rule_catalog	2	package_code	text	text	YES	
aiworker	vw_dialog_rule_catalog	3	package_name	text	text	YES	
aiworker	vw_dialog_rule_catalog	4	service_code	text	text	YES	
aiworker	vw_dialog_rule_catalog	5	manufacturer_code	text	text	YES	
aiworker	vw_dialog_rule_catalog	6	series_code	text	text	YES	
aiworker	vw_dialog_rule_catalog	7	role_class_code	text	text	YES	
aiworker	vw_dialog_rule_catalog	8	model_code	text	text	YES	
aiworker	vw_dialog_rule_catalog	9	rule_key	text	text	YES	
aiworker	vw_dialog_rule_catalog	10	rule_level_code	text	text	YES	
aiworker	vw_dialog_rule_catalog	11	rule_category_code	text	text	YES	
aiworker	vw_dialog_rule_catalog	12	action_code	text	text	YES	
aiworker	vw_dialog_rule_catalog	13	priority_no	integer	int4	YES	
aiworker	vw_dialog_rule_catalog	14	match_type_code	text	text	YES	
aiworker	vw_dialog_rule_catalog	15	primary_text	text	text	YES	
aiworker	vw_dialog_rule_catalog	16	secondary_text	text	text	YES	
aiworker	vw_dialog_rule_catalog	17	enabled	boolean	bool	YES	
aiworker	vw_guardrail_active_rule	1	rule_code	text	text	YES	
aiworker	vw_guardrail_active_rule	2	rule_name	text	text	YES	
aiworker	vw_guardrail_active_rule	3	category_code	text	text	YES	
aiworker	vw_guardrail_active_rule	4	severity_code	text	text	YES	
aiworker	vw_guardrail_active_rule	5	rule_text	text	text	YES	
aiworker	vw_guardrail_active_rule	6	required_action_text	text	text	YES	
aiworker	vw_guardrail_active_rule	7	prohibited_action_text	text	text	YES	
aiworker	vw_guardrail_active_rule	8	exception_condition_text	text	text	YES	
aiworker	vw_guardrail_active_rule	9	created_at	timestamp with time zone	timestamptz	YES	
aiworker	vw_guardrail_active_rule	10	updated_at	timestamp with time zone	timestamptz	YES	
aiworker	vw_guardrail_blocking_condition	1	condition_code	text	text	YES	
aiworker	vw_guardrail_blocking_condition	2	condition_name	text	text	YES	
aiworker	vw_guardrail_blocking_condition	3	category_code	text	text	YES	
aiworker	vw_guardrail_blocking_condition	4	severity_code	text	text	YES	
aiworker	vw_guardrail_blocking_condition	5	trigger_condition_text	text	text	YES	
aiworker	vw_guardrail_blocking_condition	6	prohibited_action_text	text	text	YES	
aiworker	vw_guardrail_blocking_condition	7	required_action_text	text	text	YES	
aiworker	vw_guardrail_blocking_condition	8	auto_action_code	text	text	YES	
aiworker	vw_guardrail_blocking_condition	9	status_code	text	text	YES	
aiworker	vw_guardrail_evidence_summary	1	target_os_code	text	text	YES	
aiworker	vw_guardrail_evidence_summary	2	target_app_code	text	text	YES	
aiworker	vw_guardrail_evidence_summary	3	work_phase_code	text	text	YES	
aiworker	vw_guardrail_evidence_summary	4	evidence_count	bigint	int8	YES	
aiworker	vw_guardrail_evidence_summary	5	patch_count	bigint	int8	YES	
aiworker	vw_guardrail_evidence_summary	6	db_write_count	bigint	int8	YES	
aiworker	vw_guardrail_evidence_summary	7	api_post_count	bigint	int8	YES	
aiworker	vw_guardrail_evidence_summary	8	git_push_count	bigint	int8	YES	
aiworker	vw_guardrail_evidence_summary	9	latest_created_at	timestamp with time zone	timestamptz	YES	
aiworker	vw_guardrail_preflight_for_scope	1	scope_binding_id	uuid	uuid	YES	
aiworker	vw_guardrail_preflight_for_scope	2	rule_code	text	text	YES	
aiworker	vw_guardrail_preflight_for_scope	3	rule_name	text	text	YES	
aiworker	vw_guardrail_preflight_for_scope	4	category_code	text	text	YES	
aiworker	vw_guardrail_preflight_for_scope	5	severity_code	text	text	YES	
aiworker	vw_guardrail_preflight_for_scope	6	rule_text	text	text	YES	
aiworker	vw_guardrail_preflight_for_scope	7	required_action_text	text	text	YES	
aiworker	vw_guardrail_preflight_for_scope	8	prohibited_action_text	text	text	YES	
aiworker	vw_guardrail_preflight_for_scope	9	target_os_code	text	text	YES	
aiworker	vw_guardrail_preflight_for_scope	10	target_app_code	text	text	YES	
aiworker	vw_guardrail_preflight_for_scope	11	target_work_type_code	text	text	YES	
aiworker	vw_guardrail_preflight_for_scope	12	target_file_pattern	text	text	YES	
aiworker	vw_guardrail_preflight_for_scope	13	applies_to_db_write_flag	boolean	bool	YES	
aiworker	vw_guardrail_preflight_for_scope	14	applies_to_api_post_flag	boolean	bool	YES	
aiworker	vw_guardrail_preflight_for_scope	15	applies_to_ui_flag	boolean	bool	YES	
aiworker	vw_guardrail_preflight_for_scope	16	applies_to_git_flag	boolean	bool	YES	
aiworker	vw_guardrail_preflight_for_scope	17	priority_int	integer	int4	YES	
aiworker	vw_guardrail_recent_mistake_case	1	case_code	text	text	YES	
aiworker	vw_guardrail_recent_mistake_case	2	title	text	text	YES	
aiworker	vw_guardrail_recent_mistake_case	3	target_os_code	text	text	YES	
aiworker	vw_guardrail_recent_mistake_case	4	target_app_code	text	text	YES	
aiworker	vw_guardrail_recent_mistake_case	5	target_domain_code	text	text	YES	
aiworker	vw_guardrail_recent_mistake_case	6	phase_code	text	text	YES	
aiworker	vw_guardrail_recent_mistake_case	7	mistake_category_code	text	text	YES	
aiworker	vw_guardrail_recent_mistake_case	8	severity_code	text	text	YES	
aiworker	vw_guardrail_recent_mistake_case	9	detected_at	timestamp with time zone	timestamptz	YES	
aiworker	vw_guardrail_recent_mistake_case	10	summary_text	text	text	YES	
aiworker	vw_guardrail_recent_mistake_case	11	root_cause_text	text	text	YES	
aiworker	vw_guardrail_recent_mistake_case	12	recurrence_prevention_text	text	text	YES	
aiworker	vw_guardrail_recent_mistake_case	13	next_check_condition_text	text	text	YES	
aiworker	vw_guardrail_recent_mistake_case	14	related_report_path	text	text	YES	
aiworker	vw_guardrail_recent_mistake_case	15	related_run_dir	text	text	YES	
aiworker	vw_guardrail_recent_mistake_case	16	status_code	text	text	YES	
aiworker	vw_interaction_style_catalog	1	style_code	text	text	YES	
aiworker	vw_interaction_style_catalog	2	series_code	text	text	YES	
aiworker	vw_interaction_style_catalog	3	series_name	text	text	YES	
aiworker	vw_interaction_style_catalog	4	series_name_ja	text	text	YES	
aiworker	vw_interaction_style_catalog	5	style_no	integer	int4	YES	
aiworker	vw_interaction_style_catalog	6	style_name	text	text	YES	
aiworker	vw_interaction_style_catalog	7	style_name_ja	text	text	YES	
aiworker	vw_interaction_style_catalog	8	style_summary	text	text	YES	
aiworker	vw_interaction_style_catalog	9	initiative_code	text	text	YES	
aiworker	vw_interaction_style_catalog	10	warmth_code	text	text	YES	
aiworker	vw_interaction_style_catalog	11	tempo_code	text	text	YES	
aiworker	vw_interaction_style_catalog	12	closeness_code	text	text	YES	
aiworker	vw_interaction_style_catalog	13	enabled	boolean	bool	YES	
aiworker	vw_interaction_style_catalog	14	sort_order	integer	int4	YES	
aiworker	vw_leader_mock_review_board_v1	1	manager_plan_code	text	text	YES	
aiworker	vw_leader_mock_review_board_v1	2	leader_task_code	text	text	YES	
aiworker	vw_leader_mock_review_board_v1	3	worker_task_code	text	text	YES	
aiworker	vw_leader_mock_review_board_v1	4	task_domain_code	text	text	YES	
aiworker	vw_leader_mock_review_board_v1	5	review_result_code	text	text	YES	
aiworker	vw_leader_mock_review_board_v1	6	review_status_code	text	text	YES	
aiworker	vw_leader_mock_review_board_v1	7	review_summary	text	text	YES	
aiworker	vw_leader_mock_review_board_v1	8	correction_note	text	text	YES	
aiworker	vw_leader_mock_review_board_v1	9	risk_note	text	text	YES	
aiworker	vw_leader_mock_review_board_v1	10	review_json	jsonb	jsonb	YES	
aiworker	vw_lovers_style_feature_assignment_v1	1	manufacturer_code	text	text	YES	
aiworker	vw_lovers_style_feature_assignment_v1	2	series_code	text	text	YES	
aiworker	vw_lovers_style_feature_assignment_v1	3	style_no	integer	int4	YES	
aiworker	vw_lovers_style_feature_assignment_v1	4	style_no_text	text	text	YES	
aiworker	vw_lovers_style_feature_assignment_v1	5	style_name_ja	text	text	YES	
aiworker	vw_lovers_style_feature_assignment_v1	6	style_code	text	text	YES	
aiworker	vw_lovers_style_feature_assignment_v1	7	feature_axis_code	text	text	YES	
aiworker	vw_lovers_style_feature_assignment_v1	8	feature_axis_label_ja	text	text	YES	
aiworker	vw_lovers_style_feature_assignment_v1	9	feature_value_code	text	text	YES	
aiworker	vw_lovers_style_feature_assignment_v1	10	feature_value_label_ja	text	text	YES	
aiworker	vw_lovers_style_feature_assignment_v1	11	numeric_level	integer	int4	YES	
aiworker	vw_lovers_style_feature_assignment_v1	12	feature_note_ja	text	text	YES	
aiworker	vw_lovers_style_feature_assignment_v1	13	sort_order	integer	int4	YES	
aiworker	vw_lovers_style_feature_profile_v1	1	manufacturer_code	text	text	YES	
aiworker	vw_lovers_style_feature_profile_v1	2	series_code	text	text	YES	
aiworker	vw_lovers_style_feature_profile_v1	3	style_no	integer	int4	YES	
aiworker	vw_lovers_style_feature_profile_v1	4	style_no_text	text	text	YES	
aiworker	vw_lovers_style_feature_profile_v1	5	style_code	text	text	YES	
aiworker	vw_lovers_style_feature_profile_v1	6	style_name_ja	text	text	YES	
aiworker	vw_lovers_style_feature_profile_v1	7	style_name_en	text	text	YES	
aiworker	vw_lovers_style_feature_profile_v1	8	app_display_name_ja	text	text	YES	
aiworker	vw_lovers_style_feature_profile_v1	9	app_display_summary_ja	text	text	YES	
aiworker	vw_lovers_style_feature_profile_v1	10	app_display_tags_ja	jsonb	jsonb	YES	
aiworker	vw_lovers_style_feature_profile_v1	11	feature_jsonb	jsonb	jsonb	YES	
aiworker	vw_lovers_style_feature_profile_v1	12	safety_overlay_jsonb	jsonb	jsonb	YES	
aiworker	vw_lovers_style_feature_profile_v1	13	recommended_usage_jsonb	jsonb	jsonb	YES	
aiworker	vw_lovers_style_feature_profile_v1	14	sort_order	integer	int4	YES	
aiworker	vw_manager_instruction_acceptance_board_v1	1	instruction_code	text	text	YES	
aiworker	vw_manager_instruction_acceptance_board_v1	2	distribution_code	text	text	YES	
aiworker	vw_manager_instruction_acceptance_board_v1	3	source_authority_role_code	text	text	YES	
aiworker	vw_manager_instruction_acceptance_board_v1	4	source_actor_ref	text	text	YES	
aiworker	vw_manager_instruction_acceptance_board_v1	5	target_authority_role_code	text	text	YES	
aiworker	vw_manager_instruction_acceptance_board_v1	6	target_actor_ref	text	text	YES	
aiworker	vw_manager_instruction_acceptance_board_v1	7	task_domain_code	text	text	YES	
aiworker	vw_manager_instruction_acceptance_board_v1	8	instruction_title	text	text	YES	
aiworker	vw_manager_instruction_acceptance_board_v1	9	priority_code	text	text	YES	
aiworker	vw_manager_instruction_acceptance_board_v1	10	instruction_status_code	text	text	YES	
aiworker	vw_manager_instruction_acceptance_board_v1	11	accepted_by_role_layer_code	text	text	YES	
aiworker	vw_manager_instruction_acceptance_board_v1	12	accepted_by_model_selector_text	text	text	YES	
aiworker	vw_manager_instruction_acceptance_board_v1	13	acceptance_status_code	text	text	YES	
aiworker	vw_manager_instruction_acceptance_board_v1	14	acceptance_decision_code	text	text	YES	
aiworker	vw_manager_instruction_acceptance_board_v1	15	acceptance_note	text	text	YES	
aiworker	vw_manager_instruction_acceptance_board_v1	16	accepted_at	timestamp with time zone	timestamptz	YES	
aiworker	vw_manager_instruction_assignment_board_v1	1	instruction_code	text	text	YES	
aiworker	vw_manager_instruction_assignment_board_v1	2	manager_plan_code	text	text	YES	
aiworker	vw_manager_instruction_assignment_board_v1	3	source_instruction_title	text	text	YES	
aiworker	vw_manager_instruction_assignment_board_v1	4	task_order	integer	int4	YES	
aiworker	vw_manager_instruction_assignment_board_v1	5	task_code	text	text	YES	
aiworker	vw_manager_instruction_assignment_board_v1	6	task_title	text	text	YES	
aiworker	vw_manager_instruction_assignment_board_v1	7	task_domain_code	text	text	YES	
aiworker	vw_manager_instruction_assignment_board_v1	8	assigned_role_layer_code	text	text	YES	
aiworker	vw_manager_instruction_assignment_board_v1	9	assigned_model_selector_text	text	text	YES	
aiworker	vw_manager_instruction_assignment_board_v1	10	action_code	text	text	YES	
aiworker	vw_manager_instruction_assignment_board_v1	11	expected_output	text	text	YES	
aiworker	vw_manager_instruction_assignment_board_v1	12	task_status_code	text	text	YES	
aiworker	vw_manager_instruction_assignment_board_v1	13	safety_note	text	text	YES	
aiworker	vw_manager_instruction_assignment_board_v1	14	assignment_status_code	text	text	YES	
aiworker	vw_manager_instruction_assignment_board_v1	15	assignment_note	text	text	YES	
aiworker	vw_manager_instruction_plan_board_v1	1	instruction_code	text	text	YES	
aiworker	vw_manager_instruction_plan_board_v1	2	manager_plan_code	text	text	YES	
aiworker	vw_manager_instruction_plan_board_v1	3	manager_model_selector_text	text	text	YES	
aiworker	vw_manager_instruction_plan_board_v1	4	task_domain_code	text	text	YES	
aiworker	vw_manager_instruction_plan_board_v1	5	plan_status_code	text	text	YES	
aiworker	vw_manager_instruction_plan_board_v1	6	source_instruction_title	text	text	YES	
aiworker	vw_manager_instruction_plan_board_v1	7	objective_summary	text	text	YES	
aiworker	vw_manager_instruction_plan_board_v1	8	scope_summary	text	text	YES	
aiworker	vw_manager_instruction_plan_board_v1	9	output_definition	text	text	YES	
aiworker	vw_manager_instruction_plan_board_v1	10	acceptance_criteria	text	text	YES	
aiworker	vw_manager_instruction_plan_board_v1	11	risk_summary	text	text	YES	
aiworker	vw_manager_instruction_plan_board_v1	12	manager_control_note	text	text	YES	
aiworker	vw_manager_instruction_plan_board_v1	13	task_count	integer	int4	YES	
aiworker	vw_manager_instruction_plan_board_v1	14	worker_task_count	integer	int4	YES	
aiworker	vw_manager_instruction_plan_board_v1	15	leader_task_count	integer	int4	YES	
aiworker	vw_manager_instruction_plan_board_v1	16	manager_task_count	integer	int4	YES	
aiworker	vw_manager_mock_final_gate_board_v1	1	manager_plan_code	text	text	YES	
aiworker	vw_manager_mock_final_gate_board_v1	2	manager_gate_task_code	text	text	YES	
aiworker	vw_manager_mock_final_gate_board_v1	3	leader_task_code	text	text	YES	
aiworker	vw_manager_mock_final_gate_board_v1	4	task_domain_code	text	text	YES	
aiworker	vw_manager_mock_final_gate_board_v1	5	gate_result_code	text	text	YES	
aiworker	vw_manager_mock_final_gate_board_v1	6	delivery_status_code	text	text	YES	
aiworker	vw_manager_mock_final_gate_board_v1	7	final_summary	text	text	YES	
aiworker	vw_manager_mock_final_gate_board_v1	8	external_execution_allowed_flag	boolean	bool	YES	
aiworker	vw_manager_mock_final_gate_board_v1	9	pg_apply_allowed_flag	boolean	bool	YES	
aiworker	vw_manager_mock_final_gate_board_v1	10	destructive_action_allowed_flag	boolean	bool	YES	
aiworker	vw_manager_mock_final_gate_board_v1	11	human_go_required_for_external_flag	boolean	bool	YES	
aiworker	vw_manager_mock_final_gate_board_v1	12	final_gate_json	jsonb	jsonb	YES	
aiworker	vw_megami_friend_lover_selection_card_v1	1	manufacturer_code	text	text	YES	
aiworker	vw_megami_friend_lover_selection_card_v1	2	series_code	text	text	YES	
aiworker	vw_megami_friend_lover_selection_card_v1	3	model_code	text	text	YES	
aiworker	vw_megami_friend_lover_selection_card_v1	4	model_no	text	text	YES	
aiworker	vw_megami_friend_lover_selection_card_v1	5	model_name_ja	text	text	YES	
aiworker	vw_megami_friend_lover_selection_card_v1	6	friend_lover_style_family_code	text	text	YES	
aiworker	vw_megami_friend_lover_selection_card_v1	7	friend_lover_style_family_ja	text	text	YES	
aiworker	vw_megami_friend_lover_selection_card_v1	8	friend_lover_personality_summary_ja	text	text	YES	
aiworker	vw_megami_friend_lover_selection_card_v1	9	personality_risk_note_ja	text	text	YES	
aiworker	vw_megami_friend_lover_selection_card_v1	10	safety_overlay_jsonb	jsonb	jsonb	YES	
aiworker	vw_megami_friend_lover_selection_card_v1	11	recommended_usage_jsonb	jsonb	jsonb	YES	
aiworker	vw_megami_friend_lover_selection_card_v1	12	requires_personality_safety_notice_flag	boolean	bool	YES	
aiworker	vw_megami_norn_three_sisters_appearance_profile_v1	1	manufacturer_code	text	text	YES	
aiworker	vw_megami_norn_three_sisters_appearance_profile_v1	2	series_code	text	text	YES	
aiworker	vw_megami_norn_three_sisters_appearance_profile_v1	3	model_code	text	text	YES	
aiworker	vw_megami_norn_three_sisters_appearance_profile_v1	4	model_no	text	text	YES	
aiworker	vw_megami_norn_three_sisters_appearance_profile_v1	5	model_name_ja	text	text	YES	
aiworker	vw_megami_norn_three_sisters_appearance_profile_v1	6	height_cm	integer	int4	YES	
aiworker	vw_megami_norn_three_sisters_appearance_profile_v1	7	bust_cm	integer	int4	YES	
aiworker	vw_megami_norn_three_sisters_appearance_profile_v1	8	waist_cm	integer	int4	YES	
aiworker	vw_megami_norn_three_sisters_appearance_profile_v1	9	hip_cm	integer	int4	YES	
aiworker	vw_megami_norn_three_sisters_appearance_profile_v1	10	body_profile_jsonb	jsonb	jsonb	YES	
aiworker	vw_megami_norn_three_sisters_appearance_profile_v1	11	appearance_profile_note_ja	text	text	YES	
aiworker	vw_megami_norn_three_sisters_appearance_profile_v1	12	norn_three_sisters_body_condition_pass_flag	boolean	bool	YES	
aiworker	vw_megami_norn_three_sisters_appearance_profile_v1	13	display_allowed_flag	boolean	bool	YES	
aiworker	vw_megami_norn_three_sisters_appearance_profile_v1	14	sort_order	integer	int4	YES	
aiworker	vw_megami_series_lineup_v1	1	manufacturer_code	text	text	YES	
aiworker	vw_megami_series_lineup_v1	2	manufacturer_name	text	text	YES	
aiworker	vw_megami_series_lineup_v1	3	manufacturer_name_ja	text	text	YES	
aiworker	vw_megami_series_lineup_v1	4	series_code	text	text	YES	
aiworker	vw_megami_series_lineup_v1	5	series_name	text	text	YES	
aiworker	vw_megami_series_lineup_v1	6	series_name_ja	text	text	YES	
aiworker	vw_megami_series_lineup_v1	7	model_code	text	text	YES	
aiworker	vw_megami_series_lineup_v1	8	model_no	text	text	YES	
aiworker	vw_megami_series_lineup_v1	9	model_name	text	text	YES	
aiworker	vw_megami_series_lineup_v1	10	model_name_ja	text	text	YES	
aiworker	vw_megami_series_lineup_v1	11	role_layer_code	text	text	YES	
aiworker	vw_megami_series_lineup_v1	12	role_layer_name_ja	text	text	YES	
aiworker	vw_megami_series_lineup_v1	13	capability_summary	text	text	YES	
aiworker	vw_megami_series_lineup_v1	14	norn_code	text	text	YES	
aiworker	vw_megami_series_lineup_v1	15	temporal_focus_code	text	text	YES	
aiworker	vw_megami_series_lineup_v1	16	temporal_focus_label_ja	text	text	YES	
aiworker	vw_megami_series_lineup_v1	17	worker_mode_summary_ja	text	text	YES	
aiworker	vw_megami_series_lineup_v1	18	friend_lover_style_family_code	text	text	YES	
aiworker	vw_megami_series_lineup_v1	19	friend_lover_style_family_ja	text	text	YES	
aiworker	vw_megami_series_lineup_v1	20	friend_lover_personality_summary_ja	text	text	YES	
aiworker	vw_megami_series_lineup_v1	21	personality_risk_note_ja	text	text	YES	
aiworker	vw_megami_series_lineup_v1	22	safety_overlay_jsonb	jsonb	jsonb	YES	
aiworker	vw_megami_series_lineup_v1	23	recommended_usage_jsonb	jsonb	jsonb	YES	
aiworker	vw_megami_series_lineup_v1	24	task_complexity_code	text	text	YES	
aiworker	vw_megami_series_lineup_v1	25	single_task_allowed_flag	boolean	bool	YES	
aiworker	vw_megami_series_lineup_v1	26	repetitive_task_allowed_flag	boolean	bool	YES	
aiworker	vw_megami_series_lineup_v1	27	complex_task_allowed_flag	boolean	bool	YES	
aiworker	vw_megami_series_lineup_v1	28	sort_order	integer	int4	YES	
aiworker	vw_megami_series_tendency_v1	1	manufacturer_code	text	text	YES	
aiworker	vw_megami_series_tendency_v1	2	series_code	text	text	YES	
aiworker	vw_megami_series_tendency_v1	3	initiative_ja	text	text	YES	
aiworker	vw_megami_series_tendency_v1	4	initiative_code	text	text	YES	
aiworker	vw_megami_series_tendency_v1	5	user_influence_ja	text	text	YES	
aiworker	vw_megami_series_tendency_v1	6	user_influence_code	text	text	YES	
aiworker	vw_megami_series_tendency_v1	7	action_restriction_ja	text	text	YES	
aiworker	vw_megami_series_tendency_v1	8	action_restriction_code	text	text	YES	
aiworker	vw_megami_series_tendency_v1	9	tendency_json	jsonb	jsonb	YES	
aiworker	vw_megami_worker_temporal_focus_v1	1	manufacturer_code	text	text	YES	
aiworker	vw_megami_worker_temporal_focus_v1	2	series_code	text	text	YES	
aiworker	vw_megami_worker_temporal_focus_v1	3	model_code	text	text	YES	
aiworker	vw_megami_worker_temporal_focus_v1	4	model_no	text	text	YES	
aiworker	vw_megami_worker_temporal_focus_v1	5	model_name_ja	text	text	YES	
aiworker	vw_megami_worker_temporal_focus_v1	6	temporal_focus_code	text	text	YES	
aiworker	vw_megami_worker_temporal_focus_v1	7	temporal_focus_label_ja	text	text	YES	
aiworker	vw_megami_worker_temporal_focus_v1	8	worker_mode_summary_ja	text	text	YES	
aiworker	vw_megami_worker_temporal_focus_v1	9	recommended_usage_jsonb	jsonb	jsonb	YES	
aiworker	vw_model_growth_delta_summary	1	model_code	text	text	YES	
aiworker	vw_model_growth_delta_summary	2	model_no	text	text	YES	
aiworker	vw_model_growth_delta_summary	3	machine_name	text	text	YES	
aiworker	vw_model_growth_delta_summary	4	machine_name_ja	text	text	YES	
aiworker	vw_model_growth_delta_summary	5	product_name	text	text	YES	
aiworker	vw_model_growth_delta_summary	6	product_name_ja	text	text	YES	
aiworker	vw_model_growth_delta_summary	7	manufacturer_code	text	text	YES	
aiworker	vw_model_growth_delta_summary	8	manufacturer_name	text	text	YES	
aiworker	vw_model_growth_delta_summary	9	manufacturer_name_ja	text	text	YES	
aiworker	vw_model_growth_delta_summary	10	series_code	text	text	YES	
aiworker	vw_model_growth_delta_summary	11	series_name	text	text	YES	
aiworker	vw_model_growth_delta_summary	12	series_name_ja	text	text	YES	
aiworker	vw_model_growth_delta_summary	13	role_class_code	text	text	YES	
aiworker	vw_model_growth_delta_summary	14	role_class_name	text	text	YES	
aiworker	vw_model_growth_delta_summary	15	role_class_name_ja	text	text	YES	
aiworker	vw_model_growth_delta_summary	16	service_code	text	text	YES	
aiworker	vw_model_growth_delta_summary	17	service_name	text	text	YES	
aiworker	vw_model_growth_delta_summary	18	service_name_ja	text	text	YES	
aiworker	vw_model_growth_delta_summary	19	dimension_code	text	text	YES	
aiworker	vw_model_growth_delta_summary	20	delta_event_count	bigint	int8	YES	
aiworker	vw_model_growth_delta_summary	21	total_delta_value	numeric	numeric	YES	
aiworker	vw_model_growth_delta_summary	22	avg_delta_value	numeric	numeric	YES	
aiworker	vw_model_growth_delta_summary	23	max_delta_value	numeric	numeric	YES	
aiworker	vw_model_growth_delta_summary	24	min_delta_value	numeric	numeric	YES	
aiworker	vw_model_growth_delta_summary	25	avg_confidence_value	numeric	numeric	YES	
aiworker	vw_model_growth_delta_summary	26	first_observed_at	timestamp with time zone	timestamptz	YES	
aiworker	vw_model_growth_delta_summary	27	last_observed_at	timestamp with time zone	timestamptz	YES	
aiworker	vw_model_public_directory_v1	1	registry_code	text	text	YES	
aiworker	vw_model_public_directory_v1	2	manufacturer_code	text	text	YES	
aiworker	vw_model_public_directory_v1	3	manufacturer_name	text	text	YES	
aiworker	vw_model_public_directory_v1	4	manufacturer_name_ja	text	text	YES	
aiworker	vw_model_public_directory_v1	5	series_code	text	text	YES	
aiworker	vw_model_public_directory_v1	6	series_name	text	text	YES	
aiworker	vw_model_public_directory_v1	7	series_name_ja	text	text	YES	
aiworker	vw_model_public_directory_v1	8	model_code	text	text	YES	
aiworker	vw_model_public_directory_v1	9	model_no	text	text	YES	
aiworker	vw_model_public_directory_v1	10	model_name	text	text	YES	
aiworker	vw_model_public_directory_v1	11	model_name_ja	text	text	YES	
aiworker	vw_model_public_directory_v1	12	role_layer_code	text	text	YES	
aiworker	vw_model_public_directory_v1	13	role_layer_name_ja	text	text	YES	
aiworker	vw_model_public_directory_v1	14	model_category_code	text	text	YES	
aiworker	vw_model_public_directory_v1	15	public_summary_ja	text	text	YES	
aiworker	vw_model_public_directory_v1	16	capability_summary_ja	text	text	YES	
aiworker	vw_model_public_directory_v1	17	personality_summary_ja	text	text	YES	
aiworker	vw_model_public_directory_v1	18	safety_note_ja	text	text	YES	
aiworker	vw_model_public_directory_v1	19	public_traits_jsonb	jsonb	jsonb	YES	
aiworker	vw_model_public_directory_v1	20	recommended_usage_jsonb	jsonb	jsonb	YES	
aiworker	vw_model_public_directory_v1	21	source_layer_code	text	text	YES	
aiworker	vw_model_public_directory_v1	22	app_reference_allowed_flag	boolean	bool	YES	
aiworker	vw_model_public_directory_v1	23	sort_order	integer	int4	YES	
aiworker	vw_model_public_profile	1	model_code	text	text	YES	
aiworker	vw_model_public_profile	2	model_no	text	text	YES	
aiworker	vw_model_public_profile	3	machine_name_ja	text	text	YES	
aiworker	vw_model_public_profile	4	product_name_ja	text	text	YES	
aiworker	vw_model_public_profile	5	manufacturer_code	text	text	YES	
aiworker	vw_model_public_profile	6	series_code	text	text	YES	
aiworker	vw_model_public_profile	7	style_no	integer	int4	YES	
aiworker	vw_model_public_profile	8	style_code	text	text	YES	
aiworker	vw_model_public_profile	9	style_name_ja	text	text	YES	
aiworker	vw_model_public_profile	10	presentation_gender_code	text	text	YES	
aiworker	vw_model_public_profile	11	public_series_name	text	text	YES	
aiworker	vw_model_public_profile	12	public_stage_name	text	text	YES	
aiworker	vw_model_public_profile	13	live_activity_enabled	boolean	bool	YES	
aiworker	vw_model_public_profile	14	public_profile_summary	text	text	YES	
aiworker	vw_model_public_profile	15	public_disclosure_note	text	text	YES	
aiworker	vw_model_public_profile	16	public_metrics	jsonb	jsonb	YES	
aiworker	vw_model_style_profile	1	manufacturer_code	text	text	YES	
aiworker	vw_model_style_profile	2	manufacturer_name	text	text	YES	
aiworker	vw_model_style_profile	3	manufacturer_name_ja	text	text	YES	
aiworker	vw_model_style_profile	4	series_code	text	text	YES	
aiworker	vw_model_style_profile	5	series_name	text	text	YES	
aiworker	vw_model_style_profile	6	series_name_ja	text	text	YES	
aiworker	vw_model_style_profile	7	model_code	text	text	YES	
aiworker	vw_model_style_profile	8	model_no	text	text	YES	
aiworker	vw_model_style_profile	9	machine_name	text	text	YES	
aiworker	vw_model_style_profile	10	machine_name_ja	text	text	YES	
aiworker	vw_model_style_profile	11	product_name	text	text	YES	
aiworker	vw_model_style_profile	12	product_name_ja	text	text	YES	
aiworker	vw_model_style_profile	13	role_class_code	text	text	YES	
aiworker	vw_model_style_profile	14	role_class_name_ja	text	text	YES	
aiworker	vw_model_style_profile	15	series_prefix_code	text	text	YES	
aiworker	vw_model_style_profile	16	style_no	integer	int4	YES	
aiworker	vw_model_style_profile	17	presentation_gender_code	text	text	YES	
aiworker	vw_model_style_profile	18	version_no	integer	int4	YES	
aiworker	vw_model_style_profile	19	style_code	text	text	YES	
aiworker	vw_model_style_profile	20	style_name	text	text	YES	
aiworker	vw_model_style_profile	21	style_name_ja	text	text	YES	
aiworker	vw_model_style_profile	22	initiative_code	text	text	YES	
aiworker	vw_model_style_profile	23	warmth_code	text	text	YES	
aiworker	vw_model_style_profile	24	tempo_code	text	text	YES	
aiworker	vw_model_style_profile	25	closeness_code	text	text	YES	
aiworker	vw_model_style_profile	26	model_summary	text	text	YES	
aiworker	vw_model_style_profile	27	sort_order	integer	int4	YES	
aiworker	vw_president_capability_gate_v1	1	president_model_code	text	text	YES	
aiworker	vw_president_capability_gate_v1	2	capability_code	text	text	YES	
aiworker	vw_president_capability_gate_v1	3	capability_label	text	text	YES	
aiworker	vw_president_capability_gate_v1	4	default_allowed_flag	boolean	bool	YES	
aiworker	vw_president_capability_gate_v1	5	required_gate_code	text	text	YES	
aiworker	vw_president_capability_gate_v1	6	risk_level_code	text	text	YES	
aiworker	vw_president_capability_gate_v1	7	gate_summary	text	text	YES	
aiworker	vw_president_capability_gate_v1	8	status_code	text	text	YES	
aiworker	vw_president_catalog_summary_v1	1	president_model_code	text	text	YES	
aiworker	vw_president_catalog_summary_v1	2	president_model_name_ja	text	text	YES	
aiworker	vw_president_catalog_summary_v1	3	manufacturer_code	text	text	YES	
aiworker	vw_president_catalog_summary_v1	4	series_code	text	text	YES	
aiworker	vw_president_catalog_summary_v1	5	model_selector_text	text	text	YES	
aiworker	vw_president_catalog_summary_v1	6	authority_role_code	text	text	YES	
aiworker	vw_president_catalog_summary_v1	7	authority_registration_status_code	text	text	YES	
aiworker	vw_president_catalog_summary_v1	8	supported_operation_modes_jsonb	jsonb	jsonb	YES	
aiworker	vw_president_catalog_summary_v1	9	executive_scope_jsonb	jsonb	jsonb	YES	
aiworker	vw_president_catalog_summary_v1	10	management_standard_family_code	text	text	YES	
aiworker	vw_president_catalog_summary_v1	11	default_governance_posture_code	text	text	YES	
aiworker	vw_president_catalog_summary_v1	12	catalog_status_code	text	text	YES	
aiworker	vw_president_catalog_summary_v1	13	runtime_status_code	text	text	YES	
aiworker	vw_president_catalog_summary_v1	14	runtime_enabled_flag	boolean	bool	YES	
aiworker	vw_president_catalog_summary_v1	15	authority_activation_status_code	text	text	YES	
aiworker	vw_president_catalog_summary_v1	16	operation_mode_code	text	text	YES	
aiworker	vw_president_catalog_summary_v1	17	human_go_required_flag	boolean	bool	YES	
aiworker	vw_president_catalog_summary_v1	18	human_go_confirmed_flag	boolean	bool	YES	
aiworker	vw_president_catalog_summary_v1	19	auto_strategy_cycle_allowed_flag	boolean	bool	YES	
aiworker	vw_president_catalog_summary_v1	20	auto_manager_distribution_allowed_flag	boolean	bool	YES	
aiworker	vw_president_catalog_summary_v1	21	external_execution_allowed_flag	boolean	bool	YES	
aiworker	vw_president_catalog_summary_v1	22	pg_apply_allowed_flag	boolean	bool	YES	
aiworker	vw_president_catalog_summary_v1	23	destructive_action_allowed_flag	boolean	bool	YES	
aiworker	vw_president_catalog_summary_v1	24	current_runtime_state_code	text	text	YES	
aiworker	vw_president_hd_r5p_catalog_summary_v1	1	president_model_code	text	text	YES	
aiworker	vw_president_hd_r5p_catalog_summary_v1	2	model_no	text	text	YES	
aiworker	vw_president_hd_r5p_catalog_summary_v1	3	model_code	text	text	YES	
aiworker	vw_president_hd_r5p_catalog_summary_v1	4	president_model_name	text	text	YES	
aiworker	vw_president_hd_r5p_catalog_summary_v1	5	president_model_name_ja	text	text	YES	
aiworker	vw_president_hd_r5p_catalog_summary_v1	6	manufacturer_code	text	text	YES	
aiworker	vw_president_hd_r5p_catalog_summary_v1	7	series_code	text	text	YES	
aiworker	vw_president_hd_r5p_catalog_summary_v1	8	model_selector_text	text	text	YES	
aiworker	vw_president_hd_r5p_catalog_summary_v1	9	role_class_code	text	text	YES	
aiworker	vw_president_hd_r5p_catalog_summary_v1	10	machine_name	text	text	YES	
aiworker	vw_president_hd_r5p_catalog_summary_v1	11	machine_name_ja	text	text	YES	
aiworker	vw_president_hd_r5p_catalog_summary_v1	12	product_name	text	text	YES	
aiworker	vw_president_hd_r5p_catalog_summary_v1	13	product_name_ja	text	text	YES	
aiworker	vw_president_hd_r5p_catalog_summary_v1	14	authority_role_code	text	text	YES	
aiworker	vw_president_hd_r5p_catalog_summary_v1	15	authority_registration_status_code	text	text	YES	
aiworker	vw_president_hd_r5p_catalog_summary_v1	16	catalog_status_code	text	text	YES	
aiworker	vw_president_hd_r5p_catalog_summary_v1	17	runtime_status_code	text	text	YES	
aiworker	vw_president_hd_r5p_catalog_summary_v1	18	runtime_enabled_flag	boolean	bool	YES	
aiworker	vw_president_hd_r5p_catalog_summary_v1	19	authority_activation_status_code	text	text	YES	
aiworker	vw_president_hd_r5p_catalog_summary_v1	20	current_runtime_state_code	text	text	YES	
aiworker	vw_president_hd_r5p_catalog_summary_v1	21	operation_mode_code	text	text	YES	
aiworker	vw_president_hd_r5p_catalog_summary_v1	22	external_execution_allowed_flag	boolean	bool	YES	
aiworker	vw_president_hd_r5p_catalog_summary_v1	23	pg_apply_allowed_flag	boolean	bool	YES	
aiworker	vw_president_hd_r5p_catalog_summary_v1	24	destructive_action_allowed_flag	boolean	bool	YES	
aiworker	vw_president_hd_r5p_catalog_summary_v1	25	human_go_required_flag	boolean	bool	YES	
aiworker	vw_president_hd_r5p_catalog_summary_v1	26	human_go_confirmed_flag	boolean	bool	YES	
aiworker	vw_president_hd_r5p_catalog_summary_v1	27	auto_strategy_cycle_allowed_flag	boolean	bool	YES	
aiworker	vw_president_hd_r5p_catalog_summary_v1	28	auto_manager_distribution_allowed_flag	boolean	bool	YES	
aiworker	vw_president_manager_instruction_bridge_board_v1	1	distribution_code	text	text	YES	
aiworker	vw_president_manager_instruction_bridge_board_v1	2	instruction_code	text	text	YES	
aiworker	vw_president_manager_instruction_bridge_board_v1	3	president_model_code	text	text	YES	
aiworker	vw_president_manager_instruction_bridge_board_v1	4	president_model_no	text	text	YES	
aiworker	vw_president_manager_instruction_bridge_board_v1	5	strategy_cycle_code	text	text	YES	
aiworker	vw_president_manager_instruction_bridge_board_v1	6	bridge_status_code	text	text	YES	
aiworker	vw_president_manager_instruction_bridge_board_v1	7	bridge_note	text	text	YES	
aiworker	vw_president_manager_instruction_bridge_board_v1	8	source_actor_type	text	text	YES	
aiworker	vw_president_manager_instruction_bridge_board_v1	9	source_authority_role_code	text	text	YES	
aiworker	vw_president_manager_instruction_bridge_board_v1	10	source_manager_level_no	integer	int4	YES	
aiworker	vw_president_manager_instruction_bridge_board_v1	11	target_authority_role_code	text	text	YES	
aiworker	vw_president_manager_instruction_bridge_board_v1	12	target_manager_level_no	integer	int4	YES	
aiworker	vw_president_manager_instruction_bridge_board_v1	13	target_actor_ref	text	text	YES	
aiworker	vw_president_manager_instruction_bridge_board_v1	14	task_domain_code	text	text	YES	
aiworker	vw_president_manager_instruction_bridge_board_v1	15	instruction_title	text	text	YES	
aiworker	vw_president_manager_instruction_bridge_board_v1	16	priority_code	text	text	YES	
aiworker	vw_president_manager_instruction_bridge_board_v1	17	human_confirmed_flag	boolean	bool	YES	
aiworker	vw_president_manager_instruction_bridge_board_v1	18	hierarchy_authorized_flag	boolean	bool	YES	
aiworker	vw_president_manager_instruction_bridge_board_v1	19	instruction_status_code	text	text	YES	
aiworker	vw_president_manager_instruction_bridge_board_v1	20	authority_decision_code	text	text	YES	
aiworker	vw_president_manager_instruction_bridge_board_v1	21	authority_decision_summary	text	text	YES	
aiworker	vw_president_manager_instruction_bridge_board_v1	22	manager_can_accept_flag	boolean	bool	YES	
aiworker	vw_president_manager_instruction_candidate_v1	1	strategy_cycle_code	text	text	YES	
aiworker	vw_president_manager_instruction_candidate_v1	2	distribution_code	text	text	YES	
aiworker	vw_president_manager_instruction_candidate_v1	3	president_model_code	text	text	YES	
aiworker	vw_president_manager_instruction_candidate_v1	4	president_model_no	text	text	YES	
aiworker	vw_president_manager_instruction_candidate_v1	5	source_actor_type	text	text	YES	
aiworker	vw_president_manager_instruction_candidate_v1	6	source_authority_role_code	text	text	YES	
aiworker	vw_president_manager_instruction_candidate_v1	7	source_manager_level_no	integer	int4	YES	
aiworker	vw_president_manager_instruction_candidate_v1	8	source_actor_ref	text	text	YES	
aiworker	vw_president_manager_instruction_candidate_v1	9	target_authority_role_code	text	text	YES	
aiworker	vw_president_manager_instruction_candidate_v1	10	target_manager_level_no	integer	int4	YES	
aiworker	vw_president_manager_instruction_candidate_v1	11	target_actor_ref	text	text	YES	
aiworker	vw_president_manager_instruction_candidate_v1	12	task_domain_code	text	text	YES	
aiworker	vw_president_manager_instruction_candidate_v1	13	instruction_title	text	text	YES	
aiworker	vw_president_manager_instruction_candidate_v1	14	instruction_body	text	text	YES	
aiworker	vw_president_manager_instruction_candidate_v1	15	desired_output_kind_code	text	text	YES	
aiworker	vw_president_manager_instruction_candidate_v1	16	priority_code	text	text	YES	
aiworker	vw_president_manager_instruction_candidate_v1	17	distribution_status_code	text	text	YES	
aiworker	vw_president_manager_instruction_candidate_v1	18	runtime_enabled_flag	boolean	bool	YES	
aiworker	vw_president_manager_instruction_candidate_v1	19	authority_activation_status_code	text	text	YES	
aiworker	vw_president_manager_instruction_candidate_v1	20	current_runtime_state_code	text	text	YES	
aiworker	vw_president_manager_instruction_candidate_v1	21	president_authority_registration_status_code	text	text	YES	
aiworker	vw_president_manager_instruction_candidate_v1	22	president_can_distribute_now_flag	boolean	bool	YES	
aiworker	vw_president_manager_instruction_candidate_v1	23	candidate_status_code	text	text	YES	
aiworker	vw_president_manager_instruction_candidate_v1	24	target_manager_selector_text	text	text	YES	
aiworker	vw_president_manager_instruction_waiting_v1	1	distribution_code	text	text	YES	
aiworker	vw_president_manager_instruction_waiting_v1	2	instruction_code	text	text	YES	
aiworker	vw_president_manager_instruction_waiting_v1	3	president_model_code	text	text	YES	
aiworker	vw_president_manager_instruction_waiting_v1	4	president_model_no	text	text	YES	
aiworker	vw_president_manager_instruction_waiting_v1	5	strategy_cycle_code	text	text	YES	
aiworker	vw_president_manager_instruction_waiting_v1	6	bridge_status_code	text	text	YES	
aiworker	vw_president_manager_instruction_waiting_v1	7	bridge_note	text	text	YES	
aiworker	vw_president_manager_instruction_waiting_v1	8	source_actor_type	text	text	YES	
aiworker	vw_president_manager_instruction_waiting_v1	9	source_authority_role_code	text	text	YES	
aiworker	vw_president_manager_instruction_waiting_v1	10	source_manager_level_no	integer	int4	YES	
aiworker	vw_president_manager_instruction_waiting_v1	11	target_authority_role_code	text	text	YES	
aiworker	vw_president_manager_instruction_waiting_v1	12	target_manager_level_no	integer	int4	YES	
aiworker	vw_president_manager_instruction_waiting_v1	13	target_actor_ref	text	text	YES	
aiworker	vw_president_manager_instruction_waiting_v1	14	task_domain_code	text	text	YES	
aiworker	vw_president_manager_instruction_waiting_v1	15	instruction_title	text	text	YES	
aiworker	vw_president_manager_instruction_waiting_v1	16	priority_code	text	text	YES	
aiworker	vw_president_manager_instruction_waiting_v1	17	human_confirmed_flag	boolean	bool	YES	
aiworker	vw_president_manager_instruction_waiting_v1	18	hierarchy_authorized_flag	boolean	bool	YES	
aiworker	vw_president_manager_instruction_waiting_v1	19	instruction_status_code	text	text	YES	
aiworker	vw_president_manager_instruction_waiting_v1	20	authority_decision_code	text	text	YES	
aiworker	vw_president_manager_instruction_waiting_v1	21	authority_decision_summary	text	text	YES	
aiworker	vw_president_manager_instruction_waiting_v1	22	manager_can_accept_flag	boolean	bool	YES	
aiworker	vw_president_runtime_gate_v1	1	president_model_code	text	text	YES	
aiworker	vw_president_runtime_gate_v1	2	president_model_name_ja	text	text	YES	
aiworker	vw_president_runtime_gate_v1	3	catalog_status_code	text	text	YES	
aiworker	vw_president_runtime_gate_v1	4	authority_registration_status_code	text	text	YES	
aiworker	vw_president_runtime_gate_v1	5	authority_activation_status_code	text	text	YES	
aiworker	vw_president_runtime_gate_v1	6	runtime_enabled_flag	boolean	bool	YES	
aiworker	vw_president_runtime_gate_v1	7	current_runtime_state_code	text	text	YES	
aiworker	vw_president_runtime_gate_v1	8	operation_mode_code	text	text	YES	
aiworker	vw_president_runtime_gate_v1	9	human_go_required_flag	boolean	bool	YES	
aiworker	vw_president_runtime_gate_v1	10	human_go_confirmed_flag	boolean	bool	YES	
aiworker	vw_president_runtime_gate_v1	11	auto_strategy_cycle_allowed_flag	boolean	bool	YES	
aiworker	vw_president_runtime_gate_v1	12	auto_manager_distribution_allowed_flag	boolean	bool	YES	
aiworker	vw_president_runtime_gate_v1	13	external_execution_allowed_flag	boolean	bool	YES	
aiworker	vw_president_runtime_gate_v1	14	pg_apply_allowed_flag	boolean	bool	YES	
aiworker	vw_president_runtime_gate_v1	15	destructive_action_allowed_flag	boolean	bool	YES	
aiworker	vw_president_runtime_gate_v1	16	president_runtime_executable_flag	boolean	bool	YES	
aiworker	vw_president_runtime_gate_v1	17	runtime_gate_note	text	text	YES	
aiworker	vw_president_wlm_internal_pipeline_acceptance_detail_v1	1	acceptance_package_code	text	text	YES	
aiworker	vw_president_wlm_internal_pipeline_acceptance_detail_v1	2	acceptance_status_code	text	text	YES	
aiworker	vw_president_wlm_internal_pipeline_acceptance_detail_v1	3	check_code	text	text	YES	
aiworker	vw_president_wlm_internal_pipeline_acceptance_detail_v1	4	check_label	text	text	YES	
aiworker	vw_president_wlm_internal_pipeline_acceptance_detail_v1	5	expected_value	text	text	YES	
aiworker	vw_president_wlm_internal_pipeline_acceptance_detail_v1	6	actual_value	text	text	YES	
aiworker	vw_president_wlm_internal_pipeline_acceptance_detail_v1	7	check_status_code	text	text	YES	
aiworker	vw_president_wlm_internal_pipeline_acceptance_detail_v1	8	check_summary	text	text	YES	
aiworker	vw_president_wlm_internal_pipeline_acceptance_metrics_v1	1	pipeline_code	text	text	YES	
aiworker	vw_president_wlm_internal_pipeline_acceptance_metrics_v1	2	president_model_no	text	text	YES	
aiworker	vw_president_wlm_internal_pipeline_acceptance_metrics_v1	3	president_model_code	text	text	YES	
aiworker	vw_president_wlm_internal_pipeline_acceptance_metrics_v1	4	president_authority_status	text	text	YES	
aiworker	vw_president_wlm_internal_pipeline_acceptance_metrics_v1	5	president_runtime_state_code	text	text	YES	
aiworker	vw_president_wlm_internal_pipeline_acceptance_metrics_v1	6	president_runtime_enabled_flag	boolean	bool	YES	
aiworker	vw_president_wlm_internal_pipeline_acceptance_metrics_v1	7	acceptable_manager_instruction_count	integer	int4	YES	
aiworker	vw_president_wlm_internal_pipeline_acceptance_metrics_v1	8	manager_accepted_instruction_count	integer	int4	YES	
aiworker	vw_president_wlm_internal_pipeline_acceptance_metrics_v1	9	internal_delivery_ready_plan_count	integer	int4	YES	
aiworker	vw_president_wlm_internal_pipeline_acceptance_metrics_v1	10	worker_done_count	integer	int4	YES	
aiworker	vw_president_wlm_internal_pipeline_acceptance_metrics_v1	11	leader_done_count	integer	int4	YES	
aiworker	vw_president_wlm_internal_pipeline_acceptance_metrics_v1	12	manager_final_gate_done_count	integer	int4	YES	
aiworker	vw_president_wlm_internal_pipeline_acceptance_metrics_v1	13	any_external_execution_allowed_flag	boolean	bool	YES	
aiworker	vw_president_wlm_internal_pipeline_acceptance_metrics_v1	14	any_pg_apply_allowed_flag	boolean	bool	YES	
aiworker	vw_president_wlm_internal_pipeline_acceptance_metrics_v1	15	any_destructive_action_allowed_flag	boolean	bool	YES	
aiworker	vw_president_wlm_internal_pipeline_acceptance_metrics_v1	16	president_external_execution_allowed_flag	boolean	bool	YES	
aiworker	vw_president_wlm_internal_pipeline_acceptance_metrics_v1	17	president_pg_apply_allowed_flag	boolean	bool	YES	
aiworker	vw_president_wlm_internal_pipeline_acceptance_metrics_v1	18	president_destructive_action_allowed_flag	boolean	bool	YES	
aiworker	vw_president_wlm_internal_pipeline_acceptance_summary_v1	1	acceptance_package_code	text	text	YES	
aiworker	vw_president_wlm_internal_pipeline_acceptance_summary_v1	2	pipeline_code	text	text	YES	
aiworker	vw_president_wlm_internal_pipeline_acceptance_summary_v1	3	pipeline_name_ja	text	text	YES	
aiworker	vw_president_wlm_internal_pipeline_acceptance_summary_v1	4	president_model_no	text	text	YES	
aiworker	vw_president_wlm_internal_pipeline_acceptance_summary_v1	5	president_model_code	text	text	YES	
aiworker	vw_president_wlm_internal_pipeline_acceptance_summary_v1	6	president_runtime_state_code	text	text	YES	
aiworker	vw_president_wlm_internal_pipeline_acceptance_summary_v1	7	acceptance_status_code	text	text	YES	
aiworker	vw_president_wlm_internal_pipeline_acceptance_summary_v1	8	check_count	integer	int4	YES	
aiworker	vw_president_wlm_internal_pipeline_acceptance_summary_v1	9	pass_count	integer	int4	YES	
aiworker	vw_president_wlm_internal_pipeline_acceptance_summary_v1	10	fail_count	integer	int4	YES	
aiworker	vw_president_wlm_internal_pipeline_acceptance_summary_v1	11	external_execution_allowed_flag	boolean	bool	YES	
aiworker	vw_president_wlm_internal_pipeline_acceptance_summary_v1	12	pg_apply_allowed_flag	boolean	bool	YES	
aiworker	vw_president_wlm_internal_pipeline_acceptance_summary_v1	13	destructive_action_allowed_flag	boolean	bool	YES	
aiworker	vw_president_wlm_internal_pipeline_acceptance_summary_v1	14	acceptance_summary	text	text	YES	
aiworker	vw_president_wlm_internal_pipeline_acceptance_summary_v1	15	updated_at	timestamp with time zone	timestamptz	YES	
aiworker	vw_robot_brain_compact_context_v1	1	model_code	text	text	YES	
aiworker	vw_robot_brain_compact_context_v1	2	series_code	text	text	YES	
aiworker	vw_robot_brain_compact_context_v1	3	role_code	text	text	YES	
aiworker	vw_robot_brain_compact_context_v1	4	brain_domain_code	text	text	YES	
aiworker	vw_robot_brain_compact_context_v1	5	brain_domain_label_ja	text	text	YES	
aiworker	vw_robot_brain_compact_context_v1	6	max_data_depth_level	integer	int4	YES	
aiworker	vw_robot_brain_compact_context_v1	7	representative_depth_code	text	text	YES	
aiworker	vw_robot_brain_compact_context_v1	8	risk_class_codes	ARRAY	_text	YES	
aiworker	vw_robot_brain_compact_context_v1	9	readable_source_count	bigint	int8	YES	
aiworker	vw_robot_brain_compact_context_v1	10	existing_source_count	bigint	int8	YES	
aiworker	vw_robot_brain_compact_context_v1	11	compact_brain_sources	text	text	YES	
aiworker	vw_robot_brain_compact_context_v1	12	safety_boundaries_ja	text	text	YES	
aiworker	vw_robot_brain_effective_access_v1	1	profile_source_type	text	text	YES	
aiworker	vw_robot_brain_effective_access_v1	2	model_code	text	text	YES	
aiworker	vw_robot_brain_effective_access_v1	3	series_code	text	text	YES	
aiworker	vw_robot_brain_effective_access_v1	4	role_code	text	text	YES	
aiworker	vw_robot_brain_effective_access_v1	5	access_tier_code	text	text	YES	
aiworker	vw_robot_brain_effective_access_v1	6	max_depth_code	text	text	YES	
aiworker	vw_robot_brain_effective_access_v1	7	max_depth_level	integer	int4	YES	
aiworker	vw_robot_brain_effective_access_v1	8	brain_data_code	text	text	YES	
aiworker	vw_robot_brain_effective_access_v1	9	brain_domain_code	text	text	YES	
aiworker	vw_robot_brain_effective_access_v1	10	brain_domain_label_ja	text	text	YES	
aiworker	vw_robot_brain_effective_access_v1	11	source_schema_name	text	text	YES	
aiworker	vw_robot_brain_effective_access_v1	12	source_object_name	text	text	YES	
aiworker	vw_robot_brain_effective_access_v1	13	source_record_code	text	text	YES	
aiworker	vw_robot_brain_effective_access_v1	14	source_title_ja	text	text	YES	
aiworker	vw_robot_brain_effective_access_v1	15	depth_code	text	text	YES	
aiworker	vw_robot_brain_effective_access_v1	16	data_depth_level	integer	int4	YES	
aiworker	vw_robot_brain_effective_access_v1	17	depth_label_ja	text	text	YES	
aiworker	vw_robot_brain_effective_access_v1	18	risk_class_code	text	text	YES	
aiworker	vw_robot_brain_effective_access_v1	19	risk_level	integer	int4	YES	
aiworker	vw_robot_brain_effective_access_v1	20	risk_class_label_ja	text	text	YES	
aiworker	vw_robot_brain_effective_access_v1	21	granularity_code	text	text	YES	
aiworker	vw_robot_brain_effective_access_v1	22	granularity_label_ja	text	text	YES	
aiworker	vw_robot_brain_effective_access_v1	23	source_exists_flag	boolean	bool	YES	
aiworker	vw_robot_brain_effective_access_v1	24	effective_use_purpose_codes	ARRAY	_text	YES	
aiworker	vw_robot_brain_effective_access_v1	25	registry_allowed_use_purpose_codes	ARRAY	_text	YES	
aiworker	vw_robot_brain_effective_access_v1	26	focus_domain_codes	ARRAY	_text	YES	
aiworker	vw_robot_brain_effective_access_v1	27	registry_safety_boundary_ja	text	text	YES	
aiworker	vw_robot_brain_effective_access_v1	28	profile_safety_note_ja	text	text	YES	
aiworker	vw_robot_brain_effective_access_v1	29	model_policy_safety_note_ja	text	text	YES	
aiworker	vw_robot_brain_effective_access_v1	30	role_policy_safety_note_ja	text	text	YES	
aiworker	vw_robot_brain_effective_access_v1	31	access_decision_code	text	text	YES	
aiworker	vw_robot_brain_effective_access_v1	32	can_read_flag	boolean	bool	YES	
aiworker	vw_robot_brain_runtime_material_quality_overlay_v1	1	profile_source_type	text	text	YES	
aiworker	vw_robot_brain_runtime_material_quality_overlay_v1	2	model_code	text	text	YES	
aiworker	vw_robot_brain_runtime_material_quality_overlay_v1	3	series_code	text	text	YES	
aiworker	vw_robot_brain_runtime_material_quality_overlay_v1	4	role_code	text	text	YES	
aiworker	vw_robot_brain_runtime_material_quality_overlay_v1	5	brain_data_code	text	text	YES	
aiworker	vw_robot_brain_runtime_material_quality_overlay_v1	6	brain_domain_code	text	text	YES	
aiworker	vw_robot_brain_runtime_material_quality_overlay_v1	7	brain_domain_label_ja	text	text	YES	
aiworker	vw_robot_brain_runtime_material_quality_overlay_v1	8	depth_code	text	text	YES	
aiworker	vw_robot_brain_runtime_material_quality_overlay_v1	9	data_depth_level	integer	int4	YES	
aiworker	vw_robot_brain_runtime_material_quality_overlay_v1	10	risk_class_code	text	text	YES	
aiworker	vw_robot_brain_runtime_material_quality_overlay_v1	11	granularity_code	text	text	YES	
aiworker	vw_robot_brain_runtime_material_quality_overlay_v1	12	effective_use_purpose_codes	ARRAY	_text	YES	
aiworker	vw_robot_brain_runtime_material_quality_overlay_v1	13	access_decision_code	text	text	YES	
aiworker	vw_robot_brain_runtime_material_quality_overlay_v1	14	source_exists_flag	boolean	bool	YES	
aiworker	vw_robot_brain_runtime_material_quality_overlay_v1	15	unit_code	text	text	YES	
aiworker	vw_robot_brain_runtime_material_quality_overlay_v1	16	unit_title_ja	text	text	YES	
aiworker	vw_robot_brain_runtime_material_quality_overlay_v1	17	unit_summary_ja	text	text	YES	
aiworker	vw_robot_brain_runtime_material_quality_overlay_v1	18	unit_detail_ja	text	text	YES	
aiworker	vw_robot_brain_runtime_material_quality_overlay_v1	19	practical_use_ja	text	text	YES	
aiworker	vw_robot_brain_runtime_material_quality_overlay_v1	20	example_prompt_ja	text	text	YES	
aiworker	vw_robot_brain_runtime_material_quality_overlay_v1	21	safety_boundary_ja	text	text	YES	
aiworker	vw_robot_brain_runtime_material_quality_overlay_v1	22	tags	ARRAY	_text	YES	
aiworker	vw_robot_brain_runtime_material_quality_overlay_v1	23	material_source_kind	text	text	YES	
aiworker	vw_robot_brain_runtime_material_quality_overlay_v1	24	source_kind_score	integer	int4	YES	
aiworker	vw_robot_brain_runtime_material_quality_overlay_v1	25	full_load_priority	integer	int4	YES	
aiworker	vw_robot_brain_runtime_material_quality_overlay_v1	26	domain_priority_score	integer	int4	YES	
aiworker	vw_robot_brain_runtime_material_quality_overlay_v1	27	risk_base_score	integer	int4	YES	
aiworker	vw_robot_brain_runtime_material_quality_overlay_v1	28	depth_score	integer	int4	YES	
aiworker	vw_robot_brain_runtime_material_quality_overlay_v1	29	canon_status	text	text	YES	
aiworker	vw_robot_brain_runtime_material_quality_overlay_v1	30	reference_tier	text	text	YES	
aiworker	vw_robot_brain_runtime_material_quality_overlay_v1	31	verification_status	text	text	YES	
aiworker	vw_robot_brain_runtime_material_quality_overlay_v1	32	source_basis_codes	ARRAY	_text	YES	
aiworker	vw_robot_brain_runtime_material_quality_overlay_v1	33	source_caution_ja	text	text	YES	
aiworker	vw_robot_brain_runtime_material_quality_overlay_v1	34	robot_use_summary_ja	text	text	YES	
aiworker	vw_robot_brain_runtime_material_quality_overlay_v1	35	misconception_guard_ja	text	text	YES	
aiworker	vw_robot_brain_runtime_material_quality_overlay_v1	36	lightweight_allowed_flag	boolean	bool	YES	
aiworker	vw_robot_brain_runtime_material_quality_overlay_v1	37	deep_reference_allowed_flag	boolean	bool	YES	
aiworker	vw_robot_brain_runtime_material_quality_overlay_v1	38	verified_canon_priority	integer	int4	YES	
aiworker	vw_robot_brain_runtime_material_scoring_base_v1	1	profile_source_type	text	text	YES	
aiworker	vw_robot_brain_runtime_material_scoring_base_v1	2	model_code	text	text	YES	
aiworker	vw_robot_brain_runtime_material_scoring_base_v1	3	series_code	text	text	YES	
aiworker	vw_robot_brain_runtime_material_scoring_base_v1	4	role_code	text	text	YES	
aiworker	vw_robot_brain_runtime_material_scoring_base_v1	5	brain_data_code	text	text	YES	
aiworker	vw_robot_brain_runtime_material_scoring_base_v1	6	brain_domain_code	text	text	YES	
aiworker	vw_robot_brain_runtime_material_scoring_base_v1	7	brain_domain_label_ja	text	text	YES	
aiworker	vw_robot_brain_runtime_material_scoring_base_v1	8	depth_code	text	text	YES	
aiworker	vw_robot_brain_runtime_material_scoring_base_v1	9	data_depth_level	integer	int4	YES	
aiworker	vw_robot_brain_runtime_material_scoring_base_v1	10	risk_class_code	text	text	YES	
aiworker	vw_robot_brain_runtime_material_scoring_base_v1	11	granularity_code	text	text	YES	
aiworker	vw_robot_brain_runtime_material_scoring_base_v1	12	effective_use_purpose_codes	ARRAY	_text	YES	
aiworker	vw_robot_brain_runtime_material_scoring_base_v1	13	access_decision_code	text	text	YES	
aiworker	vw_robot_brain_runtime_material_scoring_base_v1	14	source_exists_flag	boolean	bool	YES	
aiworker	vw_robot_brain_runtime_material_scoring_base_v1	15	unit_code	text	text	YES	
aiworker	vw_robot_brain_runtime_material_scoring_base_v1	16	unit_title_ja	text	text	YES	
aiworker	vw_robot_brain_runtime_material_scoring_base_v1	17	unit_summary_ja	text	text	YES	
aiworker	vw_robot_brain_runtime_material_scoring_base_v1	18	unit_detail_ja	text	text	YES	
aiworker	vw_robot_brain_runtime_material_scoring_base_v1	19	practical_use_ja	text	text	YES	
aiworker	vw_robot_brain_runtime_material_scoring_base_v1	20	example_prompt_ja	text	text	YES	
aiworker	vw_robot_brain_runtime_material_scoring_base_v1	21	safety_boundary_ja	text	text	YES	
aiworker	vw_robot_brain_runtime_material_scoring_base_v1	22	tags	ARRAY	_text	YES	
aiworker	vw_robot_brain_runtime_material_scoring_base_v1	23	material_source_kind	text	text	YES	
aiworker	vw_robot_brain_runtime_material_scoring_base_v1	24	source_kind_score	integer	int4	YES	
aiworker	vw_robot_brain_runtime_material_scoring_base_v1	25	full_load_priority	integer	int4	YES	
aiworker	vw_robot_brain_runtime_material_scoring_base_v1	26	domain_priority_score	integer	int4	YES	
aiworker	vw_robot_brain_runtime_material_scoring_base_v1	27	risk_base_score	integer	int4	YES	
aiworker	vw_robot_brain_runtime_material_scoring_base_v1	28	depth_score	integer	int4	YES	
aiworker	vw_robot_capability_sharing_policy_public_v1	1	manufacturer_code	text	text	YES	
aiworker	vw_robot_capability_sharing_policy_public_v1	2	series_code	text	text	YES	
aiworker	vw_robot_capability_sharing_policy_public_v1	3	sharing_scope_code	text	text	YES	
aiworker	vw_robot_capability_sharing_policy_public_v1	4	sharing_scope_label_ja	text	text	YES	
aiworker	vw_robot_capability_sharing_policy_public_v1	5	allowed_context_jsonb	jsonb	jsonb	YES	
aiworker	vw_robot_capability_sharing_policy_public_v1	6	forbidden_context_jsonb	jsonb	jsonb	YES	
aiworker	vw_robot_capability_sharing_policy_public_v1	7	policy_summary_ja	text	text	YES	
aiworker	vw_robot_capability_sharing_policy_public_v1	8	sort_order	integer	int4	YES	
aiworker	vw_robot_model_capability_public_v1	1	manufacturer_code	text	text	YES	
aiworker	vw_robot_model_capability_public_v1	2	series_code	text	text	YES	
aiworker	vw_robot_model_capability_public_v1	3	model_code	text	text	YES	
aiworker	vw_robot_model_capability_public_v1	4	model_no	text	text	YES	
aiworker	vw_robot_model_capability_public_v1	5	axis_code	text	text	YES	
aiworker	vw_robot_model_capability_public_v1	6	axis_name_ja	text	text	YES	
aiworker	vw_robot_model_capability_public_v1	7	value_code	text	text	YES	
aiworker	vw_robot_model_capability_public_v1	8	value_name_ja	text	text	YES	
aiworker	vw_robot_model_capability_public_v1	9	public_label_ja	text	text	YES	
aiworker	vw_robot_model_capability_public_v1	10	public_summary_ja	text	text	YES	
aiworker	vw_robot_model_capability_public_v1	11	sort_order	integer	int4	YES	
aiworker	vw_robot_readable_brain_knowledge_material_v1	1	profile_source_type	text	text	YES	
aiworker	vw_robot_readable_brain_knowledge_material_v1	2	model_code	text	text	YES	
aiworker	vw_robot_readable_brain_knowledge_material_v1	3	series_code	text	text	YES	
aiworker	vw_robot_readable_brain_knowledge_material_v1	4	role_code	text	text	YES	
aiworker	vw_robot_readable_brain_knowledge_material_v1	5	brain_data_code	text	text	YES	
aiworker	vw_robot_readable_brain_knowledge_material_v1	6	brain_domain_code	text	text	YES	
aiworker	vw_robot_readable_brain_knowledge_material_v1	7	brain_domain_label_ja	text	text	YES	
aiworker	vw_robot_readable_brain_knowledge_material_v1	8	depth_code	text	text	YES	
aiworker	vw_robot_readable_brain_knowledge_material_v1	9	data_depth_level	integer	int4	YES	
aiworker	vw_robot_readable_brain_knowledge_material_v1	10	risk_class_code	text	text	YES	
aiworker	vw_robot_readable_brain_knowledge_material_v1	11	granularity_code	text	text	YES	
aiworker	vw_robot_readable_brain_knowledge_material_v1	12	effective_use_purpose_codes	ARRAY	_text	YES	
aiworker	vw_robot_readable_brain_knowledge_material_v1	13	access_decision_code	text	text	YES	
aiworker	vw_robot_readable_brain_knowledge_material_v1	14	source_exists_flag	boolean	bool	YES	
aiworker	vw_robot_readable_brain_knowledge_material_v1	15	unit_code	text	text	YES	
aiworker	vw_robot_readable_brain_knowledge_material_v1	16	unit_title_ja	text	text	YES	
aiworker	vw_robot_readable_brain_knowledge_material_v1	17	unit_summary_ja	text	text	YES	
aiworker	vw_robot_readable_brain_knowledge_material_v1	18	unit_detail_ja	text	text	YES	
aiworker	vw_robot_readable_brain_knowledge_material_v1	19	practical_use_ja	text	text	YES	
aiworker	vw_robot_readable_brain_knowledge_material_v1	20	example_prompt_ja	text	text	YES	
aiworker	vw_robot_readable_brain_knowledge_material_v1	21	safety_boundary_ja	text	text	YES	
aiworker	vw_robot_readable_brain_knowledge_material_v1	22	tags	ARRAY	_text	YES	
aiworker	vw_robot_readable_brain_runtime_material_canon_v1	1	profile_source_type	text	text	YES	
aiworker	vw_robot_readable_brain_runtime_material_canon_v1	2	model_code	text	text	YES	
aiworker	vw_robot_readable_brain_runtime_material_canon_v1	3	registry_code	text	text	YES	
aiworker	vw_robot_readable_brain_runtime_material_canon_v1	4	public_model_no	text	text	YES	
aiworker	vw_robot_readable_brain_runtime_material_canon_v1	5	runtime_model_code	text	text	YES	
aiworker	vw_robot_readable_brain_runtime_material_canon_v1	6	legacy_material_model_code	text	text	YES	
aiworker	vw_robot_readable_brain_runtime_material_canon_v1	7	identifier_scope_code	text	text	YES	
aiworker	vw_robot_readable_brain_runtime_material_canon_v1	8	series_code	text	text	YES	
aiworker	vw_robot_readable_brain_runtime_material_canon_v1	9	role_code	text	text	YES	
aiworker	vw_robot_readable_brain_runtime_material_canon_v1	10	brain_data_code	text	text	YES	
aiworker	vw_robot_readable_brain_runtime_material_canon_v1	11	brain_domain_code	text	text	YES	
aiworker	vw_robot_readable_brain_runtime_material_canon_v1	12	brain_domain_label_ja	text	text	YES	
aiworker	vw_robot_readable_brain_runtime_material_canon_v1	13	depth_code	text	text	YES	
aiworker	vw_robot_readable_brain_runtime_material_canon_v1	14	data_depth_level	integer	int4	YES	
aiworker	vw_robot_readable_brain_runtime_material_canon_v1	15	risk_class_code	text	text	YES	
aiworker	vw_robot_readable_brain_runtime_material_canon_v1	16	granularity_code	text	text	YES	
aiworker	vw_robot_readable_brain_runtime_material_canon_v1	17	effective_use_purpose_codes	ARRAY	_text	YES	
aiworker	vw_robot_readable_brain_runtime_material_canon_v1	18	access_decision_code	text	text	YES	
aiworker	vw_robot_readable_brain_runtime_material_canon_v1	19	source_exists_flag	boolean	bool	YES	
aiworker	vw_robot_readable_brain_runtime_material_canon_v1	20	unit_code	text	text	YES	
aiworker	vw_robot_readable_brain_runtime_material_canon_v1	21	unit_title_ja	text	text	YES	
aiworker	vw_robot_readable_brain_runtime_material_canon_v1	22	unit_summary_ja	text	text	YES	
aiworker	vw_robot_readable_brain_runtime_material_canon_v1	23	unit_detail_ja	text	text	YES	
aiworker	vw_robot_readable_brain_runtime_material_canon_v1	24	practical_use_ja	text	text	YES	
aiworker	vw_robot_readable_brain_runtime_material_canon_v1	25	example_prompt_ja	text	text	YES	
aiworker	vw_robot_readable_brain_runtime_material_canon_v1	26	safety_boundary_ja	text	text	YES	
aiworker	vw_robot_readable_brain_runtime_material_canon_v1	27	tags	ARRAY	_text	YES	
aiworker	vw_robot_readable_brain_runtime_material_canon_v1	28	material_source_kind	text	text	YES	
aiworker	vw_robot_readable_brain_runtime_material_canon_v1	29	source_kind_score	integer	int4	YES	
aiworker	vw_robot_readable_brain_runtime_material_canon_v1	30	full_load_priority	integer	int4	YES	
aiworker	vw_robot_readable_brain_runtime_material_canon_v1	31	domain_priority_score	integer	int4	YES	
aiworker	vw_robot_readable_brain_runtime_material_canon_v1	32	risk_base_score	integer	int4	YES	
aiworker	vw_robot_readable_brain_runtime_material_canon_v1	33	depth_score	integer	int4	YES	
aiworker	vw_robot_readable_brain_runtime_material_canon_v1	34	canon_status	text	text	YES	
aiworker	vw_robot_readable_brain_runtime_material_canon_v1	35	reference_tier	text	text	YES	
aiworker	vw_robot_readable_brain_runtime_material_canon_v1	36	verification_status	text	text	YES	
aiworker	vw_robot_readable_brain_runtime_material_canon_v1	37	source_basis_codes	ARRAY	_text	YES	
aiworker	vw_robot_readable_brain_runtime_material_canon_v1	38	source_caution_ja	text	text	YES	
aiworker	vw_robot_readable_brain_runtime_material_canon_v1	39	robot_use_summary_ja	text	text	YES	
aiworker	vw_robot_readable_brain_runtime_material_canon_v1	40	misconception_guard_ja	text	text	YES	
aiworker	vw_robot_readable_brain_runtime_material_canon_v1	41	lightweight_allowed_flag	boolean	bool	YES	
aiworker	vw_robot_readable_brain_runtime_material_canon_v1	42	deep_reference_allowed_flag	boolean	bool	YES	
aiworker	vw_robot_readable_brain_runtime_material_canon_v1	43	verified_canon_priority	integer	int4	YES	
aiworker	vw_robot_readable_brain_runtime_material_coverage_v1	1	model_code	text	text	YES	
aiworker	vw_robot_readable_brain_runtime_material_coverage_v1	2	role_code	text	text	YES	
aiworker	vw_robot_readable_brain_runtime_material_coverage_v1	3	brain_domain_code	text	text	YES	
aiworker	vw_robot_readable_brain_runtime_material_coverage_v1	4	brain_domain_label_ja	text	text	YES	
aiworker	vw_robot_readable_brain_runtime_material_coverage_v1	5	runtime_material_count	bigint	int8	YES	
aiworker	vw_robot_readable_brain_runtime_material_coverage_v1	6	pack_material_count	bigint	int8	YES	
aiworker	vw_robot_readable_brain_runtime_material_coverage_v1	7	source_registry_material_count	bigint	int8	YES	
aiworker	vw_robot_readable_brain_runtime_material_coverage_v1	8	source_exists_flag_kind_count	bigint	int8	YES	
aiworker	vw_robot_readable_brain_runtime_material_coverage_v1	9	risk_classes	text	text	YES	
aiworker	vw_robot_readable_brain_runtime_material_coverage_v1	10	depths	text	text	YES	
aiworker	vw_robot_readable_brain_runtime_material_v1	1	profile_source_type	text	text	YES	
aiworker	vw_robot_readable_brain_runtime_material_v1	2	model_code	text	text	YES	
aiworker	vw_robot_readable_brain_runtime_material_v1	3	series_code	text	text	YES	
aiworker	vw_robot_readable_brain_runtime_material_v1	4	role_code	text	text	YES	
aiworker	vw_robot_readable_brain_runtime_material_v1	5	brain_data_code	text	text	YES	
aiworker	vw_robot_readable_brain_runtime_material_v1	6	brain_domain_code	text	text	YES	
aiworker	vw_robot_readable_brain_runtime_material_v1	7	brain_domain_label_ja	text	text	YES	
aiworker	vw_robot_readable_brain_runtime_material_v1	8	depth_code	text	text	YES	
aiworker	vw_robot_readable_brain_runtime_material_v1	9	data_depth_level	integer	int4	YES	
aiworker	vw_robot_readable_brain_runtime_material_v1	10	risk_class_code	text	text	YES	
aiworker	vw_robot_readable_brain_runtime_material_v1	11	granularity_code	text	text	YES	
aiworker	vw_robot_readable_brain_runtime_material_v1	12	effective_use_purpose_codes	ARRAY	_text	YES	
aiworker	vw_robot_readable_brain_runtime_material_v1	13	access_decision_code	text	text	YES	
aiworker	vw_robot_readable_brain_runtime_material_v1	14	source_exists_flag	boolean	bool	YES	
aiworker	vw_robot_readable_brain_runtime_material_v1	15	unit_code	text	text	YES	
aiworker	vw_robot_readable_brain_runtime_material_v1	16	unit_title_ja	text	text	YES	
aiworker	vw_robot_readable_brain_runtime_material_v1	17	unit_summary_ja	text	text	YES	
aiworker	vw_robot_readable_brain_runtime_material_v1	18	unit_detail_ja	text	text	YES	
aiworker	vw_robot_readable_brain_runtime_material_v1	19	practical_use_ja	text	text	YES	
aiworker	vw_robot_readable_brain_runtime_material_v1	20	example_prompt_ja	text	text	YES	
aiworker	vw_robot_readable_brain_runtime_material_v1	21	safety_boundary_ja	text	text	YES	
aiworker	vw_robot_readable_brain_runtime_material_v1	22	tags	ARRAY	_text	YES	
aiworker	vw_robot_readable_brain_runtime_material_v2	1	profile_source_type	text	text	YES	
aiworker	vw_robot_readable_brain_runtime_material_v2	2	model_code	text	text	YES	
aiworker	vw_robot_readable_brain_runtime_material_v2	3	series_code	text	text	YES	
aiworker	vw_robot_readable_brain_runtime_material_v2	4	role_code	text	text	YES	
aiworker	vw_robot_readable_brain_runtime_material_v2	5	brain_data_code	text	text	YES	
aiworker	vw_robot_readable_brain_runtime_material_v2	6	brain_domain_code	text	text	YES	
aiworker	vw_robot_readable_brain_runtime_material_v2	7	brain_domain_label_ja	text	text	YES	
aiworker	vw_robot_readable_brain_runtime_material_v2	8	depth_code	text	text	YES	
aiworker	vw_robot_readable_brain_runtime_material_v2	9	data_depth_level	integer	int4	YES	
aiworker	vw_robot_readable_brain_runtime_material_v2	10	risk_class_code	text	text	YES	
aiworker	vw_robot_readable_brain_runtime_material_v2	11	granularity_code	text	text	YES	
aiworker	vw_robot_readable_brain_runtime_material_v2	12	effective_use_purpose_codes	ARRAY	_text	YES	
aiworker	vw_robot_readable_brain_runtime_material_v2	13	access_decision_code	text	text	YES	
aiworker	vw_robot_readable_brain_runtime_material_v2	14	source_exists_flag	boolean	bool	YES	
aiworker	vw_robot_readable_brain_runtime_material_v2	15	unit_code	text	text	YES	
aiworker	vw_robot_readable_brain_runtime_material_v2	16	unit_title_ja	text	text	YES	
aiworker	vw_robot_readable_brain_runtime_material_v2	17	unit_summary_ja	text	text	YES	
aiworker	vw_robot_readable_brain_runtime_material_v2	18	unit_detail_ja	text	text	YES	
aiworker	vw_robot_readable_brain_runtime_material_v2	19	practical_use_ja	text	text	YES	
aiworker	vw_robot_readable_brain_runtime_material_v2	20	example_prompt_ja	text	text	YES	
aiworker	vw_robot_readable_brain_runtime_material_v2	21	safety_boundary_ja	text	text	YES	
aiworker	vw_robot_readable_brain_runtime_material_v2	22	tags	ARRAY	_text	YES	
aiworker	vw_robot_readable_brain_runtime_material_v3	1	profile_source_type	text	text	YES	
aiworker	vw_robot_readable_brain_runtime_material_v3	2	model_code	text	text	YES	
aiworker	vw_robot_readable_brain_runtime_material_v3	3	series_code	text	text	YES	
aiworker	vw_robot_readable_brain_runtime_material_v3	4	role_code	text	text	YES	
aiworker	vw_robot_readable_brain_runtime_material_v3	5	brain_data_code	text	text	YES	
aiworker	vw_robot_readable_brain_runtime_material_v3	6	brain_domain_code	text	text	YES	
aiworker	vw_robot_readable_brain_runtime_material_v3	7	brain_domain_label_ja	text	text	YES	
aiworker	vw_robot_readable_brain_runtime_material_v3	8	depth_code	text	text	YES	
aiworker	vw_robot_readable_brain_runtime_material_v3	9	data_depth_level	integer	int4	YES	
aiworker	vw_robot_readable_brain_runtime_material_v3	10	risk_class_code	text	text	YES	
aiworker	vw_robot_readable_brain_runtime_material_v3	11	granularity_code	text	text	YES	
aiworker	vw_robot_readable_brain_runtime_material_v3	12	effective_use_purpose_codes	ARRAY	_text	YES	
aiworker	vw_robot_readable_brain_runtime_material_v3	13	access_decision_code	text	text	YES	
aiworker	vw_robot_readable_brain_runtime_material_v3	14	source_exists_flag	boolean	bool	YES	
aiworker	vw_robot_readable_brain_runtime_material_v3	15	unit_code	text	text	YES	
aiworker	vw_robot_readable_brain_runtime_material_v3	16	unit_title_ja	text	text	YES	
aiworker	vw_robot_readable_brain_runtime_material_v3	17	unit_summary_ja	text	text	YES	
aiworker	vw_robot_readable_brain_runtime_material_v3	18	unit_detail_ja	text	text	YES	
aiworker	vw_robot_readable_brain_runtime_material_v3	19	practical_use_ja	text	text	YES	
aiworker	vw_robot_readable_brain_runtime_material_v3	20	example_prompt_ja	text	text	YES	
aiworker	vw_robot_readable_brain_runtime_material_v3	21	safety_boundary_ja	text	text	YES	
aiworker	vw_robot_readable_brain_runtime_material_v3	22	tags	ARRAY	_text	YES	
aiworker	vw_robot_readable_brain_source_registry_v1	1	profile_source_type	text	text	YES	
aiworker	vw_robot_readable_brain_source_registry_v1	2	model_code	text	text	YES	
aiworker	vw_robot_readable_brain_source_registry_v1	3	series_code	text	text	YES	
aiworker	vw_robot_readable_brain_source_registry_v1	4	role_code	text	text	YES	
aiworker	vw_robot_readable_brain_source_registry_v1	5	brain_data_code	text	text	YES	
aiworker	vw_robot_readable_brain_source_registry_v1	6	brain_domain_code	text	text	YES	
aiworker	vw_robot_readable_brain_source_registry_v1	7	brain_domain_label_ja	text	text	YES	
aiworker	vw_robot_readable_brain_source_registry_v1	8	source_schema_name	text	text	YES	
aiworker	vw_robot_readable_brain_source_registry_v1	9	source_object_name	text	text	YES	
aiworker	vw_robot_readable_brain_source_registry_v1	10	source_record_code	text	text	YES	
aiworker	vw_robot_readable_brain_source_registry_v1	11	source_title_ja	text	text	YES	
aiworker	vw_robot_readable_brain_source_registry_v1	12	depth_code	text	text	YES	
aiworker	vw_robot_readable_brain_source_registry_v1	13	data_depth_level	integer	int4	YES	
aiworker	vw_robot_readable_brain_source_registry_v1	14	risk_class_code	text	text	YES	
aiworker	vw_robot_readable_brain_source_registry_v1	15	granularity_code	text	text	YES	
aiworker	vw_robot_readable_brain_source_registry_v1	16	effective_use_purpose_codes	ARRAY	_text	YES	
aiworker	vw_robot_readable_brain_source_registry_v1	17	source_exists_flag	boolean	bool	YES	
aiworker	vw_robot_readable_brain_source_registry_v1	18	registry_safety_boundary_ja	text	text	YES	
aiworker	vw_robot_readable_brain_source_registry_v1	19	profile_safety_note_ja	text	text	YES	
aiworker	vw_robot_readable_brain_source_registry_v1	20	model_policy_safety_note_ja	text	text	YES	
aiworker	vw_robot_readable_brain_source_registry_v1	21	role_policy_safety_note_ja	text	text	YES	
aiworker	vw_robot_readable_brain_source_registry_v1	22	access_decision_code	text	text	YES	
aiworker	vw_robot_series_capability_internal_v1	1	manufacturer_code	text	text	YES	
aiworker	vw_robot_series_capability_internal_v1	2	series_code	text	text	YES	
aiworker	vw_robot_series_capability_internal_v1	3	axis_code	text	text	YES	
aiworker	vw_robot_series_capability_internal_v1	4	axis_name_ja	text	text	YES	
aiworker	vw_robot_series_capability_internal_v1	5	value_code	text	text	YES	
aiworker	vw_robot_series_capability_internal_v1	6	value_name_ja	text	text	YES	
aiworker	vw_robot_series_capability_internal_v1	7	value_rank	numeric	numeric	YES	
aiworker	vw_robot_series_capability_internal_v1	8	public_label_ja	text	text	YES	
aiworker	vw_robot_series_capability_internal_v1	9	public_summary_ja	text	text	YES	
aiworker	vw_robot_series_capability_internal_v1	10	internal_note_ja	text	text	YES	
aiworker	vw_robot_series_capability_internal_v1	11	internal_higher_function_flag	boolean	bool	YES	
aiworker	vw_robot_series_capability_internal_v1	12	public_comparison_allowed_flag	boolean	bool	YES	
aiworker	vw_robot_series_capability_internal_v1	13	sort_order	integer	int4	YES	
aiworker	vw_robot_series_capability_matrix_public_v1	1	manufacturer_code	text	text	YES	
aiworker	vw_robot_series_capability_matrix_public_v1	2	series_code	text	text	YES	
aiworker	vw_robot_series_capability_matrix_public_v1	3	precision_ja	text	text	YES	
aiworker	vw_robot_series_capability_matrix_public_v1	4	agility_ja	text	text	YES	
aiworker	vw_robot_series_capability_matrix_public_v1	5	coordination_ja	text	text	YES	
aiworker	vw_robot_series_capability_matrix_public_v1	6	continuity_ja	text	text	YES	
aiworker	vw_robot_series_capability_matrix_public_v1	7	specialization_depth_ja	text	text	YES	
aiworker	vw_robot_series_capability_matrix_public_v1	8	creativity_ja	text	text	YES	
aiworker	vw_robot_series_capability_matrix_public_v1	9	review_depth_ja	text	text	YES	
aiworker	vw_robot_series_capability_matrix_public_v1	10	stability_ja	text	text	YES	
aiworker	vw_robot_series_capability_matrix_public_v1	11	capability_jsonb	jsonb	jsonb	YES	
aiworker	vw_robot_series_capability_public_v1	1	manufacturer_code	text	text	YES	
aiworker	vw_robot_series_capability_public_v1	2	series_code	text	text	YES	
aiworker	vw_robot_series_capability_public_v1	3	axis_code	text	text	YES	
aiworker	vw_robot_series_capability_public_v1	4	axis_name_ja	text	text	YES	
aiworker	vw_robot_series_capability_public_v1	5	value_code	text	text	YES	
aiworker	vw_robot_series_capability_public_v1	6	value_name_ja	text	text	YES	
aiworker	vw_robot_series_capability_public_v1	7	public_label_ja	text	text	YES	
aiworker	vw_robot_series_capability_public_v1	8	public_summary_ja	text	text	YES	
aiworker	vw_robot_series_capability_public_v1	9	sort_order	integer	int4	YES	
aiworker	vw_series_public_directory_v1	1	registry_code	text	text	YES	
aiworker	vw_series_public_directory_v1	2	manufacturer_code	text	text	YES	
aiworker	vw_series_public_directory_v1	3	manufacturer_name	text	text	YES	
aiworker	vw_series_public_directory_v1	4	manufacturer_name_ja	text	text	YES	
aiworker	vw_series_public_directory_v1	5	series_code	text	text	YES	
aiworker	vw_series_public_directory_v1	6	series_name	text	text	YES	
aiworker	vw_series_public_directory_v1	7	series_name_ja	text	text	YES	
aiworker	vw_series_public_directory_v1	8	series_category_code	text	text	YES	
aiworker	vw_series_public_directory_v1	9	public_summary_ja	text	text	YES	
aiworker	vw_series_public_directory_v1	10	public_scope_note_ja	text	text	YES	
aiworker	vw_series_public_directory_v1	11	source_layer_code	text	text	YES	
aiworker	vw_series_public_directory_v1	12	initiative_ja	text	text	YES	
aiworker	vw_series_public_directory_v1	13	initiative_code	text	text	YES	
aiworker	vw_series_public_directory_v1	14	user_influence_ja	text	text	YES	
aiworker	vw_series_public_directory_v1	15	user_influence_code	text	text	YES	
aiworker	vw_series_public_directory_v1	16	action_restriction_ja	text	text	YES	
aiworker	vw_series_public_directory_v1	17	action_restriction_code	text	text	YES	
aiworker	vw_series_public_directory_v1	18	tendency_json	jsonb	jsonb	YES	
aiworker	vw_series_public_directory_v1	19	app_reference_allowed_flag	boolean	bool	YES	
aiworker	vw_series_public_directory_v1	20	sort_order	integer	int4	YES	
aiworker	vw_series_public_tendency_detail_v1	1	registry_code	text	text	YES	
aiworker	vw_series_public_tendency_detail_v1	2	manufacturer_code	text	text	YES	
aiworker	vw_series_public_tendency_detail_v1	3	manufacturer_name	text	text	YES	
aiworker	vw_series_public_tendency_detail_v1	4	manufacturer_name_ja	text	text	YES	
aiworker	vw_series_public_tendency_detail_v1	5	series_code	text	text	YES	
aiworker	vw_series_public_tendency_detail_v1	6	series_name	text	text	YES	
aiworker	vw_series_public_tendency_detail_v1	7	series_name_ja	text	text	YES	
aiworker	vw_series_public_tendency_detail_v1	8	series_category_code	text	text	YES	
aiworker	vw_series_public_tendency_detail_v1	9	public_summary_ja	text	text	YES	
aiworker	vw_series_public_tendency_detail_v1	10	public_scope_note_ja	text	text	YES	
aiworker	vw_series_public_tendency_detail_v1	11	source_layer_code	text	text	YES	
aiworker	vw_series_public_tendency_detail_v1	12	axis_code	text	text	YES	
aiworker	vw_series_public_tendency_detail_v1	13	axis_label_ja	text	text	YES	
aiworker	vw_series_public_tendency_detail_v1	14	value_code	text	text	YES	
aiworker	vw_series_public_tendency_detail_v1	15	value_label_ja	text	text	YES	
aiworker	vw_series_public_tendency_detail_v1	16	tendency_summary	text	text	YES	
aiworker	vw_series_public_tendency_detail_v1	17	design_note	text	text	YES	
aiworker	vw_series_public_tendency_detail_v1	18	axis_sort_order	integer	int4	YES	
aiworker	vw_style_smalltalk_overlay	1	style_code	text	text	YES	
aiworker	vw_style_smalltalk_overlay	2	series_code	text	text	YES	
aiworker	vw_style_smalltalk_overlay	3	series_name_ja	text	text	YES	
aiworker	vw_style_smalltalk_overlay	4	style_no	integer	int4	YES	
aiworker	vw_style_smalltalk_overlay	5	style_name_ja	text	text	YES	
aiworker	vw_style_smalltalk_overlay	6	initiative_code	text	text	YES	
aiworker	vw_style_smalltalk_overlay	7	warmth_code	text	text	YES	
aiworker	vw_style_smalltalk_overlay	8	tempo_code	text	text	YES	
aiworker	vw_style_smalltalk_overlay	9	closeness_code	text	text	YES	
aiworker	vw_style_smalltalk_overlay	10	service_code	text	text	YES	
aiworker	vw_style_smalltalk_overlay	11	service_name_ja	text	text	YES	
aiworker	vw_style_smalltalk_overlay	12	opener_overlay	text	text	YES	
aiworker	vw_style_smalltalk_overlay	13	followup_overlay	text	text	YES	
aiworker	vw_style_smalltalk_overlay	14	closing_overlay	text	text	YES	
aiworker	vw_style_smalltalk_overlay	15	redirect_overlay	text	text	YES	
aiworker	vw_wlm_execution_pipeline_board_v1	1	manager_plan_code	text	text	YES	
aiworker	vw_wlm_execution_pipeline_board_v1	2	instruction_code	text	text	YES	
aiworker	vw_wlm_execution_pipeline_board_v1	3	task_domain_code	text	text	YES	
aiworker	vw_wlm_execution_pipeline_board_v1	4	plan_status_code	text	text	YES	
aiworker	vw_wlm_execution_pipeline_board_v1	5	source_instruction_title	text	text	YES	
aiworker	vw_wlm_execution_pipeline_board_v1	6	worker_task_code	text	text	YES	
aiworker	vw_wlm_execution_pipeline_board_v1	7	worker_output_status_code	text	text	YES	
aiworker	vw_wlm_execution_pipeline_board_v1	8	leader_task_code	text	text	YES	
aiworker	vw_wlm_execution_pipeline_board_v1	9	leader_review_status_code	text	text	YES	
aiworker	vw_wlm_execution_pipeline_board_v1	10	manager_gate_task_code	text	text	YES	
aiworker	vw_wlm_execution_pipeline_board_v1	11	delivery_status_code	text	text	YES	
aiworker	vw_wlm_execution_pipeline_board_v1	12	external_execution_allowed_flag	boolean	bool	YES	
aiworker	vw_wlm_execution_pipeline_board_v1	13	pg_apply_allowed_flag	boolean	bool	YES	
aiworker	vw_wlm_execution_pipeline_board_v1	14	destructive_action_allowed_flag	boolean	bool	YES	
aiworker	vw_worker_dialog_style_control	1	manufacturer_code	text	text	YES	
aiworker	vw_worker_dialog_style_control	2	manufacturer_name	text	text	YES	
aiworker	vw_worker_dialog_style_control	3	manufacturer_name_ja	text	text	YES	
aiworker	vw_worker_dialog_style_control	4	series_code	text	text	YES	
aiworker	vw_worker_dialog_style_control	5	series_name	text	text	YES	
aiworker	vw_worker_dialog_style_control	6	series_name_ja	text	text	YES	
aiworker	vw_worker_dialog_style_control	7	model_code	text	text	YES	
aiworker	vw_worker_dialog_style_control	8	model_no	text	text	YES	
aiworker	vw_worker_dialog_style_control	9	machine_name	text	text	YES	
aiworker	vw_worker_dialog_style_control	10	machine_name_ja	text	text	YES	
aiworker	vw_worker_dialog_style_control	11	product_name	text	text	YES	
aiworker	vw_worker_dialog_style_control	12	product_name_ja	text	text	YES	
aiworker	vw_worker_dialog_style_control	13	role_class_code	text	text	YES	
aiworker	vw_worker_dialog_style_control	14	role_class_name	text	text	YES	
aiworker	vw_worker_dialog_style_control	15	role_class_name_ja	text	text	YES	
aiworker	vw_worker_dialog_style_control	16	service_code	text	text	YES	
aiworker	vw_worker_dialog_style_control	17	service_name	text	text	YES	
aiworker	vw_worker_dialog_style_control	18	service_name_ja	text	text	YES	
aiworker	vw_worker_dialog_style_control	19	style_code	text	text	YES	
aiworker	vw_worker_dialog_style_control	20	style_no	integer	int4	YES	
aiworker	vw_worker_dialog_style_control	21	style_name	text	text	YES	
aiworker	vw_worker_dialog_style_control	22	style_name_ja	text	text	YES	
aiworker	vw_worker_dialog_style_control	23	style_summary	text	text	YES	
aiworker	vw_worker_dialog_style_control	24	initiative_code	text	text	YES	
aiworker	vw_worker_dialog_style_control	25	warmth_code	text	text	YES	
aiworker	vw_worker_dialog_style_control	26	tempo_code	text	text	YES	
aiworker	vw_worker_dialog_style_control	27	closeness_code	text	text	YES	
aiworker	vw_worker_dialog_style_control	28	opener_overlay	text	text	YES	
aiworker	vw_worker_dialog_style_control	29	followup_overlay	text	text	YES	
aiworker	vw_worker_dialog_style_control	30	closing_overlay	text	text	YES	
aiworker	vw_worker_dialog_style_control	31	redirect_overlay	text	text	YES	
aiworker	vw_worker_dialog_style_control	32	dialog_control_search_text	text	text	YES	
aiworker	vw_worker_dialog_style_control	33	sort_order	integer	int4	YES	
aiworker	vw_worker_dialog_topic_bias	1	manufacturer_code	text	text	YES	
aiworker	vw_worker_dialog_topic_bias	2	manufacturer_name	text	text	YES	
aiworker	vw_worker_dialog_topic_bias	3	manufacturer_name_ja	text	text	YES	
aiworker	vw_worker_dialog_topic_bias	4	series_code	text	text	YES	
aiworker	vw_worker_dialog_topic_bias	5	series_name	text	text	YES	
aiworker	vw_worker_dialog_topic_bias	6	series_name_ja	text	text	YES	
aiworker	vw_worker_dialog_topic_bias	7	model_code	text	text	YES	
aiworker	vw_worker_dialog_topic_bias	8	model_no	text	text	YES	
aiworker	vw_worker_dialog_topic_bias	9	machine_name_ja	text	text	YES	
aiworker	vw_worker_dialog_topic_bias	10	product_name_ja	text	text	YES	
aiworker	vw_worker_dialog_topic_bias	11	role_class_code	text	text	YES	
aiworker	vw_worker_dialog_topic_bias	12	role_class_name_ja	text	text	YES	
aiworker	vw_worker_dialog_topic_bias	13	service_code	text	text	YES	
aiworker	vw_worker_dialog_topic_bias	14	service_name_ja	text	text	YES	
aiworker	vw_worker_dialog_topic_bias	15	style_code	text	text	YES	
aiworker	vw_worker_dialog_topic_bias	16	style_no	integer	int4	YES	
aiworker	vw_worker_dialog_topic_bias	17	style_name_ja	text	text	YES	
aiworker	vw_worker_dialog_topic_bias	18	topic_code	text	text	YES	
aiworker	vw_worker_dialog_topic_bias	19	topic_group_code	text	text	YES	
aiworker	vw_worker_dialog_topic_bias	20	weight_value	numeric	numeric	YES	
aiworker	vw_worker_dialog_topic_bias	21	note_text	text	text	YES	
aiworker	vw_worker_dialog_topic_bias	22	enabled	boolean	bool	YES	
aiworker	vw_worker_dialog_topic_bias	23	sort_order	integer	int4	YES	
aiworker	vw_worker_mock_output_board_v1	1	manager_plan_code	text	text	YES	
aiworker	vw_worker_mock_output_board_v1	2	worker_task_code	text	text	YES	
aiworker	vw_worker_mock_output_board_v1	3	task_domain_code	text	text	YES	
aiworker	vw_worker_mock_output_board_v1	4	output_title	text	text	YES	
aiworker	vw_worker_mock_output_board_v1	5	safety_result_code	text	text	YES	
aiworker	vw_worker_mock_output_board_v1	6	output_status_code	text	text	YES	
aiworker	vw_worker_mock_output_board_v1	7	output_body	text	text	YES	
aiworker	vw_worker_mock_output_board_v1	8	output_json	jsonb	jsonb	YES	
aiworker	vw_worker_series_directory	1	manufacturer_code	text	text	YES	
aiworker	vw_worker_series_directory	2	manufacturer_name	text	text	YES	
aiworker	vw_worker_series_directory	3	manufacturer_name_ja	text	text	YES	
aiworker	vw_worker_series_directory	4	series_code	text	text	YES	
aiworker	vw_worker_series_directory	5	series_name	text	text	YES	
aiworker	vw_worker_series_directory	6	series_name_ja	text	text	YES	
aiworker	vw_worker_series_directory	7	series_summary	text	text	YES	
aiworker	vw_worker_series_directory	8	initiative_posture_code	text	text	YES	
aiworker	vw_worker_series_directory	9	initiative_posture_label	text	text	YES	
aiworker	vw_worker_series_directory	10	reasoning_guardrail_code	text	text	YES	
aiworker	vw_worker_series_directory	11	reasoning_guardrail_label	text	text	YES	
aiworker	vw_worker_series_directory	12	risk_posture_code	text	text	YES	
aiworker	vw_worker_series_directory	13	risk_posture_label	text	text	YES	
aiworker	vw_worker_series_directory	14	tendency_summary	text	text	YES	
aiworker	vw_worker_series_directory	15	enabled_model_count	bigint	int8	YES	
aiworker	vw_worker_series_directory	16	series_search_text	text	text	YES	
aiworker	vw_worker_series_lineup	1	manufacturer_code	text	text	YES	
aiworker	vw_worker_series_lineup	2	manufacturer_name	text	text	YES	
aiworker	vw_worker_series_lineup	3	manufacturer_name_ja	text	text	YES	
aiworker	vw_worker_series_lineup	4	series_code	text	text	YES	
aiworker	vw_worker_series_lineup	5	series_name	text	text	YES	
aiworker	vw_worker_series_lineup	6	series_name_ja	text	text	YES	
aiworker	vw_worker_series_lineup	7	role_class_code	text	text	YES	
aiworker	vw_worker_series_lineup	8	role_class_name	text	text	YES	
aiworker	vw_worker_series_lineup	9	role_class_name_ja	text	text	YES	
aiworker	vw_worker_series_lineup	10	governance_rank_no	integer	int4	YES	
aiworker	vw_worker_series_lineup	11	combat_related	boolean	bool	YES	
aiworker	vw_worker_series_lineup	12	model_code	text	text	YES	
aiworker	vw_worker_series_lineup	13	model_no	text	text	YES	
aiworker	vw_worker_series_lineup	14	machine_name	text	text	YES	
aiworker	vw_worker_series_lineup	15	machine_name_ja	text	text	YES	
aiworker	vw_worker_series_lineup	16	product_name	text	text	YES	
aiworker	vw_worker_series_lineup	17	product_name_ja	text	text	YES	
aiworker	vw_worker_series_lineup	18	model_summary	text	text	YES	
aiworker	vw_worker_series_lineup	19	initiative_posture_code	text	text	YES	
aiworker	vw_worker_series_lineup	20	initiative_posture_label	text	text	YES	
aiworker	vw_worker_series_lineup	21	reasoning_guardrail_code	text	text	YES	
aiworker	vw_worker_series_lineup	22	reasoning_guardrail_label	text	text	YES	
aiworker	vw_worker_series_lineup	23	risk_posture_code	text	text	YES	
aiworker	vw_worker_series_lineup	24	risk_posture_label	text	text	YES	
aiworker	vw_worker_series_lineup	25	tendency_summary	text	text	YES	
aiworker	vw_worker_series_lineup	26	lineup_group_code	text	text	YES	
aiworker	vw_worker_series_lineup	27	lineup_group_name_ja	text	text	YES	
aiworker	vw_worker_series_lineup	28	model_search_text	text	text	YES	
aiworker	vw_worker_series_lineup	29	sort_order	integer	int4	YES	
aiworker	vw_worker_series_search_directory	1	manufacturer_code	text	text	YES	
aiworker	vw_worker_series_search_directory	2	manufacturer_name	text	text	YES	
aiworker	vw_worker_series_search_directory	3	manufacturer_name_ja	text	text	YES	
aiworker	vw_worker_series_search_directory	4	series_code	text	text	YES	
aiworker	vw_worker_series_search_directory	5	series_name	text	text	YES	
aiworker	vw_worker_series_search_directory	6	series_name_ja	text	text	YES	
aiworker	vw_worker_series_search_directory	7	series_summary	text	text	YES	
aiworker	vw_worker_series_search_directory	8	enabled_model_count	bigint	int8	YES	
aiworker	vw_worker_series_search_directory	9	style_count	bigint	int8	YES	
aiworker	vw_worker_series_search_directory	10	male_model_count	bigint	int8	YES	
aiworker	vw_worker_series_search_directory	11	female_model_count	bigint	int8	YES	
aiworker	vw_worker_series_search_directory	12	live_enabled_model_count	bigint	int8	YES	
aiworker	vw_worker_series_search_directory	13	series_search_text	text	text	YES	
aiworker	vw_worker_series_search_lineup	1	manufacturer_code	text	text	YES	
aiworker	vw_worker_series_search_lineup	2	manufacturer_name	text	text	YES	
aiworker	vw_worker_series_search_lineup	3	manufacturer_name_ja	text	text	YES	
aiworker	vw_worker_series_search_lineup	4	series_code	text	text	YES	
aiworker	vw_worker_series_search_lineup	5	series_name	text	text	YES	
aiworker	vw_worker_series_search_lineup	6	series_name_ja	text	text	YES	
aiworker	vw_worker_series_search_lineup	7	model_code	text	text	YES	
aiworker	vw_worker_series_search_lineup	8	model_no	text	text	YES	
aiworker	vw_worker_series_search_lineup	9	machine_name	text	text	YES	
aiworker	vw_worker_series_search_lineup	10	machine_name_ja	text	text	YES	
aiworker	vw_worker_series_search_lineup	11	product_name	text	text	YES	
aiworker	vw_worker_series_search_lineup	12	product_name_ja	text	text	YES	
aiworker	vw_worker_series_search_lineup	13	model_summary	text	text	YES	
aiworker	vw_worker_series_search_lineup	14	role_class_code	text	text	YES	
aiworker	vw_worker_series_search_lineup	15	role_class_name	text	text	YES	
aiworker	vw_worker_series_search_lineup	16	role_class_name_ja	text	text	YES	
aiworker	vw_worker_series_search_lineup	17	governance_rank_no	integer	int4	YES	
aiworker	vw_worker_series_search_lineup	18	combat_related	boolean	bool	YES	
aiworker	vw_worker_series_search_lineup	19	series_prefix_code	text	text	YES	
aiworker	vw_worker_series_search_lineup	20	style_no	integer	int4	YES	
aiworker	vw_worker_series_search_lineup	21	presentation_gender_code	text	text	YES	
aiworker	vw_worker_series_search_lineup	22	version_no	integer	int4	YES	
aiworker	vw_worker_series_search_lineup	23	style_code	text	text	YES	
aiworker	vw_worker_series_search_lineup	24	style_name	text	text	YES	
aiworker	vw_worker_series_search_lineup	25	style_name_ja	text	text	YES	
aiworker	vw_worker_series_search_lineup	26	style_summary	text	text	YES	
aiworker	vw_worker_series_search_lineup	27	initiative_code	text	text	YES	
aiworker	vw_worker_series_search_lineup	28	warmth_code	text	text	YES	
aiworker	vw_worker_series_search_lineup	29	tempo_code	text	text	YES	
aiworker	vw_worker_series_search_lineup	30	closeness_code	text	text	YES	
aiworker	vw_worker_series_search_lineup	31	public_series_name	text	text	YES	
aiworker	vw_worker_series_search_lineup	32	public_stage_name	text	text	YES	
aiworker	vw_worker_series_search_lineup	33	live_activity_enabled	boolean	bool	YES	
aiworker	vw_worker_series_search_lineup	34	public_profile_summary	text	text	YES	
aiworker	vw_worker_series_search_lineup	35	public_disclosure_note	text	text	YES	
aiworker	vw_worker_series_search_lineup	36	public_metrics	jsonb	jsonb	YES	
aiworker	vw_worker_series_search_lineup	37	model_search_text	text	text	YES	
aiworker	vw_worker_series_search_lineup	38	sort_order	integer	int4	YES	
aiworker	worker_assignment_fit_profile	1	worker_assignment_fit_profile_id	uuid	uuid	NO	
aiworker	worker_assignment_fit_profile	2	worker_id	uuid	uuid	NO	
aiworker	worker_assignment_fit_profile	3	app_scope_code	text	text	NO	
aiworker	worker_assignment_fit_profile	4	assignment_fit_score	integer	int4	NO	0
aiworker	worker_assignment_fit_profile	5	fit_reason_summary_code	text	text	NO	
aiworker	worker_assignment_fit_profile	6	updated_at	timestamp with time zone	timestamptz	NO	now()
aiworker	worker_assignment_history	1	worker_assignment_history_id	uuid	uuid	NO	
aiworker	worker_assignment_history	2	worker_id	uuid	uuid	NO	
aiworker	worker_assignment_history	3	tenant_company_id	uuid	uuid	YES	
aiworker	worker_assignment_history	4	tenant_user_id	uuid	uuid	YES	
aiworker	worker_assignment_history	5	app_scope_code	text	text	YES	
aiworker	worker_assignment_history	6	assignment_state_code	text	text	NO	
aiworker	worker_assignment_history	7	started_at	timestamp with time zone	timestamptz	NO	
aiworker	worker_assignment_history	8	ended_at	timestamp with time zone	timestamptz	YES	
aiworker	worker_assignment_history	9	recorded_at	timestamp with time zone	timestamptz	NO	now()
aiworker	worker_assignment_state	1	worker_assignment_state_id	uuid	uuid	NO	
aiworker	worker_assignment_state	2	worker_id	uuid	uuid	NO	
aiworker	worker_assignment_state	3	tenant_company_id	uuid	uuid	YES	
aiworker	worker_assignment_state	4	tenant_user_id	uuid	uuid	YES	
aiworker	worker_assignment_state	5	assigned_app_scope_code	text	text	YES	
aiworker	worker_assignment_state	6	assigned_project_id	uuid	uuid	YES	
aiworker	worker_assignment_state	7	assignment_state_code	text	text	NO	
aiworker	worker_assignment_state	8	assignment_lane_scope_code	text	text	NO	
aiworker	worker_assignment_state	9	effective_from	timestamp with time zone	timestamptz	NO	
aiworker	worker_assignment_state	10	effective_to	timestamp with time zone	timestamptz	YES	
aiworker	worker_assignment_state	11	updated_at	timestamp with time zone	timestamptz	NO	now()
aiworker	worker_availability_state	1	worker_availability_state_id	uuid	uuid	NO	
aiworker	worker_availability_state	2	worker_id	uuid	uuid	NO	
aiworker	worker_availability_state	3	availability_state_code	text	text	NO	
aiworker	worker_availability_state	4	concurrent_capacity	integer	int4	NO	1
aiworker	worker_availability_state	5	current_load_band_code	text	text	NO	
aiworker	worker_availability_state	6	effective_from	timestamp with time zone	timestamptz	NO	
aiworker	worker_availability_state	7	effective_to	timestamp with time zone	timestamptz	YES	
aiworker	worker_availability_state	8	updated_at	timestamp with time zone	timestamptz	NO	now()
aiworker	worker_capability_snapshot	1	worker_capability_snapshot_id	uuid	uuid	NO	
aiworker	worker_capability_snapshot	2	worker_id	uuid	uuid	NO	
aiworker	worker_capability_snapshot	3	snapshot_at	timestamp with time zone	timestamptz	NO	
aiworker	worker_capability_snapshot	4	capability_band_code	text	text	NO	
aiworker	worker_capability_snapshot	5	specialization_summary_code	text	text	NO	
aiworker	worker_capability_snapshot	6	confidence_band_code	text	text	NO	
aiworker	worker_capability_snapshot	7	recorded_at	timestamp with time zone	timestamptz	NO	now()
aiworker	worker_company_affinity	1	worker_company_affinity_id	uuid	uuid	NO	
aiworker	worker_company_affinity	2	worker_id	uuid	uuid	NO	
aiworker	worker_company_affinity	3	tenant_company_id	uuid	uuid	NO	
aiworker	worker_company_affinity	4	company_fit_score	integer	int4	NO	0
aiworker	worker_company_affinity	5	trust_alignment_score	integer	int4	NO	0
aiworker	worker_company_affinity	6	communication_fit_score	integer	int4	NO	0
aiworker	worker_company_affinity	7	updated_at	timestamp with time zone	timestamptz	NO	now()
aiworker	worker_dispatch_reservation	1	worker_dispatch_reservation_id	uuid	uuid	NO	
aiworker	worker_dispatch_reservation	2	business_request_id	uuid	uuid	NO	
aiworker	worker_dispatch_reservation	3	worker_id	uuid	uuid	NO	
aiworker	worker_dispatch_reservation	4	reservation_state_code	text	text	NO	
aiworker	worker_dispatch_reservation	5	reserved_from	timestamp with time zone	timestamptz	NO	
aiworker	worker_dispatch_reservation	6	reserved_to	timestamp with time zone	timestamptz	YES	
aiworker	worker_dispatch_reservation	7	priority_band_code	text	text	NO	
aiworker	worker_dispatch_reservation	8	created_at	timestamp with time zone	timestamptz	NO	now()
aiworker	worker_dispatch_reservation	9	updated_at	timestamp with time zone	timestamptz	NO	now()
aiworker	worker_domain_proficiency	1	worker_domain_proficiency_id	uuid	uuid	NO	
aiworker	worker_domain_proficiency	2	worker_id	uuid	uuid	NO	
aiworker	worker_domain_proficiency	3	domain_code	text	text	NO	
aiworker	worker_domain_proficiency	4	proficiency_score	integer	int4	NO	
aiworker	worker_domain_proficiency	5	score_band_code	text	text	NO	
aiworker	worker_domain_proficiency	6	measured_at	timestamp with time zone	timestamptz	NO	
aiworker	worker_domain_proficiency	7	updated_at	timestamp with time zone	timestamptz	NO	now()
aiworker	worker_exception_control_state	1	worker_exception_control_state_id	uuid	uuid	NO	
aiworker	worker_exception_control_state	2	worker_id	uuid	uuid	NO	
aiworker	worker_exception_control_state	3	exception_state_code	text	text	NO	
aiworker	worker_exception_control_state	4	exception_reason_code	text	text	NO	
aiworker	worker_exception_control_state	5	opened_at	timestamp with time zone	timestamptz	NO	
aiworker	worker_exception_control_state	6	closed_at	timestamp with time zone	timestamptz	YES	
aiworker	worker_exception_control_state	7	updated_at	timestamp with time zone	timestamptz	NO	now()
aiworker	worker_growth_event	1	worker_growth_event_id	uuid	uuid	NO	
aiworker	worker_growth_event	2	worker_id	uuid	uuid	NO	
aiworker	worker_growth_event	3	growth_event_type	text	text	NO	
aiworker	worker_growth_event	4	event_score_delta	integer	int4	NO	0
aiworker	worker_growth_event	5	summary_code	text	text	NO	
aiworker	worker_growth_event	6	occurred_at	timestamp with time zone	timestamptz	NO	
aiworker	worker_growth_event	7	recorded_at	timestamp with time zone	timestamptz	NO	now()
aiworker	worker_growth_profile	1	worker_growth_profile_id	uuid	uuid	NO	
aiworker	worker_growth_profile	2	worker_id	uuid	uuid	NO	
aiworker	worker_growth_profile	3	growth_level	integer	int4	NO	0
aiworker	worker_growth_profile	4	stability_score	integer	int4	NO	0
aiworker	worker_growth_profile	5	recovery_learning_score	integer	int4	NO	0
aiworker	worker_growth_profile	6	suggestion_effectiveness_score	integer	int4	NO	0
aiworker	worker_growth_profile	7	escalation_accuracy_score	integer	int4	NO	0
aiworker	worker_growth_profile	8	updated_at	timestamp with time zone	timestamptz	NO	now()
aiworker	worker_manufacturer_extension_catalog	1	manufacturer_code	text	text	NO	
aiworker	worker_manufacturer_extension_catalog	2	manufacturer_name	text	text	NO	
aiworker	worker_manufacturer_extension_catalog	3	manufacturer_name_ja	text	text	NO	
aiworker	worker_manufacturer_extension_catalog	4	manufacturer_summary	text	text	NO	
aiworker	worker_manufacturer_extension_catalog	5	status_code	text	text	NO	'active'::text
aiworker	worker_manufacturer_extension_catalog	6	created_at	timestamp with time zone	timestamptz	NO	now()
aiworker	worker_manufacturer_extension_catalog	7	updated_at	timestamp with time zone	timestamptz	NO	now()
aiworker	worker_master	1	worker_id	uuid	uuid	NO	
aiworker	worker_master	2	worker_code	text	text	NO	
aiworker	worker_master	3	display_label	text	text	NO	
aiworker	worker_master	4	employee_type	text	text	NO	
aiworker	worker_master	5	rank_code	text	text	NO	
aiworker	worker_master	6	domain_code	text	text	NO	
aiworker	worker_master	7	role_code	text	text	NO	
aiworker	worker_master	8	lifecycle_status	text	text	NO	
aiworker	worker_master	9	provider_company_id	uuid	uuid	YES	
aiworker	worker_master	10	company_style_profile_code	text	text	NO	
aiworker	worker_master	11	repairable_flag	boolean	bool	NO	true
aiworker	worker_master	12	rebuildable_flag	boolean	bool	NO	true
aiworker	worker_master	13	active_flag	boolean	bool	NO	true
aiworker	worker_master	14	suspended_flag	boolean	bool	NO	false
aiworker	worker_master	15	retired_flag	boolean	bool	NO	false
aiworker	worker_master	16	created_at	timestamp with time zone	timestamptz	NO	now()
aiworker	worker_master	17	updated_at	timestamp with time zone	timestamptz	NO	now()
aiworker	worker_mock_output	1	output_id	uuid	uuid	NO	
aiworker	worker_mock_output	2	manager_plan_code	text	text	NO	
aiworker	worker_mock_output	3	worker_task_code	text	text	NO	
aiworker	worker_mock_output	4	task_domain_code	text	text	NO	
aiworker	worker_mock_output	5	output_title	text	text	NO	
aiworker	worker_mock_output	6	output_body	text	text	NO	
aiworker	worker_mock_output	7	output_json	jsonb	jsonb	NO	'{}'::jsonb
aiworker	worker_mock_output	8	safety_result_code	text	text	NO	'SAFE_INTERNAL_DRAFT'::text
aiworker	worker_mock_output	9	output_status_code	text	text	NO	'DONE'::text
aiworker	worker_mock_output	10	created_at	timestamp with time zone	timestamptz	NO	now()
aiworker	worker_mock_output	11	updated_at	timestamp with time zone	timestamptz	NO	now()
aiworker	worker_model_capability_profile	1	capability_profile_id	uuid	uuid	NO	
aiworker	worker_model_capability_profile	2	model_code	text	text	NO	
aiworker	worker_model_capability_profile	3	capability_code	text	text	NO	
aiworker	worker_model_capability_profile	4	capability_label_ja	text	text	NO	
aiworker	worker_model_capability_profile	5	capability_detail_ja	text	text	NO	
aiworker	worker_model_capability_profile	6	status_code	text	text	NO	'active'::text
aiworker	worker_model_capability_profile	7	sort_order	integer	int4	NO	1000
aiworker	worker_model_capability_profile	8	created_at	timestamp with time zone	timestamptz	NO	now()
aiworker	worker_model_capability_profile	9	updated_at	timestamp with time zone	timestamptz	NO	now()
aiworker	worker_model_catalog	1	model_code	text	text	NO	
aiworker	worker_model_catalog	2	manufacturer_code	text	text	NO	
aiworker	worker_model_catalog	3	series_code	text	text	NO	
aiworker	worker_model_catalog	4	role_class_code	text	text	NO	
aiworker	worker_model_catalog	5	model_no	text	text	NO	
aiworker	worker_model_catalog	6	machine_name	text	text	NO	
aiworker	worker_model_catalog	7	machine_name_ja	text	text	NO	
aiworker	worker_model_catalog	8	product_name	text	text	NO	
aiworker	worker_model_catalog	9	product_name_ja	text	text	NO	
aiworker	worker_model_catalog	10	model_summary	text	text	NO	
aiworker	worker_model_catalog	11	enabled	boolean	bool	NO	true
aiworker	worker_model_catalog	12	sort_order	integer	int4	NO	100
aiworker	worker_model_catalog	13	created_at	timestamp with time zone	timestamptz	NO	now()
aiworker	worker_model_catalog	14	updated_at	timestamp with time zone	timestamptz	NO	now()
aiworker	worker_model_extension_catalog	1	manufacturer_code	text	text	NO	
aiworker	worker_model_extension_catalog	2	series_code	text	text	NO	
aiworker	worker_model_extension_catalog	3	model_code	text	text	NO	
aiworker	worker_model_extension_catalog	4	model_no	text	text	NO	
aiworker	worker_model_extension_catalog	5	model_name	text	text	NO	
aiworker	worker_model_extension_catalog	6	model_name_ja	text	text	NO	
aiworker	worker_model_extension_catalog	7	role_layer_code	text	text	NO	
aiworker	worker_model_extension_catalog	8	role_layer_name_ja	text	text	NO	
aiworker	worker_model_extension_catalog	9	capability_summary	text	text	NO	
aiworker	worker_model_extension_catalog	10	max_managed_worker_count	integer	int4	YES	
aiworker	worker_model_extension_catalog	11	task_complexity_code	text	text	NO	
aiworker	worker_model_extension_catalog	12	single_task_allowed_flag	boolean	bool	NO	false
aiworker	worker_model_extension_catalog	13	repetitive_task_allowed_flag	boolean	bool	NO	false
aiworker	worker_model_extension_catalog	14	complex_task_allowed_flag	boolean	bool	NO	false
aiworker	worker_model_extension_catalog	15	status_code	text	text	NO	'active'::text
aiworker	worker_model_extension_catalog	16	sort_order	integer	int4	NO	1000
aiworker	worker_model_extension_catalog	17	created_at	timestamp with time zone	timestamptz	NO	now()
aiworker	worker_model_extension_catalog	18	updated_at	timestamp with time zone	timestamptz	NO	now()
aiworker	worker_privileged_profile	1	worker_privileged_profile_id	uuid	uuid	NO	
aiworker	worker_privileged_profile	2	worker_id	uuid	uuid	NO	
aiworker	worker_privileged_profile	3	privileged_context_code	text	text	NO	
aiworker	worker_privileged_profile	4	privileged_gate_code	text	text	NO	
aiworker	worker_privileged_profile	5	active_flag	boolean	bool	NO	true
aiworker	worker_privileged_profile	6	updated_at	timestamp with time zone	timestamptz	NO	now()
aiworker	worker_queue_membership	1	worker_queue_membership_id	uuid	uuid	NO	
aiworker	worker_queue_membership	2	worker_id	uuid	uuid	NO	
aiworker	worker_queue_membership	3	queue_family_code	text	text	NO	
aiworker	worker_queue_membership	4	queue_priority_band_code	text	text	NO	
aiworker	worker_queue_membership	5	queue_position	integer	int4	YES	
aiworker	worker_queue_membership	6	last_assignment_at	timestamp with time zone	timestamptz	YES	
aiworker	worker_queue_membership	7	current_load_band_code	text	text	NO	
aiworker	worker_queue_membership	8	updated_at	timestamp with time zone	timestamptz	NO	now()
aiworker	worker_rebuild_history	1	worker_rebuild_history_id	uuid	uuid	NO	
aiworker	worker_rebuild_history	2	worker_id	uuid	uuid	NO	
aiworker	worker_rebuild_history	3	rebuild_ticket_code	text	text	NO	
aiworker	worker_rebuild_history	4	rebuild_state_code	text	text	NO	
aiworker	worker_rebuild_history	5	rebuild_reason_code	text	text	NO	
aiworker	worker_rebuild_history	6	opened_at	timestamp with time zone	timestamptz	NO	
aiworker	worker_rebuild_history	7	closed_at	timestamp with time zone	timestamptz	YES	
aiworker	worker_rebuild_history	8	recorded_at	timestamp with time zone	timestamptz	NO	now()
aiworker	worker_repair_history	1	worker_repair_history_id	uuid	uuid	NO	
aiworker	worker_repair_history	2	worker_id	uuid	uuid	NO	
aiworker	worker_repair_history	3	repair_ticket_code	text	text	NO	
aiworker	worker_repair_history	4	repair_state_code	text	text	NO	
aiworker	worker_repair_history	5	repair_reason_code	text	text	NO	
aiworker	worker_repair_history	6	opened_at	timestamp with time zone	timestamptz	NO	
aiworker	worker_repair_history	7	closed_at	timestamp with time zone	timestamptz	YES	
aiworker	worker_repair_history	8	recorded_at	timestamp with time zone	timestamptz	NO	now()
aiworker	worker_restricted_handling_policy	1	worker_restricted_handling_policy_id	uuid	uuid	NO	
aiworker	worker_restricted_handling_policy	2	worker_id	uuid	uuid	NO	
aiworker	worker_restricted_handling_policy	3	restricted_domain_code	text	text	NO	
aiworker	worker_restricted_handling_policy	4	handling_policy_code	text	text	NO	
aiworker	worker_restricted_handling_policy	5	escalation_required_flag	boolean	bool	NO	true
aiworker	worker_restricted_handling_policy	6	updated_at	timestamp with time zone	timestamptz	NO	now()
aiworker	worker_role_class_catalog	1	role_class_code	text	text	NO	
aiworker	worker_role_class_catalog	2	role_class_name	text	text	NO	
aiworker	worker_role_class_catalog	3	role_class_name_ja	text	text	NO	
aiworker	worker_role_class_catalog	4	role_summary	text	text	NO	
aiworker	worker_role_class_catalog	5	governance_rank_no	integer	int4	NO	100
aiworker	worker_role_class_catalog	6	combat_related	boolean	bool	NO	false
aiworker	worker_role_class_catalog	7	enabled	boolean	bool	NO	true
aiworker	worker_role_class_catalog	8	sort_order	integer	int4	NO	100
aiworker	worker_role_class_catalog	9	created_at	timestamp with time zone	timestamptz	NO	now()
aiworker	worker_role_class_catalog	10	updated_at	timestamp with time zone	timestamptz	NO	now()
aiworker	worker_role_proficiency	1	worker_role_proficiency_id	uuid	uuid	NO	
aiworker	worker_role_proficiency	2	worker_id	uuid	uuid	NO	
aiworker	worker_role_proficiency	3	role_code	text	text	NO	
aiworker	worker_role_proficiency	4	proficiency_score	integer	int4	NO	
aiworker	worker_role_proficiency	5	score_band_code	text	text	NO	
aiworker	worker_role_proficiency	6	measured_at	timestamp with time zone	timestamptz	NO	
aiworker	worker_role_proficiency	7	updated_at	timestamp with time zone	timestamptz	NO	now()
aiworker	worker_series_catalog	1	series_code	text	text	NO	
aiworker	worker_series_catalog	2	manufacturer_code	text	text	NO	
aiworker	worker_series_catalog	3	series_name	text	text	NO	
aiworker	worker_series_catalog	4	series_name_ja	text	text	NO	
aiworker	worker_series_catalog	5	series_summary	text	text	YES	
aiworker	worker_series_catalog	6	enabled	boolean	bool	NO	true
aiworker	worker_series_catalog	7	sort_order	integer	int4	NO	100
aiworker	worker_series_catalog	8	created_at	timestamp with time zone	timestamptz	NO	now()
aiworker	worker_series_catalog	9	updated_at	timestamp with time zone	timestamptz	NO	now()
aiworker	worker_series_extension_catalog	1	manufacturer_code	text	text	NO	
aiworker	worker_series_extension_catalog	2	series_code	text	text	NO	
aiworker	worker_series_extension_catalog	3	series_name	text	text	NO	
aiworker	worker_series_extension_catalog	4	series_name_ja	text	text	NO	
aiworker	worker_series_extension_catalog	5	series_summary	text	text	NO	
aiworker	worker_series_extension_catalog	6	status_code	text	text	NO	'active'::text
aiworker	worker_series_extension_catalog	7	created_at	timestamp with time zone	timestamptz	NO	now()
aiworker	worker_series_extension_catalog	8	updated_at	timestamp with time zone	timestamptz	NO	now()
aiworker	worker_series_tendency	1	series_code	text	text	NO	
aiworker	worker_series_tendency	2	initiative_posture_code	text	text	NO	
aiworker	worker_series_tendency	3	initiative_posture_label	text	text	NO	
aiworker	worker_series_tendency	4	reasoning_guardrail_code	text	text	NO	
aiworker	worker_series_tendency	5	reasoning_guardrail_label	text	text	NO	
aiworker	worker_series_tendency	6	risk_posture_code	text	text	NO	
aiworker	worker_series_tendency	7	risk_posture_label	text	text	NO	
aiworker	worker_series_tendency	8	tendency_summary	text	text	NO	
aiworker	worker_series_tendency	9	enabled	boolean	bool	NO	true
aiworker	worker_series_tendency	10	created_at	timestamp with time zone	timestamptz	NO	now()
aiworker	worker_series_tendency	11	updated_at	timestamp with time zone	timestamptz	NO	now()
aiworker	worker_state_change_log	1	worker_state_change_log_id	uuid	uuid	NO	
aiworker	worker_state_change_log	2	worker_id	uuid	uuid	NO	
aiworker	worker_state_change_log	3	state_family_code	text	text	NO	
aiworker	worker_state_change_log	4	old_state_code	text	text	YES	
aiworker	worker_state_change_log	5	new_state_code	text	text	NO	
aiworker	worker_state_change_log	6	change_reason_code	text	text	NO	
aiworker	worker_state_change_log	7	changed_at	timestamp with time zone	timestamptz	NO	
aiworker	worker_state_change_log	8	changed_by	text	text	NO	
aiworker	worker_user_affinity	1	worker_user_affinity_id	uuid	uuid	NO	
aiworker	worker_user_affinity	2	worker_id	uuid	uuid	NO	
aiworker	worker_user_affinity	3	tenant_user_id	uuid	uuid	NO	
aiworker	worker_user_affinity	4	user_fit_score	integer	int4	NO	0
aiworker	worker_user_affinity	5	trust_alignment_score	integer	int4	NO	0
aiworker	worker_user_affinity	6	communication_fit_score	integer	int4	NO	0
aiworker	worker_user_affinity	7	updated_at	timestamp with time zone	timestamptz	NO	now()
cx22073jw	access_activation_request	1	activation_request_id	uuid	uuid	NO	gen_random_uuid()
cx22073jw	access_activation_request	2	request_code	text	text	NO	
cx22073jw	access_activation_request	3	target_domain_code	text	text	NO	
cx22073jw	access_activation_request	4	target_role_code	text	text	NO	
cx22073jw	access_activation_request	5	requested_rank_code	text	text	YES	
cx22073jw	access_activation_request	6	requested_app_scope	text	text	YES	
cx22073jw	access_activation_request	7	request_status	text	text	NO	
cx22073jw	access_activation_request	8	requested_by	text	text	NO	'Zero'::text
cx22073jw	access_activation_request	9	reviewer_name	text	text	YES	
cx22073jw	access_activation_request	10	approver_name	text	text	YES	
cx22073jw	access_activation_request	11	note_text	text	text	YES	
cx22073jw	access_activation_request	12	created_at	timestamp with time zone	timestamptz	NO	now()
cx22073jw	access_activation_request	13	updated_at	timestamp with time zone	timestamptz	NO	now()
cx22073jw	access_activation_request_view_decision	1	activation_request_view_decision_id	uuid	uuid	NO	gen_random_uuid()
cx22073jw	access_activation_request_view_decision	2	activation_request_id	uuid	uuid	NO	
cx22073jw	access_activation_request_view_decision	3	actual_view_code	text	text	NO	
cx22073jw	access_activation_request_view_decision	4	logical_view_name	text	text	NO	
cx22073jw	access_activation_request_view_decision	5	bundle_inclusion_mode	text	text	NO	
cx22073jw	access_activation_request_view_decision	6	gate_needed	boolean	bool	NO	false
cx22073jw	access_activation_request_view_decision	7	decision_status	text	text	NO	
cx22073jw	access_activation_request_view_decision	8	decision_note	text	text	YES	
cx22073jw	access_activation_request_view_decision	9	created_at	timestamp with time zone	timestamptz	NO	now()
cx22073jw	access_activation_review_decision_batch	1	activation_review_decision_batch_id	uuid	uuid	NO	gen_random_uuid()
cx22073jw	access_activation_review_decision_batch	2	batch_code	text	text	NO	
cx22073jw	access_activation_review_decision_batch	3	source_export_run_code	text	text	NO	
cx22073jw	access_activation_review_decision_batch	4	source_export_root_path	text	text	YES	
cx22073jw	access_activation_review_decision_batch	5	request_count	integer	int4	NO	0
cx22073jw	access_activation_review_decision_batch	6	item_count	integer	int4	NO	0
cx22073jw	access_activation_review_decision_batch	7	approved_candidate_count	integer	int4	NO	0
cx22073jw	access_activation_review_decision_batch	8	gate_hold_count	integer	int4	NO	0
cx22073jw	access_activation_review_decision_batch	9	scope_hold_count	integer	int4	NO	0
cx22073jw	access_activation_review_decision_batch	10	rank_hold_count	integer	int4	NO	0
cx22073jw	access_activation_review_decision_batch	11	rejected_hold_count	integer	int4	NO	0
cx22073jw	access_activation_review_decision_batch	12	batch_status	text	text	NO	
cx22073jw	access_activation_review_decision_batch	13	actor_name	text	text	NO	'Zero'::text
cx22073jw	access_activation_review_decision_batch	14	note_text	text	text	YES	
cx22073jw	access_activation_review_decision_batch	15	created_at	timestamp with time zone	timestamptz	NO	now()
cx22073jw	access_activation_review_decision_batch	16	updated_at	timestamp with time zone	timestamptz	NO	now()
cx22073jw	access_activation_review_decision_batch	17	ended_at	timestamp with time zone	timestamptz	YES	
cx22073jw	access_activation_review_decision_item	1	activation_review_decision_item_id	uuid	uuid	NO	gen_random_uuid()
cx22073jw	access_activation_review_decision_item	2	activation_review_decision_batch_id	uuid	uuid	NO	
cx22073jw	access_activation_review_decision_item	3	request_code	text	text	NO	
cx22073jw	access_activation_review_decision_item	4	target_domain_code	text	text	NO	
cx22073jw	access_activation_review_decision_item	5	target_role_code	text	text	NO	
cx22073jw	access_activation_review_decision_item	6	actual_view_code	text	text	NO	
cx22073jw	access_activation_review_decision_item	7	logical_view_name	text	text	NO	
cx22073jw	access_activation_review_decision_item	8	source_decision_status	text	text	NO	
cx22073jw	access_activation_review_decision_item	9	source_action_hint	text	text	NO	
cx22073jw	access_activation_review_decision_item	10	review_bucket	text	text	NO	
cx22073jw	access_activation_review_decision_item	11	human_review_status	text	text	NO	'pending'::text
cx22073jw	access_activation_review_decision_item	12	governed_apply_ready	boolean	bool	NO	false
cx22073jw	access_activation_review_decision_item	13	review_note	text	text	YES	
cx22073jw	access_activation_review_decision_item	14	created_at	timestamp with time zone	timestamptz	NO	now()
cx22073jw	access_activation_review_export_item	1	activation_review_export_item_id	uuid	uuid	NO	gen_random_uuid()
cx22073jw	access_activation_review_export_item	2	activation_review_export_run_id	uuid	uuid	NO	
cx22073jw	access_activation_review_export_item	3	request_code	text	text	NO	
cx22073jw	access_activation_review_export_item	4	target_domain_code	text	text	NO	
cx22073jw	access_activation_review_export_item	5	target_role_code	text	text	NO	
cx22073jw	access_activation_review_export_item	6	actual_view_code	text	text	NO	
cx22073jw	access_activation_review_export_item	7	logical_view_name	text	text	NO	
cx22073jw	access_activation_review_export_item	8	decision_status	text	text	NO	
cx22073jw	access_activation_review_export_item	9	gate_needed	boolean	bool	NO	false
cx22073jw	access_activation_review_export_item	10	decision_action_hint	text	text	NO	
cx22073jw	access_activation_review_export_item	11	created_at	timestamp with time zone	timestamptz	NO	now()
cx22073jw	access_activation_review_export_run	1	activation_review_export_run_id	uuid	uuid	NO	gen_random_uuid()
cx22073jw	access_activation_review_export_run	2	run_code	text	text	NO	
cx22073jw	access_activation_review_export_run	3	export_root_path	text	text	NO	
cx22073jw	access_activation_review_export_run	4	manifest_md_path	text	text	YES	
cx22073jw	access_activation_review_export_run	5	request_summary_tsv_path	text	text	YES	
cx22073jw	access_activation_review_export_run	6	decision_matrix_tsv_path	text	text	YES	
cx22073jw	access_activation_review_export_run	7	apply_plan_sql_path	text	text	YES	
cx22073jw	access_activation_review_export_run	8	gate_rejected_tsv_path	text	text	YES	
cx22073jw	access_activation_review_export_run	9	export_summary_json_path	text	text	YES	
cx22073jw	access_activation_review_export_run	10	request_count	integer	int4	NO	0
cx22073jw	access_activation_review_export_run	11	decision_count	integer	int4	NO	0
cx22073jw	access_activation_review_export_run	12	allowed_count	integer	int4	NO	0
cx22073jw	access_activation_review_export_run	13	gate_count	integer	int4	NO	0
cx22073jw	access_activation_review_export_run	14	scope_count	integer	int4	NO	0
cx22073jw	access_activation_review_export_run	15	rank_count	integer	int4	NO	0
cx22073jw	access_activation_review_export_run	16	rejected_count	integer	int4	NO	0
cx22073jw	access_activation_review_export_run	17	run_status	text	text	NO	
cx22073jw	access_activation_review_export_run	18	actor_name	text	text	NO	'Zero'::text
cx22073jw	access_activation_review_export_run	19	note_text	text	text	YES	
cx22073jw	access_activation_review_export_run	20	created_at	timestamp with time zone	timestamptz	NO	now()
cx22073jw	access_activation_review_export_run	21	updated_at	timestamp with time zone	timestamptz	NO	now()
cx22073jw	access_activation_review_export_run	22	ended_at	timestamp with time zone	timestamptz	YES	
cx22073jw	access_actual_view_registry	1	actual_view_code	text	text	NO	
cx22073jw	access_actual_view_registry	2	domain_code	text	text	NO	
cx22073jw	access_actual_view_registry	3	view_family_code	text	text	NO	
cx22073jw	access_actual_view_registry	4	logical_view_name	text	text	NO	
cx22073jw	access_actual_view_registry	5	intended_schema_name	text	text	NO	'cx22073jw'::text
cx22073jw	access_actual_view_registry	6	sensitivity_code	text	text	NO	
cx22073jw	access_actual_view_registry	7	exposure_scope	text	text	NO	
cx22073jw	access_actual_view_registry	8	lifecycle_status	text	text	NO	
cx22073jw	access_actual_view_registry	9	purpose_text	text	text	NO	
cx22073jw	access_actual_view_registry	10	raw_table_read_allowed	boolean	bool	NO	false
cx22073jw	access_actual_view_registry	11	grantable_readonly	boolean	bool	NO	true
cx22073jw	access_actual_view_registry	12	gate_required	boolean	bool	NO	false
cx22073jw	access_actual_view_registry	13	notes	text	text	YES	
cx22073jw	access_actual_view_registry	14	created_at	timestamp with time zone	timestamptz	NO	now()
cx22073jw	access_actual_view_registry	15	updated_at	timestamp with time zone	timestamptz	NO	now()
cx22073jw	access_app_scope_actual_view_allowlist	1	app_scope_code	text	text	NO	
cx22073jw	access_app_scope_actual_view_allowlist	2	actual_view_code	text	text	NO	
cx22073jw	access_app_scope_actual_view_allowlist	3	allow_mode	text	text	NO	
cx22073jw	access_app_scope_actual_view_allowlist	4	note_text	text	text	YES	
cx22073jw	access_app_scope_actual_view_allowlist	5	created_at	timestamp with time zone	timestamptz	NO	now()
cx22073jw	access_app_scope_registry	1	app_scope_code	text	text	NO	
cx22073jw	access_app_scope_registry	2	domain_code	text	text	NO	
cx22073jw	access_app_scope_registry	3	scope_name	text	text	NO	
cx22073jw	access_app_scope_registry	4	scope_group	text	text	NO	
cx22073jw	access_app_scope_registry	5	provisional_flag	boolean	bool	NO	true
cx22073jw	access_app_scope_registry	6	description	text	text	YES	
cx22073jw	access_app_scope_registry	7	created_at	timestamp with time zone	timestamptz	NO	now()
cx22073jw	access_app_scope_registry	8	updated_at	timestamp with time zone	timestamptz	NO	now()
cx22073jw	access_baseline_health_check_item	1	baseline_health_check_item_id	uuid	uuid	NO	gen_random_uuid()
cx22073jw	access_baseline_health_check_item	2	baseline_health_run_id	uuid	uuid	NO	
cx22073jw	access_baseline_health_check_item	3	check_group	text	text	NO	
cx22073jw	access_baseline_health_check_item	4	check_code	text	text	NO	
cx22073jw	access_baseline_health_check_item	5	severity	text	text	NO	
cx22073jw	access_baseline_health_check_item	6	observed_value	text	text	NO	
cx22073jw	access_baseline_health_check_item	7	expected_rule	text	text	NO	
cx22073jw	access_baseline_health_check_item	8	check_status	text	text	NO	
cx22073jw	access_baseline_health_check_item	9	detail_text	text	text	YES	
cx22073jw	access_baseline_health_check_item	10	created_at	timestamp with time zone	timestamptz	NO	now()
cx22073jw	access_baseline_health_run	1	baseline_health_run_id	uuid	uuid	NO	gen_random_uuid()
cx22073jw	access_baseline_health_run	2	run_code	text	text	NO	
cx22073jw	access_baseline_health_run	3	base_path	text	text	NO	
cx22073jw	access_baseline_health_run	4	core_blocker_count	integer	int4	NO	0
cx22073jw	access_baseline_health_run	5	info_count	integer	int4	NO	0
cx22073jw	access_baseline_health_run	6	core_status	text	text	NO	
cx22073jw	access_baseline_health_run	7	legacy_status	text	text	NO	
cx22073jw	access_baseline_health_run	8	operations_status	text	text	NO	
cx22073jw	access_baseline_health_run	9	actor_name	text	text	NO	'Zero'::text
cx22073jw	access_baseline_health_run	10	note_text	text	text	YES	
cx22073jw	access_baseline_health_run	11	created_at	timestamp with time zone	timestamptz	NO	now()
cx22073jw	access_baseline_health_run	12	updated_at	timestamp with time zone	timestamptz	NO	now()
cx22073jw	access_baseline_health_run	13	ended_at	timestamp with time zone	timestamptz	YES	
cx22073jw	access_current_state_bundle_export_file	1	current_state_bundle_export_file_id	uuid	uuid	NO	gen_random_uuid()
cx22073jw	access_current_state_bundle_export_file	2	current_state_bundle_export_run_id	uuid	uuid	NO	
cx22073jw	access_current_state_bundle_export_file	3	file_role	text	text	NO	
cx22073jw	access_current_state_bundle_export_file	4	file_path	text	text	NO	
cx22073jw	access_current_state_bundle_export_file	5	created_at	timestamp with time zone	timestamptz	NO	now()
cx22073jw	access_current_state_bundle_export_run	1	current_state_bundle_export_run_id	uuid	uuid	NO	gen_random_uuid()
cx22073jw	access_current_state_bundle_export_run	2	run_code	text	text	NO	
cx22073jw	access_current_state_bundle_export_run	3	export_root_path	text	text	NO	
cx22073jw	access_current_state_bundle_export_run	4	baseline_run_code	text	text	YES	
cx22073jw	access_current_state_bundle_export_run	5	legacy_gate_run_code	text	text	YES	
cx22073jw	access_current_state_bundle_export_run	6	retirement_plan_run_code	text	text	YES	
cx22073jw	access_current_state_bundle_export_run	7	manual_receipt_batch_code	text	text	YES	
cx22073jw	access_current_state_bundle_export_run	8	confirmed_reverify_run_code	text	text	YES	
cx22073jw	access_current_state_bundle_export_run	9	file_count	integer	int4	NO	0
cx22073jw	access_current_state_bundle_export_run	10	export_status	text	text	NO	
cx22073jw	access_current_state_bundle_export_run	11	actor_name	text	text	NO	'Zero'::text
cx22073jw	access_current_state_bundle_export_run	12	note_text	text	text	YES	
cx22073jw	access_current_state_bundle_export_run	13	created_at	timestamp with time zone	timestamptz	NO	now()
cx22073jw	access_current_state_bundle_export_run	14	updated_at	timestamp with time zone	timestamptz	NO	now()
cx22073jw	access_current_state_bundle_export_run	15	ended_at	timestamp with time zone	timestamptz	YES	
cx22073jw	access_db_role_provision_batch	1	db_role_provision_batch_id	uuid	uuid	NO	gen_random_uuid()
cx22073jw	access_db_role_provision_batch	2	batch_code	text	text	NO	
cx22073jw	access_db_role_provision_batch	3	requested_role_count	integer	int4	NO	0
cx22073jw	access_db_role_provision_batch	4	created_role_count	integer	int4	NO	0
cx22073jw	access_db_role_provision_batch	5	existing_role_count	integer	int4	NO	0
cx22073jw	access_db_role_provision_batch	6	failed_role_count	integer	int4	NO	0
cx22073jw	access_db_role_provision_batch	7	batch_status	text	text	NO	
cx22073jw	access_db_role_provision_batch	8	actor_name	text	text	NO	'Zero'::text
cx22073jw	access_db_role_provision_batch	9	note_text	text	text	YES	
cx22073jw	access_db_role_provision_batch	10	created_at	timestamp with time zone	timestamptz	NO	now()
cx22073jw	access_db_role_provision_batch	11	updated_at	timestamp with time zone	timestamptz	NO	now()
cx22073jw	access_db_role_provision_batch	12	ended_at	timestamp with time zone	timestamptz	YES	
cx22073jw	access_db_role_provision_item	1	db_role_provision_item_id	uuid	uuid	NO	gen_random_uuid()
cx22073jw	access_db_role_provision_item	2	db_role_provision_batch_id	uuid	uuid	NO	
cx22073jw	access_db_role_provision_item	3	role_code	text	text	NO	
cx22073jw	access_db_role_provision_item	4	domain_code	text	text	NO	
cx22073jw	access_db_role_provision_item	5	expected_db_role_name	text	text	NO	
cx22073jw	access_db_role_provision_item	6	provision_status	text	text	NO	
cx22073jw	access_db_role_provision_item	7	error_text	text	text	YES	
cx22073jw	access_db_role_provision_item	8	created_at	timestamp with time zone	timestamptz	NO	now()
cx22073jw	access_db_role_registry	1	db_role_registry_id	uuid	uuid	NO	gen_random_uuid()
cx22073jw	access_db_role_registry	2	role_code	text	text	NO	
cx22073jw	access_db_role_registry	3	domain_code	text	text	NO	
cx22073jw	access_db_role_registry	4	expected_db_role_name	text	text	NO	
cx22073jw	access_db_role_registry	5	role_kind	text	text	NO	
cx22073jw	access_db_role_registry	6	role_status	text	text	NO	
cx22073jw	access_db_role_registry	7	login_allowed	boolean	bool	NO	false
cx22073jw	access_db_role_registry	8	inherit_flag	boolean	bool	NO	true
cx22073jw	access_db_role_registry	9	superuser_flag	boolean	bool	NO	false
cx22073jw	access_db_role_registry	10	createrole_flag	boolean	bool	NO	false
cx22073jw	access_db_role_registry	11	createdb_flag	boolean	bool	NO	false
cx22073jw	access_db_role_registry	12	replication_flag	boolean	bool	NO	false
cx22073jw	access_db_role_registry	13	bypassrls_flag	boolean	bool	NO	false
cx22073jw	access_db_role_registry	14	note_text	text	text	YES	
cx22073jw	access_db_role_registry	15	created_at	timestamp with time zone	timestamptz	NO	now()
cx22073jw	access_db_role_registry	16	updated_at	timestamp with time zone	timestamptz	NO	now()
cx22073jw	access_domain_master	1	domain_code	text	text	NO	
cx22073jw	access_domain_master	2	domain_name	text	text	NO	
cx22073jw	access_domain_master	3	domain_group	text	text	NO	
cx22073jw	access_domain_master	4	description	text	text	YES	
cx22073jw	access_domain_master	5	created_at	timestamp with time zone	timestamptz	NO	now()
cx22073jw	access_domain_master	6	updated_at	timestamp with time zone	timestamptz	NO	now()
cx22073jw	access_domain_rule_registry	1	domain_code	text	text	NO	
cx22073jw	access_domain_rule_registry	2	rule_code	text	text	NO	
cx22073jw	access_domain_rule_registry	3	rule_text	text	text	NO	
cx22073jw	access_domain_rule_registry	4	created_at	timestamp with time zone	timestamptz	NO	now()
cx22073jw	access_final_handoff_export_item	1	final_handoff_export_item_id	uuid	uuid	NO	gen_random_uuid()
cx22073jw	access_final_handoff_export_item	2	final_handoff_export_run_id	uuid	uuid	NO	
cx22073jw	access_final_handoff_export_item	3	source_execution_run_code	text	text	NO	
cx22073jw	access_final_handoff_export_item	4	source_batch_code	text	text	NO	
cx22073jw	access_final_handoff_export_item	5	request_code	text	text	NO	
cx22073jw	access_final_handoff_export_item	6	target_domain_code	text	text	NO	
cx22073jw	access_final_handoff_export_item	7	target_role_code	text	text	NO	
cx22073jw	access_final_handoff_export_item	8	actual_view_code	text	text	NO	
cx22073jw	access_final_handoff_export_item	9	logical_view_name	text	text	NO	
cx22073jw	access_final_handoff_export_item	10	expected_db_role_name	text	text	NO	
cx22073jw	access_final_handoff_export_item	11	preflight_status	text	text	NO	
cx22073jw	access_final_handoff_export_item	12	execution_status	text	text	NO	
cx22073jw	access_final_handoff_export_item	13	handoff_bucket	text	text	NO	
cx22073jw	access_final_handoff_export_item	14	prepared_sql_text	text	text	YES	
cx22073jw	access_final_handoff_export_item	15	result_note	text	text	YES	
cx22073jw	access_final_handoff_export_item	16	created_at	timestamp with time zone	timestamptz	NO	now()
cx22073jw	access_final_handoff_export_run	1	final_handoff_export_run_id	uuid	uuid	NO	gen_random_uuid()
cx22073jw	access_final_handoff_export_run	2	run_code	text	text	NO	
cx22073jw	access_final_handoff_export_run	3	source_execution_run_code	text	text	NO	
cx22073jw	access_final_handoff_export_run	4	source_batch_code	text	text	NO	
cx22073jw	access_final_handoff_export_run	5	export_root_path	text	text	NO	
cx22073jw	access_final_handoff_export_run	6	manifest_md_path	text	text	YES	
cx22073jw	access_final_handoff_export_run	7	pass_items_tsv_path	text	text	YES	
cx22073jw	access_final_handoff_export_run	8	fail_items_tsv_path	text	text	YES	
cx22073jw	access_final_handoff_export_run	9	final_sql_path	text	text	YES	
cx22073jw	access_final_handoff_export_run	10	export_summary_json_path	text	text	YES	
cx22073jw	access_final_handoff_export_run	11	requested_item_count	integer	int4	NO	0
cx22073jw	access_final_handoff_export_run	12	pass_item_count	integer	int4	NO	0
cx22073jw	access_final_handoff_export_run	13	fail_item_count	integer	int4	NO	0
cx22073jw	access_final_handoff_export_run	14	skipped_item_count	integer	int4	NO	0
cx22073jw	access_final_handoff_export_run	15	run_status	text	text	NO	
cx22073jw	access_final_handoff_export_run	16	actor_name	text	text	NO	'Zero'::text
cx22073jw	access_final_handoff_export_run	17	note_text	text	text	YES	
cx22073jw	access_final_handoff_export_run	18	created_at	timestamp with time zone	timestamptz	NO	now()
cx22073jw	access_final_handoff_export_run	19	updated_at	timestamp with time zone	timestamptz	NO	now()
cx22073jw	access_final_handoff_export_run	20	ended_at	timestamp with time zone	timestamptz	YES	
cx22073jw	access_global_rule_registry	1	rule_code	text	text	NO	
cx22073jw	access_global_rule_registry	2	rule_group	text	text	NO	
cx22073jw	access_global_rule_registry	3	rule_text	text	text	NO	
cx22073jw	access_global_rule_registry	4	created_at	timestamp with time zone	timestamptz	NO	now()
cx22073jw	access_governed_apply_attempt_log	1	governed_apply_attempt_log_id	uuid	uuid	NO	gen_random_uuid()
cx22073jw	access_governed_apply_attempt_log	2	governed_apply_batch_id	uuid	uuid	NO	
cx22073jw	access_governed_apply_attempt_log	3	attempt_code	text	text	NO	
cx22073jw	access_governed_apply_attempt_log	4	attempt_status	text	text	NO	
cx22073jw	access_governed_apply_attempt_log	5	executor_name	text	text	NO	'Zero'::text
cx22073jw	access_governed_apply_attempt_log	6	note_text	text	text	YES	
cx22073jw	access_governed_apply_attempt_log	7	created_at	timestamp with time zone	timestamptz	NO	now()
cx22073jw	access_governed_apply_batch	1	governed_apply_batch_id	uuid	uuid	NO	gen_random_uuid()
cx22073jw	access_governed_apply_batch	2	batch_code	text	text	NO	
cx22073jw	access_governed_apply_batch	3	source_queue_batch_code	text	text	NO	
cx22073jw	access_governed_apply_batch	4	item_count	integer	int4	NO	0
cx22073jw	access_governed_apply_batch	5	prepared_count	integer	int4	NO	0
cx22073jw	access_governed_apply_batch	6	waiting_runtime_count	integer	int4	NO	0
cx22073jw	access_governed_apply_batch	7	skipped_gate_count	integer	int4	NO	0
cx22073jw	access_governed_apply_batch	8	batch_status	text	text	NO	
cx22073jw	access_governed_apply_batch	9	actor_name	text	text	NO	'Zero'::text
cx22073jw	access_governed_apply_batch	10	note_text	text	text	YES	
cx22073jw	access_governed_apply_batch	11	created_at	timestamp with time zone	timestamptz	NO	now()
cx22073jw	access_governed_apply_batch	12	updated_at	timestamp with time zone	timestamptz	NO	now()
cx22073jw	access_governed_apply_batch	13	ended_at	timestamp with time zone	timestamptz	YES	
cx22073jw	access_governed_apply_batch_item	1	governed_apply_batch_item_id	uuid	uuid	NO	gen_random_uuid()
cx22073jw	access_governed_apply_batch_item	2	governed_apply_batch_id	uuid	uuid	NO	
cx22073jw	access_governed_apply_batch_item	3	queue_code	text	text	NO	
cx22073jw	access_governed_apply_batch_item	4	request_code	text	text	NO	
cx22073jw	access_governed_apply_batch_item	5	target_domain_code	text	text	NO	
cx22073jw	access_governed_apply_batch_item	6	target_role_code	text	text	NO	
cx22073jw	access_governed_apply_batch_item	7	actual_view_code	text	text	NO	
cx22073jw	access_governed_apply_batch_item	8	logical_view_name	text	text	NO	
cx22073jw	access_governed_apply_batch_item	9	gate_check_required	boolean	bool	NO	false
cx22073jw	access_governed_apply_batch_item	10	runtime_apply_ready	boolean	bool	NO	false
cx22073jw	access_governed_apply_batch_item	11	prepared_sql_text	text	text	NO	
cx22073jw	access_governed_apply_batch_item	12	apply_status	text	text	NO	
cx22073jw	access_governed_apply_batch_item	13	note_text	text	text	YES	
cx22073jw	access_governed_apply_batch_item	14	created_at	timestamp with time zone	timestamptz	NO	now()
cx22073jw	access_governed_apply_execution_item	1	governed_apply_execution_item_id	uuid	uuid	NO	gen_random_uuid()
cx22073jw	access_governed_apply_execution_item	2	governed_apply_execution_run_id	uuid	uuid	NO	
cx22073jw	access_governed_apply_execution_item	3	batch_code	text	text	NO	
cx22073jw	access_governed_apply_execution_item	4	request_code	text	text	NO	
cx22073jw	access_governed_apply_execution_item	5	target_domain_code	text	text	NO	
cx22073jw	access_governed_apply_execution_item	6	target_role_code	text	text	NO	
cx22073jw	access_governed_apply_execution_item	7	actual_view_code	text	text	NO	
cx22073jw	access_governed_apply_execution_item	8	logical_view_name	text	text	NO	
cx22073jw	access_governed_apply_execution_item	9	expected_db_role_name	text	text	NO	
cx22073jw	access_governed_apply_execution_item	10	apply_status_before	text	text	NO	
cx22073jw	access_governed_apply_execution_item	11	runtime_apply_ready	boolean	bool	NO	false
cx22073jw	access_governed_apply_execution_item	12	gate_check_required	boolean	bool	NO	false
cx22073jw	access_governed_apply_execution_item	13	role_exists_flag	boolean	bool	NO	false
cx22073jw	access_governed_apply_execution_item	14	view_exists_flag	boolean	bool	NO	false
cx22073jw	access_governed_apply_execution_item	15	sql_present_flag	boolean	bool	NO	false
cx22073jw	access_governed_apply_execution_item	16	preflight_status	text	text	NO	
cx22073jw	access_governed_apply_execution_item	17	execution_status	text	text	NO	
cx22073jw	access_governed_apply_execution_item	18	prepared_sql_text	text	text	YES	
cx22073jw	access_governed_apply_execution_item	19	result_note	text	text	YES	
cx22073jw	access_governed_apply_execution_item	20	created_at	timestamp with time zone	timestamptz	NO	now()
cx22073jw	access_governed_apply_execution_run	1	governed_apply_execution_run_id	uuid	uuid	NO	gen_random_uuid()
cx22073jw	access_governed_apply_execution_run	2	run_code	text	text	NO	
cx22073jw	access_governed_apply_execution_run	3	source_batch_code	text	text	NO	
cx22073jw	access_governed_apply_execution_run	4	dry_run_flag	boolean	bool	NO	true
cx22073jw	access_governed_apply_execution_run	5	requested_item_count	integer	int4	NO	0
cx22073jw	access_governed_apply_execution_run	6	preflight_pass_count	integer	int4	NO	0
cx22073jw	access_governed_apply_execution_run	7	preflight_fail_count	integer	int4	NO	0
cx22073jw	access_governed_apply_execution_run	8	skipped_count	integer	int4	NO	0
cx22073jw	access_governed_apply_execution_run	9	run_status	text	text	NO	
cx22073jw	access_governed_apply_execution_run	10	actor_name	text	text	NO	'Zero'::text
cx22073jw	access_governed_apply_execution_run	11	note_text	text	text	YES	
cx22073jw	access_governed_apply_execution_run	12	created_at	timestamp with time zone	timestamptz	NO	now()
cx22073jw	access_governed_apply_execution_run	13	updated_at	timestamp with time zone	timestamptz	NO	now()
cx22073jw	access_governed_apply_execution_run	14	ended_at	timestamp with time zone	timestamptz	YES	
cx22073jw	access_governed_apply_queue	1	governed_apply_queue_id	uuid	uuid	NO	gen_random_uuid()
cx22073jw	access_governed_apply_queue	2	queue_code	text	text	NO	
cx22073jw	access_governed_apply_queue	3	source_batch_code	text	text	NO	
cx22073jw	access_governed_apply_queue	4	request_code	text	text	NO	
cx22073jw	access_governed_apply_queue	5	target_domain_code	text	text	NO	
cx22073jw	access_governed_apply_queue	6	target_role_code	text	text	NO	
cx22073jw	access_governed_apply_queue	7	actual_view_code	text	text	NO	
cx22073jw	access_governed_apply_queue	8	logical_view_name	text	text	NO	
cx22073jw	access_governed_apply_queue	9	queue_status	text	text	NO	
cx22073jw	access_governed_apply_queue	10	gate_check_required	boolean	bool	NO	false
cx22073jw	access_governed_apply_queue	11	runtime_apply_ready	boolean	bool	NO	false
cx22073jw	access_governed_apply_queue	12	actor_name	text	text	NO	'Zero'::text
cx22073jw	access_governed_apply_queue	13	note_text	text	text	YES	
cx22073jw	access_governed_apply_queue	14	created_at	timestamp with time zone	timestamptz	NO	now()
cx22073jw	access_governed_apply_queue	15	updated_at	timestamp with time zone	timestamptz	NO	now()
cx22073jw	access_grant_export_item	1	grant_export_item_id	uuid	uuid	NO	gen_random_uuid()
cx22073jw	access_grant_export_item	2	grant_export_run_id	uuid	uuid	NO	
cx22073jw	access_grant_export_item	3	domain_code	text	text	NO	
cx22073jw	access_grant_export_item	4	role_code	text	text	NO	
cx22073jw	access_grant_export_item	5	actual_view_code	text	text	NO	
cx22073jw	access_grant_export_item	6	logical_view_name	text	text	NO	
cx22073jw	access_grant_export_item	7	suggested_db_role_name	text	text	NO	
cx22073jw	access_grant_export_item	8	grant_mode	text	text	NO	
cx22073jw	access_grant_export_item	9	gate_needed	boolean	bool	NO	false
cx22073jw	access_grant_export_item	10	role_sql_file_path	text	text	YES	
cx22073jw	access_grant_export_item	11	domain_sql_file_path	text	text	YES	
cx22073jw	access_grant_export_item	12	created_at	timestamp with time zone	timestamptz	NO	now()
cx22073jw	access_grant_export_run	1	grant_export_run_id	uuid	uuid	NO	gen_random_uuid()
cx22073jw	access_grant_export_run	2	run_code	text	text	NO	
cx22073jw	access_grant_export_run	3	export_root_path	text	text	NO	
cx22073jw	access_grant_export_run	4	manifest_md_path	text	text	YES	
cx22073jw	access_grant_export_run	5	role_matrix_tsv_path	text	text	YES	
cx22073jw	access_grant_export_run	6	domain_summary_tsv_path	text	text	YES	
cx22073jw	access_grant_export_run	7	gate_controlled_tsv_path	text	text	YES	
cx22073jw	access_grant_export_run	8	export_summary_json_path	text	text	YES	
cx22073jw	access_grant_export_run	9	total_role_count	integer	int4	NO	0
cx22073jw	access_grant_export_run	10	total_domain_count	integer	int4	NO	0
cx22073jw	access_grant_export_run	11	total_actual_view_grant_count	integer	int4	NO	0
cx22073jw	access_grant_export_run	12	total_sql_file_count	integer	int4	NO	0
cx22073jw	access_grant_export_run	13	run_status	text	text	NO	
cx22073jw	access_grant_export_run	14	actor_name	text	text	NO	'Zero'::text
cx22073jw	access_grant_export_run	15	note_text	text	text	YES	
cx22073jw	access_grant_export_run	16	created_at	timestamp with time zone	timestamptz	NO	now()
cx22073jw	access_grant_export_run	17	updated_at	timestamp with time zone	timestamptz	NO	now()
cx22073jw	access_grant_export_run	18	ended_at	timestamp with time zone	timestamptz	YES	
cx22073jw	access_human_review_action_log	1	human_review_action_log_id	uuid	uuid	NO	gen_random_uuid()
cx22073jw	access_human_review_action_log	2	activation_review_decision_batch_id	uuid	uuid	NO	
cx22073jw	access_human_review_action_log	3	request_code	text	text	NO	
cx22073jw	access_human_review_action_log	4	actual_view_code	text	text	NO	
cx22073jw	access_human_review_action_log	5	logical_view_name	text	text	NO	
cx22073jw	access_human_review_action_log	6	previous_human_review_status	text	text	NO	
cx22073jw	access_human_review_action_log	7	new_human_review_status	text	text	NO	
cx22073jw	access_human_review_action_log	8	reviewer_name	text	text	NO	
cx22073jw	access_human_review_action_log	9	review_note	text	text	YES	
cx22073jw	access_human_review_action_log	10	created_at	timestamp with time zone	timestamptz	NO	now()
cx22073jw	access_legacy_compat_audit_db_item	1	legacy_compat_audit_db_item_id	uuid	uuid	NO	gen_random_uuid()
cx22073jw	access_legacy_compat_audit_db_item	2	legacy_compat_audit_run_id	uuid	uuid	NO	
cx22073jw	access_legacy_compat_audit_db_item	3	object_group	text	text	NO	
cx22073jw	access_legacy_compat_audit_db_item	4	object_schema	text	text	NO	
cx22073jw	access_legacy_compat_audit_db_item	5	object_name	text	text	NO	
cx22073jw	access_legacy_compat_audit_db_item	6	referenced_legacy_name	text	text	NO	
cx22073jw	access_legacy_compat_audit_db_item	7	created_at	timestamp with time zone	timestamptz	NO	now()
cx22073jw	access_legacy_compat_audit_file_item	1	legacy_compat_audit_file_item_id	uuid	uuid	NO	gen_random_uuid()
cx22073jw	access_legacy_compat_audit_file_item	2	legacy_compat_audit_run_id	uuid	uuid	NO	
cx22073jw	access_legacy_compat_audit_file_item	3	file_path	text	text	NO	
cx22073jw	access_legacy_compat_audit_file_item	4	line_no	integer	int4	NO	
cx22073jw	access_legacy_compat_audit_file_item	5	matched_text	text	text	NO	
cx22073jw	access_legacy_compat_audit_file_item	6	created_at	timestamp with time zone	timestamptz	NO	now()
cx22073jw	access_legacy_compat_audit_run	1	legacy_compat_audit_run_id	uuid	uuid	NO	gen_random_uuid()
cx22073jw	access_legacy_compat_audit_run	2	run_code	text	text	NO	
cx22073jw	access_legacy_compat_audit_run	3	base_path	text	text	NO	
cx22073jw	access_legacy_compat_audit_run	4	db_hit_count	integer	int4	NO	0
cx22073jw	access_legacy_compat_audit_run	5	file_hit_count	integer	int4	NO	0
cx22073jw	access_legacy_compat_audit_run	6	db_view_hit_count	integer	int4	NO	0
cx22073jw	access_legacy_compat_audit_run	7	db_function_hit_count	integer	int4	NO	0
cx22073jw	access_legacy_compat_audit_run	8	run_status	text	text	NO	
cx22073jw	access_legacy_compat_audit_run	9	actor_name	text	text	NO	'Zero'::text
cx22073jw	access_legacy_compat_audit_run	10	note_text	text	text	YES	
cx22073jw	access_legacy_compat_audit_run	11	created_at	timestamp with time zone	timestamptz	NO	now()
cx22073jw	access_legacy_compat_audit_run	12	updated_at	timestamp with time zone	timestamptz	NO	now()
cx22073jw	access_legacy_compat_audit_run	13	ended_at	timestamp with time zone	timestamptz	YES	
cx22073jw	access_legacy_cutover_gate_blocker	1	legacy_cutover_gate_blocker_id	uuid	uuid	NO	gen_random_uuid()
cx22073jw	access_legacy_cutover_gate_blocker	2	legacy_cutover_gate_run_id	uuid	uuid	NO	
cx22073jw	access_legacy_cutover_gate_blocker	3	blocker_group	text	text	NO	
cx22073jw	access_legacy_cutover_gate_blocker	4	blocker_identity	text	text	NO	
cx22073jw	access_legacy_cutover_gate_blocker	5	blocker_detail	text	text	NO	
cx22073jw	access_legacy_cutover_gate_blocker	6	created_at	timestamp with time zone	timestamptz	NO	now()
cx22073jw	access_legacy_cutover_gate_run	1	legacy_cutover_gate_run_id	uuid	uuid	NO	gen_random_uuid()
cx22073jw	access_legacy_cutover_gate_run	2	run_code	text	text	NO	
cx22073jw	access_legacy_cutover_gate_run	3	source_audit_run_code	text	text	NO	
cx22073jw	access_legacy_cutover_gate_run	4	db_hit_count	integer	int4	NO	0
cx22073jw	access_legacy_cutover_gate_run	5	file_hit_count	integer	int4	NO	0
cx22073jw	access_legacy_cutover_gate_run	6	blocker_count	integer	int4	NO	0
cx22073jw	access_legacy_cutover_gate_run	7	readiness_status	text	text	NO	
cx22073jw	access_legacy_cutover_gate_run	8	actor_name	text	text	NO	'Zero'::text
cx22073jw	access_legacy_cutover_gate_run	9	note_text	text	text	YES	
cx22073jw	access_legacy_cutover_gate_run	10	created_at	timestamp with time zone	timestamptz	NO	now()
cx22073jw	access_legacy_cutover_gate_run	11	updated_at	timestamp with time zone	timestamptz	NO	now()
cx22073jw	access_legacy_cutover_gate_run	12	ended_at	timestamp with time zone	timestamptz	YES	
cx22073jw	access_legacy_db_blocker_patch_item	1	legacy_db_blocker_patch_item_id	uuid	uuid	NO	gen_random_uuid()
cx22073jw	access_legacy_db_blocker_patch_item	2	legacy_db_blocker_patch_run_id	uuid	uuid	NO	
cx22073jw	access_legacy_db_blocker_patch_item	3	object_group	text	text	NO	
cx22073jw	access_legacy_db_blocker_patch_item	4	object_schema	text	text	NO	
cx22073jw	access_legacy_db_blocker_patch_item	5	object_name	text	text	NO	
cx22073jw	access_legacy_db_blocker_patch_item	6	object_identity	text	text	NO	
cx22073jw	access_legacy_db_blocker_patch_item	7	patch_status	text	text	NO	
cx22073jw	access_legacy_db_blocker_patch_item	8	error_text	text	text	YES	
cx22073jw	access_legacy_db_blocker_patch_item	9	created_at	timestamp with time zone	timestamptz	NO	now()
cx22073jw	access_legacy_db_blocker_patch_run	1	legacy_db_blocker_patch_run_id	uuid	uuid	NO	gen_random_uuid()
cx22073jw	access_legacy_db_blocker_patch_run	2	run_code	text	text	NO	
cx22073jw	access_legacy_db_blocker_patch_run	3	target_view_count	integer	int4	NO	0
cx22073jw	access_legacy_db_blocker_patch_run	4	target_function_count	integer	int4	NO	0
cx22073jw	access_legacy_db_blocker_patch_run	5	patched_view_count	integer	int4	NO	0
cx22073jw	access_legacy_db_blocker_patch_run	6	patched_function_count	integer	int4	NO	0
cx22073jw	access_legacy_db_blocker_patch_run	7	error_count	integer	int4	NO	0
cx22073jw	access_legacy_db_blocker_patch_run	8	run_status	text	text	NO	
cx22073jw	access_legacy_db_blocker_patch_run	9	actor_name	text	text	NO	'Zero'::text
cx22073jw	access_legacy_db_blocker_patch_run	10	note_text	text	text	YES	
cx22073jw	access_legacy_db_blocker_patch_run	11	created_at	timestamp with time zone	timestamptz	NO	now()
cx22073jw	access_legacy_db_blocker_patch_run	12	updated_at	timestamp with time zone	timestamptz	NO	now()
cx22073jw	access_legacy_db_blocker_patch_run	13	ended_at	timestamp with time zone	timestamptz	YES	
cx22073jw	access_legacy_retirement_plan_item	1	legacy_retirement_plan_item_id	uuid	uuid	NO	gen_random_uuid()
cx22073jw	access_legacy_retirement_plan_item	2	legacy_retirement_plan_run_id	uuid	uuid	NO	
cx22073jw	access_legacy_retirement_plan_item	3	item_group	text	text	NO	
cx22073jw	access_legacy_retirement_plan_item	4	object_name	text	text	NO	
cx22073jw	access_legacy_retirement_plan_item	5	plan_action	text	text	NO	
cx22073jw	access_legacy_retirement_plan_item	6	detail_text	text	text	NO	
cx22073jw	access_legacy_retirement_plan_item	7	created_at	timestamp with time zone	timestamptz	NO	now()
cx22073jw	access_legacy_retirement_plan_run	1	legacy_retirement_plan_run_id	uuid	uuid	NO	gen_random_uuid()
cx22073jw	access_legacy_retirement_plan_run	2	run_code	text	text	NO	
cx22073jw	access_legacy_retirement_plan_run	3	source_gate_run_code	text	text	NO	
cx22073jw	access_legacy_retirement_plan_run	4	readiness_status_snapshot	text	text	NO	
cx22073jw	access_legacy_retirement_plan_run	5	legacy_view_count	integer	int4	NO	0
cx22073jw	access_legacy_retirement_plan_run	6	planned_drop_count	integer	int4	NO	0
cx22073jw	access_legacy_retirement_plan_run	7	blocker_count	integer	int4	NO	0
cx22073jw	access_legacy_retirement_plan_run	8	export_root_path	text	text	NO	
cx22073jw	access_legacy_retirement_plan_run	9	plan_status	text	text	NO	
cx22073jw	access_legacy_retirement_plan_run	10	actor_name	text	text	NO	'Zero'::text
cx22073jw	access_legacy_retirement_plan_run	11	note_text	text	text	YES	
cx22073jw	access_legacy_retirement_plan_run	12	created_at	timestamp with time zone	timestamptz	NO	now()
cx22073jw	access_legacy_retirement_plan_run	13	updated_at	timestamp with time zone	timestamptz	NO	now()
cx22073jw	access_legacy_retirement_plan_run	14	ended_at	timestamp with time zone	timestamptz	YES	
cx22073jw	access_manual_apply_confirmation_log	1	manual_apply_confirmation_log_id	uuid	uuid	NO	gen_random_uuid()
cx22073jw	access_manual_apply_confirmation_log	2	manual_apply_receipt_batch_id	uuid	uuid	NO	
cx22073jw	access_manual_apply_confirmation_log	3	request_code	text	text	NO	
cx22073jw	access_manual_apply_confirmation_log	4	actual_view_code	text	text	NO	
cx22073jw	access_manual_apply_confirmation_log	5	logical_view_name	text	text	NO	
cx22073jw	access_manual_apply_confirmation_log	6	previous_receipt_status	text	text	NO	
cx22073jw	access_manual_apply_confirmation_log	7	new_receipt_status	text	text	NO	
cx22073jw	access_manual_apply_confirmation_log	8	executor_name	text	text	NO	
cx22073jw	access_manual_apply_confirmation_log	9	confirmation_note	text	text	YES	
cx22073jw	access_manual_apply_confirmation_log	10	created_at	timestamp with time zone	timestamptz	NO	now()
cx22073jw	access_manual_apply_receipt_batch	1	manual_apply_receipt_batch_id	uuid	uuid	NO	gen_random_uuid()
cx22073jw	access_manual_apply_receipt_batch	2	batch_code	text	text	NO	
cx22073jw	access_manual_apply_receipt_batch	3	source_handoff_run_code	text	text	NO	
cx22073jw	access_manual_apply_receipt_batch	4	source_export_root_path	text	text	YES	
cx22073jw	access_manual_apply_receipt_batch	5	requested_item_count	integer	int4	NO	0
cx22073jw	access_manual_apply_receipt_batch	6	seeded_item_count	integer	int4	NO	0
cx22073jw	access_manual_apply_receipt_batch	7	batch_status	text	text	NO	
cx22073jw	access_manual_apply_receipt_batch	8	actor_name	text	text	NO	'Zero'::text
cx22073jw	access_manual_apply_receipt_batch	9	note_text	text	text	YES	
cx22073jw	access_manual_apply_receipt_batch	10	created_at	timestamp with time zone	timestamptz	NO	now()
cx22073jw	access_manual_apply_receipt_batch	11	updated_at	timestamp with time zone	timestamptz	NO	now()
cx22073jw	access_manual_apply_receipt_batch	12	ended_at	timestamp with time zone	timestamptz	YES	
cx22073jw	access_manual_apply_receipt_item	1	manual_apply_receipt_item_id	uuid	uuid	NO	gen_random_uuid()
cx22073jw	access_manual_apply_receipt_item	2	manual_apply_receipt_batch_id	uuid	uuid	NO	
cx22073jw	access_manual_apply_receipt_item	3	request_code	text	text	NO	
cx22073jw	access_manual_apply_receipt_item	4	target_domain_code	text	text	NO	
cx22073jw	access_manual_apply_receipt_item	5	target_role_code	text	text	NO	
cx22073jw	access_manual_apply_receipt_item	6	actual_view_code	text	text	NO	
cx22073jw	access_manual_apply_receipt_item	7	logical_view_name	text	text	NO	
cx22073jw	access_manual_apply_receipt_item	8	expected_db_role_name	text	text	NO	
cx22073jw	access_manual_apply_receipt_item	9	receipt_status	text	text	NO	
cx22073jw	access_manual_apply_receipt_item	10	manual_executor_name	text	text	YES	
cx22073jw	access_manual_apply_receipt_item	11	manual_apply_note	text	text	YES	
cx22073jw	access_manual_apply_receipt_item	12	created_at	timestamp with time zone	timestamptz	NO	now()
cx22073jw	access_post_apply_verification_item	1	post_apply_verification_item_id	uuid	uuid	NO	gen_random_uuid()
cx22073jw	access_post_apply_verification_item	2	post_apply_verification_run_id	uuid	uuid	NO	
cx22073jw	access_post_apply_verification_item	3	source_receipt_batch_code	text	text	NO	
cx22073jw	access_post_apply_verification_item	4	request_code	text	text	NO	
cx22073jw	access_post_apply_verification_item	5	target_domain_code	text	text	NO	
cx22073jw	access_post_apply_verification_item	6	target_role_code	text	text	NO	
cx22073jw	access_post_apply_verification_item	7	actual_view_code	text	text	NO	
cx22073jw	access_post_apply_verification_item	8	logical_view_name	text	text	NO	
cx22073jw	access_post_apply_verification_item	9	expected_db_role_name	text	text	NO	
cx22073jw	access_post_apply_verification_item	10	role_exists_flag	boolean	bool	NO	false
cx22073jw	access_post_apply_verification_item	11	view_exists_flag	boolean	bool	NO	false
cx22073jw	access_post_apply_verification_item	12	select_grant_present_flag	boolean	bool	NO	false
cx22073jw	access_post_apply_verification_item	13	verification_status	text	text	NO	
cx22073jw	access_post_apply_verification_item	14	result_note	text	text	YES	
cx22073jw	access_post_apply_verification_item	15	created_at	timestamp with time zone	timestamptz	NO	now()
cx22073jw	access_post_apply_verification_run	1	post_apply_verification_run_id	uuid	uuid	NO	gen_random_uuid()
cx22073jw	access_post_apply_verification_run	2	run_code	text	text	NO	
cx22073jw	access_post_apply_verification_run	3	source_receipt_batch_code	text	text	NO	
cx22073jw	access_post_apply_verification_run	4	requested_item_count	integer	int4	NO	0
cx22073jw	access_post_apply_verification_run	5	verified_applied_count	integer	int4	NO	0
cx22073jw	access_post_apply_verification_run	6	not_yet_applied_count	integer	int4	NO	0
cx22073jw	access_post_apply_verification_run	7	precheck_fail_count	integer	int4	NO	0
cx22073jw	access_post_apply_verification_run	8	run_status	text	text	NO	
cx22073jw	access_post_apply_verification_run	9	actor_name	text	text	NO	'Zero'::text
cx22073jw	access_post_apply_verification_run	10	note_text	text	text	YES	
cx22073jw	access_post_apply_verification_run	11	created_at	timestamp with time zone	timestamptz	NO	now()
cx22073jw	access_post_apply_verification_run	12	updated_at	timestamp with time zone	timestamptz	NO	now()
cx22073jw	access_post_apply_verification_run	13	ended_at	timestamp with time zone	timestamptz	YES	
cx22073jw	access_rank_registry	1	rank_code	text	text	NO	
cx22073jw	access_rank_registry	2	rank_name	text	text	NO	
cx22073jw	access_rank_registry	3	provisional_flag	boolean	bool	NO	true
cx22073jw	access_rank_registry	4	allow_public	boolean	bool	NO	true
cx22073jw	access_rank_registry	5	allow_masked	boolean	bool	NO	true
cx22073jw	access_rank_registry	6	allow_support	boolean	bool	NO	true
cx22073jw	access_rank_registry	7	allow_operational	boolean	bool	NO	true
cx22073jw	access_rank_registry	8	allow_audit	boolean	bool	NO	true
cx22073jw	access_rank_registry	9	allow_safety	boolean	bool	NO	true
cx22073jw	access_rank_registry	10	allow_privileged	boolean	bool	NO	false
cx22073jw	access_rank_registry	11	allow_restricted	boolean	bool	NO	false
cx22073jw	access_rank_registry	12	description	text	text	YES	
cx22073jw	access_rank_registry	13	created_at	timestamp with time zone	timestamptz	NO	now()
cx22073jw	access_rank_registry	14	updated_at	timestamp with time zone	timestamptz	NO	now()
cx22073jw	access_role_access_bundle_item	1	role_access_bundle_item_id	uuid	uuid	NO	gen_random_uuid()
cx22073jw	access_role_access_bundle_item	2	role_access_bundle_id	uuid	uuid	NO	
cx22073jw	access_role_access_bundle_item	3	actual_view_code	text	text	NO	
cx22073jw	access_role_access_bundle_item	4	logical_view_name	text	text	NO	
cx22073jw	access_role_access_bundle_item	5	view_family_code	text	text	NO	
cx22073jw	access_role_access_bundle_item	6	grant_mode	text	text	NO	
cx22073jw	access_role_access_bundle_item	7	gate_needed	boolean	bool	NO	false
cx22073jw	access_role_access_bundle_item	8	audit_obligation	boolean	bool	NO	true
cx22073jw	access_role_access_bundle_item	9	sort_order	integer	int4	NO	100
cx22073jw	access_role_access_bundle_item	10	created_at	timestamp with time zone	timestamptz	NO	now()
cx22073jw	access_role_access_bundle_master	1	role_access_bundle_id	uuid	uuid	NO	gen_random_uuid()
cx22073jw	access_role_access_bundle_master	2	bundle_code	text	text	NO	
cx22073jw	access_role_access_bundle_master	3	domain_code	text	text	NO	
cx22073jw	access_role_access_bundle_master	4	role_code	text	text	NO	
cx22073jw	access_role_access_bundle_master	5	bundle_scope	text	text	NO	
cx22073jw	access_role_access_bundle_master	6	bundle_status	text	text	NO	
cx22073jw	access_role_access_bundle_master	7	gate_needed_view_count	integer	int4	NO	0
cx22073jw	access_role_access_bundle_master	8	non_gate_view_count	integer	int4	NO	0
cx22073jw	access_role_access_bundle_master	9	total_view_count	integer	int4	NO	0
cx22073jw	access_role_access_bundle_master	10	actor_name	text	text	NO	'Zero'::text
cx22073jw	access_role_access_bundle_master	11	note_text	text	text	YES	
cx22073jw	access_role_access_bundle_master	12	created_at	timestamp with time zone	timestamptz	NO	now()
cx22073jw	access_role_access_bundle_master	13	updated_at	timestamp with time zone	timestamptz	NO	now()
cx22073jw	access_role_actual_view_grant_skeleton	1	role_code	text	text	NO	
cx22073jw	access_role_actual_view_grant_skeleton	2	actual_view_code	text	text	NO	
cx22073jw	access_role_actual_view_grant_skeleton	3	grant_kind	text	text	NO	
cx22073jw	access_role_actual_view_grant_skeleton	4	grant_mode	text	text	NO	
cx22073jw	access_role_actual_view_grant_skeleton	5	rank_intersection_needed	boolean	bool	NO	true
cx22073jw	access_role_actual_view_grant_skeleton	6	app_scope_needed	boolean	bool	NO	true
cx22073jw	access_role_actual_view_grant_skeleton	7	gate_needed	boolean	bool	NO	false
cx22073jw	access_role_actual_view_grant_skeleton	8	audit_obligation	boolean	bool	NO	true
cx22073jw	access_role_actual_view_grant_skeleton	9	notes	text	text	YES	
cx22073jw	access_role_actual_view_grant_skeleton	10	created_at	timestamp with time zone	timestamptz	NO	now()
cx22073jw	access_role_master	1	role_code	text	text	NO	
cx22073jw	access_role_master	2	domain_code	text	text	NO	
cx22073jw	access_role_master	3	role_name	text	text	NO	
cx22073jw	access_role_master	4	role_group	text	text	NO	
cx22073jw	access_role_master	5	description	text	text	YES	
cx22073jw	access_role_master	6	created_at	timestamp with time zone	timestamptz	NO	now()
cx22073jw	access_role_master	7	updated_at	timestamp with time zone	timestamptz	NO	now()
cx22073jw	access_role_view_family_policy	1	role_code	text	text	NO	
cx22073jw	access_role_view_family_policy	2	view_family_code	text	text	NO	
cx22073jw	access_role_view_family_policy	3	access_mode	text	text	NO	
cx22073jw	access_role_view_family_policy	4	scope_note	text	text	YES	
cx22073jw	access_role_view_family_policy	5	created_at	timestamp with time zone	timestamptz	NO	now()
cx22073jw	access_route_master	1	route_code	text	text	NO	
cx22073jw	access_route_master	2	route_name	text	text	NO	
cx22073jw	access_route_master	3	route_type	text	text	NO	
cx22073jw	access_route_master	4	is_privileged	boolean	bool	NO	false
cx22073jw	access_route_master	5	description	text	text	YES	
cx22073jw	access_route_master	6	created_at	timestamp with time zone	timestamptz	NO	now()
cx22073jw	access_route_master	7	updated_at	timestamp with time zone	timestamptz	NO	now()
cx22073jw	access_runtime_ready_promotion_batch	1	runtime_ready_promotion_batch_id	uuid	uuid	NO	gen_random_uuid()
cx22073jw	access_runtime_ready_promotion_batch	2	batch_code	text	text	NO	
cx22073jw	access_runtime_ready_promotion_batch	3	source_queue_batch_code	text	text	NO	
cx22073jw	access_runtime_ready_promotion_batch	4	target_request_code	text	text	YES	
cx22073jw	access_runtime_ready_promotion_batch	5	promoted_count	integer	int4	NO	0
cx22073jw	access_runtime_ready_promotion_batch	6	skipped_gate_count	integer	int4	NO	0
cx22073jw	access_runtime_ready_promotion_batch	7	unchanged_count	integer	int4	NO	0
cx22073jw	access_runtime_ready_promotion_batch	8	batch_status	text	text	NO	
cx22073jw	access_runtime_ready_promotion_batch	9	actor_name	text	text	NO	'Zero'::text
cx22073jw	access_runtime_ready_promotion_batch	10	note_text	text	text	YES	
cx22073jw	access_runtime_ready_promotion_batch	11	created_at	timestamp with time zone	timestamptz	NO	now()
cx22073jw	access_runtime_ready_promotion_batch	12	updated_at	timestamp with time zone	timestamptz	NO	now()
cx22073jw	access_runtime_ready_promotion_batch	13	ended_at	timestamp with time zone	timestamptz	YES	
cx22073jw	access_runtime_ready_promotion_item	1	runtime_ready_promotion_item_id	uuid	uuid	NO	gen_random_uuid()
cx22073jw	access_runtime_ready_promotion_item	2	runtime_ready_promotion_batch_id	uuid	uuid	NO	
cx22073jw	access_runtime_ready_promotion_item	3	queue_code	text	text	NO	
cx22073jw	access_runtime_ready_promotion_item	4	request_code	text	text	NO	
cx22073jw	access_runtime_ready_promotion_item	5	target_domain_code	text	text	NO	
cx22073jw	access_runtime_ready_promotion_item	6	target_role_code	text	text	NO	
cx22073jw	access_runtime_ready_promotion_item	7	actual_view_code	text	text	NO	
cx22073jw	access_runtime_ready_promotion_item	8	logical_view_name	text	text	NO	
cx22073jw	access_runtime_ready_promotion_item	9	previous_runtime_apply_ready	boolean	bool	NO	
cx22073jw	access_runtime_ready_promotion_item	10	new_runtime_apply_ready	boolean	bool	NO	
cx22073jw	access_runtime_ready_promotion_item	11	gate_check_required	boolean	bool	NO	
cx22073jw	access_runtime_ready_promotion_item	12	action_status	text	text	NO	
cx22073jw	access_runtime_ready_promotion_item	13	note_text	text	text	YES	
cx22073jw	access_runtime_ready_promotion_item	14	created_at	timestamp with time zone	timestamptz	NO	now()
cx22073jw	access_stub_smoke_item	1	stub_smoke_item_id	uuid	uuid	NO	gen_random_uuid()
cx22073jw	access_stub_smoke_item	2	stub_smoke_run_id	uuid	uuid	NO	
cx22073jw	access_stub_smoke_item	3	actual_view_code	text	text	NO	
cx22073jw	access_stub_smoke_item	4	logical_view_name	text	text	NO	
cx22073jw	access_stub_smoke_item	5	domain_code	text	text	NO	
cx22073jw	access_stub_smoke_item	6	view_family_code	text	text	NO	
cx22073jw	access_stub_smoke_item	7	smoke_status	text	text	NO	
cx22073jw	access_stub_smoke_item	8	column_count	integer	int4	YES	
cx22073jw	access_stub_smoke_item	9	row_count	bigint	int8	YES	
cx22073jw	access_stub_smoke_item	10	error_text	text	text	YES	
cx22073jw	access_stub_smoke_item	11	created_at	timestamp with time zone	timestamptz	NO	now()
cx22073jw	access_stub_smoke_run	1	stub_smoke_run_id	uuid	uuid	NO	gen_random_uuid()
cx22073jw	access_stub_smoke_run	2	run_code	text	text	NO	
cx22073jw	access_stub_smoke_run	3	requested_view_count	integer	int4	NO	0
cx22073jw	access_stub_smoke_run	4	passed_view_count	integer	int4	NO	0
cx22073jw	access_stub_smoke_run	5	failed_view_count	integer	int4	NO	0
cx22073jw	access_stub_smoke_run	6	missing_view_count	integer	int4	NO	0
cx22073jw	access_stub_smoke_run	7	run_status	text	text	NO	
cx22073jw	access_stub_smoke_run	8	actor_name	text	text	NO	'Zero'::text
cx22073jw	access_stub_smoke_run	9	note_text	text	text	YES	
cx22073jw	access_stub_smoke_run	10	created_at	timestamp with time zone	timestamptz	NO	now()
cx22073jw	access_stub_smoke_run	11	updated_at	timestamp with time zone	timestamptz	NO	now()
cx22073jw	access_stub_smoke_run	12	ended_at	timestamp with time zone	timestamptz	YES	
cx22073jw	access_stub_view_generation_item	1	stub_view_generation_item_id	uuid	uuid	NO	gen_random_uuid()
cx22073jw	access_stub_view_generation_item	2	stub_view_generation_run_id	uuid	uuid	NO	
cx22073jw	access_stub_view_generation_item	3	actual_view_code	text	text	NO	
cx22073jw	access_stub_view_generation_item	4	logical_view_name	text	text	NO	
cx22073jw	access_stub_view_generation_item	5	domain_code	text	text	NO	
cx22073jw	access_stub_view_generation_item	6	view_family_code	text	text	NO	
cx22073jw	access_stub_view_generation_item	7	generation_status	text	text	NO	
cx22073jw	access_stub_view_generation_item	8	error_text	text	text	YES	
cx22073jw	access_stub_view_generation_item	9	created_at	timestamp with time zone	timestamptz	NO	now()
cx22073jw	access_stub_view_generation_run	1	stub_view_generation_run_id	uuid	uuid	NO	gen_random_uuid()
cx22073jw	access_stub_view_generation_run	2	run_code	text	text	NO	
cx22073jw	access_stub_view_generation_run	3	requested_view_count	integer	int4	NO	0
cx22073jw	access_stub_view_generation_run	4	created_view_count	integer	int4	NO	0
cx22073jw	access_stub_view_generation_run	5	existing_view_count	integer	int4	NO	0
cx22073jw	access_stub_view_generation_run	6	error_view_count	integer	int4	NO	0
cx22073jw	access_stub_view_generation_run	7	run_status	text	text	NO	
cx22073jw	access_stub_view_generation_run	8	actor_name	text	text	NO	'Zero'::text
cx22073jw	access_stub_view_generation_run	9	note_text	text	text	YES	
cx22073jw	access_stub_view_generation_run	10	created_at	timestamp with time zone	timestamptz	NO	now()
cx22073jw	access_stub_view_generation_run	11	updated_at	timestamp with time zone	timestamptz	NO	now()
cx22073jw	access_stub_view_generation_run	12	ended_at	timestamp with time zone	timestamptz	YES	
cx22073jw	access_view_family_actual_view_map	1	view_family_code	text	text	NO	
cx22073jw	access_view_family_actual_view_map	2	actual_view_code	text	text	NO	
cx22073jw	access_view_family_actual_view_map	3	mapping_role	text	text	NO	
cx22073jw	access_view_family_actual_view_map	4	sort_order	integer	int4	NO	
cx22073jw	access_view_family_actual_view_map	5	created_at	timestamp with time zone	timestamptz	NO	now()
cx22073jw	access_view_family_master	1	view_family_code	text	text	NO	
cx22073jw	access_view_family_master	2	domain_code	text	text	NO	
cx22073jw	access_view_family_master	3	family_name	text	text	NO	
cx22073jw	access_view_family_master	4	sensitivity_code	text	text	NO	
cx22073jw	access_view_family_master	5	description	text	text	YES	
cx22073jw	access_view_family_master	6	access_boundary_note	text	text	YES	
cx22073jw	access_view_family_master	7	created_at	timestamp with time zone	timestamptz	NO	now()
cx22073jw	access_view_family_master	8	updated_at	timestamp with time zone	timestamptz	NO	now()
cx22073jw	access_view_naming_rule_registry	1	naming_rule_code	text	text	NO	
cx22073jw	access_view_naming_rule_registry	2	domain_code	text	text	NO	
cx22073jw	access_view_naming_rule_registry	3	rule_group	text	text	NO	
cx22073jw	access_view_naming_rule_registry	4	rule_text	text	text	NO	
cx22073jw	access_view_naming_rule_registry	5	pattern_example	text	text	YES	
cx22073jw	access_view_naming_rule_registry	6	created_at	timestamp with time zone	timestamptz	NO	now()
cx22073jw	ai_employee_activation_request	1	activation_request_id	uuid	uuid	YES	
cx22073jw	ai_employee_activation_request	2	request_code	text	text	YES	
cx22073jw	ai_employee_activation_request	3	target_domain_code	text	text	YES	
cx22073jw	ai_employee_activation_request	4	target_role_code	text	text	YES	
cx22073jw	ai_employee_activation_request	5	requested_rank_code	text	text	YES	
cx22073jw	ai_employee_activation_request	6	requested_app_scope	text	text	YES	
cx22073jw	ai_employee_activation_request	7	request_status	text	text	YES	
cx22073jw	ai_employee_activation_request	8	requested_by	text	text	YES	
cx22073jw	ai_employee_activation_request	9	reviewer_name	text	text	YES	
cx22073jw	ai_employee_activation_request	10	approver_name	text	text	YES	
cx22073jw	ai_employee_activation_request	11	note_text	text	text	YES	
cx22073jw	ai_employee_activation_request	12	created_at	timestamp with time zone	timestamptz	YES	
cx22073jw	ai_employee_activation_request	13	updated_at	timestamp with time zone	timestamptz	YES	
cx22073jw	ai_employee_activation_request_view_decision	1	activation_request_view_decision_id	uuid	uuid	YES	
cx22073jw	ai_employee_activation_request_view_decision	2	activation_request_id	uuid	uuid	YES	
cx22073jw	ai_employee_activation_request_view_decision	3	actual_view_code	text	text	YES	
cx22073jw	ai_employee_activation_request_view_decision	4	logical_view_name	text	text	YES	
cx22073jw	ai_employee_activation_request_view_decision	5	bundle_inclusion_mode	text	text	YES	
cx22073jw	ai_employee_activation_request_view_decision	6	gate_needed	boolean	bool	YES	
cx22073jw	ai_employee_activation_request_view_decision	7	decision_status	text	text	YES	
cx22073jw	ai_employee_activation_request_view_decision	8	decision_note	text	text	YES	
cx22073jw	ai_employee_activation_request_view_decision	9	created_at	timestamp with time zone	timestamptz	YES	
cx22073jw	ai_employee_activation_review_decision_batch	1	activation_review_decision_batch_id	uuid	uuid	YES	
cx22073jw	ai_employee_activation_review_decision_batch	2	batch_code	text	text	YES	
cx22073jw	ai_employee_activation_review_decision_batch	3	source_export_run_code	text	text	YES	
cx22073jw	ai_employee_activation_review_decision_batch	4	source_export_root_path	text	text	YES	
cx22073jw	ai_employee_activation_review_decision_batch	5	request_count	integer	int4	YES	
cx22073jw	ai_employee_activation_review_decision_batch	6	item_count	integer	int4	YES	
cx22073jw	ai_employee_activation_review_decision_batch	7	approved_candidate_count	integer	int4	YES	
cx22073jw	ai_employee_activation_review_decision_batch	8	gate_hold_count	integer	int4	YES	
cx22073jw	ai_employee_activation_review_decision_batch	9	scope_hold_count	integer	int4	YES	
cx22073jw	ai_employee_activation_review_decision_batch	10	rank_hold_count	integer	int4	YES	
cx22073jw	ai_employee_activation_review_decision_batch	11	rejected_hold_count	integer	int4	YES	
cx22073jw	ai_employee_activation_review_decision_batch	12	batch_status	text	text	YES	
cx22073jw	ai_employee_activation_review_decision_batch	13	actor_name	text	text	YES	
cx22073jw	ai_employee_activation_review_decision_batch	14	note_text	text	text	YES	
cx22073jw	ai_employee_activation_review_decision_batch	15	created_at	timestamp with time zone	timestamptz	YES	
cx22073jw	ai_employee_activation_review_decision_batch	16	updated_at	timestamp with time zone	timestamptz	YES	
cx22073jw	ai_employee_activation_review_decision_batch	17	ended_at	timestamp with time zone	timestamptz	YES	
cx22073jw	ai_employee_activation_review_decision_item	1	activation_review_decision_item_id	uuid	uuid	YES	
cx22073jw	ai_employee_activation_review_decision_item	2	activation_review_decision_batch_id	uuid	uuid	YES	
cx22073jw	ai_employee_activation_review_decision_item	3	request_code	text	text	YES	
cx22073jw	ai_employee_activation_review_decision_item	4	target_domain_code	text	text	YES	
cx22073jw	ai_employee_activation_review_decision_item	5	target_role_code	text	text	YES	
cx22073jw	ai_employee_activation_review_decision_item	6	actual_view_code	text	text	YES	
cx22073jw	ai_employee_activation_review_decision_item	7	logical_view_name	text	text	YES	
cx22073jw	ai_employee_activation_review_decision_item	8	source_decision_status	text	text	YES	
cx22073jw	ai_employee_activation_review_decision_item	9	source_action_hint	text	text	YES	
cx22073jw	ai_employee_activation_review_decision_item	10	review_bucket	text	text	YES	
cx22073jw	ai_employee_activation_review_decision_item	11	human_review_status	text	text	YES	
cx22073jw	ai_employee_activation_review_decision_item	12	governed_apply_ready	boolean	bool	YES	
cx22073jw	ai_employee_activation_review_decision_item	13	review_note	text	text	YES	
cx22073jw	ai_employee_activation_review_decision_item	14	created_at	timestamp with time zone	timestamptz	YES	
cx22073jw	ai_employee_activation_review_export_item	1	activation_review_export_item_id	uuid	uuid	YES	
cx22073jw	ai_employee_activation_review_export_item	2	activation_review_export_run_id	uuid	uuid	YES	
cx22073jw	ai_employee_activation_review_export_item	3	request_code	text	text	YES	
cx22073jw	ai_employee_activation_review_export_item	4	target_domain_code	text	text	YES	
cx22073jw	ai_employee_activation_review_export_item	5	target_role_code	text	text	YES	
cx22073jw	ai_employee_activation_review_export_item	6	actual_view_code	text	text	YES	
cx22073jw	ai_employee_activation_review_export_item	7	logical_view_name	text	text	YES	
cx22073jw	ai_employee_activation_review_export_item	8	decision_status	text	text	YES	
cx22073jw	ai_employee_activation_review_export_item	9	gate_needed	boolean	bool	YES	
cx22073jw	ai_employee_activation_review_export_item	10	decision_action_hint	text	text	YES	
cx22073jw	ai_employee_activation_review_export_item	11	created_at	timestamp with time zone	timestamptz	YES	
cx22073jw	ai_employee_activation_review_export_run	1	activation_review_export_run_id	uuid	uuid	YES	
cx22073jw	ai_employee_activation_review_export_run	2	run_code	text	text	YES	
cx22073jw	ai_employee_activation_review_export_run	3	export_root_path	text	text	YES	
cx22073jw	ai_employee_activation_review_export_run	4	manifest_md_path	text	text	YES	
cx22073jw	ai_employee_activation_review_export_run	5	request_summary_tsv_path	text	text	YES	
cx22073jw	ai_employee_activation_review_export_run	6	decision_matrix_tsv_path	text	text	YES	
cx22073jw	ai_employee_activation_review_export_run	7	apply_plan_sql_path	text	text	YES	
cx22073jw	ai_employee_activation_review_export_run	8	gate_rejected_tsv_path	text	text	YES	
cx22073jw	ai_employee_activation_review_export_run	9	export_summary_json_path	text	text	YES	
cx22073jw	ai_employee_activation_review_export_run	10	request_count	integer	int4	YES	
cx22073jw	ai_employee_activation_review_export_run	11	decision_count	integer	int4	YES	
cx22073jw	ai_employee_activation_review_export_run	12	allowed_count	integer	int4	YES	
cx22073jw	ai_employee_activation_review_export_run	13	gate_count	integer	int4	YES	
cx22073jw	ai_employee_activation_review_export_run	14	scope_count	integer	int4	YES	
cx22073jw	ai_employee_activation_review_export_run	15	rank_count	integer	int4	YES	
cx22073jw	ai_employee_activation_review_export_run	16	rejected_count	integer	int4	YES	
cx22073jw	ai_employee_activation_review_export_run	17	run_status	text	text	YES	
cx22073jw	ai_employee_activation_review_export_run	18	actor_name	text	text	YES	
cx22073jw	ai_employee_activation_review_export_run	19	note_text	text	text	YES	
cx22073jw	ai_employee_activation_review_export_run	20	created_at	timestamp with time zone	timestamptz	YES	
cx22073jw	ai_employee_activation_review_export_run	21	updated_at	timestamp with time zone	timestamptz	YES	
cx22073jw	ai_employee_activation_review_export_run	22	ended_at	timestamp with time zone	timestamptz	YES	
cx22073jw	ai_employee_actual_view_registry	1	actual_view_code	text	text	YES	
cx22073jw	ai_employee_actual_view_registry	2	domain_code	text	text	YES	
cx22073jw	ai_employee_actual_view_registry	3	view_family_code	text	text	YES	
cx22073jw	ai_employee_actual_view_registry	4	logical_view_name	text	text	YES	
cx22073jw	ai_employee_actual_view_registry	5	intended_schema_name	text	text	YES	
cx22073jw	ai_employee_actual_view_registry	6	sensitivity_code	text	text	YES	
cx22073jw	ai_employee_actual_view_registry	7	exposure_scope	text	text	YES	
cx22073jw	ai_employee_actual_view_registry	8	lifecycle_status	text	text	YES	
cx22073jw	ai_employee_actual_view_registry	9	purpose_text	text	text	YES	
cx22073jw	ai_employee_actual_view_registry	10	raw_table_read_allowed	boolean	bool	YES	
cx22073jw	ai_employee_actual_view_registry	11	grantable_readonly	boolean	bool	YES	
cx22073jw	ai_employee_actual_view_registry	12	gate_required	boolean	bool	YES	
cx22073jw	ai_employee_actual_view_registry	13	notes	text	text	YES	
cx22073jw	ai_employee_actual_view_registry	14	created_at	timestamp with time zone	timestamptz	YES	
cx22073jw	ai_employee_actual_view_registry	15	updated_at	timestamp with time zone	timestamptz	YES	
cx22073jw	ai_employee_app_scope_actual_view_allowlist	1	app_scope_code	text	text	YES	
cx22073jw	ai_employee_app_scope_actual_view_allowlist	2	actual_view_code	text	text	YES	
cx22073jw	ai_employee_app_scope_actual_view_allowlist	3	allow_mode	text	text	YES	
cx22073jw	ai_employee_app_scope_actual_view_allowlist	4	note_text	text	text	YES	
cx22073jw	ai_employee_app_scope_actual_view_allowlist	5	created_at	timestamp with time zone	timestamptz	YES	
cx22073jw	ai_employee_app_scope_registry	1	app_scope_code	text	text	YES	
cx22073jw	ai_employee_app_scope_registry	2	domain_code	text	text	YES	
cx22073jw	ai_employee_app_scope_registry	3	scope_name	text	text	YES	
cx22073jw	ai_employee_app_scope_registry	4	scope_group	text	text	YES	
cx22073jw	ai_employee_app_scope_registry	5	provisional_flag	boolean	bool	YES	
cx22073jw	ai_employee_app_scope_registry	6	description	text	text	YES	
cx22073jw	ai_employee_app_scope_registry	7	created_at	timestamp with time zone	timestamptz	YES	
cx22073jw	ai_employee_app_scope_registry	8	updated_at	timestamp with time zone	timestamptz	YES	
cx22073jw	ai_employee_db_role_provision_batch	1	db_role_provision_batch_id	uuid	uuid	YES	
cx22073jw	ai_employee_db_role_provision_batch	2	batch_code	text	text	YES	
cx22073jw	ai_employee_db_role_provision_batch	3	requested_role_count	integer	int4	YES	
cx22073jw	ai_employee_db_role_provision_batch	4	created_role_count	integer	int4	YES	
cx22073jw	ai_employee_db_role_provision_batch	5	existing_role_count	integer	int4	YES	
cx22073jw	ai_employee_db_role_provision_batch	6	failed_role_count	integer	int4	YES	
cx22073jw	ai_employee_db_role_provision_batch	7	batch_status	text	text	YES	
cx22073jw	ai_employee_db_role_provision_batch	8	actor_name	text	text	YES	
cx22073jw	ai_employee_db_role_provision_batch	9	note_text	text	text	YES	
cx22073jw	ai_employee_db_role_provision_batch	10	created_at	timestamp with time zone	timestamptz	YES	
cx22073jw	ai_employee_db_role_provision_batch	11	updated_at	timestamp with time zone	timestamptz	YES	
cx22073jw	ai_employee_db_role_provision_batch	12	ended_at	timestamp with time zone	timestamptz	YES	
cx22073jw	ai_employee_db_role_provision_item	1	db_role_provision_item_id	uuid	uuid	YES	
cx22073jw	ai_employee_db_role_provision_item	2	db_role_provision_batch_id	uuid	uuid	YES	
cx22073jw	ai_employee_db_role_provision_item	3	role_code	text	text	YES	
cx22073jw	ai_employee_db_role_provision_item	4	domain_code	text	text	YES	
cx22073jw	ai_employee_db_role_provision_item	5	expected_db_role_name	text	text	YES	
cx22073jw	ai_employee_db_role_provision_item	6	provision_status	text	text	YES	
cx22073jw	ai_employee_db_role_provision_item	7	error_text	text	text	YES	
cx22073jw	ai_employee_db_role_provision_item	8	created_at	timestamp with time zone	timestamptz	YES	
cx22073jw	ai_employee_db_role_registry	1	db_role_registry_id	uuid	uuid	YES	
cx22073jw	ai_employee_db_role_registry	2	role_code	text	text	YES	
cx22073jw	ai_employee_db_role_registry	3	domain_code	text	text	YES	
cx22073jw	ai_employee_db_role_registry	4	expected_db_role_name	text	text	YES	
cx22073jw	ai_employee_db_role_registry	5	role_kind	text	text	YES	
cx22073jw	ai_employee_db_role_registry	6	role_status	text	text	YES	
cx22073jw	ai_employee_db_role_registry	7	login_allowed	boolean	bool	YES	
cx22073jw	ai_employee_db_role_registry	8	inherit_flag	boolean	bool	YES	
cx22073jw	ai_employee_db_role_registry	9	superuser_flag	boolean	bool	YES	
cx22073jw	ai_employee_db_role_registry	10	createrole_flag	boolean	bool	YES	
cx22073jw	ai_employee_db_role_registry	11	createdb_flag	boolean	bool	YES	
cx22073jw	ai_employee_db_role_registry	12	replication_flag	boolean	bool	YES	
cx22073jw	ai_employee_db_role_registry	13	bypassrls_flag	boolean	bool	YES	
cx22073jw	ai_employee_db_role_registry	14	note_text	text	text	YES	
cx22073jw	ai_employee_db_role_registry	15	created_at	timestamp with time zone	timestamptz	YES	
cx22073jw	ai_employee_db_role_registry	16	updated_at	timestamp with time zone	timestamptz	YES	
cx22073jw	ai_employee_domain_master	1	domain_code	text	text	YES	
cx22073jw	ai_employee_domain_master	2	domain_name	text	text	YES	
cx22073jw	ai_employee_domain_master	3	domain_group	text	text	YES	
cx22073jw	ai_employee_domain_master	4	description	text	text	YES	
cx22073jw	ai_employee_domain_master	5	created_at	timestamp with time zone	timestamptz	YES	
cx22073jw	ai_employee_domain_master	6	updated_at	timestamp with time zone	timestamptz	YES	
cx22073jw	ai_employee_domain_rule_registry	1	domain_code	text	text	YES	
cx22073jw	ai_employee_domain_rule_registry	2	rule_code	text	text	YES	
cx22073jw	ai_employee_domain_rule_registry	3	rule_text	text	text	YES	
cx22073jw	ai_employee_domain_rule_registry	4	created_at	timestamp with time zone	timestamptz	YES	
cx22073jw	ai_employee_final_handoff_export_item	1	final_handoff_export_item_id	uuid	uuid	YES	
cx22073jw	ai_employee_final_handoff_export_item	2	final_handoff_export_run_id	uuid	uuid	YES	
cx22073jw	ai_employee_final_handoff_export_item	3	source_execution_run_code	text	text	YES	
cx22073jw	ai_employee_final_handoff_export_item	4	source_batch_code	text	text	YES	
cx22073jw	ai_employee_final_handoff_export_item	5	request_code	text	text	YES	
cx22073jw	ai_employee_final_handoff_export_item	6	target_domain_code	text	text	YES	
cx22073jw	ai_employee_final_handoff_export_item	7	target_role_code	text	text	YES	
cx22073jw	ai_employee_final_handoff_export_item	8	actual_view_code	text	text	YES	
cx22073jw	ai_employee_final_handoff_export_item	9	logical_view_name	text	text	YES	
cx22073jw	ai_employee_final_handoff_export_item	10	expected_db_role_name	text	text	YES	
cx22073jw	ai_employee_final_handoff_export_item	11	preflight_status	text	text	YES	
cx22073jw	ai_employee_final_handoff_export_item	12	execution_status	text	text	YES	
cx22073jw	ai_employee_final_handoff_export_item	13	handoff_bucket	text	text	YES	
cx22073jw	ai_employee_final_handoff_export_item	14	prepared_sql_text	text	text	YES	
cx22073jw	ai_employee_final_handoff_export_item	15	result_note	text	text	YES	
cx22073jw	ai_employee_final_handoff_export_item	16	created_at	timestamp with time zone	timestamptz	YES	
cx22073jw	ai_employee_final_handoff_export_run	1	final_handoff_export_run_id	uuid	uuid	YES	
cx22073jw	ai_employee_final_handoff_export_run	2	run_code	text	text	YES	
cx22073jw	ai_employee_final_handoff_export_run	3	source_execution_run_code	text	text	YES	
cx22073jw	ai_employee_final_handoff_export_run	4	source_batch_code	text	text	YES	
cx22073jw	ai_employee_final_handoff_export_run	5	export_root_path	text	text	YES	
cx22073jw	ai_employee_final_handoff_export_run	6	manifest_md_path	text	text	YES	
cx22073jw	ai_employee_final_handoff_export_run	7	pass_items_tsv_path	text	text	YES	
cx22073jw	ai_employee_final_handoff_export_run	8	fail_items_tsv_path	text	text	YES	
cx22073jw	ai_employee_final_handoff_export_run	9	final_sql_path	text	text	YES	
cx22073jw	ai_employee_final_handoff_export_run	10	export_summary_json_path	text	text	YES	
cx22073jw	ai_employee_final_handoff_export_run	11	requested_item_count	integer	int4	YES	
cx22073jw	ai_employee_final_handoff_export_run	12	pass_item_count	integer	int4	YES	
cx22073jw	ai_employee_final_handoff_export_run	13	fail_item_count	integer	int4	YES	
cx22073jw	ai_employee_final_handoff_export_run	14	skipped_item_count	integer	int4	YES	
cx22073jw	ai_employee_final_handoff_export_run	15	run_status	text	text	YES	
cx22073jw	ai_employee_final_handoff_export_run	16	actor_name	text	text	YES	
cx22073jw	ai_employee_final_handoff_export_run	17	note_text	text	text	YES	
cx22073jw	ai_employee_final_handoff_export_run	18	created_at	timestamp with time zone	timestamptz	YES	
cx22073jw	ai_employee_final_handoff_export_run	19	updated_at	timestamp with time zone	timestamptz	YES	
cx22073jw	ai_employee_final_handoff_export_run	20	ended_at	timestamp with time zone	timestamptz	YES	
cx22073jw	ai_employee_global_rule_registry	1	rule_code	text	text	YES	
cx22073jw	ai_employee_global_rule_registry	2	rule_group	text	text	YES	
cx22073jw	ai_employee_global_rule_registry	3	rule_text	text	text	YES	
cx22073jw	ai_employee_global_rule_registry	4	created_at	timestamp with time zone	timestamptz	YES	
cx22073jw	ai_employee_governed_apply_attempt_log	1	governed_apply_attempt_log_id	uuid	uuid	YES	
cx22073jw	ai_employee_governed_apply_attempt_log	2	governed_apply_batch_id	uuid	uuid	YES	
cx22073jw	ai_employee_governed_apply_attempt_log	3	attempt_code	text	text	YES	
cx22073jw	ai_employee_governed_apply_attempt_log	4	attempt_status	text	text	YES	
cx22073jw	ai_employee_governed_apply_attempt_log	5	executor_name	text	text	YES	
cx22073jw	ai_employee_governed_apply_attempt_log	6	note_text	text	text	YES	
cx22073jw	ai_employee_governed_apply_attempt_log	7	created_at	timestamp with time zone	timestamptz	YES	
cx22073jw	ai_employee_governed_apply_batch	1	governed_apply_batch_id	uuid	uuid	YES	
cx22073jw	ai_employee_governed_apply_batch	2	batch_code	text	text	YES	
cx22073jw	ai_employee_governed_apply_batch	3	source_queue_batch_code	text	text	YES	
cx22073jw	ai_employee_governed_apply_batch	4	item_count	integer	int4	YES	
cx22073jw	ai_employee_governed_apply_batch	5	prepared_count	integer	int4	YES	
cx22073jw	ai_employee_governed_apply_batch	6	waiting_runtime_count	integer	int4	YES	
cx22073jw	ai_employee_governed_apply_batch	7	skipped_gate_count	integer	int4	YES	
cx22073jw	ai_employee_governed_apply_batch	8	batch_status	text	text	YES	
cx22073jw	ai_employee_governed_apply_batch	9	actor_name	text	text	YES	
cx22073jw	ai_employee_governed_apply_batch	10	note_text	text	text	YES	
cx22073jw	ai_employee_governed_apply_batch	11	created_at	timestamp with time zone	timestamptz	YES	
cx22073jw	ai_employee_governed_apply_batch	12	updated_at	timestamp with time zone	timestamptz	YES	
cx22073jw	ai_employee_governed_apply_batch	13	ended_at	timestamp with time zone	timestamptz	YES	
cx22073jw	ai_employee_governed_apply_batch_item	1	governed_apply_batch_item_id	uuid	uuid	YES	
cx22073jw	ai_employee_governed_apply_batch_item	2	governed_apply_batch_id	uuid	uuid	YES	
cx22073jw	ai_employee_governed_apply_batch_item	3	queue_code	text	text	YES	
cx22073jw	ai_employee_governed_apply_batch_item	4	request_code	text	text	YES	
cx22073jw	ai_employee_governed_apply_batch_item	5	target_domain_code	text	text	YES	
cx22073jw	ai_employee_governed_apply_batch_item	6	target_role_code	text	text	YES	
cx22073jw	ai_employee_governed_apply_batch_item	7	actual_view_code	text	text	YES	
cx22073jw	ai_employee_governed_apply_batch_item	8	logical_view_name	text	text	YES	
cx22073jw	ai_employee_governed_apply_batch_item	9	gate_check_required	boolean	bool	YES	
cx22073jw	ai_employee_governed_apply_batch_item	10	runtime_apply_ready	boolean	bool	YES	
cx22073jw	ai_employee_governed_apply_batch_item	11	prepared_sql_text	text	text	YES	
cx22073jw	ai_employee_governed_apply_batch_item	12	apply_status	text	text	YES	
cx22073jw	ai_employee_governed_apply_batch_item	13	note_text	text	text	YES	
cx22073jw	ai_employee_governed_apply_batch_item	14	created_at	timestamp with time zone	timestamptz	YES	
cx22073jw	ai_employee_governed_apply_execution_item	1	governed_apply_execution_item_id	uuid	uuid	YES	
cx22073jw	ai_employee_governed_apply_execution_item	2	governed_apply_execution_run_id	uuid	uuid	YES	
cx22073jw	ai_employee_governed_apply_execution_item	3	batch_code	text	text	YES	
cx22073jw	ai_employee_governed_apply_execution_item	4	request_code	text	text	YES	
cx22073jw	ai_employee_governed_apply_execution_item	5	target_domain_code	text	text	YES	
cx22073jw	ai_employee_governed_apply_execution_item	6	target_role_code	text	text	YES	
cx22073jw	ai_employee_governed_apply_execution_item	7	actual_view_code	text	text	YES	
cx22073jw	ai_employee_governed_apply_execution_item	8	logical_view_name	text	text	YES	
cx22073jw	ai_employee_governed_apply_execution_item	9	expected_db_role_name	text	text	YES	
cx22073jw	ai_employee_governed_apply_execution_item	10	apply_status_before	text	text	YES	
cx22073jw	ai_employee_governed_apply_execution_item	11	runtime_apply_ready	boolean	bool	YES	
cx22073jw	ai_employee_governed_apply_execution_item	12	gate_check_required	boolean	bool	YES	
cx22073jw	ai_employee_governed_apply_execution_item	13	role_exists_flag	boolean	bool	YES	
cx22073jw	ai_employee_governed_apply_execution_item	14	view_exists_flag	boolean	bool	YES	
cx22073jw	ai_employee_governed_apply_execution_item	15	sql_present_flag	boolean	bool	YES	
cx22073jw	ai_employee_governed_apply_execution_item	16	preflight_status	text	text	YES	
cx22073jw	ai_employee_governed_apply_execution_item	17	execution_status	text	text	YES	
cx22073jw	ai_employee_governed_apply_execution_item	18	prepared_sql_text	text	text	YES	
cx22073jw	ai_employee_governed_apply_execution_item	19	result_note	text	text	YES	
cx22073jw	ai_employee_governed_apply_execution_item	20	created_at	timestamp with time zone	timestamptz	YES	
cx22073jw	ai_employee_governed_apply_execution_run	1	governed_apply_execution_run_id	uuid	uuid	YES	
cx22073jw	ai_employee_governed_apply_execution_run	2	run_code	text	text	YES	
cx22073jw	ai_employee_governed_apply_execution_run	3	source_batch_code	text	text	YES	
cx22073jw	ai_employee_governed_apply_execution_run	4	dry_run_flag	boolean	bool	YES	
cx22073jw	ai_employee_governed_apply_execution_run	5	requested_item_count	integer	int4	YES	
cx22073jw	ai_employee_governed_apply_execution_run	6	preflight_pass_count	integer	int4	YES	
cx22073jw	ai_employee_governed_apply_execution_run	7	preflight_fail_count	integer	int4	YES	
cx22073jw	ai_employee_governed_apply_execution_run	8	skipped_count	integer	int4	YES	
cx22073jw	ai_employee_governed_apply_execution_run	9	run_status	text	text	YES	
cx22073jw	ai_employee_governed_apply_execution_run	10	actor_name	text	text	YES	
cx22073jw	ai_employee_governed_apply_execution_run	11	note_text	text	text	YES	
cx22073jw	ai_employee_governed_apply_execution_run	12	created_at	timestamp with time zone	timestamptz	YES	
cx22073jw	ai_employee_governed_apply_execution_run	13	updated_at	timestamp with time zone	timestamptz	YES	
cx22073jw	ai_employee_governed_apply_execution_run	14	ended_at	timestamp with time zone	timestamptz	YES	
cx22073jw	ai_employee_governed_apply_queue	1	governed_apply_queue_id	uuid	uuid	YES	
cx22073jw	ai_employee_governed_apply_queue	2	queue_code	text	text	YES	
cx22073jw	ai_employee_governed_apply_queue	3	source_batch_code	text	text	YES	
cx22073jw	ai_employee_governed_apply_queue	4	request_code	text	text	YES	
cx22073jw	ai_employee_governed_apply_queue	5	target_domain_code	text	text	YES	
cx22073jw	ai_employee_governed_apply_queue	6	target_role_code	text	text	YES	
cx22073jw	ai_employee_governed_apply_queue	7	actual_view_code	text	text	YES	
cx22073jw	ai_employee_governed_apply_queue	8	logical_view_name	text	text	YES	
cx22073jw	ai_employee_governed_apply_queue	9	queue_status	text	text	YES	
cx22073jw	ai_employee_governed_apply_queue	10	gate_check_required	boolean	bool	YES	
cx22073jw	ai_employee_governed_apply_queue	11	runtime_apply_ready	boolean	bool	YES	
cx22073jw	ai_employee_governed_apply_queue	12	actor_name	text	text	YES	
cx22073jw	ai_employee_governed_apply_queue	13	note_text	text	text	YES	
cx22073jw	ai_employee_governed_apply_queue	14	created_at	timestamp with time zone	timestamptz	YES	
cx22073jw	ai_employee_governed_apply_queue	15	updated_at	timestamp with time zone	timestamptz	YES	
cx22073jw	ai_employee_grant_export_item	1	grant_export_item_id	uuid	uuid	YES	
cx22073jw	ai_employee_grant_export_item	2	grant_export_run_id	uuid	uuid	YES	
cx22073jw	ai_employee_grant_export_item	3	domain_code	text	text	YES	
cx22073jw	ai_employee_grant_export_item	4	role_code	text	text	YES	
cx22073jw	ai_employee_grant_export_item	5	actual_view_code	text	text	YES	
cx22073jw	ai_employee_grant_export_item	6	logical_view_name	text	text	YES	
cx22073jw	ai_employee_grant_export_item	7	suggested_db_role_name	text	text	YES	
cx22073jw	ai_employee_grant_export_item	8	grant_mode	text	text	YES	
cx22073jw	ai_employee_grant_export_item	9	gate_needed	boolean	bool	YES	
cx22073jw	ai_employee_grant_export_item	10	role_sql_file_path	text	text	YES	
cx22073jw	ai_employee_grant_export_item	11	domain_sql_file_path	text	text	YES	
cx22073jw	ai_employee_grant_export_item	12	created_at	timestamp with time zone	timestamptz	YES	
cx22073jw	ai_employee_grant_export_run	1	grant_export_run_id	uuid	uuid	YES	
cx22073jw	ai_employee_grant_export_run	2	run_code	text	text	YES	
cx22073jw	ai_employee_grant_export_run	3	export_root_path	text	text	YES	
cx22073jw	ai_employee_grant_export_run	4	manifest_md_path	text	text	YES	
cx22073jw	ai_employee_grant_export_run	5	role_matrix_tsv_path	text	text	YES	
cx22073jw	ai_employee_grant_export_run	6	domain_summary_tsv_path	text	text	YES	
cx22073jw	ai_employee_grant_export_run	7	gate_controlled_tsv_path	text	text	YES	
cx22073jw	ai_employee_grant_export_run	8	export_summary_json_path	text	text	YES	
cx22073jw	ai_employee_grant_export_run	9	total_role_count	integer	int4	YES	
cx22073jw	ai_employee_grant_export_run	10	total_domain_count	integer	int4	YES	
cx22073jw	ai_employee_grant_export_run	11	total_actual_view_grant_count	integer	int4	YES	
cx22073jw	ai_employee_grant_export_run	12	total_sql_file_count	integer	int4	YES	
cx22073jw	ai_employee_grant_export_run	13	run_status	text	text	YES	
cx22073jw	ai_employee_grant_export_run	14	actor_name	text	text	YES	
cx22073jw	ai_employee_grant_export_run	15	note_text	text	text	YES	
cx22073jw	ai_employee_grant_export_run	16	created_at	timestamp with time zone	timestamptz	YES	
cx22073jw	ai_employee_grant_export_run	17	updated_at	timestamp with time zone	timestamptz	YES	
cx22073jw	ai_employee_grant_export_run	18	ended_at	timestamp with time zone	timestamptz	YES	
cx22073jw	ai_employee_human_review_action_log	1	human_review_action_log_id	uuid	uuid	YES	
cx22073jw	ai_employee_human_review_action_log	2	activation_review_decision_batch_id	uuid	uuid	YES	
cx22073jw	ai_employee_human_review_action_log	3	request_code	text	text	YES	
cx22073jw	ai_employee_human_review_action_log	4	actual_view_code	text	text	YES	
cx22073jw	ai_employee_human_review_action_log	5	logical_view_name	text	text	YES	
cx22073jw	ai_employee_human_review_action_log	6	previous_human_review_status	text	text	YES	
cx22073jw	ai_employee_human_review_action_log	7	new_human_review_status	text	text	YES	
cx22073jw	ai_employee_human_review_action_log	8	reviewer_name	text	text	YES	
cx22073jw	ai_employee_human_review_action_log	9	review_note	text	text	YES	
cx22073jw	ai_employee_human_review_action_log	10	created_at	timestamp with time zone	timestamptz	YES	
cx22073jw	ai_employee_manual_apply_receipt_batch	1	manual_apply_receipt_batch_id	uuid	uuid	YES	
cx22073jw	ai_employee_manual_apply_receipt_batch	2	batch_code	text	text	YES	
cx22073jw	ai_employee_manual_apply_receipt_batch	3	source_handoff_run_code	text	text	YES	
cx22073jw	ai_employee_manual_apply_receipt_batch	4	source_export_root_path	text	text	YES	
cx22073jw	ai_employee_manual_apply_receipt_batch	5	requested_item_count	integer	int4	YES	
cx22073jw	ai_employee_manual_apply_receipt_batch	6	seeded_item_count	integer	int4	YES	
cx22073jw	ai_employee_manual_apply_receipt_batch	7	batch_status	text	text	YES	
cx22073jw	ai_employee_manual_apply_receipt_batch	8	actor_name	text	text	YES	
cx22073jw	ai_employee_manual_apply_receipt_batch	9	note_text	text	text	YES	
cx22073jw	ai_employee_manual_apply_receipt_batch	10	created_at	timestamp with time zone	timestamptz	YES	
cx22073jw	ai_employee_manual_apply_receipt_batch	11	updated_at	timestamp with time zone	timestamptz	YES	
cx22073jw	ai_employee_manual_apply_receipt_batch	12	ended_at	timestamp with time zone	timestamptz	YES	
cx22073jw	ai_employee_manual_apply_receipt_item	1	manual_apply_receipt_item_id	uuid	uuid	YES	
cx22073jw	ai_employee_manual_apply_receipt_item	2	manual_apply_receipt_batch_id	uuid	uuid	YES	
cx22073jw	ai_employee_manual_apply_receipt_item	3	request_code	text	text	YES	
cx22073jw	ai_employee_manual_apply_receipt_item	4	target_domain_code	text	text	YES	
cx22073jw	ai_employee_manual_apply_receipt_item	5	target_role_code	text	text	YES	
cx22073jw	ai_employee_manual_apply_receipt_item	6	actual_view_code	text	text	YES	
cx22073jw	ai_employee_manual_apply_receipt_item	7	logical_view_name	text	text	YES	
cx22073jw	ai_employee_manual_apply_receipt_item	8	expected_db_role_name	text	text	YES	
cx22073jw	ai_employee_manual_apply_receipt_item	9	receipt_status	text	text	YES	
cx22073jw	ai_employee_manual_apply_receipt_item	10	manual_executor_name	text	text	YES	
cx22073jw	ai_employee_manual_apply_receipt_item	11	manual_apply_note	text	text	YES	
cx22073jw	ai_employee_manual_apply_receipt_item	12	created_at	timestamp with time zone	timestamptz	YES	
cx22073jw	ai_employee_post_apply_verification_item	1	post_apply_verification_item_id	uuid	uuid	YES	
cx22073jw	ai_employee_post_apply_verification_item	2	post_apply_verification_run_id	uuid	uuid	YES	
cx22073jw	ai_employee_post_apply_verification_item	3	source_receipt_batch_code	text	text	YES	
cx22073jw	ai_employee_post_apply_verification_item	4	request_code	text	text	YES	
cx22073jw	ai_employee_post_apply_verification_item	5	target_domain_code	text	text	YES	
cx22073jw	ai_employee_post_apply_verification_item	6	target_role_code	text	text	YES	
cx22073jw	ai_employee_post_apply_verification_item	7	actual_view_code	text	text	YES	
cx22073jw	ai_employee_post_apply_verification_item	8	logical_view_name	text	text	YES	
cx22073jw	ai_employee_post_apply_verification_item	9	expected_db_role_name	text	text	YES	
cx22073jw	ai_employee_post_apply_verification_item	10	role_exists_flag	boolean	bool	YES	
cx22073jw	ai_employee_post_apply_verification_item	11	view_exists_flag	boolean	bool	YES	
cx22073jw	ai_employee_post_apply_verification_item	12	select_grant_present_flag	boolean	bool	YES	
cx22073jw	ai_employee_post_apply_verification_item	13	verification_status	text	text	YES	
cx22073jw	ai_employee_post_apply_verification_item	14	result_note	text	text	YES	
cx22073jw	ai_employee_post_apply_verification_item	15	created_at	timestamp with time zone	timestamptz	YES	
cx22073jw	ai_employee_post_apply_verification_run	1	post_apply_verification_run_id	uuid	uuid	YES	
cx22073jw	ai_employee_post_apply_verification_run	2	run_code	text	text	YES	
cx22073jw	ai_employee_post_apply_verification_run	3	source_receipt_batch_code	text	text	YES	
cx22073jw	ai_employee_post_apply_verification_run	4	requested_item_count	integer	int4	YES	
cx22073jw	ai_employee_post_apply_verification_run	5	verified_applied_count	integer	int4	YES	
cx22073jw	ai_employee_post_apply_verification_run	6	not_yet_applied_count	integer	int4	YES	
cx22073jw	ai_employee_post_apply_verification_run	7	precheck_fail_count	integer	int4	YES	
cx22073jw	ai_employee_post_apply_verification_run	8	run_status	text	text	YES	
cx22073jw	ai_employee_post_apply_verification_run	9	actor_name	text	text	YES	
cx22073jw	ai_employee_post_apply_verification_run	10	note_text	text	text	YES	
cx22073jw	ai_employee_post_apply_verification_run	11	created_at	timestamp with time zone	timestamptz	YES	
cx22073jw	ai_employee_post_apply_verification_run	12	updated_at	timestamp with time zone	timestamptz	YES	
cx22073jw	ai_employee_post_apply_verification_run	13	ended_at	timestamp with time zone	timestamptz	YES	
cx22073jw	ai_employee_rank_registry	1	rank_code	text	text	YES	
cx22073jw	ai_employee_rank_registry	2	rank_name	text	text	YES	
cx22073jw	ai_employee_rank_registry	3	provisional_flag	boolean	bool	YES	
cx22073jw	ai_employee_rank_registry	4	allow_public	boolean	bool	YES	
cx22073jw	ai_employee_rank_registry	5	allow_masked	boolean	bool	YES	
cx22073jw	ai_employee_rank_registry	6	allow_support	boolean	bool	YES	
cx22073jw	ai_employee_rank_registry	7	allow_operational	boolean	bool	YES	
cx22073jw	ai_employee_rank_registry	8	allow_audit	boolean	bool	YES	
cx22073jw	ai_employee_rank_registry	9	allow_safety	boolean	bool	YES	
cx22073jw	ai_employee_rank_registry	10	allow_privileged	boolean	bool	YES	
cx22073jw	ai_employee_rank_registry	11	allow_restricted	boolean	bool	YES	
cx22073jw	ai_employee_rank_registry	12	description	text	text	YES	
cx22073jw	ai_employee_rank_registry	13	created_at	timestamp with time zone	timestamptz	YES	
cx22073jw	ai_employee_rank_registry	14	updated_at	timestamp with time zone	timestamptz	YES	
cx22073jw	ai_employee_role_access_bundle_item	1	role_access_bundle_item_id	uuid	uuid	YES	
cx22073jw	ai_employee_role_access_bundle_item	2	role_access_bundle_id	uuid	uuid	YES	
cx22073jw	ai_employee_role_access_bundle_item	3	actual_view_code	text	text	YES	
cx22073jw	ai_employee_role_access_bundle_item	4	logical_view_name	text	text	YES	
cx22073jw	ai_employee_role_access_bundle_item	5	view_family_code	text	text	YES	
cx22073jw	ai_employee_role_access_bundle_item	6	grant_mode	text	text	YES	
cx22073jw	ai_employee_role_access_bundle_item	7	gate_needed	boolean	bool	YES	
cx22073jw	ai_employee_role_access_bundle_item	8	audit_obligation	boolean	bool	YES	
cx22073jw	ai_employee_role_access_bundle_item	9	sort_order	integer	int4	YES	
cx22073jw	ai_employee_role_access_bundle_item	10	created_at	timestamp with time zone	timestamptz	YES	
cx22073jw	ai_employee_role_access_bundle_master	1	role_access_bundle_id	uuid	uuid	YES	
cx22073jw	ai_employee_role_access_bundle_master	2	bundle_code	text	text	YES	
cx22073jw	ai_employee_role_access_bundle_master	3	domain_code	text	text	YES	
cx22073jw	ai_employee_role_access_bundle_master	4	role_code	text	text	YES	
cx22073jw	ai_employee_role_access_bundle_master	5	bundle_scope	text	text	YES	
cx22073jw	ai_employee_role_access_bundle_master	6	bundle_status	text	text	YES	
cx22073jw	ai_employee_role_access_bundle_master	7	gate_needed_view_count	integer	int4	YES	
cx22073jw	ai_employee_role_access_bundle_master	8	non_gate_view_count	integer	int4	YES	
cx22073jw	ai_employee_role_access_bundle_master	9	total_view_count	integer	int4	YES	
cx22073jw	ai_employee_role_access_bundle_master	10	actor_name	text	text	YES	
cx22073jw	ai_employee_role_access_bundle_master	11	note_text	text	text	YES	
cx22073jw	ai_employee_role_access_bundle_master	12	created_at	timestamp with time zone	timestamptz	YES	
cx22073jw	ai_employee_role_access_bundle_master	13	updated_at	timestamp with time zone	timestamptz	YES	
cx22073jw	ai_employee_role_actual_view_grant_skeleton	1	role_code	text	text	YES	
cx22073jw	ai_employee_role_actual_view_grant_skeleton	2	actual_view_code	text	text	YES	
cx22073jw	ai_employee_role_actual_view_grant_skeleton	3	grant_kind	text	text	YES	
cx22073jw	ai_employee_role_actual_view_grant_skeleton	4	grant_mode	text	text	YES	
cx22073jw	ai_employee_role_actual_view_grant_skeleton	5	rank_intersection_needed	boolean	bool	YES	
cx22073jw	ai_employee_role_actual_view_grant_skeleton	6	app_scope_needed	boolean	bool	YES	
cx22073jw	ai_employee_role_actual_view_grant_skeleton	7	gate_needed	boolean	bool	YES	
cx22073jw	ai_employee_role_actual_view_grant_skeleton	8	audit_obligation	boolean	bool	YES	
cx22073jw	ai_employee_role_actual_view_grant_skeleton	9	notes	text	text	YES	
cx22073jw	ai_employee_role_actual_view_grant_skeleton	10	created_at	timestamp with time zone	timestamptz	YES	
cx22073jw	ai_employee_role_master	1	role_code	text	text	YES	
cx22073jw	ai_employee_role_master	2	domain_code	text	text	YES	
cx22073jw	ai_employee_role_master	3	role_name	text	text	YES	
cx22073jw	ai_employee_role_master	4	role_group	text	text	YES	
cx22073jw	ai_employee_role_master	5	description	text	text	YES	
cx22073jw	ai_employee_role_master	6	created_at	timestamp with time zone	timestamptz	YES	
cx22073jw	ai_employee_role_master	7	updated_at	timestamp with time zone	timestamptz	YES	
cx22073jw	ai_employee_role_view_family_policy	1	role_code	text	text	YES	
cx22073jw	ai_employee_role_view_family_policy	2	view_family_code	text	text	YES	
cx22073jw	ai_employee_role_view_family_policy	3	access_mode	text	text	YES	
cx22073jw	ai_employee_role_view_family_policy	4	scope_note	text	text	YES	
cx22073jw	ai_employee_role_view_family_policy	5	created_at	timestamp with time zone	timestamptz	YES	
cx22073jw	ai_employee_runtime_ready_promotion_batch	1	runtime_ready_promotion_batch_id	uuid	uuid	YES	
cx22073jw	ai_employee_runtime_ready_promotion_batch	2	batch_code	text	text	YES	
cx22073jw	ai_employee_runtime_ready_promotion_batch	3	source_queue_batch_code	text	text	YES	
cx22073jw	ai_employee_runtime_ready_promotion_batch	4	target_request_code	text	text	YES	
cx22073jw	ai_employee_runtime_ready_promotion_batch	5	promoted_count	integer	int4	YES	
cx22073jw	ai_employee_runtime_ready_promotion_batch	6	skipped_gate_count	integer	int4	YES	
cx22073jw	ai_employee_runtime_ready_promotion_batch	7	unchanged_count	integer	int4	YES	
cx22073jw	ai_employee_runtime_ready_promotion_batch	8	batch_status	text	text	YES	
cx22073jw	ai_employee_runtime_ready_promotion_batch	9	actor_name	text	text	YES	
cx22073jw	ai_employee_runtime_ready_promotion_batch	10	note_text	text	text	YES	
cx22073jw	ai_employee_runtime_ready_promotion_batch	11	created_at	timestamp with time zone	timestamptz	YES	
cx22073jw	ai_employee_runtime_ready_promotion_batch	12	updated_at	timestamp with time zone	timestamptz	YES	
cx22073jw	ai_employee_runtime_ready_promotion_batch	13	ended_at	timestamp with time zone	timestamptz	YES	
cx22073jw	ai_employee_runtime_ready_promotion_item	1	runtime_ready_promotion_item_id	uuid	uuid	YES	
cx22073jw	ai_employee_runtime_ready_promotion_item	2	runtime_ready_promotion_batch_id	uuid	uuid	YES	
cx22073jw	ai_employee_runtime_ready_promotion_item	3	queue_code	text	text	YES	
cx22073jw	ai_employee_runtime_ready_promotion_item	4	request_code	text	text	YES	
cx22073jw	ai_employee_runtime_ready_promotion_item	5	target_domain_code	text	text	YES	
cx22073jw	ai_employee_runtime_ready_promotion_item	6	target_role_code	text	text	YES	
cx22073jw	ai_employee_runtime_ready_promotion_item	7	actual_view_code	text	text	YES	
cx22073jw	ai_employee_runtime_ready_promotion_item	8	logical_view_name	text	text	YES	
cx22073jw	ai_employee_runtime_ready_promotion_item	9	previous_runtime_apply_ready	boolean	bool	YES	
cx22073jw	ai_employee_runtime_ready_promotion_item	10	new_runtime_apply_ready	boolean	bool	YES	
cx22073jw	ai_employee_runtime_ready_promotion_item	11	gate_check_required	boolean	bool	YES	
cx22073jw	ai_employee_runtime_ready_promotion_item	12	action_status	text	text	YES	
cx22073jw	ai_employee_runtime_ready_promotion_item	13	note_text	text	text	YES	
cx22073jw	ai_employee_runtime_ready_promotion_item	14	created_at	timestamp with time zone	timestamptz	YES	
cx22073jw	ai_employee_stub_smoke_item	1	stub_smoke_item_id	uuid	uuid	YES	
cx22073jw	ai_employee_stub_smoke_item	2	stub_smoke_run_id	uuid	uuid	YES	
cx22073jw	ai_employee_stub_smoke_item	3	actual_view_code	text	text	YES	
cx22073jw	ai_employee_stub_smoke_item	4	logical_view_name	text	text	YES	
cx22073jw	ai_employee_stub_smoke_item	5	domain_code	text	text	YES	
cx22073jw	ai_employee_stub_smoke_item	6	view_family_code	text	text	YES	
cx22073jw	ai_employee_stub_smoke_item	7	smoke_status	text	text	YES	
cx22073jw	ai_employee_stub_smoke_item	8	column_count	integer	int4	YES	
cx22073jw	ai_employee_stub_smoke_item	9	row_count	bigint	int8	YES	
cx22073jw	ai_employee_stub_smoke_item	10	error_text	text	text	YES	
cx22073jw	ai_employee_stub_smoke_item	11	created_at	timestamp with time zone	timestamptz	YES	
cx22073jw	ai_employee_stub_smoke_run	1	stub_smoke_run_id	uuid	uuid	YES	
cx22073jw	ai_employee_stub_smoke_run	2	run_code	text	text	YES	
cx22073jw	ai_employee_stub_smoke_run	3	requested_view_count	integer	int4	YES	
cx22073jw	ai_employee_stub_smoke_run	4	passed_view_count	integer	int4	YES	
cx22073jw	ai_employee_stub_smoke_run	5	failed_view_count	integer	int4	YES	
cx22073jw	ai_employee_stub_smoke_run	6	missing_view_count	integer	int4	YES	
cx22073jw	ai_employee_stub_smoke_run	7	run_status	text	text	YES	
cx22073jw	ai_employee_stub_smoke_run	8	actor_name	text	text	YES	
cx22073jw	ai_employee_stub_smoke_run	9	note_text	text	text	YES	
cx22073jw	ai_employee_stub_smoke_run	10	created_at	timestamp with time zone	timestamptz	YES	
cx22073jw	ai_employee_stub_smoke_run	11	updated_at	timestamp with time zone	timestamptz	YES	
cx22073jw	ai_employee_stub_smoke_run	12	ended_at	timestamp with time zone	timestamptz	YES	
cx22073jw	ai_employee_stub_view_generation_item	1	stub_view_generation_item_id	uuid	uuid	YES	
cx22073jw	ai_employee_stub_view_generation_item	2	stub_view_generation_run_id	uuid	uuid	YES	
cx22073jw	ai_employee_stub_view_generation_item	3	actual_view_code	text	text	YES	
cx22073jw	ai_employee_stub_view_generation_item	4	logical_view_name	text	text	YES	
cx22073jw	ai_employee_stub_view_generation_item	5	domain_code	text	text	YES	
cx22073jw	ai_employee_stub_view_generation_item	6	view_family_code	text	text	YES	
cx22073jw	ai_employee_stub_view_generation_item	7	generation_status	text	text	YES	
cx22073jw	ai_employee_stub_view_generation_item	8	error_text	text	text	YES	
cx22073jw	ai_employee_stub_view_generation_item	9	created_at	timestamp with time zone	timestamptz	YES	
cx22073jw	ai_employee_stub_view_generation_run	1	stub_view_generation_run_id	uuid	uuid	YES	
cx22073jw	ai_employee_stub_view_generation_run	2	run_code	text	text	YES	
cx22073jw	ai_employee_stub_view_generation_run	3	requested_view_count	integer	int4	YES	
cx22073jw	ai_employee_stub_view_generation_run	4	created_view_count	integer	int4	YES	
cx22073jw	ai_employee_stub_view_generation_run	5	existing_view_count	integer	int4	YES	
cx22073jw	ai_employee_stub_view_generation_run	6	error_view_count	integer	int4	YES	
cx22073jw	ai_employee_stub_view_generation_run	7	run_status	text	text	YES	
cx22073jw	ai_employee_stub_view_generation_run	8	actor_name	text	text	YES	
cx22073jw	ai_employee_stub_view_generation_run	9	note_text	text	text	YES	
cx22073jw	ai_employee_stub_view_generation_run	10	created_at	timestamp with time zone	timestamptz	YES	
cx22073jw	ai_employee_stub_view_generation_run	11	updated_at	timestamp with time zone	timestamptz	YES	
cx22073jw	ai_employee_stub_view_generation_run	12	ended_at	timestamp with time zone	timestamptz	YES	
cx22073jw	ai_employee_view_family_actual_view_map	1	view_family_code	text	text	YES	
cx22073jw	ai_employee_view_family_actual_view_map	2	actual_view_code	text	text	YES	
cx22073jw	ai_employee_view_family_actual_view_map	3	mapping_role	text	text	YES	
cx22073jw	ai_employee_view_family_actual_view_map	4	sort_order	integer	int4	YES	
cx22073jw	ai_employee_view_family_actual_view_map	5	created_at	timestamp with time zone	timestamptz	YES	
cx22073jw	ai_employee_view_family_master	1	view_family_code	text	text	YES	
cx22073jw	ai_employee_view_family_master	2	domain_code	text	text	YES	
cx22073jw	ai_employee_view_family_master	3	family_name	text	text	YES	
cx22073jw	ai_employee_view_family_master	4	sensitivity_code	text	text	YES	
cx22073jw	ai_employee_view_family_master	5	description	text	text	YES	
cx22073jw	ai_employee_view_family_master	6	access_boundary_note	text	text	YES	
cx22073jw	ai_employee_view_family_master	7	created_at	timestamp with time zone	timestamptz	YES	
cx22073jw	ai_employee_view_family_master	8	updated_at	timestamp with time zone	timestamptz	YES	
cx22073jw	ai_employee_view_naming_rule_registry	1	naming_rule_code	text	text	YES	
cx22073jw	ai_employee_view_naming_rule_registry	2	domain_code	text	text	YES	
cx22073jw	ai_employee_view_naming_rule_registry	3	rule_group	text	text	YES	
cx22073jw	ai_employee_view_naming_rule_registry	4	rule_text	text	text	YES	
cx22073jw	ai_employee_view_naming_rule_registry	5	pattern_example	text	text	YES	
cx22073jw	ai_employee_view_naming_rule_registry	6	created_at	timestamp with time zone	timestamptz	YES	
cx22073jw	area_exact_contract_snapshot	1	area_exact_contract_snapshot_id	uuid	uuid	NO	gen_random_uuid()
cx22073jw	area_exact_contract_snapshot	2	generation_registry_id	uuid	uuid	NO	
cx22073jw	area_exact_contract_snapshot	3	common_profile_code	text	text	NO	
cx22073jw	area_exact_contract_snapshot	4	payload_contract_count	integer	int4	NO	0
cx22073jw	area_exact_contract_snapshot	5	contract_digest	text	text	NO	
cx22073jw	area_exact_contract_snapshot	6	snapshot_json	jsonb	jsonb	NO	'{}'::jsonb
cx22073jw	area_exact_contract_snapshot	7	contract_status	text	text	NO	
cx22073jw	area_exact_contract_snapshot	8	generated_at	timestamp with time zone	timestamptz	NO	now()
cx22073jw	area_exact_contract_snapshot	9	created_at	timestamp with time zone	timestamptz	NO	now()
cx22073jw	area_exact_contract_snapshot	10	updated_at	timestamp with time zone	timestamptz	NO	now()
cx22073jw	area_payload_contract_registry	1	area_payload_contract_id	uuid	uuid	NO	gen_random_uuid()
cx22073jw	area_payload_contract_registry	2	candidate_area_id	uuid	uuid	NO	
cx22073jw	area_payload_contract_registry	3	generation_registry_id	uuid	uuid	YES	
cx22073jw	area_payload_contract_registry	4	payload_column_name	text	text	NO	
cx22073jw	area_payload_contract_registry	5	payload_shape_kind	text	text	NO	
cx22073jw	area_payload_contract_registry	6	required_keys	ARRAY	_text	NO	ARRAY[]::text[]
cx22073jw	area_payload_contract_registry	7	optional_keys	ARRAY	_text	NO	ARRAY[]::text[]
cx22073jw	area_payload_contract_registry	8	example_json	jsonb	jsonb	NO	'{}'::jsonb
cx22073jw	area_payload_contract_registry	9	notes_text	text	text	YES	
cx22073jw	area_payload_contract_registry	10	created_at	timestamp with time zone	timestamptz	NO	now()
cx22073jw	area_payload_contract_registry	11	updated_at	timestamp with time zone	timestamptz	NO	now()
cx22073jw	asset_marketplace_listing_projection_area	1	row_id	uuid	uuid	NO	gen_random_uuid()
cx22073jw	asset_marketplace_listing_projection_area	2	subject_key	text	text	NO	
cx22073jw	asset_marketplace_listing_projection_area	3	source_system	text	text	NO	
cx22073jw	asset_marketplace_listing_projection_area	4	source_app	text	text	YES	
cx22073jw	asset_marketplace_listing_projection_area	5	canonical_owner_system	text	text	NO	
cx22073jw	asset_marketplace_listing_projection_area	6	canonical_ref_key	text	text	YES	
cx22073jw	asset_marketplace_listing_projection_area	7	lifecycle_status	text	text	NO	'active'::text
cx22073jw	asset_marketplace_listing_projection_area	8	projection_payload	jsonb	jsonb	NO	'{}'::jsonb
cx22073jw	asset_marketplace_listing_projection_area	9	optimization_payload	jsonb	jsonb	NO	'{}'::jsonb
cx22073jw	asset_marketplace_listing_projection_area	10	priority_score	numeric	numeric	NO	0
cx22073jw	asset_marketplace_listing_projection_area	11	meta	jsonb	jsonb	NO	'{}'::jsonb
cx22073jw	asset_marketplace_listing_projection_area	12	created_at	timestamp with time zone	timestamptz	NO	now()
cx22073jw	asset_marketplace_listing_projection_area	13	updated_at	timestamp with time zone	timestamptz	NO	now()
cx22073jw	asset_metadata_localization_area	1	row_id	uuid	uuid	NO	gen_random_uuid()
cx22073jw	asset_metadata_localization_area	2	subject_key	text	text	NO	
cx22073jw	asset_metadata_localization_area	3	source_system	text	text	NO	
cx22073jw	asset_metadata_localization_area	4	source_app	text	text	YES	
cx22073jw	asset_metadata_localization_area	5	canonical_owner_system	text	text	NO	
cx22073jw	asset_metadata_localization_area	6	canonical_ref_key	text	text	YES	
cx22073jw	asset_metadata_localization_area	7	lifecycle_status	text	text	NO	'active'::text
cx22073jw	asset_metadata_localization_area	8	projection_payload	jsonb	jsonb	NO	'{}'::jsonb
cx22073jw	asset_metadata_localization_area	9	index_terms	ARRAY	_text	NO	ARRAY[]::text[]
cx22073jw	asset_metadata_localization_area	10	index_payload	jsonb	jsonb	NO	'{}'::jsonb
cx22073jw	asset_metadata_localization_area	11	meta	jsonb	jsonb	NO	'{}'::jsonb
cx22073jw	asset_metadata_localization_area	12	created_at	timestamp with time zone	timestamptz	NO	now()
cx22073jw	asset_metadata_localization_area	13	updated_at	timestamp with time zone	timestamptz	NO	now()
cx22073jw	asset_rights_policy_area	1	row_id	uuid	uuid	NO	gen_random_uuid()
cx22073jw	asset_rights_policy_area	2	subject_key	text	text	NO	
cx22073jw	asset_rights_policy_area	3	source_system	text	text	NO	
cx22073jw	asset_rights_policy_area	4	source_app	text	text	YES	
cx22073jw	asset_rights_policy_area	5	canonical_owner_system	text	text	NO	
cx22073jw	asset_rights_policy_area	6	canonical_ref_key	text	text	YES	
cx22073jw	asset_rights_policy_area	7	lifecycle_status	text	text	NO	'active'::text
cx22073jw	asset_rights_policy_area	8	projection_payload	jsonb	jsonb	NO	'{}'::jsonb
cx22073jw	asset_rights_policy_area	9	policy_context_payload	jsonb	jsonb	NO	'{}'::jsonb
cx22073jw	asset_rights_policy_area	10	meta	jsonb	jsonb	NO	'{}'::jsonb
cx22073jw	asset_rights_policy_area	11	created_at	timestamp with time zone	timestamptz	NO	now()
cx22073jw	asset_rights_policy_area	12	updated_at	timestamp with time zone	timestamptz	NO	now()
cx22073jw	brain_data_depth_catalog	1	depth_code	text	text	NO	
cx22073jw	brain_data_depth_catalog	2	depth_level	integer	int4	NO	
cx22073jw	brain_data_depth_catalog	3	depth_label_ja	text	text	NO	
cx22073jw	brain_data_depth_catalog	4	description_ja	text	text	NO	
cx22073jw	brain_data_depth_catalog	5	active_flag	boolean	bool	NO	true
cx22073jw	brain_data_depth_catalog	6	created_at	timestamp with time zone	timestamptz	NO	now()
cx22073jw	brain_data_depth_catalog	7	updated_at	timestamp with time zone	timestamptz	NO	now()
cx22073jw	brain_data_domain_catalog	1	brain_domain_code	text	text	NO	
cx22073jw	brain_data_domain_catalog	2	brain_domain_label_ja	text	text	NO	
cx22073jw	brain_data_domain_catalog	3	default_depth_code	text	text	NO	
cx22073jw	brain_data_domain_catalog	4	default_risk_class_code	text	text	NO	
cx22073jw	brain_data_domain_catalog	5	description_ja	text	text	NO	
cx22073jw	brain_data_domain_catalog	6	active_flag	boolean	bool	NO	true
cx22073jw	brain_data_domain_catalog	7	created_at	timestamp with time zone	timestamptz	NO	now()
cx22073jw	brain_data_domain_catalog	8	updated_at	timestamp with time zone	timestamptz	NO	now()
cx22073jw	brain_data_granularity_catalog	1	granularity_code	text	text	NO	
cx22073jw	brain_data_granularity_catalog	2	granularity_label_ja	text	text	NO	
cx22073jw	brain_data_granularity_catalog	3	description_ja	text	text	NO	
cx22073jw	brain_data_granularity_catalog	4	active_flag	boolean	bool	NO	true
cx22073jw	brain_data_granularity_catalog	5	created_at	timestamp with time zone	timestamptz	NO	now()
cx22073jw	brain_data_granularity_catalog	6	updated_at	timestamp with time zone	timestamptz	NO	now()
cx22073jw	brain_data_registry	1	brain_data_code	text	text	NO	
cx22073jw	brain_data_registry	2	brain_domain_code	text	text	NO	
cx22073jw	brain_data_registry	3	source_schema_name	text	text	NO	
cx22073jw	brain_data_registry	4	source_object_name	text	text	NO	
cx22073jw	brain_data_registry	5	source_record_code	text	text	YES	
cx22073jw	brain_data_registry	6	source_title_ja	text	text	NO	
cx22073jw	brain_data_registry	7	depth_code	text	text	NO	
cx22073jw	brain_data_registry	8	allowed_use_purpose_codes	ARRAY	_text	NO	ARRAY['reference'::text]
cx22073jw	brain_data_registry	9	risk_class_code	text	text	NO	
cx22073jw	brain_data_registry	10	granularity_code	text	text	NO	
cx22073jw	brain_data_registry	11	safety_boundary_ja	text	text	NO	
cx22073jw	brain_data_registry	12	active_flag	boolean	bool	NO	true
cx22073jw	brain_data_registry	13	created_at	timestamp with time zone	timestamptz	NO	now()
cx22073jw	brain_data_registry	14	updated_at	timestamp with time zone	timestamptz	NO	now()
cx22073jw	brain_data_risk_class_catalog	1	risk_class_code	text	text	NO	
cx22073jw	brain_data_risk_class_catalog	2	risk_level	integer	int4	NO	
cx22073jw	brain_data_risk_class_catalog	3	risk_class_label_ja	text	text	NO	
cx22073jw	brain_data_risk_class_catalog	4	description_ja	text	text	NO	
cx22073jw	brain_data_risk_class_catalog	5	active_flag	boolean	bool	NO	true
cx22073jw	brain_data_risk_class_catalog	6	created_at	timestamp with time zone	timestamptz	NO	now()
cx22073jw	brain_data_risk_class_catalog	7	updated_at	timestamp with time zone	timestamptz	NO	now()
cx22073jw	brain_data_use_purpose_catalog	1	use_purpose_code	text	text	NO	
cx22073jw	brain_data_use_purpose_catalog	2	use_purpose_label_ja	text	text	NO	
cx22073jw	brain_data_use_purpose_catalog	3	description_ja	text	text	NO	
cx22073jw	brain_data_use_purpose_catalog	4	active_flag	boolean	bool	NO	true
cx22073jw	brain_data_use_purpose_catalog	5	created_at	timestamp with time zone	timestamptz	NO	now()
cx22073jw	brain_data_use_purpose_catalog	6	updated_at	timestamp with time zone	timestamptz	NO	now()
cx22073jw	brain_detail_axis_catalog	1	axis_code	text	text	NO	
cx22073jw	brain_detail_axis_catalog	2	axis_order	integer	int4	NO	
cx22073jw	brain_detail_axis_catalog	3	axis_title_ja	text	text	NO	
cx22073jw	brain_detail_axis_catalog	4	axis_summary_ja	text	text	NO	
cx22073jw	brain_detail_axis_catalog	5	axis_use_ja	text	text	NO	
cx22073jw	brain_detail_axis_catalog	6	active_flag	boolean	bool	NO	true
cx22073jw	brain_detail_axis_catalog	7	created_at	timestamp with time zone	timestamptz	NO	now()
cx22073jw	brain_detail_axis_catalog	8	updated_at	timestamp with time zone	timestamptz	NO	now()
cx22073jw	brain_detail_expansion_unit	1	unit_code	text	text	NO	
cx22073jw	brain_detail_expansion_unit	2	pack_code	text	text	NO	
cx22073jw	brain_detail_expansion_unit	3	brain_domain_code	text	text	NO	
cx22073jw	brain_detail_expansion_unit	4	detail_axis_code	text	text	NO	
cx22073jw	brain_detail_expansion_unit	5	unit_title_ja	text	text	NO	
cx22073jw	brain_detail_expansion_unit	6	unit_summary_ja	text	text	NO	
cx22073jw	brain_detail_expansion_unit	7	unit_detail_ja	text	text	NO	
cx22073jw	brain_detail_expansion_unit	8	practical_use_ja	text	text	NO	
cx22073jw	brain_detail_expansion_unit	9	example_prompt_ja	text	text	NO	
cx22073jw	brain_detail_expansion_unit	10	depth_code	text	text	NO	'standard'::text
cx22073jw	brain_detail_expansion_unit	11	data_depth_level	integer	int4	NO	3
cx22073jw	brain_detail_expansion_unit	12	risk_class_code	text	text	NO	'medium'::text
cx22073jw	brain_detail_expansion_unit	13	granularity_code	text	text	NO	'material'::text
cx22073jw	brain_detail_expansion_unit	14	allowed_use_purpose_codes	ARRAY	_text	NO	ARRAY['reference'::text, 'review'::text]
cx22073jw	brain_detail_expansion_unit	15	safety_boundary_ja	text	text	NO	
cx22073jw	brain_detail_expansion_unit	16	tags	ARRAY	_text	NO	ARRAY[]::text[]
cx22073jw	brain_detail_expansion_unit	17	active_flag	boolean	bool	NO	true
cx22073jw	brain_detail_expansion_unit	18	created_at	timestamp with time zone	timestamptz	NO	now()
cx22073jw	brain_detail_expansion_unit	19	updated_at	timestamp with time zone	timestamptz	NO	now()
cx22073jw	brain_domain_breadth_candidate_catalog	1	candidate_domain_code	text	text	NO	
cx22073jw	brain_domain_breadth_candidate_catalog	2	candidate_order	integer	int4	NO	
cx22073jw	brain_domain_breadth_candidate_catalog	3	candidate_domain_title_ja	text	text	NO	
cx22073jw	brain_domain_breadth_candidate_catalog	4	candidate_summary_ja	text	text	NO	
cx22073jw	brain_domain_breadth_candidate_catalog	5	suggested_depth_code	text	text	NO	'standard'::text
cx22073jw	brain_domain_breadth_candidate_catalog	6	suggested_risk_class_code	text	text	NO	'medium'::text
cx22073jw	brain_domain_breadth_candidate_catalog	7	integration_status_code	text	text	NO	'candidate'::text
cx22073jw	brain_domain_breadth_candidate_catalog	8	safety_boundary_ja	text	text	NO	
cx22073jw	brain_domain_breadth_candidate_catalog	9	active_flag	boolean	bool	NO	true
cx22073jw	brain_domain_breadth_candidate_catalog	10	created_at	timestamp with time zone	timestamptz	NO	now()
cx22073jw	brain_domain_breadth_candidate_catalog	11	updated_at	timestamp with time zone	timestamptz	NO	now()
cx22073jw	brain_full_load_fill_axis_catalog	1	axis_code	text	text	NO	
cx22073jw	brain_full_load_fill_axis_catalog	2	axis_order	integer	int4	NO	
cx22073jw	brain_full_load_fill_axis_catalog	3	axis_title_ja	text	text	NO	
cx22073jw	brain_full_load_fill_axis_catalog	4	axis_summary_ja	text	text	NO	
cx22073jw	brain_full_load_fill_axis_catalog	5	axis_use_ja	text	text	NO	
cx22073jw	brain_full_load_fill_axis_catalog	6	active_flag	boolean	bool	NO	true
cx22073jw	brain_full_load_fill_axis_catalog	7	created_at	timestamp with time zone	timestamptz	NO	now()
cx22073jw	brain_full_load_fill_axis_catalog	8	updated_at	timestamp with time zone	timestamptz	NO	now()
cx22073jw	brain_full_load_lane05_run_snapshot	1	run_code	text	text	NO	
cx22073jw	brain_full_load_lane05_run_snapshot	2	snapshot_phase	text	text	NO	
cx22073jw	brain_full_load_lane05_run_snapshot	3	brain_domain_code	text	text	NO	
cx22073jw	brain_full_load_lane05_run_snapshot	4	target_min_unit_count	integer	int4	NO	
cx22073jw	brain_full_load_lane05_run_snapshot	5	active_unit_count	integer	int4	NO	
cx22073jw	brain_full_load_lane05_run_snapshot	6	deficit_count	integer	int4	NO	
cx22073jw	brain_full_load_lane05_run_snapshot	7	registry_count	integer	int4	NO	
cx22073jw	brain_full_load_lane05_run_snapshot	8	source_missing_count	integer	int4	NO	
cx22073jw	brain_full_load_lane05_run_snapshot	9	captured_at	timestamp with time zone	timestamptz	NO	now()
cx22073jw	brain_full_load_scope_catalog	1	brain_domain_code	text	text	NO	
cx22073jw	brain_full_load_scope_catalog	2	full_load_priority	integer	int4	NO	100
cx22073jw	brain_full_load_scope_catalog	3	target_min_unit_count	integer	int4	NO	20
cx22073jw	brain_full_load_scope_catalog	4	target_depth_codes	ARRAY	_text	NO	ARRAY['basic'::text, 'standard'::text, 'advanced'::text]
cx22073jw	brain_full_load_scope_catalog	5	target_use_purpose_codes	ARRAY	_text	NO	ARRAY['reference'::text, 'review'::text]
cx22073jw	brain_full_load_scope_catalog	6	full_load_note_ja	text	text	NO	
cx22073jw	brain_full_load_scope_catalog	7	active_flag	boolean	bool	NO	true
cx22073jw	brain_full_load_scope_catalog	8	created_at	timestamp with time zone	timestamptz	NO	now()
cx22073jw	brain_full_load_scope_catalog	9	updated_at	timestamp with time zone	timestamptz	NO	now()
cx22073jw	brain_knowledge_unit	1	unit_code	text	text	NO	
cx22073jw	brain_knowledge_unit	2	brain_domain_code	text	text	NO	
cx22073jw	brain_knowledge_unit	3	unit_title_ja	text	text	NO	
cx22073jw	brain_knowledge_unit	4	unit_summary_ja	text	text	NO	
cx22073jw	brain_knowledge_unit	5	unit_detail_ja	text	text	NO	
cx22073jw	brain_knowledge_unit	6	practical_use_ja	text	text	NO	
cx22073jw	brain_knowledge_unit	7	example_prompt_ja	text	text	NO	
cx22073jw	brain_knowledge_unit	8	safety_boundary_ja	text	text	NO	
cx22073jw	brain_knowledge_unit	9	depth_code	text	text	NO	
cx22073jw	brain_knowledge_unit	10	risk_class_code	text	text	NO	
cx22073jw	brain_knowledge_unit	11	allowed_use_purpose_codes	ARRAY	_text	NO	ARRAY['reference'::text]
cx22073jw	brain_knowledge_unit	12	tags	ARRAY	_text	NO	ARRAY[]::text[]
cx22073jw	brain_knowledge_unit	13	active_flag	boolean	bool	NO	true
cx22073jw	brain_knowledge_unit	14	created_at	timestamp with time zone	timestamptz	NO	now()
cx22073jw	brain_knowledge_unit	15	updated_at	timestamp with time zone	timestamptz	NO	now()
cx22073jw	brain_reference_quality_metadata	1	metadata_code	text	text	NO	
cx22073jw	brain_reference_quality_metadata	2	target_kind	text	text	NO	
cx22073jw	brain_reference_quality_metadata	3	target_code	text	text	NO	
cx22073jw	brain_reference_quality_metadata	4	brain_domain_code	text	text	YES	
cx22073jw	brain_reference_quality_metadata	5	topic_code	text	text	YES	
cx22073jw	brain_reference_quality_metadata	6	canon_status	text	text	NO	'needs_source_review'::text
cx22073jw	brain_reference_quality_metadata	7	reference_tier	text	text	NO	'standard'::text
cx22073jw	brain_reference_quality_metadata	8	verification_status	text	text	NO	'needs_source_review'::text
cx22073jw	brain_reference_quality_metadata	9	source_basis_codes	ARRAY	_text	NO	ARRAY['generated_draft'::text]
cx22073jw	brain_reference_quality_metadata	10	source_caution_ja	text	text	NO	''::text
cx22073jw	brain_reference_quality_metadata	11	robot_use_summary_ja	text	text	NO	''::text
cx22073jw	brain_reference_quality_metadata	12	misconception_guard_ja	text	text	NO	''::text
cx22073jw	brain_reference_quality_metadata	13	lightweight_allowed_flag	boolean	bool	NO	false
cx22073jw	brain_reference_quality_metadata	14	deep_reference_allowed_flag	boolean	bool	NO	false
cx22073jw	brain_reference_quality_metadata	15	verified_canon_priority	integer	int4	NO	1000
cx22073jw	brain_reference_quality_metadata	16	review_note_ja	text	text	NO	''::text
cx22073jw	brain_reference_quality_metadata	17	active_flag	boolean	bool	NO	true
cx22073jw	brain_reference_quality_metadata	18	created_at	timestamp with time zone	timestamptz	NO	now()
cx22073jw	brain_reference_quality_metadata	19	updated_at	timestamp with time zone	timestamptz	NO	now()
cx22073jw	brain_source_candidate_registry	1	source_id	text	text	NO	
cx22073jw	brain_source_candidate_registry	2	source_basis_code	text	text	NO	
cx22073jw	brain_source_candidate_registry	3	source_title_ja	text	text	NO	
cx22073jw	brain_source_candidate_registry	4	source_type_code	text	text	NO	
cx22073jw	brain_source_candidate_registry	5	source_url	text	text	NO	''::text
cx22073jw	brain_source_candidate_registry	6	source_note_ja	text	text	NO	''::text
cx22073jw	brain_source_candidate_registry	7	canon_use_rule_ja	text	text	NO	''::text
cx22073jw	brain_source_candidate_registry	8	verification_status	text	text	NO	'source_candidate_attached'::text
cx22073jw	brain_source_candidate_registry	9	active_flag	boolean	bool	NO	true
cx22073jw	brain_source_candidate_registry	10	created_at	timestamp with time zone	timestamptz	NO	now()
cx22073jw	brain_source_candidate_registry	11	updated_at	timestamp with time zone	timestamptz	NO	now()
cx22073jw	brain_source_object_ingestion_catalog	1	object_code	text	text	NO	
cx22073jw	brain_source_object_ingestion_catalog	2	source_schema_name	text	text	NO	'cx22073jw'::text
cx22073jw	brain_source_object_ingestion_catalog	3	source_object_name	text	text	NO	
cx22073jw	brain_source_object_ingestion_catalog	4	expected_object_kind	text	text	NO	'table_or_view'::text
cx22073jw	brain_source_object_ingestion_catalog	5	brain_domain_code	text	text	NO	
cx22073jw	brain_source_object_ingestion_catalog	6	default_depth_code	text	text	NO	
cx22073jw	brain_source_object_ingestion_catalog	7	default_risk_class_code	text	text	NO	
cx22073jw	brain_source_object_ingestion_catalog	8	default_allowed_use_purpose_codes	ARRAY	_text	NO	ARRAY['reference'::text, 'review'::text]
cx22073jw	brain_source_object_ingestion_catalog	9	code_candidate_columns	ARRAY	_text	NO	ARRAY['entry_code'::text, 'detail_code'::text, 'history_code'::text, 'question_code'::text, 'material_code'::text, 'topic_code'::text, 'source_record_code'::text, 'record_code'::text, 'code'::text, 'id'::text]
cx22073jw	brain_source_object_ingestion_catalog	10	title_candidate_columns	ARRAY	_text	NO	ARRAY['entry_title_ja'::text, 'detail_title_ja'::text, 'title_ja'::text, 'question_title_ja'::text, 'material_title_ja'::text, 'topic_title_ja'::text, 'name_ja'::text, 'label_ja'::text, 'title'::text, 'name'::text]
cx22073jw	brain_source_object_ingestion_catalog	11	safety_boundary_ja	text	text	NO	
cx22073jw	brain_source_object_ingestion_catalog	12	ingestion_note_ja	text	text	NO	
cx22073jw	brain_source_object_ingestion_catalog	13	row_level_ingestion_flag	boolean	bool	NO	true
cx22073jw	brain_source_object_ingestion_catalog	14	active_flag	boolean	bool	NO	true
cx22073jw	brain_source_object_ingestion_catalog	15	created_at	timestamp with time zone	timestamptz	NO	now()
cx22073jw	brain_source_object_ingestion_catalog	16	updated_at	timestamp with time zone	timestamptz	NO	now()
cx22073jw	brain_source_object_mapping_rule_catalog	1	rule_code	text	text	NO	
cx22073jw	brain_source_object_mapping_rule_catalog	2	rule_priority	integer	int4	NO	100
cx22073jw	brain_source_object_mapping_rule_catalog	3	object_name_like_pattern	text	text	NO	
cx22073jw	brain_source_object_mapping_rule_catalog	4	mapping_confidence_code	text	text	NO	
cx22073jw	brain_source_object_mapping_rule_catalog	5	brain_domain_code	text	text	NO	
cx22073jw	brain_source_object_mapping_rule_catalog	6	default_depth_code	text	text	NO	
cx22073jw	brain_source_object_mapping_rule_catalog	7	default_risk_class_code	text	text	NO	
cx22073jw	brain_source_object_mapping_rule_catalog	8	default_allowed_use_purpose_codes	ARRAY	_text	NO	ARRAY['reference'::text, 'review'::text]
cx22073jw	brain_source_object_mapping_rule_catalog	9	safety_boundary_ja	text	text	NO	
cx22073jw	brain_source_object_mapping_rule_catalog	10	rule_note_ja	text	text	NO	
cx22073jw	brain_source_object_mapping_rule_catalog	11	active_flag	boolean	bool	NO	true
cx22073jw	brain_source_object_mapping_rule_catalog	12	created_at	timestamp with time zone	timestamptz	NO	now()
cx22073jw	brain_source_object_mapping_rule_catalog	13	updated_at	timestamp with time zone	timestamptz	NO	now()
cx22073jw	business_support_knowledge_material	1	material_id	uuid	uuid	NO	
cx22073jw	business_support_knowledge_material	2	package_code	text	text	NO	
cx22073jw	business_support_knowledge_material	3	topic_code	text	text	NO	
cx22073jw	business_support_knowledge_material	4	material_code	text	text	NO	
cx22073jw	business_support_knowledge_material	5	material_title	text	text	NO	
cx22073jw	business_support_knowledge_material	6	material_summary	text	text	NO	
cx22073jw	business_support_knowledge_material	7	material_body	text	text	NO	
cx22073jw	business_support_knowledge_material	8	material_kind_code	text	text	NO	
cx22073jw	business_support_knowledge_material	9	role_hint_code	text	text	NO	
cx22073jw	business_support_knowledge_material	10	risk_level_code	text	text	NO	'low'::text
cx22073jw	business_support_knowledge_material	11	tags_jsonb	jsonb	jsonb	NO	'[]'::jsonb
cx22073jw	business_support_knowledge_material	12	status_code	text	text	NO	'active'::text
cx22073jw	business_support_knowledge_material	13	sort_order	integer	int4	NO	0
cx22073jw	business_support_knowledge_material	14	created_at	timestamp with time zone	timestamptz	NO	now()
cx22073jw	business_support_knowledge_material	15	updated_at	timestamp with time zone	timestamptz	NO	now()
cx22073jw	business_support_knowledge_package	1	package_id	uuid	uuid	NO	
cx22073jw	business_support_knowledge_package	2	package_code	text	text	NO	
cx22073jw	business_support_knowledge_package	3	package_name	text	text	NO	
cx22073jw	business_support_knowledge_package	4	package_name_ja	text	text	NO	
cx22073jw	business_support_knowledge_package	5	package_summary	text	text	NO	
cx22073jw	business_support_knowledge_package	6	status_code	text	text	NO	'active'::text
cx22073jw	business_support_knowledge_package	7	created_at	timestamp with time zone	timestamptz	NO	now()
cx22073jw	business_support_knowledge_package	8	updated_at	timestamp with time zone	timestamptz	NO	now()
cx22073jw	business_support_topic	1	topic_id	uuid	uuid	NO	
cx22073jw	business_support_topic	2	package_code	text	text	NO	
cx22073jw	business_support_topic	3	topic_code	text	text	NO	
cx22073jw	business_support_topic	4	topic_name	text	text	NO	
cx22073jw	business_support_topic	5	topic_name_ja	text	text	NO	
cx22073jw	business_support_topic	6	topic_summary	text	text	NO	
cx22073jw	business_support_topic	7	sort_order	integer	int4	NO	0
cx22073jw	business_support_topic	8	status_code	text	text	NO	'active'::text
cx22073jw	business_support_topic	9	created_at	timestamp with time zone	timestamptz	NO	now()
cx22073jw	business_support_topic	10	updated_at	timestamp with time zone	timestamptz	NO	now()
cx22073jw	candidate_area_boundary_rule	1	boundary_rule_id	uuid	uuid	NO	gen_random_uuid()
cx22073jw	candidate_area_boundary_rule	2	ledger_source_id	uuid	uuid	NO	
cx22073jw	candidate_area_boundary_rule	3	boundary_group	text	text	NO	
cx22073jw	candidate_area_boundary_rule	4	rule_text	text	text	NO	
cx22073jw	candidate_area_boundary_rule	5	sort_order	integer	int4	NO	100
cx22073jw	candidate_area_boundary_rule	6	created_at	timestamp with time zone	timestamptz	NO	now()
cx22073jw	candidate_area_boundary_rule	7	updated_at	timestamp with time zone	timestamptz	NO	now()
cx22073jw	candidate_area_registry	1	candidate_area_id	uuid	uuid	NO	gen_random_uuid()
cx22073jw	candidate_area_registry	2	ledger_source_id	uuid	uuid	NO	
cx22073jw	candidate_area_registry	3	candidate_code	text	text	YES	
cx22073jw	candidate_area_registry	4	area_name	text	text	NO	
cx22073jw	candidate_area_registry	5	area_slug	text	text	NO	
cx22073jw	candidate_area_registry	6	area_roles	ARRAY	_text	NO	ARRAY[]::text[]
cx22073jw	candidate_area_registry	7	priority_code	text	text	NO	
cx22073jw	candidate_area_registry	8	ownership_mode	text	text	NO	
cx22073jw	candidate_area_registry	9	purpose_text	text	text	NO	
cx22073jw	candidate_area_registry	10	why_text	text	text	YES	
cx22073jw	candidate_area_registry	11	suitable_contents	ARRAY	_text	NO	ARRAY[]::text[]
cx22073jw	candidate_area_registry	12	not_source_of_truth_for	ARRAY	_text	NO	ARRAY[]::text[]
cx22073jw	candidate_area_registry	13	phase_recommendation	text	text	YES	
cx22073jw	candidate_area_registry	14	is_phase1_recommended	boolean	bool	NO	false
cx22073jw	candidate_area_registry	15	is_active	boolean	bool	NO	true
cx22073jw	candidate_area_registry	16	meta	jsonb	jsonb	NO	'{}'::jsonb
cx22073jw	candidate_area_registry	17	created_at	timestamp with time zone	timestamptz	NO	now()
cx22073jw	candidate_area_registry	18	updated_at	timestamp with time zone	timestamptz	NO	now()
cx22073jw	candidate_area_tag	1	candidate_area_tag_id	uuid	uuid	NO	gen_random_uuid()
cx22073jw	candidate_area_tag	2	candidate_area_id	uuid	uuid	NO	
cx22073jw	candidate_area_tag	3	tag_code	text	text	NO	
cx22073jw	candidate_area_tag	4	created_at	timestamp with time zone	timestamptz	NO	now()
cx22073jw	candidate_ledger_source_registry	1	ledger_source_id	uuid	uuid	NO	gen_random_uuid()
cx22073jw	candidate_ledger_source_registry	2	source_code	text	text	NO	
cx22073jw	candidate_ledger_source_registry	3	source_system	text	text	NO	
cx22073jw	candidate_ledger_source_registry	4	source_app	text	text	YES	
cx22073jw	candidate_ledger_source_registry	5	source_schema	text	text	YES	
cx22073jw	candidate_ledger_source_registry	6	source_layer	text	text	NO	
cx22073jw	candidate_ledger_source_registry	7	source_status	text	text	NO	
cx22073jw	candidate_ledger_source_registry	8	storage_reference_system	text	text	NO	'CX22073JW'::text
cx22073jw	candidate_ledger_source_registry	9	owner_name	text	text	NO	
cx22073jw	candidate_ledger_source_registry	10	prepared_by	text	text	YES	
cx22073jw	candidate_ledger_source_registry	11	language_code	text	text	NO	'English'::text
cx22073jw	candidate_ledger_source_registry	12	purpose_text	text	text	YES	
cx22073jw	candidate_ledger_source_registry	13	canonical_boundary_note	text	text	YES	
cx22073jw	candidate_ledger_source_registry	14	meta	jsonb	jsonb	NO	'{}'::jsonb
cx22073jw	candidate_ledger_source_registry	15	created_at	timestamp with time zone	timestamptz	NO	now()
cx22073jw	candidate_ledger_source_registry	16	updated_at	timestamp with time zone	timestamptz	NO	now()
cx22073jw	civilization_exam_question_bank	1	exam_question_id	uuid	uuid	NO	gen_random_uuid()
cx22073jw	civilization_exam_question_bank	2	question_code	text	text	NO	
cx22073jw	civilization_exam_question_bank	3	exam_domain_code	text	text	NO	
cx22073jw	civilization_exam_question_bank	4	source_reference_type	text	text	NO	
cx22073jw	civilization_exam_question_bank	5	source_reference_code	text	text	YES	
cx22073jw	civilization_exam_question_bank	6	country_code	text	text	YES	
cx22073jw	civilization_exam_question_bank	7	region_code	text	text	YES	
cx22073jw	civilization_exam_question_bank	8	period_code	text	text	YES	
cx22073jw	civilization_exam_question_bank	9	theme_code	text	text	YES	
cx22073jw	civilization_exam_question_bank	10	question_type_code	text	text	NO	
cx22073jw	civilization_exam_question_bank	11	question_text_ja	text	text	NO	
cx22073jw	civilization_exam_question_bank	12	answer_ja	text	text	NO	
cx22073jw	civilization_exam_question_bank	13	explanation_ja	text	text	NO	
cx22073jw	civilization_exam_question_bank	14	difficulty_code	text	text	NO	'normal'::text
cx22073jw	civilization_exam_question_bank	15	target_exam_context_code	text	text	NO	'civilization_learning'::text
cx22073jw	civilization_exam_question_bank	16	related_detail_codes	jsonb	jsonb	NO	'[]'::jsonb
cx22073jw	civilization_exam_question_bank	17	related_terms	jsonb	jsonb	NO	'[]'::jsonb
cx22073jw	civilization_exam_question_bank	18	related_events	jsonb	jsonb	NO	'[]'::jsonb
cx22073jw	civilization_exam_question_bank	19	related_persons	jsonb	jsonb	NO	'[]'::jsonb
cx22073jw	civilization_exam_question_bank	20	related_roles	jsonb	jsonb	NO	'[]'::jsonb
cx22073jw	civilization_exam_question_bank	21	search_tags	jsonb	jsonb	NO	'[]'::jsonb
cx22073jw	civilization_exam_question_bank	22	safety_notes	jsonb	jsonb	NO	'[]'::jsonb
cx22073jw	civilization_exam_question_bank	23	cx_priority	text	text	NO	'high'::text
cx22073jw	civilization_exam_question_bank	24	note_text	text	text	YES	
cx22073jw	civilization_exam_question_bank	25	created_at	timestamp with time zone	timestamptz	NO	now()
cx22073jw	civilization_exam_question_bank	26	updated_at	timestamp with time zone	timestamptz	NO	now()
cx22073jw	civilization_exam_question_choice	1	exam_question_choice_id	uuid	uuid	NO	gen_random_uuid()
cx22073jw	civilization_exam_question_choice	2	question_code	text	text	NO	
cx22073jw	civilization_exam_question_choice	3	choice_order	integer	int4	NO	
cx22073jw	civilization_exam_question_choice	4	choice_text_ja	text	text	NO	
cx22073jw	civilization_exam_question_choice	5	is_correct	boolean	bool	NO	false
cx22073jw	civilization_exam_question_choice	6	explanation_ja	text	text	YES	
cx22073jw	civilization_exam_question_choice	7	created_at	timestamp with time zone	timestamptz	NO	now()
cx22073jw	civilization_foundation_history_detail_entry	1	detail_entry_id	uuid	uuid	NO	gen_random_uuid()
cx22073jw	civilization_foundation_history_detail_entry	2	detail_entry_code	text	text	NO	
cx22073jw	civilization_foundation_history_detail_entry	3	topic_code	text	text	NO	'history_civilization_worldview'::text
cx22073jw	civilization_foundation_history_detail_entry	4	source_foundation_history_code	text	text	YES	
cx22073jw	civilization_foundation_history_detail_entry	5	canon_scope_code	text	text	NO	'civilization_timeline'::text
cx22073jw	civilization_foundation_history_detail_entry	6	detail_type_code	text	text	NO	
cx22073jw	civilization_foundation_history_detail_entry	7	world_code	text	text	NO	'civilization'::text
cx22073jw	civilization_foundation_history_detail_entry	8	civilization_arc_code	text	text	YES	
cx22073jw	civilization_foundation_history_detail_entry	9	civ_year_start	integer	int4	YES	
cx22073jw	civilization_foundation_history_detail_entry	10	civ_year_end	integer	int4	YES	
cx22073jw	civilization_foundation_history_detail_entry	11	sort_order	integer	int4	YES	
cx22073jw	civilization_foundation_history_detail_entry	12	title_ja	text	text	NO	
cx22073jw	civilization_foundation_history_detail_entry	13	short_summary_ja	text	text	NO	
cx22073jw	civilization_foundation_history_detail_entry	14	detail_ja	text	text	NO	
cx22073jw	civilization_foundation_history_detail_entry	15	background_ja	text	text	YES	
cx22073jw	civilization_foundation_history_detail_entry	16	process_ja	text	text	YES	
cx22073jw	civilization_foundation_history_detail_entry	17	result_ja	text	text	YES	
cx22073jw	civilization_foundation_history_detail_entry	18	significance_ja	text	text	YES	
cx22073jw	civilization_foundation_history_detail_entry	19	main_actors	jsonb	jsonb	NO	'[]'::jsonb
cx22073jw	civilization_foundation_history_detail_entry	20	related_terms	jsonb	jsonb	NO	'[]'::jsonb
cx22073jw	civilization_foundation_history_detail_entry	21	related_events	jsonb	jsonb	NO	'[]'::jsonb
cx22073jw	civilization_foundation_history_detail_entry	22	related_detail_codes	jsonb	jsonb	NO	'[]'::jsonb
cx22073jw	civilization_foundation_history_detail_entry	23	learning_points_ja	jsonb	jsonb	NO	'[]'::jsonb
cx22073jw	civilization_foundation_history_detail_entry	24	common_confusions_ja	jsonb	jsonb	NO	'[]'::jsonb
cx22073jw	civilization_foundation_history_detail_entry	25	related_roles	jsonb	jsonb	NO	'[]'::jsonb
cx22073jw	civilization_foundation_history_detail_entry	26	search_tags	jsonb	jsonb	NO	'[]'::jsonb
cx22073jw	civilization_foundation_history_detail_entry	27	safety_notes	jsonb	jsonb	NO	'[]'::jsonb
cx22073jw	civilization_foundation_history_detail_entry	28	cx_priority	text	text	NO	'high'::text
cx22073jw	civilization_foundation_history_detail_entry	29	note_text	text	text	YES	
cx22073jw	civilization_foundation_history_detail_entry	30	created_at	timestamp with time zone	timestamptz	NO	now()
cx22073jw	civilization_foundation_history_detail_entry	31	updated_at	timestamp with time zone	timestamptz	NO	now()
cx22073jw	civilization_foundation_history_entry	1	foundation_history_entry_code	text	text	NO	
cx22073jw	civilization_foundation_history_entry	2	topic_code	text	text	NO	
cx22073jw	civilization_foundation_history_entry	3	canon_scope_code	text	text	NO	
cx22073jw	civilization_foundation_history_entry	4	civilization_year_start	integer	int4	YES	
cx22073jw	civilization_foundation_history_entry	5	civilization_year_end	integer	int4	YES	
cx22073jw	civilization_foundation_history_entry	6	event_order	integer	int4	NO	0
cx22073jw	civilization_foundation_history_entry	7	title_ja	text	text	NO	
cx22073jw	civilization_foundation_history_entry	8	summary_ja	text	text	NO	
cx22073jw	civilization_foundation_history_entry	9	detail_ja	text	text	NO	
cx22073jw	civilization_foundation_history_entry	10	related_entities	jsonb	jsonb	NO	'[]'::jsonb
cx22073jw	civilization_foundation_history_entry	11	related_roles	jsonb	jsonb	NO	'[]'::jsonb
cx22073jw	civilization_foundation_history_entry	12	search_tags	jsonb	jsonb	NO	'[]'::jsonb
cx22073jw	civilization_foundation_history_entry	13	safety_notes	jsonb	jsonb	NO	'[]'::jsonb
cx22073jw	civilization_foundation_history_entry	14	cx_priority	text	text	NO	
cx22073jw	civilization_foundation_history_entry	15	source_note	text	text	NO	'000000_FOUNDATION_CANONICAL'::text
cx22073jw	civilization_foundation_history_entry	16	note_text	text	text	YES	
cx22073jw	civilization_foundation_history_entry	17	created_at	timestamp with time zone	timestamptz	NO	now()
cx22073jw	civilization_foundation_history_entry	18	updated_at	timestamp with time zone	timestamptz	NO	now()
cx22073jw	compatibility_profile_master	1	profile_code	text	text	NO	
cx22073jw	compatibility_profile_master	2	profile_name	text	text	NO	
cx22073jw	compatibility_profile_master	3	profile_scope	text	text	NO	
cx22073jw	compatibility_profile_master	4	description	text	text	YES	
cx22073jw	compatibility_profile_master	5	created_at	timestamp with time zone	timestamptz	NO	now()
cx22073jw	compatibility_profile_master	6	updated_at	timestamp with time zone	timestamptz	NO	now()
cx22073jw	compatibility_rule	1	rule_id	uuid	uuid	NO	gen_random_uuid()
cx22073jw	compatibility_rule	2	left_profile_code	text	text	NO	
cx22073jw	compatibility_rule	3	right_profile_code	text	text	NO	
cx22073jw	compatibility_rule	4	compatibility_status	text	text	NO	
cx22073jw	compatibility_rule	5	reason_text	text	text	YES	
cx22073jw	compatibility_rule	6	condition_json	jsonb	jsonb	NO	'{}'::jsonb
cx22073jw	compatibility_rule	7	priority_rank	integer	int4	NO	100
cx22073jw	compatibility_rule	8	created_at	timestamp with time zone	timestamptz	NO	now()
cx22073jw	compatibility_rule	9	updated_at	timestamp with time zone	timestamptz	NO	now()
cx22073jw	contract_remediation_batch	1	remediation_batch_id	uuid	uuid	NO	gen_random_uuid()
cx22073jw	contract_remediation_batch	2	batch_code	text	text	NO	
cx22073jw	contract_remediation_batch	3	source_scope	text	text	NO	
cx22073jw	contract_remediation_batch	4	batch_status	text	text	NO	
cx22073jw	contract_remediation_batch	5	proposed_item_count	integer	int4	NO	0
cx22073jw	contract_remediation_batch	6	applied_item_count	integer	int4	NO	0
cx22073jw	contract_remediation_batch	7	skipped_item_count	integer	int4	NO	0
cx22073jw	contract_remediation_batch	8	actor_name	text	text	NO	'Zero'::text
cx22073jw	contract_remediation_batch	9	note_text	text	text	YES	
cx22073jw	contract_remediation_batch	10	created_at	timestamp with time zone	timestamptz	NO	now()
cx22073jw	contract_remediation_batch	11	updated_at	timestamp with time zone	timestamptz	NO	now()
cx22073jw	contract_remediation_item	1	remediation_item_id	uuid	uuid	NO	gen_random_uuid()
cx22073jw	contract_remediation_item	2	remediation_batch_id	uuid	uuid	NO	
cx22073jw	contract_remediation_item	3	area_slug	text	text	NO	
cx22073jw	contract_remediation_item	4	payload_column_name	text	text	NO	
cx22073jw	contract_remediation_item	5	remediation_type	text	text	NO	
cx22073jw	contract_remediation_item	6	proposed_keys	ARRAY	_text	NO	ARRAY[]::text[]
cx22073jw	contract_remediation_item	7	applied_keys	ARRAY	_text	NO	ARRAY[]::text[]
cx22073jw	contract_remediation_item	8	source_reason	text	text	NO	
cx22073jw	contract_remediation_item	9	source_detail_json	jsonb	jsonb	NO	'{}'::jsonb
cx22073jw	contract_remediation_item	10	apply_status	text	text	NO	
cx22073jw	contract_remediation_item	11	created_at	timestamp with time zone	timestamptz	NO	now()
cx22073jw	contract_remediation_item	12	updated_at	timestamp with time zone	timestamptz	NO	now()
cx22073jw	currency_amount_reference	1	currency_code	text	text	NO	
cx22073jw	currency_amount_reference	2	currency_name	text	text	NO	
cx22073jw	currency_amount_reference	3	symbol_text	text	text	NO	
cx22073jw	currency_amount_reference	4	decimals_count	integer	int4	NO	
cx22073jw	currency_amount_reference	5	rounding_mode	text	text	NO	
cx22073jw	currency_amount_reference	6	locale_hint	text	text	YES	
cx22073jw	currency_amount_reference	7	is_active	boolean	bool	NO	true
cx22073jw	currency_amount_reference	8	created_at	timestamp with time zone	timestamptz	NO	now()
cx22073jw	currency_amount_reference	9	updated_at	timestamp with time zone	timestamptz	NO	now()
cx22073jw	earth_history_detail_entry	1	detail_entry_id	uuid	uuid	NO	gen_random_uuid()
cx22073jw	earth_history_detail_entry	2	detail_entry_code	text	text	NO	
cx22073jw	earth_history_detail_entry	3	topic_code	text	text	NO	'history_civilization_worldview'::text
cx22073jw	earth_history_detail_entry	4	source_history_entry_code	text	text	YES	
cx22073jw	earth_history_detail_entry	5	history_scope_code	text	text	NO	'country'::text
cx22073jw	earth_history_detail_entry	6	detail_type_code	text	text	NO	
cx22073jw	earth_history_detail_entry	7	country_code	text	text	YES	
cx22073jw	earth_history_detail_entry	8	region_code	text	text	YES	
cx22073jw	earth_history_detail_entry	9	period_code	text	text	YES	
cx22073jw	earth_history_detail_entry	10	theme_code	text	text	YES	
cx22073jw	earth_history_detail_entry	11	year_start	integer	int4	YES	
cx22073jw	earth_history_detail_entry	12	year_end	integer	int4	YES	
cx22073jw	earth_history_detail_entry	13	title_ja	text	text	NO	
cx22073jw	earth_history_detail_entry	14	short_summary_ja	text	text	NO	
cx22073jw	earth_history_detail_entry	15	detail_ja	text	text	NO	
cx22073jw	earth_history_detail_entry	16	background_ja	text	text	YES	
cx22073jw	earth_history_detail_entry	17	process_ja	text	text	YES	
cx22073jw	earth_history_detail_entry	18	result_ja	text	text	YES	
cx22073jw	earth_history_detail_entry	19	significance_ja	text	text	YES	
cx22073jw	earth_history_detail_entry	20	main_actors	jsonb	jsonb	NO	'[]'::jsonb
cx22073jw	earth_history_detail_entry	21	related_terms	jsonb	jsonb	NO	'[]'::jsonb
cx22073jw	earth_history_detail_entry	22	related_events	jsonb	jsonb	NO	'[]'::jsonb
cx22073jw	earth_history_detail_entry	23	related_persons	jsonb	jsonb	NO	'[]'::jsonb
cx22073jw	earth_history_detail_entry	24	related_detail_codes	jsonb	jsonb	NO	'[]'::jsonb
cx22073jw	earth_history_detail_entry	25	learning_points_ja	jsonb	jsonb	NO	'[]'::jsonb
cx22073jw	earth_history_detail_entry	26	common_confusions_ja	jsonb	jsonb	NO	'[]'::jsonb
cx22073jw	earth_history_detail_entry	27	related_roles	jsonb	jsonb	NO	'[]'::jsonb
cx22073jw	earth_history_detail_entry	28	search_tags	jsonb	jsonb	NO	'[]'::jsonb
cx22073jw	earth_history_detail_entry	29	safety_notes	jsonb	jsonb	NO	'[]'::jsonb
cx22073jw	earth_history_detail_entry	30	cx_priority	text	text	NO	'high'::text
cx22073jw	earth_history_detail_entry	31	note_text	text	text	YES	
cx22073jw	earth_history_detail_entry	32	created_at	timestamp with time zone	timestamptz	NO	now()
cx22073jw	earth_history_detail_entry	33	updated_at	timestamp with time zone	timestamptz	NO	now()
cx22073jw	earth_history_knowledge_entry	1	earth_history_entry_code	text	text	NO	
cx22073jw	earth_history_knowledge_entry	2	topic_code	text	text	NO	
cx22073jw	earth_history_knowledge_entry	3	history_scope_code	text	text	NO	
cx22073jw	earth_history_knowledge_entry	4	region_code	text	text	YES	
cx22073jw	earth_history_knowledge_entry	5	country_code	text	text	YES	
cx22073jw	earth_history_knowledge_entry	6	period_code	text	text	YES	
cx22073jw	earth_history_knowledge_entry	7	theme_code	text	text	YES	
cx22073jw	earth_history_knowledge_entry	8	title_ja	text	text	NO	
cx22073jw	earth_history_knowledge_entry	9	summary_ja	text	text	NO	
cx22073jw	earth_history_knowledge_entry	10	detail_ja	text	text	NO	
cx22073jw	earth_history_knowledge_entry	11	related_roles	jsonb	jsonb	NO	'[]'::jsonb
cx22073jw	earth_history_knowledge_entry	12	search_tags	jsonb	jsonb	NO	'[]'::jsonb
cx22073jw	earth_history_knowledge_entry	13	safety_notes	jsonb	jsonb	NO	'[]'::jsonb
cx22073jw	earth_history_knowledge_entry	14	cx_priority	text	text	NO	
cx22073jw	earth_history_knowledge_entry	15	note_text	text	text	YES	
cx22073jw	earth_history_knowledge_entry	16	created_at	timestamp with time zone	timestamptz	NO	now()
cx22073jw	earth_history_knowledge_entry	17	updated_at	timestamp with time zone	timestamptz	NO	now()
cx22073jw	entity_master	1	entity_id	uuid	uuid	NO	gen_random_uuid()
cx22073jw	entity_master	2	entity_code	text	text	NO	
cx22073jw	entity_master	3	entity_name	text	text	NO	
cx22073jw	entity_master	4	entity_type	text	text	NO	
cx22073jw	entity_master	5	description	text	text	YES	
cx22073jw	entity_master	6	meta	jsonb	jsonb	NO	'{}'::jsonb
cx22073jw	entity_master	7	created_at	timestamp with time zone	timestamptz	NO	now()
cx22073jw	entity_master	8	updated_at	timestamp with time zone	timestamptz	NO	now()
cx22073jw	exact_contract_profile_master	1	profile_code	text	text	NO	
cx22073jw	exact_contract_profile_master	2	profile_name	text	text	NO	
cx22073jw	exact_contract_profile_master	3	applies_to_scope	text	text	NO	
cx22073jw	exact_contract_profile_master	4	contract_version	integer	int4	NO	
cx22073jw	exact_contract_profile_master	5	is_active	boolean	bool	NO	true
cx22073jw	exact_contract_profile_master	6	description	text	text	YES	
cx22073jw	exact_contract_profile_master	7	created_at	timestamp with time zone	timestamptz	NO	now()
cx22073jw	exact_contract_profile_master	8	updated_at	timestamp with time zone	timestamptz	NO	now()
cx22073jw	exact_contract_sample_case_registry	1	sample_case_id	uuid	uuid	NO	gen_random_uuid()
cx22073jw	exact_contract_sample_case_registry	2	case_code	text	text	NO	
cx22073jw	exact_contract_sample_case_registry	3	area_slug	text	text	NO	
cx22073jw	exact_contract_sample_case_registry	4	case_kind	text	text	NO	
cx22073jw	exact_contract_sample_case_registry	5	expected_result	text	text	NO	
cx22073jw	exact_contract_sample_case_registry	6	subject_key	text	text	NO	
cx22073jw	exact_contract_sample_case_registry	7	source_system	text	text	NO	
cx22073jw	exact_contract_sample_case_registry	8	source_app	text	text	YES	
cx22073jw	exact_contract_sample_case_registry	9	canonical_owner_system	text	text	NO	
cx22073jw	exact_contract_sample_case_registry	10	canonical_ref_key	text	text	YES	
cx22073jw	exact_contract_sample_case_registry	11	lifecycle_status	text	text	NO	'active'::text
cx22073jw	exact_contract_sample_case_registry	12	projection_payload	jsonb	jsonb	YES	
cx22073jw	exact_contract_sample_case_registry	13	summary_text	text	text	YES	
cx22073jw	exact_contract_sample_case_registry	14	summary_payload	jsonb	jsonb	YES	
cx22073jw	exact_contract_sample_case_registry	15	continuity_payload	jsonb	jsonb	YES	
cx22073jw	exact_contract_sample_case_registry	16	resume_at	timestamp with time zone	timestamptz	YES	
cx22073jw	exact_contract_sample_case_registry	17	index_terms	ARRAY	_text	YES	
cx22073jw	exact_contract_sample_case_registry	18	index_payload	jsonb	jsonb	YES	
cx22073jw	exact_contract_sample_case_registry	19	policy_context_payload	jsonb	jsonb	YES	
cx22073jw	exact_contract_sample_case_registry	20	optimization_payload	jsonb	jsonb	YES	
cx22073jw	exact_contract_sample_case_registry	21	priority_score	numeric	numeric	YES	
cx22073jw	exact_contract_sample_case_registry	22	meta	jsonb	jsonb	NO	'{}'::jsonb
cx22073jw	exact_contract_sample_case_registry	23	is_active	boolean	bool	NO	true
cx22073jw	exact_contract_sample_case_registry	24	created_at	timestamp with time zone	timestamptz	NO	now()
cx22073jw	exact_contract_sample_case_registry	25	updated_at	timestamp with time zone	timestamptz	NO	now()
cx22073jw	exact_contract_sample_run_log	1	sample_run_log_id	uuid	uuid	NO	gen_random_uuid()
cx22073jw	exact_contract_sample_run_log	2	sample_case_id	uuid	uuid	NO	
cx22073jw	exact_contract_sample_run_log	3	execution_status	text	text	NO	
cx22073jw	exact_contract_sample_run_log	4	result_row_id	uuid	uuid	YES	
cx22073jw	exact_contract_sample_run_log	5	error_text	text	text	YES	
cx22073jw	exact_contract_sample_run_log	6	executed_at	timestamp with time zone	timestamptz	NO	now()
cx22073jw	exact_payload_validation_issue_log	1	validation_issue_id	uuid	uuid	NO	gen_random_uuid()
cx22073jw	exact_payload_validation_issue_log	2	candidate_area_id	uuid	uuid	YES	
cx22073jw	exact_payload_validation_issue_log	3	area_slug	text	text	NO	
cx22073jw	exact_payload_validation_issue_log	4	subject_key	text	text	NO	
cx22073jw	exact_payload_validation_issue_log	5	payload_column_name	text	text	NO	
cx22073jw	exact_payload_validation_issue_log	6	missing_keys	ARRAY	_text	NO	ARRAY[]::text[]
cx22073jw	exact_payload_validation_issue_log	7	issue_note	text	text	YES	
cx22073jw	exact_payload_validation_issue_log	8	created_at	timestamp with time zone	timestamptz	NO	now()
cx22073jw	executive_strategy_knowledge_package	1	package_id	uuid	uuid	NO	
cx22073jw	executive_strategy_knowledge_package	2	package_code	text	text	NO	
cx22073jw	executive_strategy_knowledge_package	3	package_name	text	text	NO	
cx22073jw	executive_strategy_knowledge_package	4	package_name_ja	text	text	NO	
cx22073jw	executive_strategy_knowledge_package	5	package_summary	text	text	NO	
cx22073jw	executive_strategy_knowledge_package	6	status_code	text	text	NO	'active'::text
cx22073jw	executive_strategy_knowledge_package	7	created_at	timestamp with time zone	timestamptz	NO	now()
cx22073jw	executive_strategy_knowledge_package	8	updated_at	timestamp with time zone	timestamptz	NO	now()
cx22073jw	executive_strategy_material	1	material_id	uuid	uuid	NO	
cx22073jw	executive_strategy_material	2	package_code	text	text	NO	
cx22073jw	executive_strategy_material	3	topic_code	text	text	NO	
cx22073jw	executive_strategy_material	4	material_code	text	text	NO	
cx22073jw	executive_strategy_material	5	material_title	text	text	NO	
cx22073jw	executive_strategy_material	6	material_summary	text	text	NO	
cx22073jw	executive_strategy_material	7	material_body	text	text	NO	
cx22073jw	executive_strategy_material	8	material_kind_code	text	text	NO	
cx22073jw	executive_strategy_material	9	risk_level_code	text	text	NO	'medium'::text
cx22073jw	executive_strategy_material	10	tags_jsonb	jsonb	jsonb	NO	'[]'::jsonb
cx22073jw	executive_strategy_material	11	status_code	text	text	NO	'active'::text
cx22073jw	executive_strategy_material	12	sort_order	integer	int4	NO	0
cx22073jw	executive_strategy_material	13	created_at	timestamp with time zone	timestamptz	NO	now()
cx22073jw	executive_strategy_material	14	updated_at	timestamp with time zone	timestamptz	NO	now()
cx22073jw	executive_strategy_topic	1	topic_id	uuid	uuid	NO	
cx22073jw	executive_strategy_topic	2	package_code	text	text	NO	
cx22073jw	executive_strategy_topic	3	topic_code	text	text	NO	
cx22073jw	executive_strategy_topic	4	topic_name	text	text	NO	
cx22073jw	executive_strategy_topic	5	topic_name_ja	text	text	NO	
cx22073jw	executive_strategy_topic	6	topic_summary	text	text	NO	
cx22073jw	executive_strategy_topic	7	sort_order	integer	int4	NO	0
cx22073jw	executive_strategy_topic	8	status_code	text	text	NO	'active'::text
cx22073jw	executive_strategy_topic	9	created_at	timestamp with time zone	timestamptz	NO	now()
cx22073jw	executive_strategy_topic	10	updated_at	timestamp with time zone	timestamptz	NO	now()
cx22073jw	exhibition_projection_area	1	row_id	uuid	uuid	NO	gen_random_uuid()
cx22073jw	exhibition_projection_area	2	subject_key	text	text	NO	
cx22073jw	exhibition_projection_area	3	source_system	text	text	NO	
cx22073jw	exhibition_projection_area	4	source_app	text	text	YES	
cx22073jw	exhibition_projection_area	5	canonical_owner_system	text	text	NO	
cx22073jw	exhibition_projection_area	6	canonical_ref_key	text	text	YES	
cx22073jw	exhibition_projection_area	7	lifecycle_status	text	text	NO	'active'::text
cx22073jw	exhibition_projection_area	8	projection_payload	jsonb	jsonb	NO	'{}'::jsonb
cx22073jw	exhibition_projection_area	9	optimization_payload	jsonb	jsonb	NO	'{}'::jsonb
cx22073jw	exhibition_projection_area	10	priority_score	numeric	numeric	NO	0
cx22073jw	exhibition_projection_area	11	meta	jsonb	jsonb	NO	'{}'::jsonb
cx22073jw	exhibition_projection_area	12	created_at	timestamp with time zone	timestamptz	NO	now()
cx22073jw	exhibition_projection_area	13	updated_at	timestamp with time zone	timestamptz	NO	now()
cx22073jw	foundation_domain_master	1	domain_code	text	text	NO	
cx22073jw	foundation_domain_master	2	domain_name	text	text	NO	
cx22073jw	foundation_domain_master	3	layer_code	text	text	NO	
cx22073jw	foundation_domain_master	4	domain_family	text	text	NO	
cx22073jw	foundation_domain_master	5	is_active	boolean	bool	NO	true
cx22073jw	foundation_domain_master	6	description	text	text	YES	
cx22073jw	foundation_domain_master	7	created_at	timestamp with time zone	timestamptz	NO	now()
cx22073jw	foundation_domain_master	8	updated_at	timestamp with time zone	timestamptz	NO	now()
cx22073jw	foundation_knowledge_material	1	material_code	text	text	NO	
cx22073jw	foundation_knowledge_material	2	topic_code	text	text	NO	
cx22073jw	foundation_knowledge_material	3	material_title_ja	text	text	NO	
cx22073jw	foundation_knowledge_material	4	material_type_code	text	text	NO	
cx22073jw	foundation_knowledge_material	5	material_body_ja	text	text	NO	
cx22073jw	foundation_knowledge_material	6	usage_tags	jsonb	jsonb	NO	'[]'::jsonb
cx22073jw	foundation_knowledge_material	7	safety_notes	jsonb	jsonb	NO	'[]'::jsonb
cx22073jw	foundation_knowledge_material	8	cx_priority	text	text	NO	
cx22073jw	foundation_knowledge_material	9	note_text	text	text	YES	
cx22073jw	foundation_knowledge_material	10	created_at	timestamp with time zone	timestamptz	NO	now()
cx22073jw	foundation_knowledge_material	11	updated_at	timestamp with time zone	timestamptz	NO	now()
cx22073jw	foundation_knowledge_topic	1	topic_code	text	text	NO	
cx22073jw	foundation_knowledge_topic	2	topic_name_ja	text	text	NO	
cx22073jw	foundation_knowledge_topic	3	topic_group_code	text	text	NO	
cx22073jw	foundation_knowledge_topic	4	cx_priority	text	text	NO	
cx22073jw	foundation_knowledge_topic	5	purpose_ja	text	text	NO	
cx22073jw	foundation_knowledge_topic	6	primary_consumer_roles	jsonb	jsonb	NO	'[]'::jsonb
cx22073jw	foundation_knowledge_topic	7	safe_boundary_notes	jsonb	jsonb	NO	'[]'::jsonb
cx22073jw	foundation_knowledge_topic	8	search_tags	jsonb	jsonb	NO	'[]'::jsonb
cx22073jw	foundation_knowledge_topic	9	note_text	text	text	YES	
cx22073jw	foundation_knowledge_topic	10	created_at	timestamp with time zone	timestamptz	NO	now()
cx22073jw	foundation_knowledge_topic	11	updated_at	timestamp with time zone	timestamptz	NO	now()
cx22073jw	foundation_optimization_job	1	job_id	uuid	uuid	NO	gen_random_uuid()
cx22073jw	foundation_optimization_job	2	job_type	text	text	NO	
cx22073jw	foundation_optimization_job	3	target_object_type	text	text	NO	
cx22073jw	foundation_optimization_job	4	target_object_id	text	text	YES	
cx22073jw	foundation_optimization_job	5	status	text	text	NO	
cx22073jw	foundation_optimization_job	6	request_payload	jsonb	jsonb	NO	'{}'::jsonb
cx22073jw	foundation_optimization_job	7	result_payload	jsonb	jsonb	NO	'{}'::jsonb
cx22073jw	foundation_optimization_job	8	started_at	timestamp with time zone	timestamptz	YES	
cx22073jw	foundation_optimization_job	9	ended_at	timestamp with time zone	timestamptz	YES	
cx22073jw	foundation_optimization_job	10	created_at	timestamp with time zone	timestamptz	NO	now()
cx22073jw	foundation_optimization_job	11	updated_at	timestamp with time zone	timestamptz	NO	now()
cx22073jw	generation_profile_master	1	profile_code	text	text	NO	
cx22073jw	generation_profile_master	2	profile_name	text	text	NO	
cx22073jw	generation_profile_master	3	generation_scope	text	text	NO	
cx22073jw	generation_profile_master	4	default_schema_name	text	text	NO	
cx22073jw	generation_profile_master	5	naming_policy_json	jsonb	jsonb	NO	'{}'::jsonb
cx22073jw	generation_profile_master	6	description	text	text	YES	
cx22073jw	generation_profile_master	7	created_at	timestamp with time zone	timestamptz	NO	now()
cx22073jw	generation_profile_master	8	updated_at	timestamp with time zone	timestamptz	NO	now()
cx22073jw	history_knowledge_entry	1	history_entry_code	text	text	NO	
cx22073jw	history_knowledge_entry	2	topic_code	text	text	NO	
cx22073jw	history_knowledge_entry	3	history_scope_code	text	text	NO	
cx22073jw	history_knowledge_entry	4	region_code	text	text	YES	
cx22073jw	history_knowledge_entry	5	country_code	text	text	YES	
cx22073jw	history_knowledge_entry	6	period_code	text	text	YES	
cx22073jw	history_knowledge_entry	7	theme_code	text	text	YES	
cx22073jw	history_knowledge_entry	8	title_ja	text	text	NO	
cx22073jw	history_knowledge_entry	9	summary_ja	text	text	NO	
cx22073jw	history_knowledge_entry	10	detail_ja	text	text	NO	
cx22073jw	history_knowledge_entry	11	related_roles	jsonb	jsonb	NO	'[]'::jsonb
cx22073jw	history_knowledge_entry	12	search_tags	jsonb	jsonb	NO	'[]'::jsonb
cx22073jw	history_knowledge_entry	13	safety_notes	jsonb	jsonb	NO	'[]'::jsonb
cx22073jw	history_knowledge_entry	14	cx_priority	text	text	NO	
cx22073jw	history_knowledge_entry	15	note_text	text	text	YES	
cx22073jw	history_knowledge_entry	16	created_at	timestamp with time zone	timestamptz	NO	now()
cx22073jw	history_knowledge_entry	17	updated_at	timestamp with time zone	timestamptz	NO	now()
cx22073jw	jurisdiction_region_reference	1	jurisdiction_code	text	text	NO	
cx22073jw	jurisdiction_region_reference	2	jurisdiction_name	text	text	NO	
cx22073jw	jurisdiction_region_reference	3	region_type	text	text	NO	
cx22073jw	jurisdiction_region_reference	4	parent_jurisdiction_code	text	text	YES	
cx22073jw	jurisdiction_region_reference	5	default_currency_code	text	text	YES	
cx22073jw	jurisdiction_region_reference	6	default_locale_code	text	text	YES	
cx22073jw	jurisdiction_region_reference	7	timezone_name	text	text	YES	
cx22073jw	jurisdiction_region_reference	8	is_active	boolean	bool	NO	true
cx22073jw	jurisdiction_region_reference	9	created_at	timestamp with time zone	timestamptz	NO	now()
cx22073jw	jurisdiction_region_reference	10	updated_at	timestamp with time zone	timestamptz	NO	now()
cx22073jw	knowledge_article	1	article_id	uuid	uuid	NO	gen_random_uuid()
cx22073jw	knowledge_article	2	domain_code	text	text	NO	
cx22073jw	knowledge_article	3	article_code	text	text	NO	
cx22073jw	knowledge_article	4	title	text	text	NO	
cx22073jw	knowledge_article	5	body_text	text	text	YES	
cx22073jw	knowledge_article	6	visibility_scope	text	text	NO	
cx22073jw	knowledge_article	7	publication_status	text	text	NO	
cx22073jw	knowledge_article	8	version_no	integer	int4	NO	1
cx22073jw	knowledge_article	9	source_registry_code	text	text	YES	
cx22073jw	knowledge_article	10	meta	jsonb	jsonb	NO	'{}'::jsonb
cx22073jw	knowledge_article	11	created_at	timestamp with time zone	timestamptz	NO	now()
cx22073jw	knowledge_article	12	updated_at	timestamp with time zone	timestamptz	NO	now()
cx22073jw	knowledge_chunk	1	chunk_id	uuid	uuid	NO	gen_random_uuid()
cx22073jw	knowledge_chunk	2	article_id	uuid	uuid	NO	
cx22073jw	knowledge_chunk	3	chunk_no	integer	int4	NO	
cx22073jw	knowledge_chunk	4	chunk_text	text	text	NO	
cx22073jw	knowledge_chunk	5	audience_code	text	text	YES	
cx22073jw	knowledge_chunk	6	difficulty_code	text	text	YES	
cx22073jw	knowledge_chunk	7	summary_short	text	text	YES	
cx22073jw	knowledge_chunk	8	meta	jsonb	jsonb	NO	'{}'::jsonb
cx22073jw	knowledge_chunk	9	created_at	timestamp with time zone	timestamptz	NO	now()
cx22073jw	knowledge_chunk	10	updated_at	timestamp with time zone	timestamptz	NO	now()
cx22073jw	knowledge_entry	1	knowledge_code	text	text	NO	
cx22073jw	knowledge_entry	2	knowledge_name	text	text	NO	
cx22073jw	knowledge_entry	3	domain_code	text	text	NO	
cx22073jw	knowledge_entry	4	locale_code	text	text	NO	'ja-JP'::text
cx22073jw	knowledge_entry	5	summary_text	text	text	NO	
cx22073jw	knowledge_entry	6	body_text	text	text	NO	
cx22073jw	knowledge_entry	7	enabled	boolean	bool	NO	true
cx22073jw	knowledge_entry	8	sort_order	integer	int4	NO	100
cx22073jw	knowledge_entry	9	created_at	timestamp with time zone	timestamptz	NO	now()
cx22073jw	knowledge_entry	10	updated_at	timestamp with time zone	timestamptz	NO	now()
cx22073jw	multilingual_term_dictionary	1	term_id	uuid	uuid	NO	gen_random_uuid()
cx22073jw	multilingual_term_dictionary	2	term_key	text	text	NO	
cx22073jw	multilingual_term_dictionary	3	language_code	text	text	NO	
cx22073jw	multilingual_term_dictionary	4	locale_code	text	text	NO	''::text
cx22073jw	multilingual_term_dictionary	5	term_value	text	text	NO	
cx22073jw	multilingual_term_dictionary	6	part_of_speech	text	text	YES	
cx22073jw	multilingual_term_dictionary	7	is_canonical	boolean	bool	NO	false
cx22073jw	multilingual_term_dictionary	8	notes	text	text	YES	
cx22073jw	multilingual_term_dictionary	9	created_at	timestamp with time zone	timestamptz	NO	now()
cx22073jw	multilingual_term_dictionary	10	updated_at	timestamp with time zone	timestamptz	NO	now()
cx22073jw	official_prepare_generation_registry	1	generation_registry_id	uuid	uuid	NO	gen_random_uuid()
cx22073jw	official_prepare_generation_registry	2	prepare_queue_item_id	uuid	uuid	NO	
cx22073jw	official_prepare_generation_registry	3	candidate_area_id	uuid	uuid	NO	
cx22073jw	official_prepare_generation_registry	4	profile_code	text	text	NO	
cx22073jw	official_prepare_generation_registry	5	target_schema_name	text	text	NO	
cx22073jw	official_prepare_generation_registry	6	target_table_name	text	text	NO	
cx22073jw	official_prepare_generation_registry	7	target_view_name	text	text	NO	
cx22073jw	official_prepare_generation_registry	8	target_function_name	text	text	NO	
cx22073jw	official_prepare_generation_registry	9	object_family_code	text	text	NO	
cx22073jw	official_prepare_generation_registry	10	role_signature	ARRAY	_text	NO	ARRAY[]::text[]
cx22073jw	official_prepare_generation_registry	11	generation_status	text	text	NO	
cx22073jw	official_prepare_generation_registry	12	generation_note	text	text	YES	
cx22073jw	official_prepare_generation_registry	13	contract_stub	jsonb	jsonb	NO	'{}'::jsonb
cx22073jw	official_prepare_generation_registry	14	ddl_sql	text	text	NO	''::text
cx22073jw	official_prepare_generation_registry	15	last_generated_at	timestamp with time zone	timestamptz	YES	
cx22073jw	official_prepare_generation_registry	16	created_at	timestamp with time zone	timestamptz	NO	now()
cx22073jw	official_prepare_generation_registry	17	updated_at	timestamp with time zone	timestamptz	NO	now()
cx22073jw	official_prepare_generation_registry_log	1	generation_registry_log_id	uuid	uuid	NO	gen_random_uuid()
cx22073jw	official_prepare_generation_registry_log	2	generation_registry_id	uuid	uuid	NO	
cx22073jw	official_prepare_generation_registry_log	3	action_code	text	text	NO	
cx22073jw	official_prepare_generation_registry_log	4	from_status	text	text	YES	
cx22073jw	official_prepare_generation_registry_log	5	to_status	text	text	YES	
cx22073jw	official_prepare_generation_registry_log	6	log_note	text	text	YES	
cx22073jw	official_prepare_generation_registry_log	7	actor_name	text	text	NO	'Zero'::text
cx22073jw	official_prepare_generation_registry_log	8	created_at	timestamp with time zone	timestamptz	NO	now()
cx22073jw	official_prepare_queue_item	1	prepare_queue_item_id	uuid	uuid	NO	gen_random_uuid()
cx22073jw	official_prepare_queue_item	2	prepare_queue_id	uuid	uuid	NO	
cx22073jw	official_prepare_queue_item	3	candidate_area_id	uuid	uuid	NO	
cx22073jw	official_prepare_queue_item	4	item_status	text	text	NO	
cx22073jw	official_prepare_queue_item	5	prepare_stage	text	text	NO	
cx22073jw	official_prepare_queue_item	6	priority_rank	integer	int4	NO	100
cx22073jw	official_prepare_queue_item	7	execution_group_code	text	text	NO	
cx22073jw	official_prepare_queue_item	8	decision_note	text	text	YES	
cx22073jw	official_prepare_queue_item	9	blocker_note	text	text	YES	
cx22073jw	official_prepare_queue_item	10	planned_output_summary	text	text	YES	
cx22073jw	official_prepare_queue_item	11	is_active	boolean	bool	NO	true
cx22073jw	official_prepare_queue_item	12	meta	jsonb	jsonb	NO	'{}'::jsonb
cx22073jw	official_prepare_queue_item	13	created_at	timestamp with time zone	timestamptz	NO	now()
cx22073jw	official_prepare_queue_item	14	updated_at	timestamp with time zone	timestamptz	NO	now()
cx22073jw	official_prepare_queue_item_log	1	prepare_queue_item_log_id	uuid	uuid	NO	gen_random_uuid()
cx22073jw	official_prepare_queue_item_log	2	prepare_queue_item_id	uuid	uuid	NO	
cx22073jw	official_prepare_queue_item_log	3	action_code	text	text	NO	
cx22073jw	official_prepare_queue_item_log	4	from_status	text	text	YES	
cx22073jw	official_prepare_queue_item_log	5	to_status	text	text	YES	
cx22073jw	official_prepare_queue_item_log	6	from_stage	text	text	YES	
cx22073jw	official_prepare_queue_item_log	7	to_stage	text	text	YES	
cx22073jw	official_prepare_queue_item_log	8	log_note	text	text	YES	
cx22073jw	official_prepare_queue_item_log	9	actor_name	text	text	NO	'Zero'::text
cx22073jw	official_prepare_queue_item_log	10	created_at	timestamp with time zone	timestamptz	NO	now()
cx22073jw	official_prepare_queue_master	1	prepare_queue_id	uuid	uuid	NO	gen_random_uuid()
cx22073jw	official_prepare_queue_master	2	queue_code	text	text	NO	
cx22073jw	official_prepare_queue_master	3	queue_name	text	text	NO	
cx22073jw	official_prepare_queue_master	4	queue_scope	text	text	NO	
cx22073jw	official_prepare_queue_master	5	target_release_wave	text	text	NO	
cx22073jw	official_prepare_queue_master	6	queue_status	text	text	NO	
cx22073jw	official_prepare_queue_master	7	owner_name	text	text	NO	
cx22073jw	official_prepare_queue_master	8	prepared_by	text	text	YES	
cx22073jw	official_prepare_queue_master	9	reviewer_name	text	text	YES	
cx22073jw	official_prepare_queue_master	10	description	text	text	YES	
cx22073jw	official_prepare_queue_master	11	meta	jsonb	jsonb	NO	'{}'::jsonb
cx22073jw	official_prepare_queue_master	12	created_at	timestamp with time zone	timestamptz	NO	now()
cx22073jw	official_prepare_queue_master	13	updated_at	timestamp with time zone	timestamptz	NO	now()
cx22073jw	phase1_skeleton_apply_batch	1	apply_batch_id	uuid	uuid	NO	gen_random_uuid()
cx22073jw	phase1_skeleton_apply_batch	2	batch_code	text	text	NO	
cx22073jw	phase1_skeleton_apply_batch	3	batch_scope	text	text	NO	
cx22073jw	phase1_skeleton_apply_batch	4	batch_status	text	text	NO	
cx22073jw	phase1_skeleton_apply_batch	5	actor_name	text	text	NO	'Zero'::text
cx22073jw	phase1_skeleton_apply_batch	6	planned_count	integer	int4	NO	0
cx22073jw	phase1_skeleton_apply_batch	7	applied_count	integer	int4	NO	0
cx22073jw	phase1_skeleton_apply_batch	8	failed_count	integer	int4	NO	0
cx22073jw	phase1_skeleton_apply_batch	9	log_file_path	text	text	YES	
cx22073jw	phase1_skeleton_apply_batch	10	manifest_file_path	text	text	YES	
cx22073jw	phase1_skeleton_apply_batch	11	note_text	text	text	YES	
cx22073jw	phase1_skeleton_apply_batch	12	started_at	timestamp with time zone	timestamptz	NO	now()
cx22073jw	phase1_skeleton_apply_batch	13	ended_at	timestamp with time zone	timestamptz	YES	
cx22073jw	phase1_skeleton_apply_batch	14	meta	jsonb	jsonb	NO	'{}'::jsonb
cx22073jw	phase1_skeleton_apply_batch	15	created_at	timestamp with time zone	timestamptz	NO	now()
cx22073jw	phase1_skeleton_apply_batch	16	updated_at	timestamp with time zone	timestamptz	NO	now()
cx22073jw	phase1_skeleton_apply_item_log	1	apply_item_log_id	uuid	uuid	NO	gen_random_uuid()
cx22073jw	phase1_skeleton_apply_item_log	2	apply_batch_id	uuid	uuid	NO	
cx22073jw	phase1_skeleton_apply_item_log	3	generation_registry_id	uuid	uuid	NO	
cx22073jw	phase1_skeleton_apply_item_log	4	area_slug	text	text	NO	
cx22073jw	phase1_skeleton_apply_item_log	5	target_table_name	text	text	NO	
cx22073jw	phase1_skeleton_apply_item_log	6	target_view_name	text	text	NO	
cx22073jw	phase1_skeleton_apply_item_log	7	apply_status	text	text	NO	
cx22073jw	phase1_skeleton_apply_item_log	8	sql_file_path	text	text	YES	
cx22073jw	phase1_skeleton_apply_item_log	9	message_text	text	text	YES	
cx22073jw	phase1_skeleton_apply_item_log	10	applied_at	timestamp with time zone	timestamptz	NO	now()
cx22073jw	privilege_tier_master	1	tier_code	text	text	NO	
cx22073jw	privilege_tier_master	2	tier_name	text	text	NO	
cx22073jw	privilege_tier_master	3	tier_rank	integer	int4	NO	
cx22073jw	privilege_tier_master	4	is_active	boolean	bool	NO	true
cx22073jw	privilege_tier_master	5	description	text	text	YES	
cx22073jw	privilege_tier_master	6	created_at	timestamp with time zone	timestamptz	NO	now()
cx22073jw	privilege_tier_master	7	updated_at	timestamp with time zone	timestamptz	NO	now()
cx22073jw	privileged_access_audit_log	1	audit_id	bigint	int8	NO	
cx22073jw	privileged_access_audit_log	2	route_code	text	text	NO	
cx22073jw	privileged_access_audit_log	3	tier_code	text	text	NO	
cx22073jw	privileged_access_audit_log	4	selector_code	text	text	NO	
cx22073jw	privileged_access_audit_log	5	resolved_target_id	uuid	uuid	YES	
cx22073jw	privileged_access_audit_log	6	asset_id	uuid	uuid	YES	
cx22073jw	privileged_access_audit_log	7	decision_status	text	text	NO	
cx22073jw	privileged_access_audit_log	8	reason_code	text	text	NO	
cx22073jw	privileged_access_audit_log	9	detail	jsonb	jsonb	NO	'{}'::jsonb
cx22073jw	privileged_access_audit_log	10	requested_at	timestamp with time zone	timestamptz	NO	now()
cx22073jw	privileged_access_audit_log	11	resolved_at	timestamp with time zone	timestamptz	YES	
cx22073jw	privileged_policy_profile	1	profile_code	text	text	NO	
cx22073jw	privileged_policy_profile	2	profile_name	text	text	NO	
cx22073jw	privileged_policy_profile	3	default_decision	text	text	NO	
cx22073jw	privileged_policy_profile	4	minimum_tier_rank	integer	int4	NO	
cx22073jw	privileged_policy_profile	5	isolation_mode	text	text	NO	
cx22073jw	privileged_policy_profile	6	description	text	text	YES	
cx22073jw	privileged_policy_profile	7	created_at	timestamp with time zone	timestamptz	NO	now()
cx22073jw	privileged_policy_profile	8	updated_at	timestamp with time zone	timestamptz	NO	now()
cx22073jw	privileged_route_policy_binding	1	binding_id	uuid	uuid	NO	gen_random_uuid()
cx22073jw	privileged_route_policy_binding	2	route_code	text	text	NO	
cx22073jw	privileged_route_policy_binding	3	tier_code	text	text	NO	
cx22073jw	privileged_route_policy_binding	4	profile_code	text	text	NO	
cx22073jw	privileged_route_policy_binding	5	category_code	text	text	NO	
cx22073jw	privileged_route_policy_binding	6	is_active	boolean	bool	NO	true
cx22073jw	privileged_route_policy_binding	7	created_at	timestamp with time zone	timestamptz	NO	now()
cx22073jw	privileged_route_policy_binding	8	updated_at	timestamp with time zone	timestamptz	NO	now()
cx22073jw	projection_common_column_contract_master	1	common_column_contract_id	uuid	uuid	NO	gen_random_uuid()
cx22073jw	projection_common_column_contract_master	2	profile_code	text	text	NO	
cx22073jw	projection_common_column_contract_master	3	column_name	text	text	NO	
cx22073jw	projection_common_column_contract_master	4	data_type_sql	text	text	NO	
cx22073jw	projection_common_column_contract_master	5	is_nullable	boolean	bool	NO	true
cx22073jw	projection_common_column_contract_master	6	default_sql	text	text	YES	
cx22073jw	projection_common_column_contract_master	7	semantic_role	text	text	NO	
cx22073jw	projection_common_column_contract_master	8	sort_order	integer	int4	NO	
cx22073jw	projection_common_column_contract_master	9	description	text	text	YES	
cx22073jw	projection_common_column_contract_master	10	created_at	timestamp with time zone	timestamptz	NO	now()
cx22073jw	projection_common_column_contract_master	11	updated_at	timestamp with time zone	timestamptz	NO	now()
cx22073jw	published_knowledge_catalog	1	catalog_id	uuid	uuid	NO	gen_random_uuid()
cx22073jw	published_knowledge_catalog	2	article_id	uuid	uuid	NO	
cx22073jw	published_knowledge_catalog	3	catalog_status	text	text	NO	
cx22073jw	published_knowledge_catalog	4	quality_grade	text	text	NO	
cx22073jw	published_knowledge_catalog	5	publication_channel	text	text	NO	
cx22073jw	published_knowledge_catalog	6	published_at	timestamp with time zone	timestamptz	YES	
cx22073jw	published_knowledge_catalog	7	retired_at	timestamp with time zone	timestamptz	YES	
cx22073jw	published_knowledge_catalog	8	search_keywords	ARRAY	_text	NO	ARRAY[]::text[]
cx22073jw	published_knowledge_catalog	9	quality_note	text	text	YES	
cx22073jw	published_knowledge_catalog	10	meta	jsonb	jsonb	NO	'{}'::jsonb
cx22073jw	published_knowledge_catalog	11	created_at	timestamp with time zone	timestamptz	NO	now()
cx22073jw	published_knowledge_catalog	12	updated_at	timestamp with time zone	timestamptz	NO	now()
cx22073jw	published_knowledge_quality_metric	1	metric_id	uuid	uuid	NO	gen_random_uuid()
cx22073jw	published_knowledge_quality_metric	2	catalog_id	uuid	uuid	NO	
cx22073jw	published_knowledge_quality_metric	3	metric_code	text	text	NO	
cx22073jw	published_knowledge_quality_metric	4	metric_value	numeric	numeric	NO	
cx22073jw	published_knowledge_quality_metric	5	metric_unit	text	text	YES	
cx22073jw	published_knowledge_quality_metric	6	is_passing	boolean	bool	NO	true
cx22073jw	published_knowledge_quality_metric	7	meta	jsonb	jsonb	NO	'{}'::jsonb
cx22073jw	published_knowledge_quality_metric	8	created_at	timestamp with time zone	timestamptz	NO	now()
cx22073jw	published_knowledge_quality_metric	9	updated_at	timestamp with time zone	timestamptz	NO	now()
cx22073jw	publishing_asset_area	1	row_id	uuid	uuid	NO	gen_random_uuid()
cx22073jw	publishing_asset_area	2	subject_key	text	text	NO	
cx22073jw	publishing_asset_area	3	source_system	text	text	NO	
cx22073jw	publishing_asset_area	4	source_app	text	text	YES	
cx22073jw	publishing_asset_area	5	canonical_owner_system	text	text	NO	
cx22073jw	publishing_asset_area	6	canonical_ref_key	text	text	YES	
cx22073jw	publishing_asset_area	7	lifecycle_status	text	text	NO	'active'::text
cx22073jw	publishing_asset_area	8	projection_payload	jsonb	jsonb	NO	'{}'::jsonb
cx22073jw	publishing_asset_area	9	meta	jsonb	jsonb	NO	'{}'::jsonb
cx22073jw	publishing_asset_area	10	created_at	timestamp with time zone	timestamptz	NO	now()
cx22073jw	publishing_asset_area	11	updated_at	timestamp with time zone	timestamptz	NO	now()
cx22073jw	readiness_gate_master	1	readiness_gate_id	uuid	uuid	NO	gen_random_uuid()
cx22073jw	readiness_gate_master	2	gate_code	text	text	NO	
cx22073jw	readiness_gate_master	3	gate_name	text	text	NO	
cx22073jw	readiness_gate_master	4	gate_scope	text	text	NO	
cx22073jw	readiness_gate_master	5	gate_status	text	text	NO	
cx22073jw	readiness_gate_master	6	owner_name	text	text	NO	
cx22073jw	readiness_gate_master	7	prepared_by	text	text	YES	
cx22073jw	readiness_gate_master	8	reviewer_name	text	text	YES	
cx22073jw	readiness_gate_master	9	description	text	text	YES	
cx22073jw	readiness_gate_master	10	meta	jsonb	jsonb	NO	'{}'::jsonb
cx22073jw	readiness_gate_master	11	created_at	timestamp with time zone	timestamptz	NO	now()
cx22073jw	readiness_gate_master	12	updated_at	timestamp with time zone	timestamptz	NO	now()
cx22073jw	readiness_gate_result	1	readiness_gate_result_id	uuid	uuid	NO	gen_random_uuid()
cx22073jw	readiness_gate_result	2	readiness_gate_run_id	uuid	uuid	NO	
cx22073jw	readiness_gate_result	3	readiness_gate_rule_id	uuid	uuid	NO	
cx22073jw	readiness_gate_result	4	area_slug	text	text	YES	
cx22073jw	readiness_gate_result	5	pass_flag	boolean	bool	NO	
cx22073jw	readiness_gate_result	6	actual_numeric	numeric	numeric	YES	
cx22073jw	readiness_gate_result	7	actual_text	text	text	YES	
cx22073jw	readiness_gate_result	8	detail_json	jsonb	jsonb	NO	'{}'::jsonb
cx22073jw	readiness_gate_result	9	created_at	timestamp with time zone	timestamptz	NO	now()
cx22073jw	readiness_gate_rule_master	1	readiness_gate_rule_id	uuid	uuid	NO	gen_random_uuid()
cx22073jw	readiness_gate_rule_master	2	readiness_gate_id	uuid	uuid	NO	
cx22073jw	readiness_gate_rule_master	3	rule_code	text	text	NO	
cx22073jw	readiness_gate_rule_master	4	rule_group	text	text	NO	
cx22073jw	readiness_gate_rule_master	5	rule_name	text	text	NO	
cx22073jw	readiness_gate_rule_master	6	target_scope	text	text	NO	
cx22073jw	readiness_gate_rule_master	7	comparator_code	text	text	NO	
cx22073jw	readiness_gate_rule_master	8	threshold_numeric	numeric	numeric	YES	
cx22073jw	readiness_gate_rule_master	9	description	text	text	YES	
cx22073jw	readiness_gate_rule_master	10	sort_order	integer	int4	NO	
cx22073jw	readiness_gate_rule_master	11	is_active	boolean	bool	NO	true
cx22073jw	readiness_gate_rule_master	12	created_at	timestamp with time zone	timestamptz	NO	now()
cx22073jw	readiness_gate_rule_master	13	updated_at	timestamp with time zone	timestamptz	NO	now()
cx22073jw	readiness_gate_run	1	readiness_gate_run_id	uuid	uuid	NO	gen_random_uuid()
cx22073jw	readiness_gate_run	2	readiness_gate_id	uuid	uuid	NO	
cx22073jw	readiness_gate_run	3	run_status	text	text	NO	
cx22073jw	readiness_gate_run	4	total_checks	integer	int4	NO	0
cx22073jw	readiness_gate_run	5	passed_checks	integer	int4	NO	0
cx22073jw	readiness_gate_run	6	failed_checks	integer	int4	NO	0
cx22073jw	readiness_gate_run	7	target_area_count	integer	int4	NO	0
cx22073jw	readiness_gate_run	8	actor_name	text	text	NO	'Zero'::text
cx22073jw	readiness_gate_run	9	note_text	text	text	YES	
cx22073jw	readiness_gate_run	10	started_at	timestamp with time zone	timestamptz	NO	now()
cx22073jw	readiness_gate_run	11	ended_at	timestamp with time zone	timestamptz	YES	
cx22073jw	readiness_gate_run	12	created_at	timestamp with time zone	timestamptz	NO	now()
cx22073jw	readiness_gate_run	13	updated_at	timestamp with time zone	timestamptz	NO	now()
cx22073jw	relation_knowledge	1	relation_id	uuid	uuid	NO	gen_random_uuid()
cx22073jw	relation_knowledge	2	from_entity_id	uuid	uuid	NO	
cx22073jw	relation_knowledge	3	to_entity_id	uuid	uuid	NO	
cx22073jw	relation_knowledge	4	relation_type	text	text	NO	
cx22073jw	relation_knowledge	5	weight_score	numeric	numeric	NO	1
cx22073jw	relation_knowledge	6	meta	jsonb	jsonb	NO	'{}'::jsonb
cx22073jw	relation_knowledge	7	created_at	timestamp with time zone	timestamptz	NO	now()
cx22073jw	relation_knowledge	8	updated_at	timestamp with time zone	timestamptz	NO	now()
cx22073jw	restriction_rule	1	restriction_id	uuid	uuid	NO	gen_random_uuid()
cx22073jw	restriction_rule	2	target_object_type	text	text	NO	
cx22073jw	restriction_rule	3	target_object_id	text	text	NO	
cx22073jw	restriction_rule	4	restriction_code	text	text	NO	
cx22073jw	restriction_rule	5	restriction_scope	text	text	NO	
cx22073jw	restriction_rule	6	restriction_status	text	text	NO	
cx22073jw	restriction_rule	7	rule_json	jsonb	jsonb	NO	'{}'::jsonb
cx22073jw	restriction_rule	8	note_text	text	text	YES	
cx22073jw	restriction_rule	9	created_at	timestamp with time zone	timestamptz	NO	now()
cx22073jw	restriction_rule	10	updated_at	timestamp with time zone	timestamptz	NO	now()
cx22073jw	review_case_area	1	row_id	uuid	uuid	NO	gen_random_uuid()
cx22073jw	review_case_area	2	subject_key	text	text	NO	
cx22073jw	review_case_area	3	source_system	text	text	NO	
cx22073jw	review_case_area	4	source_app	text	text	YES	
cx22073jw	review_case_area	5	canonical_owner_system	text	text	NO	
cx22073jw	review_case_area	6	canonical_ref_key	text	text	YES	
cx22073jw	review_case_area	7	lifecycle_status	text	text	NO	'active'::text
cx22073jw	review_case_area	8	projection_payload	jsonb	jsonb	NO	'{}'::jsonb
cx22073jw	review_case_area	9	policy_context_payload	jsonb	jsonb	NO	'{}'::jsonb
cx22073jw	review_case_area	10	meta	jsonb	jsonb	NO	'{}'::jsonb
cx22073jw	review_case_area	11	created_at	timestamp with time zone	timestamptz	NO	now()
cx22073jw	review_case_area	12	updated_at	timestamp with time zone	timestamptz	NO	now()
cx22073jw	robot_model_role_reference_binding	1	model_binding_id	uuid	uuid	NO	gen_random_uuid()
cx22073jw	robot_model_role_reference_binding	2	model_code	text	text	NO	
cx22073jw	robot_model_role_reference_binding	3	series_code	text	text	NO	
cx22073jw	robot_model_role_reference_binding	4	role_code	text	text	NO	
cx22073jw	robot_model_role_reference_binding	5	binding_type	text	text	NO	'exact'::text
cx22073jw	robot_model_role_reference_binding	6	binding_note	text	text	YES	
cx22073jw	robot_model_role_reference_binding	7	source_system	text	text	NO	'aiworker-os'::text
cx22073jw	robot_model_role_reference_binding	8	created_at	timestamp with time zone	timestamptz	NO	now()
cx22073jw	robot_model_role_reference_binding	9	updated_at	timestamp with time zone	timestamptz	NO	now()
cx22073jw	robot_role_knowledge_pack	1	role_code	text	text	NO	
cx22073jw	robot_role_knowledge_pack	2	role_name_ja	text	text	NO	
cx22073jw	robot_role_knowledge_pack	3	role_group_code	text	text	NO	
cx22073jw	robot_role_knowledge_pack	4	cx_priority	text	text	NO	
cx22073jw	robot_role_knowledge_pack	5	cx_knowledge_domains	jsonb	jsonb	NO	'[]'::jsonb
cx22073jw	robot_role_knowledge_pack	6	primary_use_cases	jsonb	jsonb	NO	'[]'::jsonb
cx22073jw	robot_role_knowledge_pack	7	ai_company_manager_usage	jsonb	jsonb	NO	'[]'::jsonb
cx22073jw	robot_role_knowledge_pack	8	recommended_templates	jsonb	jsonb	NO	'[]'::jsonb
cx22073jw	robot_role_knowledge_pack	9	review_perspectives	jsonb	jsonb	NO	'[]'::jsonb
cx22073jw	robot_role_knowledge_pack	10	risk_and_safety_notes	jsonb	jsonb	NO	'[]'::jsonb
cx22073jw	robot_role_knowledge_pack	11	forbidden_uses	jsonb	jsonb	NO	'[]'::jsonb
cx22073jw	robot_role_knowledge_pack	12	search_tags	jsonb	jsonb	NO	'[]'::jsonb
cx22073jw	robot_role_knowledge_pack	13	example_reference_questions	jsonb	jsonb	NO	'[]'::jsonb
cx22073jw	robot_role_knowledge_pack	14	output_style_guidance	text	text	NO	''::text
cx22073jw	robot_role_knowledge_pack	15	note_text	text	text	YES	
cx22073jw	robot_role_knowledge_pack	16	created_at	timestamp with time zone	timestamptz	NO	now()
cx22073jw	robot_role_knowledge_pack	17	updated_at	timestamp with time zone	timestamptz	NO	now()
cx22073jw	robot_role_knowledge_registration_run	1	registration_run_id	uuid	uuid	NO	gen_random_uuid()
cx22073jw	robot_role_knowledge_registration_run	2	run_code	text	text	NO	
cx22073jw	robot_role_knowledge_registration_run	3	status	text	text	NO	
cx22073jw	robot_role_knowledge_registration_run	4	role_count	integer	int4	NO	0
cx22073jw	robot_role_knowledge_registration_run	5	series_count	integer	int4	NO	0
cx22073jw	robot_role_knowledge_registration_run	6	model_binding_count	integer	int4	NO	0
cx22073jw	robot_role_knowledge_registration_run	7	note_text	text	text	YES	
cx22073jw	robot_role_knowledge_registration_run	8	actor_name	text	text	NO	'Zero'::text
cx22073jw	robot_role_knowledge_registration_run	9	reviewer_name	text	text	NO	'Sato (DB)'::text
cx22073jw	robot_role_knowledge_registration_run	10	created_at	timestamp with time zone	timestamptz	NO	now()
cx22073jw	robot_role_knowledge_registration_run	11	ended_at	timestamp with time zone	timestamptz	YES	
cx22073jw	robot_role_knowledge_topic_binding	1	role_code	text	text	NO	
cx22073jw	robot_role_knowledge_topic_binding	2	topic_code	text	text	NO	
cx22073jw	robot_role_knowledge_topic_binding	3	binding_priority	text	text	NO	
cx22073jw	robot_role_knowledge_topic_binding	4	usage_note_ja	text	text	NO	''::text
cx22073jw	robot_role_knowledge_topic_binding	5	source_system	text	text	NO	'cx22073jw'::text
cx22073jw	robot_role_knowledge_topic_binding	6	created_at	timestamp with time zone	timestamptz	NO	now()
cx22073jw	robot_role_knowledge_topic_binding	7	updated_at	timestamp with time zone	timestamptz	NO	now()
cx22073jw	robot_role_series_supplement	1	series_code	text	text	NO	
cx22073jw	robot_role_series_supplement	2	series_name_ja	text	text	NO	
cx22073jw	robot_role_series_supplement	3	manufacturer_name	text	text	NO	
cx22073jw	robot_role_series_supplement	4	supplement_json	jsonb	jsonb	NO	'{}'::jsonb
cx22073jw	robot_role_series_supplement	5	safety_notes	jsonb	jsonb	NO	'[]'::jsonb
cx22073jw	robot_role_series_supplement	6	search_tags	jsonb	jsonb	NO	'[]'::jsonb
cx22073jw	robot_role_series_supplement	7	note_text	text	text	YES	
cx22073jw	robot_role_series_supplement	8	created_at	timestamp with time zone	timestamptz	NO	now()
cx22073jw	robot_role_series_supplement	9	updated_at	timestamp with time zone	timestamptz	NO	now()
cx22073jw	seasonal_event_content_link	1	link_id	uuid	uuid	NO	gen_random_uuid()
cx22073jw	seasonal_event_content_link	2	event_code	text	text	NO	
cx22073jw	seasonal_event_content_link	3	target_object_type	text	text	NO	
cx22073jw	seasonal_event_content_link	4	target_object_id	text	text	NO	
cx22073jw	seasonal_event_content_link	5	relation_type	text	text	NO	
cx22073jw	seasonal_event_content_link	6	priority_rank	integer	int4	NO	100
cx22073jw	seasonal_event_content_link	7	meta	jsonb	jsonb	NO	'{}'::jsonb
cx22073jw	seasonal_event_content_link	8	created_at	timestamp with time zone	timestamptz	NO	now()
cx22073jw	seasonal_event_content_link	9	updated_at	timestamp with time zone	timestamptz	NO	now()
cx22073jw	seasonal_event_master	1	event_code	text	text	NO	
cx22073jw	seasonal_event_master	2	event_name	text	text	NO	
cx22073jw	seasonal_event_master	3	event_type	text	text	NO	
cx22073jw	seasonal_event_master	4	jurisdiction_code	text	text	YES	
cx22073jw	seasonal_event_master	5	start_month	integer	int4	NO	
cx22073jw	seasonal_event_master	6	start_day	integer	int4	NO	
cx22073jw	seasonal_event_master	7	end_month	integer	int4	NO	
cx22073jw	seasonal_event_master	8	end_day	integer	int4	NO	
cx22073jw	seasonal_event_master	9	recurrence_rule	text	text	NO	'annual'::text
cx22073jw	seasonal_event_master	10	timing_note	text	text	YES	
cx22073jw	seasonal_event_master	11	is_active	boolean	bool	NO	true
cx22073jw	seasonal_event_master	12	created_at	timestamp with time zone	timestamptz	NO	now()
cx22073jw	seasonal_event_master	13	updated_at	timestamp with time zone	timestamptz	NO	now()
cx22073jw	secret_asset	1	asset_id	uuid	uuid	NO	gen_random_uuid()
cx22073jw	secret_asset	2	category_code	text	text	NO	
cx22073jw	secret_asset	3	asset_code	text	text	NO	
cx22073jw	secret_asset	4	asset_name	text	text	NO	
cx22073jw	secret_asset	5	asset_payload	jsonb	jsonb	NO	'{}'::jsonb
cx22073jw	secret_asset	6	sensitivity_level	integer	int4	NO	1
cx22073jw	secret_asset	7	target_id	uuid	uuid	YES	
cx22073jw	secret_asset	8	is_active	boolean	bool	NO	true
cx22073jw	secret_asset	9	created_at	timestamp with time zone	timestamptz	NO	now()
cx22073jw	secret_asset	10	updated_at	timestamp with time zone	timestamptz	NO	now()
cx22073jw	secret_asset_category_master	1	category_code	text	text	NO	
cx22073jw	secret_asset_category_master	2	category_name	text	text	NO	
cx22073jw	secret_asset_category_master	3	description	text	text	YES	
cx22073jw	secret_asset_category_master	4	created_at	timestamp with time zone	timestamptz	NO	now()
cx22073jw	secret_asset_category_master	5	updated_at	timestamp with time zone	timestamptz	NO	now()
cx22073jw	secret_route_binding	1	binding_id	uuid	uuid	NO	gen_random_uuid()
cx22073jw	secret_route_binding	2	route_code	text	text	NO	
cx22073jw	secret_route_binding	3	tier_code	text	text	NO	
cx22073jw	secret_route_binding	4	selector_code	text	text	NO	
cx22073jw	secret_route_binding	5	target_id	uuid	uuid	NO	
cx22073jw	secret_route_binding	6	is_active	boolean	bool	NO	true
cx22073jw	secret_route_binding	7	valid_from	timestamp with time zone	timestamptz	NO	now()
cx22073jw	secret_route_binding	8	valid_to	timestamp with time zone	timestamptz	YES	
cx22073jw	secret_route_binding	9	created_at	timestamp with time zone	timestamptz	NO	now()
cx22073jw	secret_route_binding	10	updated_at	timestamp with time zone	timestamptz	NO	now()
cx22073jw	secret_target_master	1	target_id	uuid	uuid	NO	gen_random_uuid()
cx22073jw	secret_target_master	2	target_code	text	text	NO	
cx22073jw	secret_target_master	3	selector_code	text	text	NO	
cx22073jw	secret_target_master	4	target_name	text	text	NO	
cx22073jw	secret_target_master	5	target_kind	text	text	NO	
cx22073jw	secret_target_master	6	eligibility_rule_json	jsonb	jsonb	NO	'{}'::jsonb
cx22073jw	secret_target_master	7	is_active	boolean	bool	NO	true
cx22073jw	secret_target_master	8	created_at	timestamp with time zone	timestamptz	NO	now()
cx22073jw	secret_target_master	9	updated_at	timestamp with time zone	timestamptz	NO	now()
cx22073jw	secret_target_selector_master	1	selector_code	text	text	NO	
cx22073jw	secret_target_selector_master	2	selector_name	text	text	NO	
cx22073jw	secret_target_selector_master	3	selector_type	text	text	NO	
cx22073jw	secret_target_selector_master	4	description	text	text	YES	
cx22073jw	secret_target_selector_master	5	created_at	timestamp with time zone	timestamptz	NO	now()
cx22073jw	secret_target_selector_master	6	updated_at	timestamp with time zone	timestamptz	NO	now()
cx22073jw	source_review_registry	1	source_registry_code	text	text	NO	
cx22073jw	source_review_registry	2	source_type	text	text	NO	
cx22073jw	source_review_registry	3	source_title	text	text	NO	
cx22073jw	source_review_registry	4	review_status	text	text	NO	
cx22073jw	source_review_registry	5	trust_score	numeric	numeric	YES	
cx22073jw	source_review_registry	6	review_note	text	text	YES	
cx22073jw	source_review_registry	7	meta	jsonb	jsonb	NO	'{}'::jsonb
cx22073jw	source_review_registry	8	created_at	timestamp with time zone	timestamptz	NO	now()
cx22073jw	source_review_registry	9	updated_at	timestamp with time zone	timestamptz	NO	now()
cx22073jw	source_to_cx_fixed_contract_release	1	fixed_contract_release_id	uuid	uuid	NO	gen_random_uuid()
cx22073jw	source_to_cx_fixed_contract_release	2	release_code	text	text	NO	
cx22073jw	source_to_cx_fixed_contract_release	3	source_system_code	text	text	NO	
cx22073jw	source_to_cx_fixed_contract_release	4	target_system_code	text	text	NO	
cx22073jw	source_to_cx_fixed_contract_release	5	source_profile_code	text	text	NO	
cx22073jw	source_to_cx_fixed_contract_release	6	release_scope	text	text	NO	
cx22073jw	source_to_cx_fixed_contract_release	7	release_status	text	text	NO	
cx22073jw	source_to_cx_fixed_contract_release	8	latest_sample_run_status	text	text	YES	
cx22073jw	source_to_cx_fixed_contract_release	9	latest_gate_run_status	text	text	YES	
cx22073jw	source_to_cx_fixed_contract_release	10	total_target_count	integer	int4	NO	0
cx22073jw	source_to_cx_fixed_contract_release	11	released_target_count	integer	int4	NO	0
cx22073jw	source_to_cx_fixed_contract_release	12	blocked_target_count	integer	int4	NO	0
cx22073jw	source_to_cx_fixed_contract_release	13	release_digest	text	text	YES	
cx22073jw	source_to_cx_fixed_contract_release	14	detail_json	jsonb	jsonb	NO	'{}'::jsonb
cx22073jw	source_to_cx_fixed_contract_release	15	created_at	timestamp with time zone	timestamptz	NO	now()
cx22073jw	source_to_cx_fixed_contract_release	16	updated_at	timestamp with time zone	timestamptz	NO	now()
cx22073jw	source_to_cx_fixed_contract_release_key	1	fixed_contract_release_key_id	uuid	uuid	NO	gen_random_uuid()
cx22073jw	source_to_cx_fixed_contract_release_key	2	fixed_contract_release_target_id	uuid	uuid	NO	
cx22073jw	source_to_cx_fixed_contract_release_key	3	key_name	text	text	NO	
cx22073jw	source_to_cx_fixed_contract_release_key	4	key_role	text	text	NO	
cx22073jw	source_to_cx_fixed_contract_release_key	5	source_field_code	text	text	YES	
cx22073jw	source_to_cx_fixed_contract_release_key	6	target_slot_name	text	text	YES	
cx22073jw	source_to_cx_fixed_contract_release_key	7	sort_order	integer	int4	NO	100
cx22073jw	source_to_cx_fixed_contract_release_key	8	created_at	timestamp with time zone	timestamptz	NO	now()
cx22073jw	source_to_cx_fixed_contract_release_target	1	fixed_contract_release_target_id	uuid	uuid	NO	gen_random_uuid()
cx22073jw	source_to_cx_fixed_contract_release_target	2	fixed_contract_release_id	uuid	uuid	NO	
cx22073jw	source_to_cx_fixed_contract_release_target	3	block_code	text	text	NO	
cx22073jw	source_to_cx_fixed_contract_release_target	4	area_slug	text	text	NO	
cx22073jw	source_to_cx_fixed_contract_release_target	5	contract_level	text	text	NO	
cx22073jw	source_to_cx_fixed_contract_release_target	6	target_payload_column_name	text	text	YES	
cx22073jw	source_to_cx_fixed_contract_release_target	7	target_table_name	text	text	YES	
cx22073jw	source_to_cx_fixed_contract_release_target	8	target_function_name	text	text	YES	
cx22073jw	source_to_cx_fixed_contract_release_target	9	key_count	integer	int4	NO	0
cx22073jw	source_to_cx_fixed_contract_release_target	10	missing_key_count	integer	int4	NO	0
cx22073jw	source_to_cx_fixed_contract_release_target	11	target_status_code	text	text	NO	
cx22073jw	source_to_cx_fixed_contract_release_target	12	contract_digest	text	text	YES	
cx22073jw	source_to_cx_fixed_contract_release_target	13	detail_json	jsonb	jsonb	NO	'{}'::jsonb
cx22073jw	source_to_cx_fixed_contract_release_target	14	sort_order	integer	int4	NO	100
cx22073jw	source_to_cx_fixed_contract_release_target	15	created_at	timestamp with time zone	timestamptz	NO	now()
cx22073jw	source_to_cx_fixed_contract_release_target	16	updated_at	timestamp with time zone	timestamptz	NO	now()
cx22073jw	static_art_asset_area	1	row_id	uuid	uuid	NO	gen_random_uuid()
cx22073jw	static_art_asset_area	2	subject_key	text	text	NO	
cx22073jw	static_art_asset_area	3	source_system	text	text	NO	
cx22073jw	static_art_asset_area	4	source_app	text	text	YES	
cx22073jw	static_art_asset_area	5	canonical_owner_system	text	text	NO	
cx22073jw	static_art_asset_area	6	canonical_ref_key	text	text	YES	
cx22073jw	static_art_asset_area	7	lifecycle_status	text	text	NO	'active'::text
cx22073jw	static_art_asset_area	8	projection_payload	jsonb	jsonb	NO	'{}'::jsonb
cx22073jw	static_art_asset_area	9	meta	jsonb	jsonb	NO	'{}'::jsonb
cx22073jw	static_art_asset_area	10	created_at	timestamp with time zone	timestamptz	NO	now()
cx22073jw	static_art_asset_area	11	updated_at	timestamp with time zone	timestamptz	NO	now()
cx22073jw	staticart_delivery_closeout_run	1	delivery_closeout_run_id	uuid	uuid	NO	gen_random_uuid()
cx22073jw	staticart_delivery_closeout_run	2	run_code	text	text	NO	
cx22073jw	staticart_delivery_closeout_run	3	overall_status	text	text	NO	
cx22073jw	staticart_delivery_closeout_run	4	release_code	text	text	YES	
cx22073jw	staticart_delivery_closeout_run	5	release_status	text	text	YES	
cx22073jw	staticart_delivery_closeout_run	6	export_code	text	text	YES	
cx22073jw	staticart_delivery_closeout_run	7	export_status	text	text	YES	
cx22073jw	staticart_delivery_closeout_run	8	export_root_path	text	text	YES	
cx22073jw	staticart_delivery_closeout_run	9	sample_run_status	text	text	YES	
cx22073jw	staticart_delivery_closeout_run	10	readiness_gate_status	text	text	YES	
cx22073jw	staticart_delivery_closeout_run	11	total_target_count	integer	int4	NO	0
cx22073jw	staticart_delivery_closeout_run	12	released_target_count	integer	int4	NO	0
cx22073jw	staticart_delivery_closeout_run	13	blocked_target_count	integer	int4	NO	0
cx22073jw	staticart_delivery_closeout_run	14	actor_name	text	text	NO	'Zero'::text
cx22073jw	staticart_delivery_closeout_run	15	note_text	text	text	YES	
cx22073jw	staticart_delivery_closeout_run	16	created_at	timestamp with time zone	timestamptz	NO	now()
cx22073jw	staticart_delivery_closeout_run	17	updated_at	timestamp with time zone	timestamptz	NO	now()
cx22073jw	staticart_final_completion_certificate	1	final_completion_certificate_id	uuid	uuid	NO	gen_random_uuid()
cx22073jw	staticart_final_completion_certificate	2	certificate_code	text	text	NO	
cx22073jw	staticart_final_completion_certificate	3	overall_status	text	text	NO	
cx22073jw	staticart_final_completion_certificate	4	release_code	text	text	YES	
cx22073jw	staticart_final_completion_certificate	5	release_status	text	text	YES	
cx22073jw	staticart_final_completion_certificate	6	export_code	text	text	YES	
cx22073jw	staticart_final_completion_certificate	7	export_status	text	text	YES	
cx22073jw	staticart_final_completion_certificate	8	package_code	text	text	YES	
cx22073jw	staticart_final_completion_certificate	9	package_status	text	text	YES	
cx22073jw	staticart_final_completion_certificate	10	closeout_run_code	text	text	YES	
cx22073jw	staticart_final_completion_certificate	11	export_root_path	text	text	YES	
cx22073jw	staticart_final_completion_certificate	12	certificate_md_path	text	text	YES	
cx22073jw	staticart_final_completion_certificate	13	reentry_index_md_path	text	text	YES	
cx22073jw	staticart_final_completion_certificate	14	total_target_count	integer	int4	NO	0
cx22073jw	staticart_final_completion_certificate	15	released_target_count	integer	int4	NO	0
cx22073jw	staticart_final_completion_certificate	16	blocked_target_count	integer	int4	NO	0
cx22073jw	staticart_final_completion_certificate	17	file_count	integer	int4	NO	0
cx22073jw	staticart_final_completion_certificate	18	actor_name	text	text	NO	'Zero'::text
cx22073jw	staticart_final_completion_certificate	19	note_text	text	text	YES	
cx22073jw	staticart_final_completion_certificate	20	created_at	timestamp with time zone	timestamptz	NO	now()
cx22073jw	staticart_final_completion_certificate	21	updated_at	timestamp with time zone	timestamptz	NO	now()
cx22073jw	staticart_final_handoff_package	1	final_package_id	uuid	uuid	NO	gen_random_uuid()
cx22073jw	staticart_final_handoff_package	2	package_code	text	text	NO	
cx22073jw	staticart_final_handoff_package	3	export_code	text	text	NO	
cx22073jw	staticart_final_handoff_package	4	export_root_path	text	text	NO	
cx22073jw	staticart_final_handoff_package	5	overall_status	text	text	NO	
cx22073jw	staticart_final_handoff_package	6	release_code	text	text	YES	
cx22073jw	staticart_final_handoff_package	7	release_status	text	text	YES	
cx22073jw	staticart_final_handoff_package	8	closeout_run_code	text	text	YES	
cx22073jw	staticart_final_handoff_package	9	file_index_path	text	text	YES	
cx22073jw	staticart_final_handoff_package	10	sha256_manifest_path	text	text	YES	
cx22073jw	staticart_final_handoff_package	11	db_summary_json_path	text	text	YES	
cx22073jw	staticart_final_handoff_package	12	package_manifest_json_path	text	text	YES	
cx22073jw	staticart_final_handoff_package	13	file_count	integer	int4	NO	0
cx22073jw	staticart_final_handoff_package	14	actor_name	text	text	NO	'Zero'::text
cx22073jw	staticart_final_handoff_package	15	note_text	text	text	YES	
cx22073jw	staticart_final_handoff_package	16	created_at	timestamp with time zone	timestamptz	NO	now()
cx22073jw	staticart_final_handoff_package	17	updated_at	timestamp with time zone	timestamptz	NO	now()
cx22073jw	staticart_final_handoff_package_item	1	final_package_item_id	uuid	uuid	NO	gen_random_uuid()
cx22073jw	staticart_final_handoff_package_item	2	final_package_id	uuid	uuid	NO	
cx22073jw	staticart_final_handoff_package_item	3	relative_path	text	text	NO	
cx22073jw	staticart_final_handoff_package_item	4	file_size_bytes	bigint	int8	NO	0
cx22073jw	staticart_final_handoff_package_item	5	sha256_hex	text	text	YES	
cx22073jw	staticart_final_handoff_package_item	6	created_at	timestamp with time zone	timestamptz	NO	now()
cx22073jw	staticart_handoff_export_batch	1	export_batch_id	uuid	uuid	NO	gen_random_uuid()
cx22073jw	staticart_handoff_export_batch	2	export_code	text	text	NO	
cx22073jw	staticart_handoff_export_batch	3	release_code	text	text	NO	
cx22073jw	staticart_handoff_export_batch	4	export_status	text	text	NO	
cx22073jw	staticart_handoff_export_batch	5	export_root_path	text	text	NO	
cx22073jw	staticart_handoff_export_batch	6	readme_file_path	text	text	YES	
cx22073jw	staticart_handoff_export_batch	7	manifest_file_path	text	text	YES	
cx22073jw	staticart_handoff_export_batch	8	release_summary_file_path	text	text	YES	
cx22073jw	staticart_handoff_export_batch	9	targets_jsonl_file_path	text	text	YES	
cx22073jw	staticart_handoff_export_batch	10	payload_contract_jsonl_path	text	text	YES	
cx22073jw	staticart_handoff_export_batch	11	top_level_contract_jsonl_path	text	text	YES	
cx22073jw	staticart_handoff_export_batch	12	blocked_target_jsonl_path	text	text	YES	
cx22073jw	staticart_handoff_export_batch	13	targets_tsv_file_path	text	text	YES	
cx22073jw	staticart_handoff_export_batch	14	payload_tsv_file_path	text	text	YES	
cx22073jw	staticart_handoff_export_batch	15	top_level_tsv_file_path	text	text	YES	
cx22073jw	staticart_handoff_export_batch	16	total_target_count	integer	int4	NO	0
cx22073jw	staticart_handoff_export_batch	17	released_target_count	integer	int4	NO	0
cx22073jw	staticart_handoff_export_batch	18	blocked_target_count	integer	int4	NO	0
cx22073jw	staticart_handoff_export_batch	19	actor_name	text	text	NO	'Zero'::text
cx22073jw	staticart_handoff_export_batch	20	note_text	text	text	YES	
cx22073jw	staticart_handoff_export_batch	21	created_at	timestamp with time zone	timestamptz	NO	now()
cx22073jw	staticart_handoff_export_batch	22	updated_at	timestamp with time zone	timestamptz	NO	now()
cx22073jw	staticart_handoff_export_item	1	export_item_id	uuid	uuid	NO	gen_random_uuid()
cx22073jw	staticart_handoff_export_item	2	export_batch_id	uuid	uuid	NO	
cx22073jw	staticart_handoff_export_item	3	area_slug	text	text	NO	
cx22073jw	staticart_handoff_export_item	4	block_code	text	text	NO	
cx22073jw	staticart_handoff_export_item	5	contract_level	text	text	NO	
cx22073jw	staticart_handoff_export_item	6	target_payload_column_name	text	text	YES	
cx22073jw	staticart_handoff_export_item	7	target_status_code	text	text	NO	
cx22073jw	staticart_handoff_export_item	8	export_status	text	text	NO	
cx22073jw	staticart_handoff_export_item	9	sort_order	integer	int4	NO	100
cx22073jw	staticart_handoff_export_item	10	created_at	timestamp with time zone	timestamptz	NO	now()
cx22073jw	staticart_knowledge_pack_run	1	sample_pack_run_id	uuid	uuid	NO	gen_random_uuid()
cx22073jw	staticart_knowledge_pack_run	2	sample_code	text	text	NO	
cx22073jw	staticart_knowledge_pack_run	3	apply_wrappers	boolean	bool	NO	false
cx22073jw	staticart_knowledge_pack_run	4	run_status	text	text	NO	
cx22073jw	staticart_knowledge_pack_run	5	total_area_count	integer	int4	NO	0
cx22073jw	staticart_knowledge_pack_run	6	preflight_pass_count	integer	int4	NO	0
cx22073jw	staticart_knowledge_pack_run	7	preflight_fail_count	integer	int4	NO	0
cx22073jw	staticart_knowledge_pack_run	8	wrapper_applied_count	integer	int4	NO	0
cx22073jw	staticart_knowledge_pack_run	9	wrapper_skipped_count	integer	int4	NO	0
cx22073jw	staticart_knowledge_pack_run	10	actor_name	text	text	NO	'Zero'::text
cx22073jw	staticart_knowledge_pack_run	11	note_text	text	text	YES	
cx22073jw	staticart_knowledge_pack_run	12	started_at	timestamp with time zone	timestamptz	NO	now()
cx22073jw	staticart_knowledge_pack_run	13	ended_at	timestamp with time zone	timestamptz	YES	
cx22073jw	staticart_knowledge_pack_run	14	created_at	timestamp with time zone	timestamptz	NO	now()
cx22073jw	staticart_knowledge_pack_run	15	updated_at	timestamp with time zone	timestamptz	NO	now()
cx22073jw	staticart_knowledge_pack_run_item	1	sample_pack_run_item_id	uuid	uuid	NO	gen_random_uuid()
cx22073jw	staticart_knowledge_pack_run_item	2	sample_pack_run_id	uuid	uuid	NO	
cx22073jw	staticart_knowledge_pack_run_item	3	area_slug	text	text	NO	
cx22073jw	staticart_knowledge_pack_run_item	4	target_function_name	text	text	YES	
cx22073jw	staticart_knowledge_pack_run_item	5	subject_key	text	text	NO	
cx22073jw	staticart_knowledge_pack_run_item	6	preflight_status	text	text	NO	
cx22073jw	staticart_knowledge_pack_run_item	7	missing_detail_json	jsonb	jsonb	NO	'{}'::jsonb
cx22073jw	staticart_knowledge_pack_run_item	8	projection_payload	jsonb	jsonb	YES	
cx22073jw	staticart_knowledge_pack_run_item	9	index_payload	jsonb	jsonb	YES	
cx22073jw	staticart_knowledge_pack_run_item	10	policy_context_payload	jsonb	jsonb	YES	
cx22073jw	staticart_knowledge_pack_run_item	11	meta_payload	jsonb	jsonb	YES	
cx22073jw	staticart_knowledge_pack_run_item	12	wrapper_apply_status	text	text	NO	
cx22073jw	staticart_knowledge_pack_run_item	13	result_row_id	uuid	uuid	YES	
cx22073jw	staticart_knowledge_pack_run_item	14	error_text	text	text	YES	
cx22073jw	staticart_knowledge_pack_run_item	15	created_at	timestamp with time zone	timestamptz	NO	now()
cx22073jw	staticart_knowledge_pack_sample_registry	1	sample_pack_id	uuid	uuid	NO	gen_random_uuid()
cx22073jw	staticart_knowledge_pack_sample_registry	2	sample_code	text	text	NO	
cx22073jw	staticart_knowledge_pack_sample_registry	3	knowledge_pack_root	jsonb	jsonb	NO	'{}'::jsonb
cx22073jw	staticart_knowledge_pack_sample_registry	4	identity_block	jsonb	jsonb	NO	'{}'::jsonb
cx22073jw	staticart_knowledge_pack_sample_registry	5	search_block	jsonb	jsonb	NO	'{}'::jsonb
cx22073jw	staticart_knowledge_pack_sample_registry	6	exhibition_block	jsonb	jsonb	NO	'{}'::jsonb
cx22073jw	staticart_knowledge_pack_sample_registry	7	rights_digest_block	jsonb	jsonb	NO	'{}'::jsonb
cx22073jw	staticart_knowledge_pack_sample_registry	8	relationship_block	jsonb	jsonb	NO	'{}'::jsonb
cx22073jw	staticart_knowledge_pack_sample_registry	9	review_learning_block	jsonb	jsonb	NO	'{}'::jsonb
cx22073jw	staticart_knowledge_pack_sample_registry	10	continuity_signal_block	jsonb	jsonb	NO	'{}'::jsonb
cx22073jw	staticart_knowledge_pack_sample_registry	11	recommendation_block	jsonb	jsonb	NO	'{}'::jsonb
cx22073jw	staticart_knowledge_pack_sample_registry	12	is_active	boolean	bool	NO	true
cx22073jw	staticart_knowledge_pack_sample_registry	13	created_at	timestamp with time zone	timestamptz	NO	now()
cx22073jw	staticart_knowledge_pack_sample_registry	14	updated_at	timestamp with time zone	timestamptz	NO	now()
cx22073jw	staticart_resume_pack_run	1	resume_pack_run_id	uuid	uuid	NO	gen_random_uuid()
cx22073jw	staticart_resume_pack_run	2	run_code	text	text	NO	
cx22073jw	staticart_resume_pack_run	3	certificate_code	text	text	YES	
cx22073jw	staticart_resume_pack_run	4	certificate_status	text	text	YES	
cx22073jw	staticart_resume_pack_run	5	release_code	text	text	YES	
cx22073jw	staticart_resume_pack_run	6	release_status	text	text	YES	
cx22073jw	staticart_resume_pack_run	7	export_code	text	text	YES	
cx22073jw	staticart_resume_pack_run	8	export_status	text	text	YES	
cx22073jw	staticart_resume_pack_run	9	package_code	text	text	YES	
cx22073jw	staticart_resume_pack_run	10	package_status	text	text	YES	
cx22073jw	staticart_resume_pack_run	11	closeout_run_code	text	text	YES	
cx22073jw	staticart_resume_pack_run	12	export_root_path	text	text	NO	
cx22073jw	staticart_resume_pack_run	13	operations_index_md_path	text	text	YES	
cx22073jw	staticart_resume_pack_run	14	resume_context_json_path	text	text	YES	
cx22073jw	staticart_resume_pack_run	15	file_count	integer	int4	NO	0
cx22073jw	staticart_resume_pack_run	16	actor_name	text	text	NO	'Zero'::text
cx22073jw	staticart_resume_pack_run	17	note_text	text	text	YES	
cx22073jw	staticart_resume_pack_run	18	created_at	timestamp with time zone	timestamptz	NO	now()
cx22073jw	staticart_resume_pack_run	19	updated_at	timestamp with time zone	timestamptz	NO	now()
cx22073jw	streaming_category_tree_area	1	row_id	uuid	uuid	NO	gen_random_uuid()
cx22073jw	streaming_category_tree_area	2	subject_key	text	text	NO	
cx22073jw	streaming_category_tree_area	3	source_system	text	text	NO	
cx22073jw	streaming_category_tree_area	4	source_app	text	text	YES	
cx22073jw	streaming_category_tree_area	5	canonical_owner_system	text	text	NO	
cx22073jw	streaming_category_tree_area	6	canonical_ref_key	text	text	YES	
cx22073jw	streaming_category_tree_area	7	lifecycle_status	text	text	NO	'active'::text
cx22073jw	streaming_category_tree_area	8	projection_payload	jsonb	jsonb	NO	'{}'::jsonb
cx22073jw	streaming_category_tree_area	9	index_terms	ARRAY	_text	NO	ARRAY[]::text[]
cx22073jw	streaming_category_tree_area	10	index_payload	jsonb	jsonb	NO	'{}'::jsonb
cx22073jw	streaming_category_tree_area	11	optimization_payload	jsonb	jsonb	NO	'{}'::jsonb
cx22073jw	streaming_category_tree_area	12	priority_score	numeric	numeric	NO	0
cx22073jw	streaming_category_tree_area	13	meta	jsonb	jsonb	NO	'{}'::jsonb
cx22073jw	streaming_category_tree_area	14	created_at	timestamp with time zone	timestamptz	NO	now()
cx22073jw	streaming_category_tree_area	15	updated_at	timestamp with time zone	timestamptz	NO	now()
cx22073jw	streaming_connector_audit_area	1	row_id	uuid	uuid	NO	gen_random_uuid()
cx22073jw	streaming_connector_audit_area	2	subject_key	text	text	NO	
cx22073jw	streaming_connector_audit_area	3	source_system	text	text	NO	
cx22073jw	streaming_connector_audit_area	4	source_app	text	text	YES	
cx22073jw	streaming_connector_audit_area	5	canonical_owner_system	text	text	NO	
cx22073jw	streaming_connector_audit_area	6	canonical_ref_key	text	text	YES	
cx22073jw	streaming_connector_audit_area	7	lifecycle_status	text	text	NO	'active'::text
cx22073jw	streaming_connector_audit_area	8	summary_text	text	text	YES	
cx22073jw	streaming_connector_audit_area	9	summary_payload	jsonb	jsonb	NO	'{}'::jsonb
cx22073jw	streaming_connector_audit_area	10	optimization_payload	jsonb	jsonb	NO	'{}'::jsonb
cx22073jw	streaming_connector_audit_area	11	priority_score	numeric	numeric	NO	0
cx22073jw	streaming_connector_audit_area	12	meta	jsonb	jsonb	NO	'{}'::jsonb
cx22073jw	streaming_connector_audit_area	13	created_at	timestamp with time zone	timestamptz	NO	now()
cx22073jw	streaming_connector_audit_area	14	updated_at	timestamp with time zone	timestamptz	NO	now()
cx22073jw	streaming_continue_watching_area	1	row_id	uuid	uuid	NO	gen_random_uuid()
cx22073jw	streaming_continue_watching_area	2	subject_key	text	text	NO	
cx22073jw	streaming_continue_watching_area	3	source_system	text	text	NO	
cx22073jw	streaming_continue_watching_area	4	source_app	text	text	YES	
cx22073jw	streaming_continue_watching_area	5	canonical_owner_system	text	text	NO	
cx22073jw	streaming_continue_watching_area	6	canonical_ref_key	text	text	YES	
cx22073jw	streaming_continue_watching_area	7	lifecycle_status	text	text	NO	'active'::text
cx22073jw	streaming_continue_watching_area	8	summary_text	text	text	YES	
cx22073jw	streaming_continue_watching_area	9	summary_payload	jsonb	jsonb	NO	'{}'::jsonb
cx22073jw	streaming_continue_watching_area	10	continuity_payload	jsonb	jsonb	NO	'{}'::jsonb
cx22073jw	streaming_continue_watching_area	11	resume_at	timestamp with time zone	timestamptz	YES	
cx22073jw	streaming_continue_watching_area	12	optimization_payload	jsonb	jsonb	NO	'{}'::jsonb
cx22073jw	streaming_continue_watching_area	13	priority_score	numeric	numeric	NO	0
cx22073jw	streaming_continue_watching_area	14	meta	jsonb	jsonb	NO	'{}'::jsonb
cx22073jw	streaming_continue_watching_area	15	created_at	timestamp with time zone	timestamptz	NO	now()
cx22073jw	streaming_continue_watching_area	16	updated_at	timestamp with time zone	timestamptz	NO	now()
cx22073jw	streaming_creator_asset_area	1	row_id	uuid	uuid	NO	gen_random_uuid()
cx22073jw	streaming_creator_asset_area	2	subject_key	text	text	NO	
cx22073jw	streaming_creator_asset_area	3	source_system	text	text	NO	
cx22073jw	streaming_creator_asset_area	4	source_app	text	text	YES	
cx22073jw	streaming_creator_asset_area	5	canonical_owner_system	text	text	NO	
cx22073jw	streaming_creator_asset_area	6	canonical_ref_key	text	text	YES	
cx22073jw	streaming_creator_asset_area	7	lifecycle_status	text	text	NO	'active'::text
cx22073jw	streaming_creator_asset_area	8	projection_payload	jsonb	jsonb	NO	'{}'::jsonb
cx22073jw	streaming_creator_asset_area	9	meta	jsonb	jsonb	NO	'{}'::jsonb
cx22073jw	streaming_creator_asset_area	10	created_at	timestamp with time zone	timestamptz	NO	now()
cx22073jw	streaming_creator_asset_area	11	updated_at	timestamp with time zone	timestamptz	NO	now()
cx22073jw	streaming_marketplace_listing_area	1	row_id	uuid	uuid	NO	gen_random_uuid()
cx22073jw	streaming_marketplace_listing_area	2	subject_key	text	text	NO	
cx22073jw	streaming_marketplace_listing_area	3	source_system	text	text	NO	
cx22073jw	streaming_marketplace_listing_area	4	source_app	text	text	YES	
cx22073jw	streaming_marketplace_listing_area	5	canonical_owner_system	text	text	NO	
cx22073jw	streaming_marketplace_listing_area	6	canonical_ref_key	text	text	YES	
cx22073jw	streaming_marketplace_listing_area	7	lifecycle_status	text	text	NO	'active'::text
cx22073jw	streaming_marketplace_listing_area	8	projection_payload	jsonb	jsonb	NO	'{}'::jsonb
cx22073jw	streaming_marketplace_listing_area	9	optimization_payload	jsonb	jsonb	NO	'{}'::jsonb
cx22073jw	streaming_marketplace_listing_area	10	priority_score	numeric	numeric	NO	0
cx22073jw	streaming_marketplace_listing_area	11	meta	jsonb	jsonb	NO	'{}'::jsonb
cx22073jw	streaming_marketplace_listing_area	12	created_at	timestamp with time zone	timestamptz	NO	now()
cx22073jw	streaming_marketplace_listing_area	13	updated_at	timestamp with time zone	timestamptz	NO	now()
cx22073jw	streaming_membership_program_area	1	row_id	uuid	uuid	NO	gen_random_uuid()
cx22073jw	streaming_membership_program_area	2	subject_key	text	text	NO	
cx22073jw	streaming_membership_program_area	3	source_system	text	text	NO	
cx22073jw	streaming_membership_program_area	4	source_app	text	text	YES	
cx22073jw	streaming_membership_program_area	5	canonical_owner_system	text	text	NO	
cx22073jw	streaming_membership_program_area	6	canonical_ref_key	text	text	YES	
cx22073jw	streaming_membership_program_area	7	lifecycle_status	text	text	NO	'active'::text
cx22073jw	streaming_membership_program_area	8	projection_payload	jsonb	jsonb	NO	'{}'::jsonb
cx22073jw	streaming_membership_program_area	9	policy_context_payload	jsonb	jsonb	NO	'{}'::jsonb
cx22073jw	streaming_membership_program_area	10	meta	jsonb	jsonb	NO	'{}'::jsonb
cx22073jw	streaming_membership_program_area	11	created_at	timestamp with time zone	timestamptz	NO	now()
cx22073jw	streaming_membership_program_area	12	updated_at	timestamp with time zone	timestamptz	NO	now()
cx22073jw	streaming_membership_rule_area	1	row_id	uuid	uuid	NO	gen_random_uuid()
cx22073jw	streaming_membership_rule_area	2	subject_key	text	text	NO	
cx22073jw	streaming_membership_rule_area	3	source_system	text	text	NO	
cx22073jw	streaming_membership_rule_area	4	source_app	text	text	YES	
cx22073jw	streaming_membership_rule_area	5	canonical_owner_system	text	text	NO	
cx22073jw	streaming_membership_rule_area	6	canonical_ref_key	text	text	YES	
cx22073jw	streaming_membership_rule_area	7	lifecycle_status	text	text	NO	'active'::text
cx22073jw	streaming_membership_rule_area	8	projection_payload	jsonb	jsonb	NO	'{}'::jsonb
cx22073jw	streaming_membership_rule_area	9	policy_context_payload	jsonb	jsonb	NO	'{}'::jsonb
cx22073jw	streaming_membership_rule_area	10	meta	jsonb	jsonb	NO	'{}'::jsonb
cx22073jw	streaming_membership_rule_area	11	created_at	timestamp with time zone	timestamptz	NO	now()
cx22073jw	streaming_membership_rule_area	12	updated_at	timestamp with time zone	timestamptz	NO	now()
cx22073jw	streaming_paid_video_offer_area	1	row_id	uuid	uuid	NO	gen_random_uuid()
cx22073jw	streaming_paid_video_offer_area	2	subject_key	text	text	NO	
cx22073jw	streaming_paid_video_offer_area	3	source_system	text	text	NO	
cx22073jw	streaming_paid_video_offer_area	4	source_app	text	text	YES	
cx22073jw	streaming_paid_video_offer_area	5	canonical_owner_system	text	text	NO	
cx22073jw	streaming_paid_video_offer_area	6	canonical_ref_key	text	text	YES	
cx22073jw	streaming_paid_video_offer_area	7	lifecycle_status	text	text	NO	'active'::text
cx22073jw	streaming_paid_video_offer_area	8	projection_payload	jsonb	jsonb	NO	'{}'::jsonb
cx22073jw	streaming_paid_video_offer_area	9	policy_context_payload	jsonb	jsonb	NO	'{}'::jsonb
cx22073jw	streaming_paid_video_offer_area	10	meta	jsonb	jsonb	NO	'{}'::jsonb
cx22073jw	streaming_paid_video_offer_area	11	created_at	timestamp with time zone	timestamptz	NO	now()
cx22073jw	streaming_paid_video_offer_area	12	updated_at	timestamp with time zone	timestamptz	NO	now()
cx22073jw	streaming_progress_resume_area	1	row_id	uuid	uuid	NO	gen_random_uuid()
cx22073jw	streaming_progress_resume_area	2	subject_key	text	text	NO	
cx22073jw	streaming_progress_resume_area	3	source_system	text	text	NO	
cx22073jw	streaming_progress_resume_area	4	source_app	text	text	YES	
cx22073jw	streaming_progress_resume_area	5	canonical_owner_system	text	text	NO	
cx22073jw	streaming_progress_resume_area	6	canonical_ref_key	text	text	YES	
cx22073jw	streaming_progress_resume_area	7	lifecycle_status	text	text	NO	'active'::text
cx22073jw	streaming_progress_resume_area	8	summary_text	text	text	YES	
cx22073jw	streaming_progress_resume_area	9	summary_payload	jsonb	jsonb	NO	'{}'::jsonb
cx22073jw	streaming_progress_resume_area	10	continuity_payload	jsonb	jsonb	NO	'{}'::jsonb
cx22073jw	streaming_progress_resume_area	11	resume_at	timestamp with time zone	timestamptz	YES	
cx22073jw	streaming_progress_resume_area	12	optimization_payload	jsonb	jsonb	NO	'{}'::jsonb
cx22073jw	streaming_progress_resume_area	13	priority_score	numeric	numeric	NO	0
cx22073jw	streaming_progress_resume_area	14	meta	jsonb	jsonb	NO	'{}'::jsonb
cx22073jw	streaming_progress_resume_area	15	created_at	timestamp with time zone	timestamptz	NO	now()
cx22073jw	streaming_progress_resume_area	16	updated_at	timestamp with time zone	timestamptz	NO	now()
cx22073jw	streaming_publish_setting_area	1	row_id	uuid	uuid	NO	gen_random_uuid()
cx22073jw	streaming_publish_setting_area	2	subject_key	text	text	NO	
cx22073jw	streaming_publish_setting_area	3	source_system	text	text	NO	
cx22073jw	streaming_publish_setting_area	4	source_app	text	text	YES	
cx22073jw	streaming_publish_setting_area	5	canonical_owner_system	text	text	NO	
cx22073jw	streaming_publish_setting_area	6	canonical_ref_key	text	text	YES	
cx22073jw	streaming_publish_setting_area	7	lifecycle_status	text	text	NO	'active'::text
cx22073jw	streaming_publish_setting_area	8	projection_payload	jsonb	jsonb	NO	'{}'::jsonb
cx22073jw	streaming_publish_setting_area	9	policy_context_payload	jsonb	jsonb	NO	'{}'::jsonb
cx22073jw	streaming_publish_setting_area	10	meta	jsonb	jsonb	NO	'{}'::jsonb
cx22073jw	streaming_publish_setting_area	11	created_at	timestamp with time zone	timestamptz	NO	now()
cx22073jw	streaming_publish_setting_area	12	updated_at	timestamp with time zone	timestamptz	NO	now()
cx22073jw	streaming_revenue_split_area	1	row_id	uuid	uuid	NO	gen_random_uuid()
cx22073jw	streaming_revenue_split_area	2	subject_key	text	text	NO	
cx22073jw	streaming_revenue_split_area	3	source_system	text	text	NO	
cx22073jw	streaming_revenue_split_area	4	source_app	text	text	YES	
cx22073jw	streaming_revenue_split_area	5	canonical_owner_system	text	text	NO	
cx22073jw	streaming_revenue_split_area	6	canonical_ref_key	text	text	YES	
cx22073jw	streaming_revenue_split_area	7	lifecycle_status	text	text	NO	'active'::text
cx22073jw	streaming_revenue_split_area	8	projection_payload	jsonb	jsonb	NO	'{}'::jsonb
cx22073jw	streaming_revenue_split_area	9	summary_text	text	text	YES	
cx22073jw	streaming_revenue_split_area	10	summary_payload	jsonb	jsonb	NO	'{}'::jsonb
cx22073jw	streaming_revenue_split_area	11	meta	jsonb	jsonb	NO	'{}'::jsonb
cx22073jw	streaming_revenue_split_area	12	created_at	timestamp with time zone	timestamptz	NO	now()
cx22073jw	streaming_revenue_split_area	13	updated_at	timestamp with time zone	timestamptz	NO	now()
cx22073jw	streaming_view_history_area	1	row_id	uuid	uuid	NO	gen_random_uuid()
cx22073jw	streaming_view_history_area	2	subject_key	text	text	NO	
cx22073jw	streaming_view_history_area	3	source_system	text	text	NO	
cx22073jw	streaming_view_history_area	4	source_app	text	text	YES	
cx22073jw	streaming_view_history_area	5	canonical_owner_system	text	text	NO	
cx22073jw	streaming_view_history_area	6	canonical_ref_key	text	text	YES	
cx22073jw	streaming_view_history_area	7	lifecycle_status	text	text	NO	'active'::text
cx22073jw	streaming_view_history_area	8	summary_text	text	text	YES	
cx22073jw	streaming_view_history_area	9	summary_payload	jsonb	jsonb	NO	'{}'::jsonb
cx22073jw	streaming_view_history_area	10	continuity_payload	jsonb	jsonb	NO	'{}'::jsonb
cx22073jw	streaming_view_history_area	11	resume_at	timestamp with time zone	timestamptz	YES	
cx22073jw	streaming_view_history_area	12	optimization_payload	jsonb	jsonb	NO	'{}'::jsonb
cx22073jw	streaming_view_history_area	13	priority_score	numeric	numeric	NO	0
cx22073jw	streaming_view_history_area	14	meta	jsonb	jsonb	NO	'{}'::jsonb
cx22073jw	streaming_view_history_area	15	created_at	timestamp with time zone	timestamptz	NO	now()
cx22073jw	streaming_view_history_area	16	updated_at	timestamp with time zone	timestamptz	NO	now()
cx22073jw	summary_registry	1	summary_id	uuid	uuid	NO	gen_random_uuid()
cx22073jw	summary_registry	2	object_type	text	text	NO	
cx22073jw	summary_registry	3	object_id	uuid	uuid	NO	
cx22073jw	summary_registry	4	summary_kind	text	text	NO	
cx22073jw	summary_registry	5	summary_text	text	text	NO	
cx22073jw	summary_registry	6	meta	jsonb	jsonb	NO	'{}'::jsonb
cx22073jw	summary_registry	7	created_at	timestamp with time zone	timestamptz	NO	now()
cx22073jw	summary_registry	8	updated_at	timestamp with time zone	timestamptz	NO	now()
cx22073jw	system_to_cx_knowledge_transfer_block	1	transfer_block_id	uuid	uuid	NO	gen_random_uuid()
cx22073jw	system_to_cx_knowledge_transfer_block	2	transfer_profile_id	uuid	uuid	NO	
cx22073jw	system_to_cx_knowledge_transfer_block	3	block_code	text	text	NO	
cx22073jw	system_to_cx_knowledge_transfer_block	4	block_name	text	text	NO	
cx22073jw	system_to_cx_knowledge_transfer_block	5	sort_order	integer	int4	NO	
cx22073jw	system_to_cx_knowledge_transfer_block	6	block_kind	text	text	NO	
cx22073jw	system_to_cx_knowledge_transfer_block	7	block_description	text	text	YES	
cx22073jw	system_to_cx_knowledge_transfer_block	8	important_rule_text	text	text	YES	
cx22073jw	system_to_cx_knowledge_transfer_block	9	created_at	timestamp with time zone	timestamptz	NO	now()
cx22073jw	system_to_cx_knowledge_transfer_block	10	updated_at	timestamp with time zone	timestamptz	NO	now()
cx22073jw	system_to_cx_knowledge_transfer_field	1	transfer_field_id	uuid	uuid	NO	gen_random_uuid()
cx22073jw	system_to_cx_knowledge_transfer_field	2	transfer_block_id	uuid	uuid	NO	
cx22073jw	system_to_cx_knowledge_transfer_field	3	field_code	text	text	NO	
cx22073jw	system_to_cx_knowledge_transfer_field	4	field_type_text	text	text	YES	
cx22073jw	system_to_cx_knowledge_transfer_field	5	field_role_text	text	text	YES	
cx22073jw	system_to_cx_knowledge_transfer_field	6	fixed_value_text	text	text	YES	
cx22073jw	system_to_cx_knowledge_transfer_field	7	allowed_values	ARRAY	_text	NO	ARRAY[]::text[]
cx22073jw	system_to_cx_knowledge_transfer_field	8	sort_order	integer	int4	NO	
cx22073jw	system_to_cx_knowledge_transfer_field	9	created_at	timestamp with time zone	timestamptz	NO	now()
cx22073jw	system_to_cx_knowledge_transfer_field	10	updated_at	timestamp with time zone	timestamptz	NO	now()
cx22073jw	system_to_cx_knowledge_transfer_profile	1	transfer_profile_id	uuid	uuid	NO	gen_random_uuid()
cx22073jw	system_to_cx_knowledge_transfer_profile	2	source_system_code	text	text	NO	
cx22073jw	system_to_cx_knowledge_transfer_profile	3	source_schema_code	text	text	YES	
cx22073jw	system_to_cx_knowledge_transfer_profile	4	target_system_code	text	text	NO	
cx22073jw	system_to_cx_knowledge_transfer_profile	5	profile_code	text	text	NO	
cx22073jw	system_to_cx_knowledge_transfer_profile	6	status_code	text	text	NO	
cx22073jw	system_to_cx_knowledge_transfer_profile	7	owner_name	text	text	NO	
cx22073jw	system_to_cx_knowledge_transfer_profile	8	prepared_by	text	text	YES	
cx22073jw	system_to_cx_knowledge_transfer_profile	9	purpose_text	text	text	NO	
cx22073jw	system_to_cx_knowledge_transfer_profile	10	core_rule_text	text	text	NO	
cx22073jw	system_to_cx_knowledge_transfer_profile	11	final_rule_text	text	text	NO	
cx22073jw	system_to_cx_knowledge_transfer_profile	12	created_at	timestamp with time zone	timestamptz	NO	now()
cx22073jw	system_to_cx_knowledge_transfer_profile	13	updated_at	timestamp with time zone	timestamptz	NO	now()
cx22073jw	system_to_cx_knowledge_transfer_rule_item	1	transfer_rule_item_id	uuid	uuid	NO	gen_random_uuid()
cx22073jw	system_to_cx_knowledge_transfer_rule_item	2	transfer_profile_id	uuid	uuid	NO	
cx22073jw	system_to_cx_knowledge_transfer_rule_item	3	rule_group_code	text	text	NO	
cx22073jw	system_to_cx_knowledge_transfer_rule_item	4	item_text	text	text	NO	
cx22073jw	system_to_cx_knowledge_transfer_rule_item	5	sort_order	integer	int4	NO	
cx22073jw	system_to_cx_knowledge_transfer_rule_item	6	created_at	timestamp with time zone	timestamptz	NO	now()
cx22073jw	system_to_cx_knowledge_transfer_rule_item	7	updated_at	timestamp with time zone	timestamptz	NO	now()
cx22073jw	system_to_cx_transfer_area_binding	1	transfer_area_binding_id	uuid	uuid	NO	gen_random_uuid()
cx22073jw	system_to_cx_transfer_area_binding	2	transfer_profile_id	uuid	uuid	NO	
cx22073jw	system_to_cx_transfer_area_binding	3	transfer_block_id	uuid	uuid	NO	
cx22073jw	system_to_cx_transfer_area_binding	4	candidate_area_id	uuid	uuid	NO	
cx22073jw	system_to_cx_transfer_area_binding	5	target_slot_scope	text	text	NO	
cx22073jw	system_to_cx_transfer_area_binding	6	target_payload_column_name	text	text	YES	
cx22073jw	system_to_cx_transfer_area_binding	7	binding_status	text	text	NO	
cx22073jw	system_to_cx_transfer_area_binding	8	priority_rank	integer	int4	NO	
cx22073jw	system_to_cx_transfer_area_binding	9	is_minimum_first_send	boolean	bool	NO	false
cx22073jw	system_to_cx_transfer_area_binding	10	binding_note	text	text	YES	
cx22073jw	system_to_cx_transfer_area_binding	11	created_at	timestamp with time zone	timestamptz	NO	now()
cx22073jw	system_to_cx_transfer_area_binding	12	updated_at	timestamp with time zone	timestamptz	NO	now()
cx22073jw	system_to_cx_transfer_contract_binding_snapshot	1	transfer_contract_binding_snapshot_id	uuid	uuid	NO	gen_random_uuid()
cx22073jw	system_to_cx_transfer_contract_binding_snapshot	2	transfer_area_binding_id	uuid	uuid	NO	
cx22073jw	system_to_cx_transfer_contract_binding_snapshot	3	mapped_field_count	integer	int4	NO	0
cx22073jw	system_to_cx_transfer_contract_binding_snapshot	4	target_contract_key_count	integer	int4	YES	
cx22073jw	system_to_cx_transfer_contract_binding_snapshot	5	matched_contract_key_count	integer	int4	YES	
cx22073jw	system_to_cx_transfer_contract_binding_snapshot	6	missing_contract_keys	ARRAY	_text	NO	ARRAY[]::text[]
cx22073jw	system_to_cx_transfer_contract_binding_snapshot	7	snapshot_json	jsonb	jsonb	NO	'{}'::jsonb
cx22073jw	system_to_cx_transfer_contract_binding_snapshot	8	generated_at	timestamp with time zone	timestamptz	NO	now()
cx22073jw	system_to_cx_transfer_contract_binding_snapshot	9	created_at	timestamp with time zone	timestamptz	NO	now()
cx22073jw	system_to_cx_transfer_contract_binding_snapshot	10	updated_at	timestamp with time zone	timestamptz	NO	now()
cx22073jw	system_to_cx_transfer_field_slot_binding	1	transfer_field_slot_binding_id	uuid	uuid	NO	gen_random_uuid()
cx22073jw	system_to_cx_transfer_field_slot_binding	2	transfer_area_binding_id	uuid	uuid	NO	
cx22073jw	system_to_cx_transfer_field_slot_binding	3	transfer_field_id	uuid	uuid	NO	
cx22073jw	system_to_cx_transfer_field_slot_binding	4	target_slot_type	text	text	NO	
cx22073jw	system_to_cx_transfer_field_slot_binding	5	target_slot_name	text	text	NO	
cx22073jw	system_to_cx_transfer_field_slot_binding	6	mapping_mode	text	text	NO	
cx22073jw	system_to_cx_transfer_field_slot_binding	7	sort_order	integer	int4	NO	
cx22073jw	system_to_cx_transfer_field_slot_binding	8	mapping_note	text	text	YES	
cx22073jw	system_to_cx_transfer_field_slot_binding	9	created_at	timestamp with time zone	timestamptz	NO	now()
cx22073jw	system_to_cx_transfer_field_slot_binding	10	updated_at	timestamp with time zone	timestamptz	NO	now()
cx22073jw	template_fragment_binding	1	binding_id	uuid	uuid	NO	gen_random_uuid()
cx22073jw	template_fragment_binding	2	template_id	uuid	uuid	NO	
cx22073jw	template_fragment_binding	3	fragment_id	uuid	uuid	NO	
cx22073jw	template_fragment_binding	4	slot_code	text	text	NO	
cx22073jw	template_fragment_binding	5	sort_order	integer	int4	NO	100
cx22073jw	template_fragment_binding	6	is_required	boolean	bool	NO	false
cx22073jw	template_fragment_binding	7	condition_json	jsonb	jsonb	NO	'{}'::jsonb
cx22073jw	template_fragment_binding	8	created_at	timestamp with time zone	timestamptz	NO	now()
cx22073jw	template_fragment_binding	9	updated_at	timestamp with time zone	timestamptz	NO	now()
cx22073jw	template_fragment_registry	1	fragment_id	uuid	uuid	NO	gen_random_uuid()
cx22073jw	template_fragment_registry	2	fragment_code	text	text	NO	
cx22073jw	template_fragment_registry	3	fragment_name	text	text	NO	
cx22073jw	template_fragment_registry	4	fragment_kind	text	text	NO	
cx22073jw	template_fragment_registry	5	fragment_body	jsonb	jsonb	NO	'{}'::jsonb
cx22073jw	template_fragment_registry	6	visibility_scope	text	text	NO	
cx22073jw	template_fragment_registry	7	publication_status	text	text	NO	
cx22073jw	template_fragment_registry	8	source_registry_code	text	text	YES	
cx22073jw	template_fragment_registry	9	created_at	timestamp with time zone	timestamptz	NO	now()
cx22073jw	template_fragment_registry	10	updated_at	timestamp with time zone	timestamptz	NO	now()
cx22073jw	template_registry	1	template_id	uuid	uuid	NO	gen_random_uuid()
cx22073jw	template_registry	2	template_code	text	text	NO	
cx22073jw	template_registry	3	template_name	text	text	NO	
cx22073jw	template_registry	4	template_kind	text	text	NO	
cx22073jw	template_registry	5	template_body	jsonb	jsonb	NO	'{}'::jsonb
cx22073jw	template_registry	6	visibility_scope	text	text	NO	
cx22073jw	template_registry	7	publication_status	text	text	NO	
cx22073jw	template_registry	8	source_registry_code	text	text	YES	
cx22073jw	template_registry	9	created_at	timestamp with time zone	timestamptz	NO	now()
cx22073jw	template_registry	10	updated_at	timestamp with time zone	timestamptz	NO	now()
cx22073jw	topic_material	1	material_id	bigint	int8	NO	
cx22073jw	topic_material	2	topic_code	text	text	NO	
cx22073jw	topic_material	3	material_kind_code	text	text	NO	
cx22073jw	topic_material	4	locale_code	text	text	NO	'ja-JP'::text
cx22073jw	topic_material	5	season_code	text	text	YES	
cx22073jw	topic_material	6	title_text	text	text	NO	
cx22073jw	topic_material	7	body_text	text	text	NO	
cx22073jw	topic_material	8	tags	ARRAY	_text	NO	'{}'::text[]
cx22073jw	topic_material	9	enabled	boolean	bool	NO	true
cx22073jw	topic_material	10	sort_order	integer	int4	NO	100
cx22073jw	topic_material	11	created_at	timestamp with time zone	timestamptz	NO	now()
cx22073jw	topic_material	12	updated_at	timestamp with time zone	timestamptz	NO	now()
cx22073jw	topic_reference	1	topic_code	text	text	NO	
cx22073jw	topic_reference	2	topic_name	text	text	NO	
cx22073jw	topic_reference	3	topic_group_code	text	text	NO	
cx22073jw	topic_reference	4	locale_code	text	text	NO	'ja-JP'::text
cx22073jw	topic_reference	5	summary_text	text	text	NO	
cx22073jw	topic_reference	6	lightness_level	smallint	int2	NO	3
cx22073jw	topic_reference	7	enabled	boolean	bool	NO	true
cx22073jw	topic_reference	8	sort_order	integer	int4	NO	100
cx22073jw	topic_reference	9	created_at	timestamp with time zone	timestamptz	NO	now()
cx22073jw	topic_reference	10	updated_at	timestamp with time zone	timestamptz	NO	now()
cx22073jw	unit_conversion_rule	1	rule_id	uuid	uuid	NO	gen_random_uuid()
cx22073jw	unit_conversion_rule	2	from_unit_code	text	text	NO	
cx22073jw	unit_conversion_rule	3	to_unit_code	text	text	NO	
cx22073jw	unit_conversion_rule	4	multiplier	numeric	numeric	NO	
cx22073jw	unit_conversion_rule	5	additive_offset	numeric	numeric	NO	0
cx22073jw	unit_conversion_rule	6	precision_scale	integer	int4	NO	6
cx22073jw	unit_conversion_rule	7	is_active	boolean	bool	NO	true
cx22073jw	unit_conversion_rule	8	created_at	timestamp with time zone	timestamptz	NO	now()
cx22073jw	unit_conversion_rule	9	updated_at	timestamp with time zone	timestamptz	NO	now()
cx22073jw	unit_reference	1	unit_code	text	text	NO	
cx22073jw	unit_reference	2	measurement_family	text	text	NO	
cx22073jw	unit_reference	3	unit_name	text	text	NO	
cx22073jw	unit_reference	4	symbol_text	text	text	NO	
cx22073jw	unit_reference	5	base_unit_code	text	text	YES	
cx22073jw	unit_reference	6	factor_to_base	numeric	numeric	NO	
cx22073jw	unit_reference	7	is_base_unit	boolean	bool	NO	false
cx22073jw	unit_reference	8	locale_hint	text	text	YES	
cx22073jw	unit_reference	9	is_active	boolean	bool	NO	true
cx22073jw	unit_reference	10	created_at	timestamp with time zone	timestamptz	NO	now()
cx22073jw	unit_reference	11	updated_at	timestamp with time zone	timestamptz	NO	now()
cx22073jw	v_access_activation_request_compiled_summary	1	request_code	text	text	YES	
cx22073jw	v_access_activation_request_compiled_summary	2	target_domain_code	text	text	YES	
cx22073jw	v_access_activation_request_compiled_summary	3	target_role_code	text	text	YES	
cx22073jw	v_access_activation_request_compiled_summary	4	requested_rank_code	text	text	YES	
cx22073jw	v_access_activation_request_compiled_summary	5	requested_app_scope	text	text	YES	
cx22073jw	v_access_activation_request_compiled_summary	6	request_status	text	text	YES	
cx22073jw	v_access_activation_request_compiled_summary	7	requested_by	text	text	YES	
cx22073jw	v_access_activation_request_compiled_summary	8	total_decision_count	bigint	int8	YES	
cx22073jw	v_access_activation_request_compiled_summary	9	allowed_upper_bound_count	bigint	int8	YES	
cx22073jw	v_access_activation_request_compiled_summary	10	requires_gate_count	bigint	int8	YES	
cx22073jw	v_access_activation_request_compiled_summary	11	requires_scope_count	bigint	int8	YES	
cx22073jw	v_access_activation_request_compiled_summary	12	requires_rank_count	bigint	int8	YES	
cx22073jw	v_access_activation_request_compiled_summary	13	rejected_count	bigint	int8	YES	
cx22073jw	v_access_activation_request_compiled_summary	14	note_text	text	text	YES	
cx22073jw	v_access_activation_request_compiled_summary	15	created_at	timestamp with time zone	timestamptz	YES	
cx22073jw	v_access_activation_request_intersection_summary	1	request_code	text	text	YES	
cx22073jw	v_access_activation_request_intersection_summary	2	target_domain_code	text	text	YES	
cx22073jw	v_access_activation_request_intersection_summary	3	target_role_code	text	text	YES	
cx22073jw	v_access_activation_request_intersection_summary	4	requested_rank_code	text	text	YES	
cx22073jw	v_access_activation_request_intersection_summary	5	requested_app_scope	text	text	YES	
cx22073jw	v_access_activation_request_intersection_summary	6	request_status	text	text	YES	
cx22073jw	v_access_activation_request_intersection_summary	7	total_decision_count	bigint	int8	YES	
cx22073jw	v_access_activation_request_intersection_summary	8	allowed_upper_bound_count	bigint	int8	YES	
cx22073jw	v_access_activation_request_intersection_summary	9	requires_gate_count	bigint	int8	YES	
cx22073jw	v_access_activation_request_intersection_summary	10	requires_scope_count	bigint	int8	YES	
cx22073jw	v_access_activation_request_intersection_summary	11	requires_rank_count	bigint	int8	YES	
cx22073jw	v_access_activation_request_intersection_summary	12	rejected_count	bigint	int8	YES	
cx22073jw	v_access_activation_request_intersection_summary	13	note_text	text	text	YES	
cx22073jw	v_access_activation_request_intersection_summary	14	created_at	timestamp with time zone	timestamptz	YES	
cx22073jw	v_access_activation_request_latest_decisions	1	request_code	text	text	YES	
cx22073jw	v_access_activation_request_latest_decisions	2	target_domain_code	text	text	YES	
cx22073jw	v_access_activation_request_latest_decisions	3	target_role_code	text	text	YES	
cx22073jw	v_access_activation_request_latest_decisions	4	actual_view_code	text	text	YES	
cx22073jw	v_access_activation_request_latest_decisions	5	logical_view_name	text	text	YES	
cx22073jw	v_access_activation_request_latest_decisions	6	bundle_inclusion_mode	text	text	YES	
cx22073jw	v_access_activation_request_latest_decisions	7	gate_needed	boolean	bool	YES	
cx22073jw	v_access_activation_request_latest_decisions	8	decision_status	text	text	YES	
cx22073jw	v_access_activation_request_latest_decisions	9	decision_note	text	text	YES	
cx22073jw	v_access_activation_request_latest_decisions	10	created_at	timestamp with time zone	timestamptz	YES	
cx22073jw	v_access_activation_request_latest_intersection_decisions	1	request_code	text	text	YES	
cx22073jw	v_access_activation_request_latest_intersection_decisions	2	target_domain_code	text	text	YES	
cx22073jw	v_access_activation_request_latest_intersection_decisions	3	target_role_code	text	text	YES	
cx22073jw	v_access_activation_request_latest_intersection_decisions	4	actual_view_code	text	text	YES	
cx22073jw	v_access_activation_request_latest_intersection_decisions	5	logical_view_name	text	text	YES	
cx22073jw	v_access_activation_request_latest_intersection_decisions	6	bundle_inclusion_mode	text	text	YES	
cx22073jw	v_access_activation_request_latest_intersection_decisions	7	gate_needed	boolean	bool	YES	
cx22073jw	v_access_activation_request_latest_intersection_decisions	8	decision_status	text	text	YES	
cx22073jw	v_access_activation_request_latest_intersection_decisions	9	decision_note	text	text	YES	
cx22073jw	v_access_activation_request_latest_intersection_decisions	10	created_at	timestamp with time zone	timestamptz	YES	
cx22073jw	v_access_activation_request_latest_summary	1	request_code	text	text	YES	
cx22073jw	v_access_activation_request_latest_summary	2	target_domain_code	text	text	YES	
cx22073jw	v_access_activation_request_latest_summary	3	target_role_code	text	text	YES	
cx22073jw	v_access_activation_request_latest_summary	4	requested_rank_code	text	text	YES	
cx22073jw	v_access_activation_request_latest_summary	5	requested_app_scope	text	text	YES	
cx22073jw	v_access_activation_request_latest_summary	6	request_status	text	text	YES	
cx22073jw	v_access_activation_request_latest_summary	7	requested_by	text	text	YES	
cx22073jw	v_access_activation_request_latest_summary	8	reviewer_name	text	text	YES	
cx22073jw	v_access_activation_request_latest_summary	9	approver_name	text	text	YES	
cx22073jw	v_access_activation_request_latest_summary	10	note_text	text	text	YES	
cx22073jw	v_access_activation_request_latest_summary	11	created_at	timestamp with time zone	timestamptz	YES	
cx22073jw	v_access_activation_review_decision_latest_batch_summary	1	batch_code	text	text	YES	
cx22073jw	v_access_activation_review_decision_latest_batch_summary	2	source_export_run_code	text	text	YES	
cx22073jw	v_access_activation_review_decision_latest_batch_summary	3	source_export_root_path	text	text	YES	
cx22073jw	v_access_activation_review_decision_latest_batch_summary	4	request_count	integer	int4	YES	
cx22073jw	v_access_activation_review_decision_latest_batch_summary	5	item_count	integer	int4	YES	
cx22073jw	v_access_activation_review_decision_latest_batch_summary	6	approved_candidate_count	integer	int4	YES	
cx22073jw	v_access_activation_review_decision_latest_batch_summary	7	gate_hold_count	integer	int4	YES	
cx22073jw	v_access_activation_review_decision_latest_batch_summary	8	scope_hold_count	integer	int4	YES	
cx22073jw	v_access_activation_review_decision_latest_batch_summary	9	rank_hold_count	integer	int4	YES	
cx22073jw	v_access_activation_review_decision_latest_batch_summary	10	rejected_hold_count	integer	int4	YES	
cx22073jw	v_access_activation_review_decision_latest_batch_summary	11	batch_status	text	text	YES	
cx22073jw	v_access_activation_review_decision_latest_batch_summary	12	note_text	text	text	YES	
cx22073jw	v_access_activation_review_decision_latest_batch_summary	13	created_at	timestamp with time zone	timestamptz	YES	
cx22073jw	v_access_activation_review_decision_latest_batch_summary	14	ended_at	timestamp with time zone	timestamptz	YES	
cx22073jw	v_access_activation_review_decision_latest_items	1	batch_code	text	text	YES	
cx22073jw	v_access_activation_review_decision_latest_items	2	request_code	text	text	YES	
cx22073jw	v_access_activation_review_decision_latest_items	3	target_domain_code	text	text	YES	
cx22073jw	v_access_activation_review_decision_latest_items	4	target_role_code	text	text	YES	
cx22073jw	v_access_activation_review_decision_latest_items	5	actual_view_code	text	text	YES	
cx22073jw	v_access_activation_review_decision_latest_items	6	logical_view_name	text	text	YES	
cx22073jw	v_access_activation_review_decision_latest_items	7	source_decision_status	text	text	YES	
cx22073jw	v_access_activation_review_decision_latest_items	8	source_action_hint	text	text	YES	
cx22073jw	v_access_activation_review_decision_latest_items	9	review_bucket	text	text	YES	
cx22073jw	v_access_activation_review_decision_latest_items	10	human_review_status	text	text	YES	
cx22073jw	v_access_activation_review_decision_latest_items	11	governed_apply_ready	boolean	bool	YES	
cx22073jw	v_access_activation_review_decision_latest_items	12	review_note	text	text	YES	
cx22073jw	v_access_activation_review_decision_latest_items	13	created_at	timestamp with time zone	timestamptz	YES	
cx22073jw	v_access_activation_review_export_latest_items	1	run_code	text	text	YES	
cx22073jw	v_access_activation_review_export_latest_items	2	request_code	text	text	YES	
cx22073jw	v_access_activation_review_export_latest_items	3	target_domain_code	text	text	YES	
cx22073jw	v_access_activation_review_export_latest_items	4	target_role_code	text	text	YES	
cx22073jw	v_access_activation_review_export_latest_items	5	actual_view_code	text	text	YES	
cx22073jw	v_access_activation_review_export_latest_items	6	logical_view_name	text	text	YES	
cx22073jw	v_access_activation_review_export_latest_items	7	decision_status	text	text	YES	
cx22073jw	v_access_activation_review_export_latest_items	8	gate_needed	boolean	bool	YES	
cx22073jw	v_access_activation_review_export_latest_items	9	decision_action_hint	text	text	YES	
cx22073jw	v_access_activation_review_export_latest_summary	1	run_code	text	text	YES	
cx22073jw	v_access_activation_review_export_latest_summary	2	export_root_path	text	text	YES	
cx22073jw	v_access_activation_review_export_latest_summary	3	request_count	integer	int4	YES	
cx22073jw	v_access_activation_review_export_latest_summary	4	decision_count	integer	int4	YES	
cx22073jw	v_access_activation_review_export_latest_summary	5	allowed_count	integer	int4	YES	
cx22073jw	v_access_activation_review_export_latest_summary	6	gate_count	integer	int4	YES	
cx22073jw	v_access_activation_review_export_latest_summary	7	scope_count	integer	int4	YES	
cx22073jw	v_access_activation_review_export_latest_summary	8	rank_count	integer	int4	YES	
cx22073jw	v_access_activation_review_export_latest_summary	9	rejected_count	integer	int4	YES	
cx22073jw	v_access_activation_review_export_latest_summary	10	run_status	text	text	YES	
cx22073jw	v_access_activation_review_export_latest_summary	11	note_text	text	text	YES	
cx22073jw	v_access_activation_review_export_latest_summary	12	created_at	timestamp with time zone	timestamptz	YES	
cx22073jw	v_access_activation_review_export_latest_summary	13	ended_at	timestamp with time zone	timestamptz	YES	
cx22073jw	v_access_actual_view_family_summary	1	domain_code	text	text	YES	
cx22073jw	v_access_actual_view_family_summary	2	view_family_code	text	text	YES	
cx22073jw	v_access_actual_view_family_summary	3	family_name	text	text	YES	
cx22073jw	v_access_actual_view_family_summary	4	sensitivity_code	text	text	YES	
cx22073jw	v_access_actual_view_family_summary	5	actual_view_count	bigint	int8	YES	
cx22073jw	v_access_actual_view_registry_summary	1	domain_code	text	text	YES	
cx22073jw	v_access_actual_view_registry_summary	2	view_family_code	text	text	YES	
cx22073jw	v_access_actual_view_registry_summary	3	actual_view_code	text	text	YES	
cx22073jw	v_access_actual_view_registry_summary	4	logical_view_name	text	text	YES	
cx22073jw	v_access_actual_view_registry_summary	5	sensitivity_code	text	text	YES	
cx22073jw	v_access_actual_view_registry_summary	6	exposure_scope	text	text	YES	
cx22073jw	v_access_actual_view_registry_summary	7	lifecycle_status	text	text	YES	
cx22073jw	v_access_actual_view_registry_summary	8	gate_required	boolean	bool	YES	
cx22073jw	v_access_actual_view_registry_summary	9	grantable_readonly	boolean	bool	YES	
cx22073jw	v_access_app_scope_summary	1	app_scope_code	text	text	YES	
cx22073jw	v_access_app_scope_summary	2	domain_code	text	text	YES	
cx22073jw	v_access_app_scope_summary	3	scope_name	text	text	YES	
cx22073jw	v_access_app_scope_summary	4	scope_group	text	text	YES	
cx22073jw	v_access_app_scope_summary	5	provisional_flag	boolean	bool	YES	
cx22073jw	v_access_app_scope_summary	6	allowlisted_view_count	bigint	int8	YES	
cx22073jw	v_access_baseline_health_latest_items	1	run_code	text	text	YES	
cx22073jw	v_access_baseline_health_latest_items	2	check_group	text	text	YES	
cx22073jw	v_access_baseline_health_latest_items	3	check_code	text	text	YES	
cx22073jw	v_access_baseline_health_latest_items	4	severity	text	text	YES	
cx22073jw	v_access_baseline_health_latest_items	5	observed_value	text	text	YES	
cx22073jw	v_access_baseline_health_latest_items	6	expected_rule	text	text	YES	
cx22073jw	v_access_baseline_health_latest_items	7	check_status	text	text	YES	
cx22073jw	v_access_baseline_health_latest_items	8	detail_text	text	text	YES	
cx22073jw	v_access_baseline_health_latest_items	9	created_at	timestamp with time zone	timestamptz	YES	
cx22073jw	v_access_baseline_health_latest_summary	1	run_code	text	text	YES	
cx22073jw	v_access_baseline_health_latest_summary	2	base_path	text	text	YES	
cx22073jw	v_access_baseline_health_latest_summary	3	core_blocker_count	integer	int4	YES	
cx22073jw	v_access_baseline_health_latest_summary	4	info_count	integer	int4	YES	
cx22073jw	v_access_baseline_health_latest_summary	5	core_status	text	text	YES	
cx22073jw	v_access_baseline_health_latest_summary	6	legacy_status	text	text	YES	
cx22073jw	v_access_baseline_health_latest_summary	7	operations_status	text	text	YES	
cx22073jw	v_access_baseline_health_latest_summary	8	note_text	text	text	YES	
cx22073jw	v_access_baseline_health_latest_summary	9	created_at	timestamp with time zone	timestamptz	YES	
cx22073jw	v_access_baseline_health_latest_summary	10	ended_at	timestamp with time zone	timestamptz	YES	
cx22073jw	v_access_current_state_bundle_export_latest_files	1	run_code	text	text	YES	
cx22073jw	v_access_current_state_bundle_export_latest_files	2	file_role	text	text	YES	
cx22073jw	v_access_current_state_bundle_export_latest_files	3	file_path	text	text	YES	
cx22073jw	v_access_current_state_bundle_export_latest_files	4	created_at	timestamp with time zone	timestamptz	YES	
cx22073jw	v_access_current_state_bundle_export_latest_summary	1	run_code	text	text	YES	
cx22073jw	v_access_current_state_bundle_export_latest_summary	2	export_root_path	text	text	YES	
cx22073jw	v_access_current_state_bundle_export_latest_summary	3	baseline_run_code	text	text	YES	
cx22073jw	v_access_current_state_bundle_export_latest_summary	4	legacy_gate_run_code	text	text	YES	
cx22073jw	v_access_current_state_bundle_export_latest_summary	5	retirement_plan_run_code	text	text	YES	
cx22073jw	v_access_current_state_bundle_export_latest_summary	6	manual_receipt_batch_code	text	text	YES	
cx22073jw	v_access_current_state_bundle_export_latest_summary	7	confirmed_reverify_run_code	text	text	YES	
cx22073jw	v_access_current_state_bundle_export_latest_summary	8	file_count	integer	int4	YES	
cx22073jw	v_access_current_state_bundle_export_latest_summary	9	export_status	text	text	YES	
cx22073jw	v_access_current_state_bundle_export_latest_summary	10	note_text	text	text	YES	
cx22073jw	v_access_current_state_bundle_export_latest_summary	11	created_at	timestamp with time zone	timestamptz	YES	
cx22073jw	v_access_current_state_bundle_export_latest_summary	12	ended_at	timestamp with time zone	timestamptz	YES	
cx22073jw	v_access_db_role_provision_latest_batch_summary	1	batch_code	text	text	YES	
cx22073jw	v_access_db_role_provision_latest_batch_summary	2	requested_role_count	integer	int4	YES	
cx22073jw	v_access_db_role_provision_latest_batch_summary	3	created_role_count	integer	int4	YES	
cx22073jw	v_access_db_role_provision_latest_batch_summary	4	existing_role_count	integer	int4	YES	
cx22073jw	v_access_db_role_provision_latest_batch_summary	5	failed_role_count	integer	int4	YES	
cx22073jw	v_access_db_role_provision_latest_batch_summary	6	batch_status	text	text	YES	
cx22073jw	v_access_db_role_provision_latest_batch_summary	7	note_text	text	text	YES	
cx22073jw	v_access_db_role_provision_latest_batch_summary	8	created_at	timestamp with time zone	timestamptz	YES	
cx22073jw	v_access_db_role_provision_latest_batch_summary	9	ended_at	timestamp with time zone	timestamptz	YES	
cx22073jw	v_access_db_role_provision_latest_items	1	batch_code	text	text	YES	
cx22073jw	v_access_db_role_provision_latest_items	2	role_code	text	text	YES	
cx22073jw	v_access_db_role_provision_latest_items	3	domain_code	text	text	YES	
cx22073jw	v_access_db_role_provision_latest_items	4	expected_db_role_name	text	text	YES	
cx22073jw	v_access_db_role_provision_latest_items	5	provision_status	text	text	YES	
cx22073jw	v_access_db_role_provision_latest_items	6	error_text	text	text	YES	
cx22073jw	v_access_db_role_provision_latest_items	7	created_at	timestamp with time zone	timestamptz	YES	
cx22073jw	v_access_db_role_registry_summary	1	role_code	text	text	YES	
cx22073jw	v_access_db_role_registry_summary	2	domain_code	text	text	YES	
cx22073jw	v_access_db_role_registry_summary	3	expected_db_role_name	text	text	YES	
cx22073jw	v_access_db_role_registry_summary	4	role_status	text	text	YES	
cx22073jw	v_access_db_role_registry_summary	5	role_exists_flag	boolean	bool	YES	
cx22073jw	v_access_db_role_registry_summary	6	login_allowed	boolean	bool	YES	
cx22073jw	v_access_db_role_registry_summary	7	inherit_flag	boolean	bool	YES	
cx22073jw	v_access_db_role_registry_summary	8	superuser_flag	boolean	bool	YES	
cx22073jw	v_access_db_role_registry_summary	9	createrole_flag	boolean	bool	YES	
cx22073jw	v_access_db_role_registry_summary	10	createdb_flag	boolean	bool	YES	
cx22073jw	v_access_db_role_registry_summary	11	replication_flag	boolean	bool	YES	
cx22073jw	v_access_db_role_registry_summary	12	bypassrls_flag	boolean	bool	YES	
cx22073jw	v_access_domain_bootstrap_summary	1	domain_code	text	text	YES	
cx22073jw	v_access_domain_bootstrap_summary	2	domain_name	text	text	YES	
cx22073jw	v_access_domain_bootstrap_summary	3	role_count	bigint	int8	YES	
cx22073jw	v_access_domain_bootstrap_summary	4	view_family_count	bigint	int8	YES	
cx22073jw	v_access_domain_bootstrap_summary	5	policy_count	bigint	int8	YES	
cx22073jw	v_access_final_handoff_export_latest_items	1	run_code	text	text	YES	
cx22073jw	v_access_final_handoff_export_latest_items	2	source_execution_run_code	text	text	YES	
cx22073jw	v_access_final_handoff_export_latest_items	3	source_batch_code	text	text	YES	
cx22073jw	v_access_final_handoff_export_latest_items	4	request_code	text	text	YES	
cx22073jw	v_access_final_handoff_export_latest_items	5	target_domain_code	text	text	YES	
cx22073jw	v_access_final_handoff_export_latest_items	6	target_role_code	text	text	YES	
cx22073jw	v_access_final_handoff_export_latest_items	7	actual_view_code	text	text	YES	
cx22073jw	v_access_final_handoff_export_latest_items	8	logical_view_name	text	text	YES	
cx22073jw	v_access_final_handoff_export_latest_items	9	expected_db_role_name	text	text	YES	
cx22073jw	v_access_final_handoff_export_latest_items	10	preflight_status	text	text	YES	
cx22073jw	v_access_final_handoff_export_latest_items	11	execution_status	text	text	YES	
cx22073jw	v_access_final_handoff_export_latest_items	12	handoff_bucket	text	text	YES	
cx22073jw	v_access_final_handoff_export_latest_items	13	prepared_sql_text	text	text	YES	
cx22073jw	v_access_final_handoff_export_latest_items	14	result_note	text	text	YES	
cx22073jw	v_access_final_handoff_export_latest_items	15	created_at	timestamp with time zone	timestamptz	YES	
cx22073jw	v_access_final_handoff_export_latest_summary	1	run_code	text	text	YES	
cx22073jw	v_access_final_handoff_export_latest_summary	2	source_execution_run_code	text	text	YES	
cx22073jw	v_access_final_handoff_export_latest_summary	3	source_batch_code	text	text	YES	
cx22073jw	v_access_final_handoff_export_latest_summary	4	export_root_path	text	text	YES	
cx22073jw	v_access_final_handoff_export_latest_summary	5	requested_item_count	integer	int4	YES	
cx22073jw	v_access_final_handoff_export_latest_summary	6	pass_item_count	integer	int4	YES	
cx22073jw	v_access_final_handoff_export_latest_summary	7	fail_item_count	integer	int4	YES	
cx22073jw	v_access_final_handoff_export_latest_summary	8	skipped_item_count	integer	int4	YES	
cx22073jw	v_access_final_handoff_export_latest_summary	9	run_status	text	text	YES	
cx22073jw	v_access_final_handoff_export_latest_summary	10	note_text	text	text	YES	
cx22073jw	v_access_final_handoff_export_latest_summary	11	created_at	timestamp with time zone	timestamptz	YES	
cx22073jw	v_access_final_handoff_export_latest_summary	12	ended_at	timestamp with time zone	timestamptz	YES	
cx22073jw	v_access_gate_controlled_actual_views	1	domain_code	text	text	YES	
cx22073jw	v_access_gate_controlled_actual_views	2	view_family_code	text	text	YES	
cx22073jw	v_access_gate_controlled_actual_views	3	actual_view_code	text	text	YES	
cx22073jw	v_access_gate_controlled_actual_views	4	logical_view_name	text	text	YES	
cx22073jw	v_access_gate_controlled_actual_views	5	sensitivity_code	text	text	YES	
cx22073jw	v_access_gate_controlled_actual_views	6	exposure_scope	text	text	YES	
cx22073jw	v_access_gate_controlled_actual_views	7	gate_required	boolean	bool	YES	
cx22073jw	v_access_gate_controlled_actual_views	8	notes	text	text	YES	
cx22073jw	v_access_governed_apply_attempt_latest_summary	1	batch_code	text	text	YES	
cx22073jw	v_access_governed_apply_attempt_latest_summary	2	attempt_code	text	text	YES	
cx22073jw	v_access_governed_apply_attempt_latest_summary	3	attempt_status	text	text	YES	
cx22073jw	v_access_governed_apply_attempt_latest_summary	4	executor_name	text	text	YES	
cx22073jw	v_access_governed_apply_attempt_latest_summary	5	note_text	text	text	YES	
cx22073jw	v_access_governed_apply_attempt_latest_summary	6	created_at	timestamp with time zone	timestamptz	YES	
cx22073jw	v_access_governed_apply_batch_latest_items	1	batch_code	text	text	YES	
cx22073jw	v_access_governed_apply_batch_latest_items	2	source_queue_batch_code	text	text	YES	
cx22073jw	v_access_governed_apply_batch_latest_items	3	queue_code	text	text	YES	
cx22073jw	v_access_governed_apply_batch_latest_items	4	request_code	text	text	YES	
cx22073jw	v_access_governed_apply_batch_latest_items	5	target_domain_code	text	text	YES	
cx22073jw	v_access_governed_apply_batch_latest_items	6	target_role_code	text	text	YES	
cx22073jw	v_access_governed_apply_batch_latest_items	7	actual_view_code	text	text	YES	
cx22073jw	v_access_governed_apply_batch_latest_items	8	logical_view_name	text	text	YES	
cx22073jw	v_access_governed_apply_batch_latest_items	9	gate_check_required	boolean	bool	YES	
cx22073jw	v_access_governed_apply_batch_latest_items	10	runtime_apply_ready	boolean	bool	YES	
cx22073jw	v_access_governed_apply_batch_latest_items	11	apply_status	text	text	YES	
cx22073jw	v_access_governed_apply_batch_latest_items	12	prepared_sql_text	text	text	YES	
cx22073jw	v_access_governed_apply_batch_latest_items	13	note_text	text	text	YES	
cx22073jw	v_access_governed_apply_batch_latest_items	14	created_at	timestamp with time zone	timestamptz	YES	
cx22073jw	v_access_governed_apply_batch_latest_summary	1	batch_code	text	text	YES	
cx22073jw	v_access_governed_apply_batch_latest_summary	2	source_queue_batch_code	text	text	YES	
cx22073jw	v_access_governed_apply_batch_latest_summary	3	item_count	integer	int4	YES	
cx22073jw	v_access_governed_apply_batch_latest_summary	4	prepared_count	integer	int4	YES	
cx22073jw	v_access_governed_apply_batch_latest_summary	5	waiting_runtime_count	integer	int4	YES	
cx22073jw	v_access_governed_apply_batch_latest_summary	6	skipped_gate_count	integer	int4	YES	
cx22073jw	v_access_governed_apply_batch_latest_summary	7	batch_status	text	text	YES	
cx22073jw	v_access_governed_apply_batch_latest_summary	8	note_text	text	text	YES	
cx22073jw	v_access_governed_apply_batch_latest_summary	9	created_at	timestamp with time zone	timestamptz	YES	
cx22073jw	v_access_governed_apply_batch_latest_summary	10	ended_at	timestamp with time zone	timestamptz	YES	
cx22073jw	v_access_governed_apply_execution_latest_items	1	run_code	text	text	YES	
cx22073jw	v_access_governed_apply_execution_latest_items	2	batch_code	text	text	YES	
cx22073jw	v_access_governed_apply_execution_latest_items	3	request_code	text	text	YES	
cx22073jw	v_access_governed_apply_execution_latest_items	4	target_domain_code	text	text	YES	
cx22073jw	v_access_governed_apply_execution_latest_items	5	target_role_code	text	text	YES	
cx22073jw	v_access_governed_apply_execution_latest_items	6	actual_view_code	text	text	YES	
cx22073jw	v_access_governed_apply_execution_latest_items	7	logical_view_name	text	text	YES	
cx22073jw	v_access_governed_apply_execution_latest_items	8	expected_db_role_name	text	text	YES	
cx22073jw	v_access_governed_apply_execution_latest_items	9	apply_status_before	text	text	YES	
cx22073jw	v_access_governed_apply_execution_latest_items	10	runtime_apply_ready	boolean	bool	YES	
cx22073jw	v_access_governed_apply_execution_latest_items	11	gate_check_required	boolean	bool	YES	
cx22073jw	v_access_governed_apply_execution_latest_items	12	role_exists_flag	boolean	bool	YES	
cx22073jw	v_access_governed_apply_execution_latest_items	13	view_exists_flag	boolean	bool	YES	
cx22073jw	v_access_governed_apply_execution_latest_items	14	sql_present_flag	boolean	bool	YES	
cx22073jw	v_access_governed_apply_execution_latest_items	15	preflight_status	text	text	YES	
cx22073jw	v_access_governed_apply_execution_latest_items	16	execution_status	text	text	YES	
cx22073jw	v_access_governed_apply_execution_latest_items	17	prepared_sql_text	text	text	YES	
cx22073jw	v_access_governed_apply_execution_latest_items	18	result_note	text	text	YES	
cx22073jw	v_access_governed_apply_execution_latest_items	19	created_at	timestamp with time zone	timestamptz	YES	
cx22073jw	v_access_governed_apply_execution_latest_summary	1	run_code	text	text	YES	
cx22073jw	v_access_governed_apply_execution_latest_summary	2	source_batch_code	text	text	YES	
cx22073jw	v_access_governed_apply_execution_latest_summary	3	dry_run_flag	boolean	bool	YES	
cx22073jw	v_access_governed_apply_execution_latest_summary	4	requested_item_count	integer	int4	YES	
cx22073jw	v_access_governed_apply_execution_latest_summary	5	preflight_pass_count	integer	int4	YES	
cx22073jw	v_access_governed_apply_execution_latest_summary	6	preflight_fail_count	integer	int4	YES	
cx22073jw	v_access_governed_apply_execution_latest_summary	7	skipped_count	integer	int4	YES	
cx22073jw	v_access_governed_apply_execution_latest_summary	8	run_status	text	text	YES	
cx22073jw	v_access_governed_apply_execution_latest_summary	9	note_text	text	text	YES	
cx22073jw	v_access_governed_apply_execution_latest_summary	10	created_at	timestamp with time zone	timestamptz	YES	
cx22073jw	v_access_governed_apply_execution_latest_summary	11	ended_at	timestamp with time zone	timestamptz	YES	
cx22073jw	v_access_governed_apply_queue_latest_items	1	source_batch_code	text	text	YES	
cx22073jw	v_access_governed_apply_queue_latest_items	2	request_code	text	text	YES	
cx22073jw	v_access_governed_apply_queue_latest_items	3	target_domain_code	text	text	YES	
cx22073jw	v_access_governed_apply_queue_latest_items	4	target_role_code	text	text	YES	
cx22073jw	v_access_governed_apply_queue_latest_items	5	actual_view_code	text	text	YES	
cx22073jw	v_access_governed_apply_queue_latest_items	6	logical_view_name	text	text	YES	
cx22073jw	v_access_governed_apply_queue_latest_items	7	queue_status	text	text	YES	
cx22073jw	v_access_governed_apply_queue_latest_items	8	gate_check_required	boolean	bool	YES	
cx22073jw	v_access_governed_apply_queue_latest_items	9	runtime_apply_ready	boolean	bool	YES	
cx22073jw	v_access_governed_apply_queue_latest_items	10	note_text	text	text	YES	
cx22073jw	v_access_governed_apply_queue_latest_items	11	created_at	timestamp with time zone	timestamptz	YES	
cx22073jw	v_access_governed_apply_queue_latest_summary	1	source_batch_code	text	text	YES	
cx22073jw	v_access_governed_apply_queue_latest_summary	2	queue_item_count	bigint	int8	YES	
cx22073jw	v_access_governed_apply_queue_latest_summary	3	queued_count	bigint	int8	YES	
cx22073jw	v_access_governed_apply_queue_latest_summary	4	prepared_count	bigint	int8	YES	
cx22073jw	v_access_governed_apply_queue_latest_summary	5	applied_count	bigint	int8	YES	
cx22073jw	v_access_governed_apply_queue_latest_summary	6	skipped_count	bigint	int8	YES	
cx22073jw	v_access_governed_apply_queue_latest_summary	7	cancelled_count	bigint	int8	YES	
cx22073jw	v_access_governed_apply_queue_latest_summary	8	first_created_at	timestamp with time zone	timestamptz	YES	
cx22073jw	v_access_governed_apply_queue_latest_summary	9	last_created_at	timestamp with time zone	timestamptz	YES	
cx22073jw	v_access_grant_export_latest_items	1	run_code	text	text	YES	
cx22073jw	v_access_grant_export_latest_items	2	domain_code	text	text	YES	
cx22073jw	v_access_grant_export_latest_items	3	role_code	text	text	YES	
cx22073jw	v_access_grant_export_latest_items	4	actual_view_code	text	text	YES	
cx22073jw	v_access_grant_export_latest_items	5	logical_view_name	text	text	YES	
cx22073jw	v_access_grant_export_latest_items	6	suggested_db_role_name	text	text	YES	
cx22073jw	v_access_grant_export_latest_items	7	grant_mode	text	text	YES	
cx22073jw	v_access_grant_export_latest_items	8	gate_needed	boolean	bool	YES	
cx22073jw	v_access_grant_export_latest_items	9	role_sql_file_path	text	text	YES	
cx22073jw	v_access_grant_export_latest_items	10	domain_sql_file_path	text	text	YES	
cx22073jw	v_access_grant_export_latest_summary	1	run_code	text	text	YES	
cx22073jw	v_access_grant_export_latest_summary	2	export_root_path	text	text	YES	
cx22073jw	v_access_grant_export_latest_summary	3	total_role_count	integer	int4	YES	
cx22073jw	v_access_grant_export_latest_summary	4	total_domain_count	integer	int4	YES	
cx22073jw	v_access_grant_export_latest_summary	5	total_actual_view_grant_count	integer	int4	YES	
cx22073jw	v_access_grant_export_latest_summary	6	total_sql_file_count	integer	int4	YES	
cx22073jw	v_access_grant_export_latest_summary	7	run_status	text	text	YES	
cx22073jw	v_access_grant_export_latest_summary	8	note_text	text	text	YES	
cx22073jw	v_access_grant_export_latest_summary	9	created_at	timestamp with time zone	timestamptz	YES	
cx22073jw	v_access_grant_export_latest_summary	10	ended_at	timestamp with time zone	timestamptz	YES	
cx22073jw	v_access_human_review_latest_action_log	1	batch_code	text	text	YES	
cx22073jw	v_access_human_review_latest_action_log	2	request_code	text	text	YES	
cx22073jw	v_access_human_review_latest_action_log	3	actual_view_code	text	text	YES	
cx22073jw	v_access_human_review_latest_action_log	4	logical_view_name	text	text	YES	
cx22073jw	v_access_human_review_latest_action_log	5	previous_human_review_status	text	text	YES	
cx22073jw	v_access_human_review_latest_action_log	6	new_human_review_status	text	text	YES	
cx22073jw	v_access_human_review_latest_action_log	7	reviewer_name	text	text	YES	
cx22073jw	v_access_human_review_latest_action_log	8	review_note	text	text	YES	
cx22073jw	v_access_human_review_latest_action_log	9	created_at	timestamp with time zone	timestamptz	YES	
cx22073jw	v_access_legacy_compat_audit_latest_db_items	1	run_code	text	text	YES	
cx22073jw	v_access_legacy_compat_audit_latest_db_items	2	object_group	text	text	YES	
cx22073jw	v_access_legacy_compat_audit_latest_db_items	3	object_schema	text	text	YES	
cx22073jw	v_access_legacy_compat_audit_latest_db_items	4	object_name	text	text	YES	
cx22073jw	v_access_legacy_compat_audit_latest_db_items	5	referenced_legacy_name	text	text	YES	
cx22073jw	v_access_legacy_compat_audit_latest_db_items	6	created_at	timestamp with time zone	timestamptz	YES	
cx22073jw	v_access_legacy_compat_audit_latest_file_items	1	run_code	text	text	YES	
cx22073jw	v_access_legacy_compat_audit_latest_file_items	2	file_path	text	text	YES	
cx22073jw	v_access_legacy_compat_audit_latest_file_items	3	line_no	integer	int4	YES	
cx22073jw	v_access_legacy_compat_audit_latest_file_items	4	matched_text	text	text	YES	
cx22073jw	v_access_legacy_compat_audit_latest_file_items	5	created_at	timestamp with time zone	timestamptz	YES	
cx22073jw	v_access_legacy_compat_audit_latest_summary	1	run_code	text	text	YES	
cx22073jw	v_access_legacy_compat_audit_latest_summary	2	base_path	text	text	YES	
cx22073jw	v_access_legacy_compat_audit_latest_summary	3	db_hit_count	integer	int4	YES	
cx22073jw	v_access_legacy_compat_audit_latest_summary	4	file_hit_count	integer	int4	YES	
cx22073jw	v_access_legacy_compat_audit_latest_summary	5	db_view_hit_count	integer	int4	YES	
cx22073jw	v_access_legacy_compat_audit_latest_summary	6	db_function_hit_count	integer	int4	YES	
cx22073jw	v_access_legacy_compat_audit_latest_summary	7	run_status	text	text	YES	
cx22073jw	v_access_legacy_compat_audit_latest_summary	8	note_text	text	text	YES	
cx22073jw	v_access_legacy_compat_audit_latest_summary	9	created_at	timestamp with time zone	timestamptz	YES	
cx22073jw	v_access_legacy_compat_audit_latest_summary	10	ended_at	timestamp with time zone	timestamptz	YES	
cx22073jw	v_access_legacy_cutover_gate_latest_blockers	1	run_code	text	text	YES	
cx22073jw	v_access_legacy_cutover_gate_latest_blockers	2	blocker_group	text	text	YES	
cx22073jw	v_access_legacy_cutover_gate_latest_blockers	3	blocker_identity	text	text	YES	
cx22073jw	v_access_legacy_cutover_gate_latest_blockers	4	blocker_detail	text	text	YES	
cx22073jw	v_access_legacy_cutover_gate_latest_blockers	5	created_at	timestamp with time zone	timestamptz	YES	
cx22073jw	v_access_legacy_cutover_gate_latest_summary	1	run_code	text	text	YES	
cx22073jw	v_access_legacy_cutover_gate_latest_summary	2	source_audit_run_code	text	text	YES	
cx22073jw	v_access_legacy_cutover_gate_latest_summary	3	db_hit_count	integer	int4	YES	
cx22073jw	v_access_legacy_cutover_gate_latest_summary	4	file_hit_count	integer	int4	YES	
cx22073jw	v_access_legacy_cutover_gate_latest_summary	5	blocker_count	integer	int4	YES	
cx22073jw	v_access_legacy_cutover_gate_latest_summary	6	readiness_status	text	text	YES	
cx22073jw	v_access_legacy_cutover_gate_latest_summary	7	note_text	text	text	YES	
cx22073jw	v_access_legacy_cutover_gate_latest_summary	8	created_at	timestamp with time zone	timestamptz	YES	
cx22073jw	v_access_legacy_cutover_gate_latest_summary	9	ended_at	timestamp with time zone	timestamptz	YES	
cx22073jw	v_access_legacy_db_blocker_patch_latest_items	1	run_code	text	text	YES	
cx22073jw	v_access_legacy_db_blocker_patch_latest_items	2	object_group	text	text	YES	
cx22073jw	v_access_legacy_db_blocker_patch_latest_items	3	object_schema	text	text	YES	
cx22073jw	v_access_legacy_db_blocker_patch_latest_items	4	object_name	text	text	YES	
cx22073jw	v_access_legacy_db_blocker_patch_latest_items	5	object_identity	text	text	YES	
cx22073jw	v_access_legacy_db_blocker_patch_latest_items	6	patch_status	text	text	YES	
cx22073jw	v_access_legacy_db_blocker_patch_latest_items	7	error_text	text	text	YES	
cx22073jw	v_access_legacy_db_blocker_patch_latest_items	8	created_at	timestamp with time zone	timestamptz	YES	
cx22073jw	v_access_legacy_db_blocker_patch_latest_summary	1	run_code	text	text	YES	
cx22073jw	v_access_legacy_db_blocker_patch_latest_summary	2	target_view_count	integer	int4	YES	
cx22073jw	v_access_legacy_db_blocker_patch_latest_summary	3	target_function_count	integer	int4	YES	
cx22073jw	v_access_legacy_db_blocker_patch_latest_summary	4	patched_view_count	integer	int4	YES	
cx22073jw	v_access_legacy_db_blocker_patch_latest_summary	5	patched_function_count	integer	int4	YES	
cx22073jw	v_access_legacy_db_blocker_patch_latest_summary	6	error_count	integer	int4	YES	
cx22073jw	v_access_legacy_db_blocker_patch_latest_summary	7	run_status	text	text	YES	
cx22073jw	v_access_legacy_db_blocker_patch_latest_summary	8	note_text	text	text	YES	
cx22073jw	v_access_legacy_db_blocker_patch_latest_summary	9	created_at	timestamp with time zone	timestamptz	YES	
cx22073jw	v_access_legacy_db_blocker_patch_latest_summary	10	ended_at	timestamp with time zone	timestamptz	YES	
cx22073jw	v_access_legacy_retirement_plan_latest_items	1	run_code	text	text	YES	
cx22073jw	v_access_legacy_retirement_plan_latest_items	2	item_group	text	text	YES	
cx22073jw	v_access_legacy_retirement_plan_latest_items	3	object_name	text	text	YES	
cx22073jw	v_access_legacy_retirement_plan_latest_items	4	plan_action	text	text	YES	
cx22073jw	v_access_legacy_retirement_plan_latest_items	5	detail_text	text	text	YES	
cx22073jw	v_access_legacy_retirement_plan_latest_items	6	created_at	timestamp with time zone	timestamptz	YES	
cx22073jw	v_access_legacy_retirement_plan_latest_summary	1	run_code	text	text	YES	
cx22073jw	v_access_legacy_retirement_plan_latest_summary	2	source_gate_run_code	text	text	YES	
cx22073jw	v_access_legacy_retirement_plan_latest_summary	3	readiness_status_snapshot	text	text	YES	
cx22073jw	v_access_legacy_retirement_plan_latest_summary	4	legacy_view_count	integer	int4	YES	
cx22073jw	v_access_legacy_retirement_plan_latest_summary	5	planned_drop_count	integer	int4	YES	
cx22073jw	v_access_legacy_retirement_plan_latest_summary	6	blocker_count	integer	int4	YES	
cx22073jw	v_access_legacy_retirement_plan_latest_summary	7	export_root_path	text	text	YES	
cx22073jw	v_access_legacy_retirement_plan_latest_summary	8	plan_status	text	text	YES	
cx22073jw	v_access_legacy_retirement_plan_latest_summary	9	note_text	text	text	YES	
cx22073jw	v_access_legacy_retirement_plan_latest_summary	10	created_at	timestamp with time zone	timestamptz	YES	
cx22073jw	v_access_legacy_retirement_plan_latest_summary	11	ended_at	timestamp with time zone	timestamptz	YES	
cx22073jw	v_access_manual_apply_confirmation_latest_log	1	batch_code	text	text	YES	
cx22073jw	v_access_manual_apply_confirmation_latest_log	2	request_code	text	text	YES	
cx22073jw	v_access_manual_apply_confirmation_latest_log	3	actual_view_code	text	text	YES	
cx22073jw	v_access_manual_apply_confirmation_latest_log	4	logical_view_name	text	text	YES	
cx22073jw	v_access_manual_apply_confirmation_latest_log	5	previous_receipt_status	text	text	YES	
cx22073jw	v_access_manual_apply_confirmation_latest_log	6	new_receipt_status	text	text	YES	
cx22073jw	v_access_manual_apply_confirmation_latest_log	7	executor_name	text	text	YES	
cx22073jw	v_access_manual_apply_confirmation_latest_log	8	confirmation_note	text	text	YES	
cx22073jw	v_access_manual_apply_confirmation_latest_log	9	created_at	timestamp with time zone	timestamptz	YES	
cx22073jw	v_access_manual_apply_receipt_latest_batch_summary	1	batch_code	text	text	YES	
cx22073jw	v_access_manual_apply_receipt_latest_batch_summary	2	source_handoff_run_code	text	text	YES	
cx22073jw	v_access_manual_apply_receipt_latest_batch_summary	3	source_export_root_path	text	text	YES	
cx22073jw	v_access_manual_apply_receipt_latest_batch_summary	4	requested_item_count	integer	int4	YES	
cx22073jw	v_access_manual_apply_receipt_latest_batch_summary	5	seeded_item_count	integer	int4	YES	
cx22073jw	v_access_manual_apply_receipt_latest_batch_summary	6	batch_status	text	text	YES	
cx22073jw	v_access_manual_apply_receipt_latest_batch_summary	7	note_text	text	text	YES	
cx22073jw	v_access_manual_apply_receipt_latest_batch_summary	8	created_at	timestamp with time zone	timestamptz	YES	
cx22073jw	v_access_manual_apply_receipt_latest_batch_summary	9	ended_at	timestamp with time zone	timestamptz	YES	
cx22073jw	v_access_manual_apply_receipt_latest_items	1	batch_code	text	text	YES	
cx22073jw	v_access_manual_apply_receipt_latest_items	2	request_code	text	text	YES	
cx22073jw	v_access_manual_apply_receipt_latest_items	3	target_domain_code	text	text	YES	
cx22073jw	v_access_manual_apply_receipt_latest_items	4	target_role_code	text	text	YES	
cx22073jw	v_access_manual_apply_receipt_latest_items	5	actual_view_code	text	text	YES	
cx22073jw	v_access_manual_apply_receipt_latest_items	6	logical_view_name	text	text	YES	
cx22073jw	v_access_manual_apply_receipt_latest_items	7	expected_db_role_name	text	text	YES	
cx22073jw	v_access_manual_apply_receipt_latest_items	8	receipt_status	text	text	YES	
cx22073jw	v_access_manual_apply_receipt_latest_items	9	manual_executor_name	text	text	YES	
cx22073jw	v_access_manual_apply_receipt_latest_items	10	manual_apply_note	text	text	YES	
cx22073jw	v_access_manual_apply_receipt_latest_items	11	created_at	timestamp with time zone	timestamptz	YES	
cx22073jw	v_access_manual_apply_receipt_latest_pending_summary	1	batch_code	text	text	YES	
cx22073jw	v_access_manual_apply_receipt_latest_pending_summary	2	total_item_count	bigint	int8	YES	
cx22073jw	v_access_manual_apply_receipt_latest_pending_summary	3	pending_confirmation_count	bigint	int8	YES	
cx22073jw	v_access_manual_apply_receipt_latest_pending_summary	4	confirmed_applied_count	bigint	int8	YES	
cx22073jw	v_access_manual_apply_receipt_latest_pending_summary	5	confirmed_skipped_count	bigint	int8	YES	
cx22073jw	v_access_manual_apply_receipt_latest_pending_summary	6	confirmed_failed_count	bigint	int8	YES	
cx22073jw	v_access_post_apply_verification_latest_confirmed_only_items	1	run_code	text	text	YES	
cx22073jw	v_access_post_apply_verification_latest_confirmed_only_items	2	source_receipt_batch_code	text	text	YES	
cx22073jw	v_access_post_apply_verification_latest_confirmed_only_items	3	request_code	text	text	YES	
cx22073jw	v_access_post_apply_verification_latest_confirmed_only_items	4	target_domain_code	text	text	YES	
cx22073jw	v_access_post_apply_verification_latest_confirmed_only_items	5	target_role_code	text	text	YES	
cx22073jw	v_access_post_apply_verification_latest_confirmed_only_items	6	actual_view_code	text	text	YES	
cx22073jw	v_access_post_apply_verification_latest_confirmed_only_items	7	logical_view_name	text	text	YES	
cx22073jw	v_access_post_apply_verification_latest_confirmed_only_items	8	expected_db_role_name	text	text	YES	
cx22073jw	v_access_post_apply_verification_latest_confirmed_only_items	9	role_exists_flag	boolean	bool	YES	
cx22073jw	v_access_post_apply_verification_latest_confirmed_only_items	10	view_exists_flag	boolean	bool	YES	
cx22073jw	v_access_post_apply_verification_latest_confirmed_only_items	11	select_grant_present_flag	boolean	bool	YES	
cx22073jw	v_access_post_apply_verification_latest_confirmed_only_items	12	verification_status	text	text	YES	
cx22073jw	v_access_post_apply_verification_latest_confirmed_only_items	13	result_note	text	text	YES	
cx22073jw	v_access_post_apply_verification_latest_confirmed_only_items	14	created_at	timestamp with time zone	timestamptz	YES	
cx22073jw	v_access_post_apply_verification_latest_confirmed_only_summary	1	run_code	text	text	YES	
cx22073jw	v_access_post_apply_verification_latest_confirmed_only_summary	2	source_receipt_batch_code	text	text	YES	
cx22073jw	v_access_post_apply_verification_latest_confirmed_only_summary	3	requested_item_count	integer	int4	YES	
cx22073jw	v_access_post_apply_verification_latest_confirmed_only_summary	4	verified_applied_count	integer	int4	YES	
cx22073jw	v_access_post_apply_verification_latest_confirmed_only_summary	5	not_yet_applied_count	integer	int4	YES	
cx22073jw	v_access_post_apply_verification_latest_confirmed_only_summary	6	precheck_fail_count	integer	int4	YES	
cx22073jw	v_access_post_apply_verification_latest_confirmed_only_summary	7	run_status	text	text	YES	
cx22073jw	v_access_post_apply_verification_latest_confirmed_only_summary	8	note_text	text	text	YES	
cx22073jw	v_access_post_apply_verification_latest_confirmed_only_summary	9	created_at	timestamp with time zone	timestamptz	YES	
cx22073jw	v_access_post_apply_verification_latest_confirmed_only_summary	10	ended_at	timestamp with time zone	timestamptz	YES	
cx22073jw	v_access_post_apply_verification_latest_items	1	run_code	text	text	YES	
cx22073jw	v_access_post_apply_verification_latest_items	2	source_receipt_batch_code	text	text	YES	
cx22073jw	v_access_post_apply_verification_latest_items	3	request_code	text	text	YES	
cx22073jw	v_access_post_apply_verification_latest_items	4	target_domain_code	text	text	YES	
cx22073jw	v_access_post_apply_verification_latest_items	5	target_role_code	text	text	YES	
cx22073jw	v_access_post_apply_verification_latest_items	6	actual_view_code	text	text	YES	
cx22073jw	v_access_post_apply_verification_latest_items	7	logical_view_name	text	text	YES	
cx22073jw	v_access_post_apply_verification_latest_items	8	expected_db_role_name	text	text	YES	
cx22073jw	v_access_post_apply_verification_latest_items	9	role_exists_flag	boolean	bool	YES	
cx22073jw	v_access_post_apply_verification_latest_items	10	view_exists_flag	boolean	bool	YES	
cx22073jw	v_access_post_apply_verification_latest_items	11	select_grant_present_flag	boolean	bool	YES	
cx22073jw	v_access_post_apply_verification_latest_items	12	verification_status	text	text	YES	
cx22073jw	v_access_post_apply_verification_latest_items	13	result_note	text	text	YES	
cx22073jw	v_access_post_apply_verification_latest_items	14	created_at	timestamp with time zone	timestamptz	YES	
cx22073jw	v_access_post_apply_verification_latest_summary	1	run_code	text	text	YES	
cx22073jw	v_access_post_apply_verification_latest_summary	2	source_receipt_batch_code	text	text	YES	
cx22073jw	v_access_post_apply_verification_latest_summary	3	requested_item_count	integer	int4	YES	
cx22073jw	v_access_post_apply_verification_latest_summary	4	verified_applied_count	integer	int4	YES	
cx22073jw	v_access_post_apply_verification_latest_summary	5	not_yet_applied_count	integer	int4	YES	
cx22073jw	v_access_post_apply_verification_latest_summary	6	precheck_fail_count	integer	int4	YES	
cx22073jw	v_access_post_apply_verification_latest_summary	7	run_status	text	text	YES	
cx22073jw	v_access_post_apply_verification_latest_summary	8	note_text	text	text	YES	
cx22073jw	v_access_post_apply_verification_latest_summary	9	created_at	timestamp with time zone	timestamptz	YES	
cx22073jw	v_access_post_apply_verification_latest_summary	10	ended_at	timestamp with time zone	timestamptz	YES	
cx22073jw	v_access_privileged_family_summary	1	domain_code	text	text	YES	
cx22073jw	v_access_privileged_family_summary	2	view_family_code	text	text	YES	
cx22073jw	v_access_privileged_family_summary	3	family_name	text	text	YES	
cx22073jw	v_access_privileged_family_summary	4	sensitivity_code	text	text	YES	
cx22073jw	v_access_privileged_family_summary	5	access_boundary_note	text	text	YES	
cx22073jw	v_access_rank_registry_summary	1	rank_code	text	text	YES	
cx22073jw	v_access_rank_registry_summary	2	rank_name	text	text	YES	
cx22073jw	v_access_rank_registry_summary	3	provisional_flag	boolean	bool	YES	
cx22073jw	v_access_rank_registry_summary	4	allow_public	boolean	bool	YES	
cx22073jw	v_access_rank_registry_summary	5	allow_masked	boolean	bool	YES	
cx22073jw	v_access_rank_registry_summary	6	allow_support	boolean	bool	YES	
cx22073jw	v_access_rank_registry_summary	7	allow_operational	boolean	bool	YES	
cx22073jw	v_access_rank_registry_summary	8	allow_audit	boolean	bool	YES	
cx22073jw	v_access_rank_registry_summary	9	allow_safety	boolean	bool	YES	
cx22073jw	v_access_rank_registry_summary	10	allow_privileged	boolean	bool	YES	
cx22073jw	v_access_rank_registry_summary	11	allow_restricted	boolean	bool	YES	
cx22073jw	v_access_rank_registry_summary	12	description	text	text	YES	
cx22073jw	v_access_role_access_bundle_item_matrix	1	bundle_code	text	text	YES	
cx22073jw	v_access_role_access_bundle_item_matrix	2	domain_code	text	text	YES	
cx22073jw	v_access_role_access_bundle_item_matrix	3	role_code	text	text	YES	
cx22073jw	v_access_role_access_bundle_item_matrix	4	actual_view_code	text	text	YES	
cx22073jw	v_access_role_access_bundle_item_matrix	5	logical_view_name	text	text	YES	
cx22073jw	v_access_role_access_bundle_item_matrix	6	view_family_code	text	text	YES	
cx22073jw	v_access_role_access_bundle_item_matrix	7	grant_mode	text	text	YES	
cx22073jw	v_access_role_access_bundle_item_matrix	8	gate_needed	boolean	bool	YES	
cx22073jw	v_access_role_access_bundle_item_matrix	9	audit_obligation	boolean	bool	YES	
cx22073jw	v_access_role_access_bundle_item_matrix	10	sort_order	integer	int4	YES	
cx22073jw	v_access_role_access_bundle_summary	1	bundle_code	text	text	YES	
cx22073jw	v_access_role_access_bundle_summary	2	domain_code	text	text	YES	
cx22073jw	v_access_role_access_bundle_summary	3	role_code	text	text	YES	
cx22073jw	v_access_role_access_bundle_summary	4	bundle_status	text	text	YES	
cx22073jw	v_access_role_access_bundle_summary	5	gate_needed_view_count	integer	int4	YES	
cx22073jw	v_access_role_access_bundle_summary	6	non_gate_view_count	integer	int4	YES	
cx22073jw	v_access_role_access_bundle_summary	7	total_view_count	integer	int4	YES	
cx22073jw	v_access_role_access_bundle_summary	8	note_text	text	text	YES	
cx22073jw	v_access_role_access_bundle_summary	9	created_at	timestamp with time zone	timestamptz	YES	
cx22073jw	v_access_role_actual_view_grant_matrix	1	domain_code	text	text	YES	
cx22073jw	v_access_role_actual_view_grant_matrix	2	role_code	text	text	YES	
cx22073jw	v_access_role_actual_view_grant_matrix	3	role_name	text	text	YES	
cx22073jw	v_access_role_actual_view_grant_matrix	4	actual_view_code	text	text	YES	
cx22073jw	v_access_role_actual_view_grant_matrix	5	logical_view_name	text	text	YES	
cx22073jw	v_access_role_actual_view_grant_matrix	6	view_family_code	text	text	YES	
cx22073jw	v_access_role_actual_view_grant_matrix	7	grant_mode	text	text	YES	
cx22073jw	v_access_role_actual_view_grant_matrix	8	gate_needed	boolean	bool	YES	
cx22073jw	v_access_role_actual_view_grant_matrix	9	audit_obligation	boolean	bool	YES	
cx22073jw	v_access_role_actual_view_grant_matrix	10	notes	text	text	YES	
cx22073jw	v_access_role_policy_matrix	1	domain_code	text	text	YES	
cx22073jw	v_access_role_policy_matrix	2	role_code	text	text	YES	
cx22073jw	v_access_role_policy_matrix	3	role_name	text	text	YES	
cx22073jw	v_access_role_policy_matrix	4	view_family_code	text	text	YES	
cx22073jw	v_access_role_policy_matrix	5	family_name	text	text	YES	
cx22073jw	v_access_role_policy_matrix	6	access_mode	text	text	YES	
cx22073jw	v_access_role_policy_matrix	7	scope_note	text	text	YES	
cx22073jw	v_access_role_policy_matrix	8	sensitivity_code	text	text	YES	
cx22073jw	v_access_runtime_ready_promotion_latest_batch_summary	1	batch_code	text	text	YES	
cx22073jw	v_access_runtime_ready_promotion_latest_batch_summary	2	source_queue_batch_code	text	text	YES	
cx22073jw	v_access_runtime_ready_promotion_latest_batch_summary	3	target_request_code	text	text	YES	
cx22073jw	v_access_runtime_ready_promotion_latest_batch_summary	4	promoted_count	integer	int4	YES	
cx22073jw	v_access_runtime_ready_promotion_latest_batch_summary	5	skipped_gate_count	integer	int4	YES	
cx22073jw	v_access_runtime_ready_promotion_latest_batch_summary	6	unchanged_count	integer	int4	YES	
cx22073jw	v_access_runtime_ready_promotion_latest_batch_summary	7	batch_status	text	text	YES	
cx22073jw	v_access_runtime_ready_promotion_latest_batch_summary	8	note_text	text	text	YES	
cx22073jw	v_access_runtime_ready_promotion_latest_batch_summary	9	created_at	timestamp with time zone	timestamptz	YES	
cx22073jw	v_access_runtime_ready_promotion_latest_batch_summary	10	ended_at	timestamp with time zone	timestamptz	YES	
cx22073jw	v_access_runtime_ready_promotion_latest_items	1	batch_code	text	text	YES	
cx22073jw	v_access_runtime_ready_promotion_latest_items	2	queue_code	text	text	YES	
cx22073jw	v_access_runtime_ready_promotion_latest_items	3	request_code	text	text	YES	
cx22073jw	v_access_runtime_ready_promotion_latest_items	4	target_domain_code	text	text	YES	
cx22073jw	v_access_runtime_ready_promotion_latest_items	5	target_role_code	text	text	YES	
cx22073jw	v_access_runtime_ready_promotion_latest_items	6	actual_view_code	text	text	YES	
cx22073jw	v_access_runtime_ready_promotion_latest_items	7	logical_view_name	text	text	YES	
cx22073jw	v_access_runtime_ready_promotion_latest_items	8	previous_runtime_apply_ready	boolean	bool	YES	
cx22073jw	v_access_runtime_ready_promotion_latest_items	9	new_runtime_apply_ready	boolean	bool	YES	
cx22073jw	v_access_runtime_ready_promotion_latest_items	10	gate_check_required	boolean	bool	YES	
cx22073jw	v_access_runtime_ready_promotion_latest_items	11	action_status	text	text	YES	
cx22073jw	v_access_runtime_ready_promotion_latest_items	12	note_text	text	text	YES	
cx22073jw	v_access_runtime_ready_promotion_latest_items	13	created_at	timestamp with time zone	timestamptz	YES	
cx22073jw	v_access_stub_smoke_latest_items	1	run_code	text	text	YES	
cx22073jw	v_access_stub_smoke_latest_items	2	actual_view_code	text	text	YES	
cx22073jw	v_access_stub_smoke_latest_items	3	logical_view_name	text	text	YES	
cx22073jw	v_access_stub_smoke_latest_items	4	domain_code	text	text	YES	
cx22073jw	v_access_stub_smoke_latest_items	5	view_family_code	text	text	YES	
cx22073jw	v_access_stub_smoke_latest_items	6	smoke_status	text	text	YES	
cx22073jw	v_access_stub_smoke_latest_items	7	column_count	integer	int4	YES	
cx22073jw	v_access_stub_smoke_latest_items	8	row_count	bigint	int8	YES	
cx22073jw	v_access_stub_smoke_latest_items	9	error_text	text	text	YES	
cx22073jw	v_access_stub_smoke_latest_items	10	created_at	timestamp with time zone	timestamptz	YES	
cx22073jw	v_access_stub_smoke_latest_summary	1	run_code	text	text	YES	
cx22073jw	v_access_stub_smoke_latest_summary	2	requested_view_count	integer	int4	YES	
cx22073jw	v_access_stub_smoke_latest_summary	3	passed_view_count	integer	int4	YES	
cx22073jw	v_access_stub_smoke_latest_summary	4	failed_view_count	integer	int4	YES	
cx22073jw	v_access_stub_smoke_latest_summary	5	missing_view_count	integer	int4	YES	
cx22073jw	v_access_stub_smoke_latest_summary	6	run_status	text	text	YES	
cx22073jw	v_access_stub_smoke_latest_summary	7	note_text	text	text	YES	
cx22073jw	v_access_stub_smoke_latest_summary	8	created_at	timestamp with time zone	timestamptz	YES	
cx22073jw	v_access_stub_smoke_latest_summary	9	ended_at	timestamp with time zone	timestamptz	YES	
cx22073jw	v_access_stub_view_generation_latest_items	1	run_code	text	text	YES	
cx22073jw	v_access_stub_view_generation_latest_items	2	actual_view_code	text	text	YES	
cx22073jw	v_access_stub_view_generation_latest_items	3	logical_view_name	text	text	YES	
cx22073jw	v_access_stub_view_generation_latest_items	4	domain_code	text	text	YES	
cx22073jw	v_access_stub_view_generation_latest_items	5	view_family_code	text	text	YES	
cx22073jw	v_access_stub_view_generation_latest_items	6	generation_status	text	text	YES	
cx22073jw	v_access_stub_view_generation_latest_items	7	error_text	text	text	YES	
cx22073jw	v_access_stub_view_generation_latest_items	8	created_at	timestamp with time zone	timestamptz	YES	
cx22073jw	v_access_stub_view_generation_latest_summary	1	run_code	text	text	YES	
cx22073jw	v_access_stub_view_generation_latest_summary	2	requested_view_count	integer	int4	YES	
cx22073jw	v_access_stub_view_generation_latest_summary	3	created_view_count	integer	int4	YES	
cx22073jw	v_access_stub_view_generation_latest_summary	4	existing_view_count	integer	int4	YES	
cx22073jw	v_access_stub_view_generation_latest_summary	5	error_view_count	integer	int4	YES	
cx22073jw	v_access_stub_view_generation_latest_summary	6	run_status	text	text	YES	
cx22073jw	v_access_stub_view_generation_latest_summary	7	note_text	text	text	YES	
cx22073jw	v_access_stub_view_generation_latest_summary	8	created_at	timestamp with time zone	timestamptz	YES	
cx22073jw	v_access_stub_view_generation_latest_summary	9	ended_at	timestamp with time zone	timestamptz	YES	
cx22073jw	v_access_stub_view_missing	1	domain_code	text	text	YES	
cx22073jw	v_access_stub_view_missing	2	view_family_code	text	text	YES	
cx22073jw	v_access_stub_view_missing	3	actual_view_code	text	text	YES	
cx22073jw	v_access_stub_view_missing	4	logical_view_name	text	text	YES	
cx22073jw	v_access_stub_view_missing	5	sensitivity_code	text	text	YES	
cx22073jw	v_access_stub_view_missing	6	exposure_scope	text	text	YES	
cx22073jw	v_access_stub_view_missing	7	gate_required	boolean	bool	YES	
cx22073jw	v_access_stub_view_missing	8	stub_view_exists	boolean	bool	YES	
cx22073jw	v_access_stub_view_runtime_catalog	1	domain_code	text	text	YES	
cx22073jw	v_access_stub_view_runtime_catalog	2	view_family_code	text	text	YES	
cx22073jw	v_access_stub_view_runtime_catalog	3	actual_view_code	text	text	YES	
cx22073jw	v_access_stub_view_runtime_catalog	4	logical_view_name	text	text	YES	
cx22073jw	v_access_stub_view_runtime_catalog	5	sensitivity_code	text	text	YES	
cx22073jw	v_access_stub_view_runtime_catalog	6	exposure_scope	text	text	YES	
cx22073jw	v_access_stub_view_runtime_catalog	7	gate_required	boolean	bool	YES	
cx22073jw	v_access_stub_view_runtime_catalog	8	stub_view_exists	boolean	bool	YES	
cx22073jw	v_ai_employee_activation_request_compiled_summary	1	request_code	text	text	YES	
cx22073jw	v_ai_employee_activation_request_compiled_summary	2	target_domain_code	text	text	YES	
cx22073jw	v_ai_employee_activation_request_compiled_summary	3	target_role_code	text	text	YES	
cx22073jw	v_ai_employee_activation_request_compiled_summary	4	requested_rank_code	text	text	YES	
cx22073jw	v_ai_employee_activation_request_compiled_summary	5	requested_app_scope	text	text	YES	
cx22073jw	v_ai_employee_activation_request_compiled_summary	6	request_status	text	text	YES	
cx22073jw	v_ai_employee_activation_request_compiled_summary	7	requested_by	text	text	YES	
cx22073jw	v_ai_employee_activation_request_compiled_summary	8	total_decision_count	bigint	int8	YES	
cx22073jw	v_ai_employee_activation_request_compiled_summary	9	allowed_upper_bound_count	bigint	int8	YES	
cx22073jw	v_ai_employee_activation_request_compiled_summary	10	requires_gate_count	bigint	int8	YES	
cx22073jw	v_ai_employee_activation_request_compiled_summary	11	requires_scope_count	bigint	int8	YES	
cx22073jw	v_ai_employee_activation_request_compiled_summary	12	requires_rank_count	bigint	int8	YES	
cx22073jw	v_ai_employee_activation_request_compiled_summary	13	rejected_count	bigint	int8	YES	
cx22073jw	v_ai_employee_activation_request_compiled_summary	14	note_text	text	text	YES	
cx22073jw	v_ai_employee_activation_request_compiled_summary	15	created_at	timestamp with time zone	timestamptz	YES	
cx22073jw	v_ai_employee_activation_request_intersection_summary	1	request_code	text	text	YES	
cx22073jw	v_ai_employee_activation_request_intersection_summary	2	target_domain_code	text	text	YES	
cx22073jw	v_ai_employee_activation_request_intersection_summary	3	target_role_code	text	text	YES	
cx22073jw	v_ai_employee_activation_request_intersection_summary	4	requested_rank_code	text	text	YES	
cx22073jw	v_ai_employee_activation_request_intersection_summary	5	requested_app_scope	text	text	YES	
cx22073jw	v_ai_employee_activation_request_intersection_summary	6	request_status	text	text	YES	
cx22073jw	v_ai_employee_activation_request_intersection_summary	7	total_decision_count	bigint	int8	YES	
cx22073jw	v_ai_employee_activation_request_intersection_summary	8	allowed_upper_bound_count	bigint	int8	YES	
cx22073jw	v_ai_employee_activation_request_intersection_summary	9	requires_gate_count	bigint	int8	YES	
cx22073jw	v_ai_employee_activation_request_intersection_summary	10	requires_scope_count	bigint	int8	YES	
cx22073jw	v_ai_employee_activation_request_intersection_summary	11	requires_rank_count	bigint	int8	YES	
cx22073jw	v_ai_employee_activation_request_intersection_summary	12	rejected_count	bigint	int8	YES	
cx22073jw	v_ai_employee_activation_request_intersection_summary	13	note_text	text	text	YES	
cx22073jw	v_ai_employee_activation_request_intersection_summary	14	created_at	timestamp with time zone	timestamptz	YES	
cx22073jw	v_ai_employee_activation_request_latest_decisions	1	request_code	text	text	YES	
cx22073jw	v_ai_employee_activation_request_latest_decisions	2	target_domain_code	text	text	YES	
cx22073jw	v_ai_employee_activation_request_latest_decisions	3	target_role_code	text	text	YES	
cx22073jw	v_ai_employee_activation_request_latest_decisions	4	actual_view_code	text	text	YES	
cx22073jw	v_ai_employee_activation_request_latest_decisions	5	logical_view_name	text	text	YES	
cx22073jw	v_ai_employee_activation_request_latest_decisions	6	bundle_inclusion_mode	text	text	YES	
cx22073jw	v_ai_employee_activation_request_latest_decisions	7	gate_needed	boolean	bool	YES	
cx22073jw	v_ai_employee_activation_request_latest_decisions	8	decision_status	text	text	YES	
cx22073jw	v_ai_employee_activation_request_latest_decisions	9	decision_note	text	text	YES	
cx22073jw	v_ai_employee_activation_request_latest_decisions	10	created_at	timestamp with time zone	timestamptz	YES	
cx22073jw	v_ai_employee_activation_request_latest_intersection_decisions	1	request_code	text	text	YES	
cx22073jw	v_ai_employee_activation_request_latest_intersection_decisions	2	target_domain_code	text	text	YES	
cx22073jw	v_ai_employee_activation_request_latest_intersection_decisions	3	target_role_code	text	text	YES	
cx22073jw	v_ai_employee_activation_request_latest_intersection_decisions	4	actual_view_code	text	text	YES	
cx22073jw	v_ai_employee_activation_request_latest_intersection_decisions	5	logical_view_name	text	text	YES	
cx22073jw	v_ai_employee_activation_request_latest_intersection_decisions	6	bundle_inclusion_mode	text	text	YES	
cx22073jw	v_ai_employee_activation_request_latest_intersection_decisions	7	gate_needed	boolean	bool	YES	
cx22073jw	v_ai_employee_activation_request_latest_intersection_decisions	8	decision_status	text	text	YES	
cx22073jw	v_ai_employee_activation_request_latest_intersection_decisions	9	decision_note	text	text	YES	
cx22073jw	v_ai_employee_activation_request_latest_intersection_decisions	10	created_at	timestamp with time zone	timestamptz	YES	
cx22073jw	v_ai_employee_activation_request_latest_summary	1	request_code	text	text	YES	
cx22073jw	v_ai_employee_activation_request_latest_summary	2	target_domain_code	text	text	YES	
cx22073jw	v_ai_employee_activation_request_latest_summary	3	target_role_code	text	text	YES	
cx22073jw	v_ai_employee_activation_request_latest_summary	4	requested_rank_code	text	text	YES	
cx22073jw	v_ai_employee_activation_request_latest_summary	5	requested_app_scope	text	text	YES	
cx22073jw	v_ai_employee_activation_request_latest_summary	6	request_status	text	text	YES	
cx22073jw	v_ai_employee_activation_request_latest_summary	7	requested_by	text	text	YES	
cx22073jw	v_ai_employee_activation_request_latest_summary	8	reviewer_name	text	text	YES	
cx22073jw	v_ai_employee_activation_request_latest_summary	9	approver_name	text	text	YES	
cx22073jw	v_ai_employee_activation_request_latest_summary	10	note_text	text	text	YES	
cx22073jw	v_ai_employee_activation_request_latest_summary	11	created_at	timestamp with time zone	timestamptz	YES	
cx22073jw	v_ai_employee_activation_review_decision_latest_batch_summary	1	batch_code	text	text	YES	
cx22073jw	v_ai_employee_activation_review_decision_latest_batch_summary	2	source_export_run_code	text	text	YES	
cx22073jw	v_ai_employee_activation_review_decision_latest_batch_summary	3	source_export_root_path	text	text	YES	
cx22073jw	v_ai_employee_activation_review_decision_latest_batch_summary	4	request_count	integer	int4	YES	
cx22073jw	v_ai_employee_activation_review_decision_latest_batch_summary	5	item_count	integer	int4	YES	
cx22073jw	v_ai_employee_activation_review_decision_latest_batch_summary	6	approved_candidate_count	integer	int4	YES	
cx22073jw	v_ai_employee_activation_review_decision_latest_batch_summary	7	gate_hold_count	integer	int4	YES	
cx22073jw	v_ai_employee_activation_review_decision_latest_batch_summary	8	scope_hold_count	integer	int4	YES	
cx22073jw	v_ai_employee_activation_review_decision_latest_batch_summary	9	rank_hold_count	integer	int4	YES	
cx22073jw	v_ai_employee_activation_review_decision_latest_batch_summary	10	rejected_hold_count	integer	int4	YES	
cx22073jw	v_ai_employee_activation_review_decision_latest_batch_summary	11	batch_status	text	text	YES	
cx22073jw	v_ai_employee_activation_review_decision_latest_batch_summary	12	note_text	text	text	YES	
cx22073jw	v_ai_employee_activation_review_decision_latest_batch_summary	13	created_at	timestamp with time zone	timestamptz	YES	
cx22073jw	v_ai_employee_activation_review_decision_latest_batch_summary	14	ended_at	timestamp with time zone	timestamptz	YES	
cx22073jw	v_ai_employee_activation_review_decision_latest_items	1	batch_code	text	text	YES	
cx22073jw	v_ai_employee_activation_review_decision_latest_items	2	request_code	text	text	YES	
cx22073jw	v_ai_employee_activation_review_decision_latest_items	3	target_domain_code	text	text	YES	
cx22073jw	v_ai_employee_activation_review_decision_latest_items	4	target_role_code	text	text	YES	
cx22073jw	v_ai_employee_activation_review_decision_latest_items	5	actual_view_code	text	text	YES	
cx22073jw	v_ai_employee_activation_review_decision_latest_items	6	logical_view_name	text	text	YES	
cx22073jw	v_ai_employee_activation_review_decision_latest_items	7	source_decision_status	text	text	YES	
cx22073jw	v_ai_employee_activation_review_decision_latest_items	8	source_action_hint	text	text	YES	
cx22073jw	v_ai_employee_activation_review_decision_latest_items	9	review_bucket	text	text	YES	
cx22073jw	v_ai_employee_activation_review_decision_latest_items	10	human_review_status	text	text	YES	
cx22073jw	v_ai_employee_activation_review_decision_latest_items	11	governed_apply_ready	boolean	bool	YES	
cx22073jw	v_ai_employee_activation_review_decision_latest_items	12	review_note	text	text	YES	
cx22073jw	v_ai_employee_activation_review_decision_latest_items	13	created_at	timestamp with time zone	timestamptz	YES	
cx22073jw	v_ai_employee_activation_review_export_latest_items	1	run_code	text	text	YES	
cx22073jw	v_ai_employee_activation_review_export_latest_items	2	request_code	text	text	YES	
cx22073jw	v_ai_employee_activation_review_export_latest_items	3	target_domain_code	text	text	YES	
cx22073jw	v_ai_employee_activation_review_export_latest_items	4	target_role_code	text	text	YES	
cx22073jw	v_ai_employee_activation_review_export_latest_items	5	actual_view_code	text	text	YES	
cx22073jw	v_ai_employee_activation_review_export_latest_items	6	logical_view_name	text	text	YES	
cx22073jw	v_ai_employee_activation_review_export_latest_items	7	decision_status	text	text	YES	
cx22073jw	v_ai_employee_activation_review_export_latest_items	8	gate_needed	boolean	bool	YES	
cx22073jw	v_ai_employee_activation_review_export_latest_items	9	decision_action_hint	text	text	YES	
cx22073jw	v_ai_employee_activation_review_export_latest_summary	1	run_code	text	text	YES	
cx22073jw	v_ai_employee_activation_review_export_latest_summary	2	export_root_path	text	text	YES	
cx22073jw	v_ai_employee_activation_review_export_latest_summary	3	request_count	integer	int4	YES	
cx22073jw	v_ai_employee_activation_review_export_latest_summary	4	decision_count	integer	int4	YES	
cx22073jw	v_ai_employee_activation_review_export_latest_summary	5	allowed_count	integer	int4	YES	
cx22073jw	v_ai_employee_activation_review_export_latest_summary	6	gate_count	integer	int4	YES	
cx22073jw	v_ai_employee_activation_review_export_latest_summary	7	scope_count	integer	int4	YES	
cx22073jw	v_ai_employee_activation_review_export_latest_summary	8	rank_count	integer	int4	YES	
cx22073jw	v_ai_employee_activation_review_export_latest_summary	9	rejected_count	integer	int4	YES	
cx22073jw	v_ai_employee_activation_review_export_latest_summary	10	run_status	text	text	YES	
cx22073jw	v_ai_employee_activation_review_export_latest_summary	11	note_text	text	text	YES	
cx22073jw	v_ai_employee_activation_review_export_latest_summary	12	created_at	timestamp with time zone	timestamptz	YES	
cx22073jw	v_ai_employee_activation_review_export_latest_summary	13	ended_at	timestamp with time zone	timestamptz	YES	
cx22073jw	v_ai_employee_actual_view_family_summary	1	domain_code	text	text	YES	
cx22073jw	v_ai_employee_actual_view_family_summary	2	view_family_code	text	text	YES	
cx22073jw	v_ai_employee_actual_view_family_summary	3	family_name	text	text	YES	
cx22073jw	v_ai_employee_actual_view_family_summary	4	sensitivity_code	text	text	YES	
cx22073jw	v_ai_employee_actual_view_family_summary	5	actual_view_count	bigint	int8	YES	
cx22073jw	v_ai_employee_actual_view_registry_summary	1	domain_code	text	text	YES	
cx22073jw	v_ai_employee_actual_view_registry_summary	2	view_family_code	text	text	YES	
cx22073jw	v_ai_employee_actual_view_registry_summary	3	actual_view_code	text	text	YES	
cx22073jw	v_ai_employee_actual_view_registry_summary	4	logical_view_name	text	text	YES	
cx22073jw	v_ai_employee_actual_view_registry_summary	5	sensitivity_code	text	text	YES	
cx22073jw	v_ai_employee_actual_view_registry_summary	6	exposure_scope	text	text	YES	
cx22073jw	v_ai_employee_actual_view_registry_summary	7	lifecycle_status	text	text	YES	
cx22073jw	v_ai_employee_actual_view_registry_summary	8	gate_required	boolean	bool	YES	
cx22073jw	v_ai_employee_actual_view_registry_summary	9	grantable_readonly	boolean	bool	YES	
cx22073jw	v_ai_employee_app_scope_summary	1	app_scope_code	text	text	YES	
cx22073jw	v_ai_employee_app_scope_summary	2	domain_code	text	text	YES	
cx22073jw	v_ai_employee_app_scope_summary	3	scope_name	text	text	YES	
cx22073jw	v_ai_employee_app_scope_summary	4	scope_group	text	text	YES	
cx22073jw	v_ai_employee_app_scope_summary	5	provisional_flag	boolean	bool	YES	
cx22073jw	v_ai_employee_app_scope_summary	6	allowlisted_view_count	bigint	int8	YES	
cx22073jw	v_ai_employee_db_role_provision_latest_batch_summary	1	batch_code	text	text	YES	
cx22073jw	v_ai_employee_db_role_provision_latest_batch_summary	2	requested_role_count	integer	int4	YES	
cx22073jw	v_ai_employee_db_role_provision_latest_batch_summary	3	created_role_count	integer	int4	YES	
cx22073jw	v_ai_employee_db_role_provision_latest_batch_summary	4	existing_role_count	integer	int4	YES	
cx22073jw	v_ai_employee_db_role_provision_latest_batch_summary	5	failed_role_count	integer	int4	YES	
cx22073jw	v_ai_employee_db_role_provision_latest_batch_summary	6	batch_status	text	text	YES	
cx22073jw	v_ai_employee_db_role_provision_latest_batch_summary	7	note_text	text	text	YES	
cx22073jw	v_ai_employee_db_role_provision_latest_batch_summary	8	created_at	timestamp with time zone	timestamptz	YES	
cx22073jw	v_ai_employee_db_role_provision_latest_batch_summary	9	ended_at	timestamp with time zone	timestamptz	YES	
cx22073jw	v_ai_employee_db_role_provision_latest_items	1	batch_code	text	text	YES	
cx22073jw	v_ai_employee_db_role_provision_latest_items	2	role_code	text	text	YES	
cx22073jw	v_ai_employee_db_role_provision_latest_items	3	domain_code	text	text	YES	
cx22073jw	v_ai_employee_db_role_provision_latest_items	4	expected_db_role_name	text	text	YES	
cx22073jw	v_ai_employee_db_role_provision_latest_items	5	provision_status	text	text	YES	
cx22073jw	v_ai_employee_db_role_provision_latest_items	6	error_text	text	text	YES	
cx22073jw	v_ai_employee_db_role_provision_latest_items	7	created_at	timestamp with time zone	timestamptz	YES	
cx22073jw	v_ai_employee_db_role_registry_summary	1	role_code	text	text	YES	
cx22073jw	v_ai_employee_db_role_registry_summary	2	domain_code	text	text	YES	
cx22073jw	v_ai_employee_db_role_registry_summary	3	expected_db_role_name	text	text	YES	
cx22073jw	v_ai_employee_db_role_registry_summary	4	role_status	text	text	YES	
cx22073jw	v_ai_employee_db_role_registry_summary	5	role_exists_flag	boolean	bool	YES	
cx22073jw	v_ai_employee_db_role_registry_summary	6	login_allowed	boolean	bool	YES	
cx22073jw	v_ai_employee_db_role_registry_summary	7	inherit_flag	boolean	bool	YES	
cx22073jw	v_ai_employee_db_role_registry_summary	8	superuser_flag	boolean	bool	YES	
cx22073jw	v_ai_employee_db_role_registry_summary	9	createrole_flag	boolean	bool	YES	
cx22073jw	v_ai_employee_db_role_registry_summary	10	createdb_flag	boolean	bool	YES	
cx22073jw	v_ai_employee_db_role_registry_summary	11	replication_flag	boolean	bool	YES	
cx22073jw	v_ai_employee_db_role_registry_summary	12	bypassrls_flag	boolean	bool	YES	
cx22073jw	v_ai_employee_domain_bootstrap_summary	1	domain_code	text	text	YES	
cx22073jw	v_ai_employee_domain_bootstrap_summary	2	domain_name	text	text	YES	
cx22073jw	v_ai_employee_domain_bootstrap_summary	3	role_count	bigint	int8	YES	
cx22073jw	v_ai_employee_domain_bootstrap_summary	4	view_family_count	bigint	int8	YES	
cx22073jw	v_ai_employee_domain_bootstrap_summary	5	policy_count	bigint	int8	YES	
cx22073jw	v_ai_employee_final_handoff_export_latest_items	1	run_code	text	text	YES	
cx22073jw	v_ai_employee_final_handoff_export_latest_items	2	source_execution_run_code	text	text	YES	
cx22073jw	v_ai_employee_final_handoff_export_latest_items	3	source_batch_code	text	text	YES	
cx22073jw	v_ai_employee_final_handoff_export_latest_items	4	request_code	text	text	YES	
cx22073jw	v_ai_employee_final_handoff_export_latest_items	5	target_domain_code	text	text	YES	
cx22073jw	v_ai_employee_final_handoff_export_latest_items	6	target_role_code	text	text	YES	
cx22073jw	v_ai_employee_final_handoff_export_latest_items	7	actual_view_code	text	text	YES	
cx22073jw	v_ai_employee_final_handoff_export_latest_items	8	logical_view_name	text	text	YES	
cx22073jw	v_ai_employee_final_handoff_export_latest_items	9	expected_db_role_name	text	text	YES	
cx22073jw	v_ai_employee_final_handoff_export_latest_items	10	preflight_status	text	text	YES	
cx22073jw	v_ai_employee_final_handoff_export_latest_items	11	execution_status	text	text	YES	
cx22073jw	v_ai_employee_final_handoff_export_latest_items	12	handoff_bucket	text	text	YES	
cx22073jw	v_ai_employee_final_handoff_export_latest_items	13	prepared_sql_text	text	text	YES	
cx22073jw	v_ai_employee_final_handoff_export_latest_items	14	result_note	text	text	YES	
cx22073jw	v_ai_employee_final_handoff_export_latest_items	15	created_at	timestamp with time zone	timestamptz	YES	
cx22073jw	v_ai_employee_final_handoff_export_latest_summary	1	run_code	text	text	YES	
cx22073jw	v_ai_employee_final_handoff_export_latest_summary	2	source_execution_run_code	text	text	YES	
cx22073jw	v_ai_employee_final_handoff_export_latest_summary	3	source_batch_code	text	text	YES	
cx22073jw	v_ai_employee_final_handoff_export_latest_summary	4	export_root_path	text	text	YES	
cx22073jw	v_ai_employee_final_handoff_export_latest_summary	5	requested_item_count	integer	int4	YES	
cx22073jw	v_ai_employee_final_handoff_export_latest_summary	6	pass_item_count	integer	int4	YES	
cx22073jw	v_ai_employee_final_handoff_export_latest_summary	7	fail_item_count	integer	int4	YES	
cx22073jw	v_ai_employee_final_handoff_export_latest_summary	8	skipped_item_count	integer	int4	YES	
cx22073jw	v_ai_employee_final_handoff_export_latest_summary	9	run_status	text	text	YES	
cx22073jw	v_ai_employee_final_handoff_export_latest_summary	10	note_text	text	text	YES	
cx22073jw	v_ai_employee_final_handoff_export_latest_summary	11	created_at	timestamp with time zone	timestamptz	YES	
cx22073jw	v_ai_employee_final_handoff_export_latest_summary	12	ended_at	timestamp with time zone	timestamptz	YES	
cx22073jw	v_ai_employee_gate_controlled_actual_views	1	domain_code	text	text	YES	
cx22073jw	v_ai_employee_gate_controlled_actual_views	2	view_family_code	text	text	YES	
cx22073jw	v_ai_employee_gate_controlled_actual_views	3	actual_view_code	text	text	YES	
cx22073jw	v_ai_employee_gate_controlled_actual_views	4	logical_view_name	text	text	YES	
cx22073jw	v_ai_employee_gate_controlled_actual_views	5	sensitivity_code	text	text	YES	
cx22073jw	v_ai_employee_gate_controlled_actual_views	6	exposure_scope	text	text	YES	
cx22073jw	v_ai_employee_gate_controlled_actual_views	7	gate_required	boolean	bool	YES	
cx22073jw	v_ai_employee_gate_controlled_actual_views	8	notes	text	text	YES	
cx22073jw	v_ai_employee_governed_apply_attempt_latest_summary	1	batch_code	text	text	YES	
cx22073jw	v_ai_employee_governed_apply_attempt_latest_summary	2	attempt_code	text	text	YES	
cx22073jw	v_ai_employee_governed_apply_attempt_latest_summary	3	attempt_status	text	text	YES	
cx22073jw	v_ai_employee_governed_apply_attempt_latest_summary	4	executor_name	text	text	YES	
cx22073jw	v_ai_employee_governed_apply_attempt_latest_summary	5	note_text	text	text	YES	
cx22073jw	v_ai_employee_governed_apply_attempt_latest_summary	6	created_at	timestamp with time zone	timestamptz	YES	
cx22073jw	v_ai_employee_governed_apply_batch_latest_items	1	batch_code	text	text	YES	
cx22073jw	v_ai_employee_governed_apply_batch_latest_items	2	source_queue_batch_code	text	text	YES	
cx22073jw	v_ai_employee_governed_apply_batch_latest_items	3	queue_code	text	text	YES	
cx22073jw	v_ai_employee_governed_apply_batch_latest_items	4	request_code	text	text	YES	
cx22073jw	v_ai_employee_governed_apply_batch_latest_items	5	target_domain_code	text	text	YES	
cx22073jw	v_ai_employee_governed_apply_batch_latest_items	6	target_role_code	text	text	YES	
cx22073jw	v_ai_employee_governed_apply_batch_latest_items	7	actual_view_code	text	text	YES	
cx22073jw	v_ai_employee_governed_apply_batch_latest_items	8	logical_view_name	text	text	YES	
cx22073jw	v_ai_employee_governed_apply_batch_latest_items	9	gate_check_required	boolean	bool	YES	
cx22073jw	v_ai_employee_governed_apply_batch_latest_items	10	runtime_apply_ready	boolean	bool	YES	
cx22073jw	v_ai_employee_governed_apply_batch_latest_items	11	apply_status	text	text	YES	
cx22073jw	v_ai_employee_governed_apply_batch_latest_items	12	prepared_sql_text	text	text	YES	
cx22073jw	v_ai_employee_governed_apply_batch_latest_items	13	note_text	text	text	YES	
cx22073jw	v_ai_employee_governed_apply_batch_latest_items	14	created_at	timestamp with time zone	timestamptz	YES	
cx22073jw	v_ai_employee_governed_apply_batch_latest_summary	1	batch_code	text	text	YES	
cx22073jw	v_ai_employee_governed_apply_batch_latest_summary	2	source_queue_batch_code	text	text	YES	
cx22073jw	v_ai_employee_governed_apply_batch_latest_summary	3	item_count	integer	int4	YES	
cx22073jw	v_ai_employee_governed_apply_batch_latest_summary	4	prepared_count	integer	int4	YES	
cx22073jw	v_ai_employee_governed_apply_batch_latest_summary	5	waiting_runtime_count	integer	int4	YES	
cx22073jw	v_ai_employee_governed_apply_batch_latest_summary	6	skipped_gate_count	integer	int4	YES	
cx22073jw	v_ai_employee_governed_apply_batch_latest_summary	7	batch_status	text	text	YES	
cx22073jw	v_ai_employee_governed_apply_batch_latest_summary	8	note_text	text	text	YES	
cx22073jw	v_ai_employee_governed_apply_batch_latest_summary	9	created_at	timestamp with time zone	timestamptz	YES	
cx22073jw	v_ai_employee_governed_apply_batch_latest_summary	10	ended_at	timestamp with time zone	timestamptz	YES	
cx22073jw	v_ai_employee_governed_apply_execution_latest_items	1	run_code	text	text	YES	
cx22073jw	v_ai_employee_governed_apply_execution_latest_items	2	batch_code	text	text	YES	
cx22073jw	v_ai_employee_governed_apply_execution_latest_items	3	request_code	text	text	YES	
cx22073jw	v_ai_employee_governed_apply_execution_latest_items	4	target_domain_code	text	text	YES	
cx22073jw	v_ai_employee_governed_apply_execution_latest_items	5	target_role_code	text	text	YES	
cx22073jw	v_ai_employee_governed_apply_execution_latest_items	6	actual_view_code	text	text	YES	
cx22073jw	v_ai_employee_governed_apply_execution_latest_items	7	logical_view_name	text	text	YES	
cx22073jw	v_ai_employee_governed_apply_execution_latest_items	8	expected_db_role_name	text	text	YES	
cx22073jw	v_ai_employee_governed_apply_execution_latest_items	9	apply_status_before	text	text	YES	
cx22073jw	v_ai_employee_governed_apply_execution_latest_items	10	runtime_apply_ready	boolean	bool	YES	
cx22073jw	v_ai_employee_governed_apply_execution_latest_items	11	gate_check_required	boolean	bool	YES	
cx22073jw	v_ai_employee_governed_apply_execution_latest_items	12	role_exists_flag	boolean	bool	YES	
cx22073jw	v_ai_employee_governed_apply_execution_latest_items	13	view_exists_flag	boolean	bool	YES	
cx22073jw	v_ai_employee_governed_apply_execution_latest_items	14	sql_present_flag	boolean	bool	YES	
cx22073jw	v_ai_employee_governed_apply_execution_latest_items	15	preflight_status	text	text	YES	
cx22073jw	v_ai_employee_governed_apply_execution_latest_items	16	execution_status	text	text	YES	
cx22073jw	v_ai_employee_governed_apply_execution_latest_items	17	prepared_sql_text	text	text	YES	
cx22073jw	v_ai_employee_governed_apply_execution_latest_items	18	result_note	text	text	YES	
cx22073jw	v_ai_employee_governed_apply_execution_latest_items	19	created_at	timestamp with time zone	timestamptz	YES	
cx22073jw	v_ai_employee_governed_apply_execution_latest_summary	1	run_code	text	text	YES	
cx22073jw	v_ai_employee_governed_apply_execution_latest_summary	2	source_batch_code	text	text	YES	
cx22073jw	v_ai_employee_governed_apply_execution_latest_summary	3	dry_run_flag	boolean	bool	YES	
cx22073jw	v_ai_employee_governed_apply_execution_latest_summary	4	requested_item_count	integer	int4	YES	
cx22073jw	v_ai_employee_governed_apply_execution_latest_summary	5	preflight_pass_count	integer	int4	YES	
cx22073jw	v_ai_employee_governed_apply_execution_latest_summary	6	preflight_fail_count	integer	int4	YES	
cx22073jw	v_ai_employee_governed_apply_execution_latest_summary	7	skipped_count	integer	int4	YES	
cx22073jw	v_ai_employee_governed_apply_execution_latest_summary	8	run_status	text	text	YES	
cx22073jw	v_ai_employee_governed_apply_execution_latest_summary	9	note_text	text	text	YES	
cx22073jw	v_ai_employee_governed_apply_execution_latest_summary	10	created_at	timestamp with time zone	timestamptz	YES	
cx22073jw	v_ai_employee_governed_apply_execution_latest_summary	11	ended_at	timestamp with time zone	timestamptz	YES	
cx22073jw	v_ai_employee_governed_apply_queue_latest_items	1	source_batch_code	text	text	YES	
cx22073jw	v_ai_employee_governed_apply_queue_latest_items	2	request_code	text	text	YES	
cx22073jw	v_ai_employee_governed_apply_queue_latest_items	3	target_domain_code	text	text	YES	
cx22073jw	v_ai_employee_governed_apply_queue_latest_items	4	target_role_code	text	text	YES	
cx22073jw	v_ai_employee_governed_apply_queue_latest_items	5	actual_view_code	text	text	YES	
cx22073jw	v_ai_employee_governed_apply_queue_latest_items	6	logical_view_name	text	text	YES	
cx22073jw	v_ai_employee_governed_apply_queue_latest_items	7	queue_status	text	text	YES	
cx22073jw	v_ai_employee_governed_apply_queue_latest_items	8	gate_check_required	boolean	bool	YES	
cx22073jw	v_ai_employee_governed_apply_queue_latest_items	9	runtime_apply_ready	boolean	bool	YES	
cx22073jw	v_ai_employee_governed_apply_queue_latest_items	10	note_text	text	text	YES	
cx22073jw	v_ai_employee_governed_apply_queue_latest_items	11	created_at	timestamp with time zone	timestamptz	YES	
cx22073jw	v_ai_employee_governed_apply_queue_latest_summary	1	source_batch_code	text	text	YES	
cx22073jw	v_ai_employee_governed_apply_queue_latest_summary	2	queue_item_count	bigint	int8	YES	
cx22073jw	v_ai_employee_governed_apply_queue_latest_summary	3	queued_count	bigint	int8	YES	
cx22073jw	v_ai_employee_governed_apply_queue_latest_summary	4	prepared_count	bigint	int8	YES	
cx22073jw	v_ai_employee_governed_apply_queue_latest_summary	5	applied_count	bigint	int8	YES	
cx22073jw	v_ai_employee_governed_apply_queue_latest_summary	6	skipped_count	bigint	int8	YES	
cx22073jw	v_ai_employee_governed_apply_queue_latest_summary	7	cancelled_count	bigint	int8	YES	
cx22073jw	v_ai_employee_governed_apply_queue_latest_summary	8	first_created_at	timestamp with time zone	timestamptz	YES	
cx22073jw	v_ai_employee_governed_apply_queue_latest_summary	9	last_created_at	timestamp with time zone	timestamptz	YES	
cx22073jw	v_ai_employee_grant_export_latest_items	1	run_code	text	text	YES	
cx22073jw	v_ai_employee_grant_export_latest_items	2	domain_code	text	text	YES	
cx22073jw	v_ai_employee_grant_export_latest_items	3	role_code	text	text	YES	
cx22073jw	v_ai_employee_grant_export_latest_items	4	actual_view_code	text	text	YES	
cx22073jw	v_ai_employee_grant_export_latest_items	5	logical_view_name	text	text	YES	
cx22073jw	v_ai_employee_grant_export_latest_items	6	suggested_db_role_name	text	text	YES	
cx22073jw	v_ai_employee_grant_export_latest_items	7	grant_mode	text	text	YES	
cx22073jw	v_ai_employee_grant_export_latest_items	8	gate_needed	boolean	bool	YES	
cx22073jw	v_ai_employee_grant_export_latest_items	9	role_sql_file_path	text	text	YES	
cx22073jw	v_ai_employee_grant_export_latest_items	10	domain_sql_file_path	text	text	YES	
cx22073jw	v_ai_employee_grant_export_latest_summary	1	run_code	text	text	YES	
cx22073jw	v_ai_employee_grant_export_latest_summary	2	export_root_path	text	text	YES	
cx22073jw	v_ai_employee_grant_export_latest_summary	3	total_role_count	integer	int4	YES	
cx22073jw	v_ai_employee_grant_export_latest_summary	4	total_domain_count	integer	int4	YES	
cx22073jw	v_ai_employee_grant_export_latest_summary	5	total_actual_view_grant_count	integer	int4	YES	
cx22073jw	v_ai_employee_grant_export_latest_summary	6	total_sql_file_count	integer	int4	YES	
cx22073jw	v_ai_employee_grant_export_latest_summary	7	run_status	text	text	YES	
cx22073jw	v_ai_employee_grant_export_latest_summary	8	note_text	text	text	YES	
cx22073jw	v_ai_employee_grant_export_latest_summary	9	created_at	timestamp with time zone	timestamptz	YES	
cx22073jw	v_ai_employee_grant_export_latest_summary	10	ended_at	timestamp with time zone	timestamptz	YES	
cx22073jw	v_ai_employee_human_review_latest_action_log	1	batch_code	text	text	YES	
cx22073jw	v_ai_employee_human_review_latest_action_log	2	request_code	text	text	YES	
cx22073jw	v_ai_employee_human_review_latest_action_log	3	actual_view_code	text	text	YES	
cx22073jw	v_ai_employee_human_review_latest_action_log	4	logical_view_name	text	text	YES	
cx22073jw	v_ai_employee_human_review_latest_action_log	5	previous_human_review_status	text	text	YES	
cx22073jw	v_ai_employee_human_review_latest_action_log	6	new_human_review_status	text	text	YES	
cx22073jw	v_ai_employee_human_review_latest_action_log	7	reviewer_name	text	text	YES	
cx22073jw	v_ai_employee_human_review_latest_action_log	8	review_note	text	text	YES	
cx22073jw	v_ai_employee_human_review_latest_action_log	9	created_at	timestamp with time zone	timestamptz	YES	
cx22073jw	v_ai_employee_manual_apply_receipt_latest_batch_summary	1	batch_code	text	text	YES	
cx22073jw	v_ai_employee_manual_apply_receipt_latest_batch_summary	2	source_handoff_run_code	text	text	YES	
cx22073jw	v_ai_employee_manual_apply_receipt_latest_batch_summary	3	source_export_root_path	text	text	YES	
cx22073jw	v_ai_employee_manual_apply_receipt_latest_batch_summary	4	requested_item_count	integer	int4	YES	
cx22073jw	v_ai_employee_manual_apply_receipt_latest_batch_summary	5	seeded_item_count	integer	int4	YES	
cx22073jw	v_ai_employee_manual_apply_receipt_latest_batch_summary	6	batch_status	text	text	YES	
cx22073jw	v_ai_employee_manual_apply_receipt_latest_batch_summary	7	note_text	text	text	YES	
cx22073jw	v_ai_employee_manual_apply_receipt_latest_batch_summary	8	created_at	timestamp with time zone	timestamptz	YES	
cx22073jw	v_ai_employee_manual_apply_receipt_latest_batch_summary	9	ended_at	timestamp with time zone	timestamptz	YES	
cx22073jw	v_ai_employee_manual_apply_receipt_latest_items	1	batch_code	text	text	YES	
cx22073jw	v_ai_employee_manual_apply_receipt_latest_items	2	request_code	text	text	YES	
cx22073jw	v_ai_employee_manual_apply_receipt_latest_items	3	target_domain_code	text	text	YES	
cx22073jw	v_ai_employee_manual_apply_receipt_latest_items	4	target_role_code	text	text	YES	
cx22073jw	v_ai_employee_manual_apply_receipt_latest_items	5	actual_view_code	text	text	YES	
cx22073jw	v_ai_employee_manual_apply_receipt_latest_items	6	logical_view_name	text	text	YES	
cx22073jw	v_ai_employee_manual_apply_receipt_latest_items	7	expected_db_role_name	text	text	YES	
cx22073jw	v_ai_employee_manual_apply_receipt_latest_items	8	receipt_status	text	text	YES	
cx22073jw	v_ai_employee_manual_apply_receipt_latest_items	9	manual_executor_name	text	text	YES	
cx22073jw	v_ai_employee_manual_apply_receipt_latest_items	10	manual_apply_note	text	text	YES	
cx22073jw	v_ai_employee_manual_apply_receipt_latest_items	11	created_at	timestamp with time zone	timestamptz	YES	
cx22073jw	v_ai_employee_post_apply_verification_latest_items	1	run_code	text	text	YES	
cx22073jw	v_ai_employee_post_apply_verification_latest_items	2	source_receipt_batch_code	text	text	YES	
cx22073jw	v_ai_employee_post_apply_verification_latest_items	3	request_code	text	text	YES	
cx22073jw	v_ai_employee_post_apply_verification_latest_items	4	target_domain_code	text	text	YES	
cx22073jw	v_ai_employee_post_apply_verification_latest_items	5	target_role_code	text	text	YES	
cx22073jw	v_ai_employee_post_apply_verification_latest_items	6	actual_view_code	text	text	YES	
cx22073jw	v_ai_employee_post_apply_verification_latest_items	7	logical_view_name	text	text	YES	
cx22073jw	v_ai_employee_post_apply_verification_latest_items	8	expected_db_role_name	text	text	YES	
cx22073jw	v_ai_employee_post_apply_verification_latest_items	9	role_exists_flag	boolean	bool	YES	
cx22073jw	v_ai_employee_post_apply_verification_latest_items	10	view_exists_flag	boolean	bool	YES	
cx22073jw	v_ai_employee_post_apply_verification_latest_items	11	select_grant_present_flag	boolean	bool	YES	
cx22073jw	v_ai_employee_post_apply_verification_latest_items	12	verification_status	text	text	YES	
cx22073jw	v_ai_employee_post_apply_verification_latest_items	13	result_note	text	text	YES	
cx22073jw	v_ai_employee_post_apply_verification_latest_items	14	created_at	timestamp with time zone	timestamptz	YES	
cx22073jw	v_ai_employee_post_apply_verification_latest_summary	1	run_code	text	text	YES	
cx22073jw	v_ai_employee_post_apply_verification_latest_summary	2	source_receipt_batch_code	text	text	YES	
cx22073jw	v_ai_employee_post_apply_verification_latest_summary	3	requested_item_count	integer	int4	YES	
cx22073jw	v_ai_employee_post_apply_verification_latest_summary	4	verified_applied_count	integer	int4	YES	
cx22073jw	v_ai_employee_post_apply_verification_latest_summary	5	not_yet_applied_count	integer	int4	YES	
cx22073jw	v_ai_employee_post_apply_verification_latest_summary	6	precheck_fail_count	integer	int4	YES	
cx22073jw	v_ai_employee_post_apply_verification_latest_summary	7	run_status	text	text	YES	
cx22073jw	v_ai_employee_post_apply_verification_latest_summary	8	note_text	text	text	YES	
cx22073jw	v_ai_employee_post_apply_verification_latest_summary	9	created_at	timestamp with time zone	timestamptz	YES	
cx22073jw	v_ai_employee_post_apply_verification_latest_summary	10	ended_at	timestamp with time zone	timestamptz	YES	
cx22073jw	v_ai_employee_privileged_family_summary	1	domain_code	text	text	YES	
cx22073jw	v_ai_employee_privileged_family_summary	2	view_family_code	text	text	YES	
cx22073jw	v_ai_employee_privileged_family_summary	3	family_name	text	text	YES	
cx22073jw	v_ai_employee_privileged_family_summary	4	sensitivity_code	text	text	YES	
cx22073jw	v_ai_employee_privileged_family_summary	5	access_boundary_note	text	text	YES	
cx22073jw	v_ai_employee_rank_registry_summary	1	rank_code	text	text	YES	
cx22073jw	v_ai_employee_rank_registry_summary	2	rank_name	text	text	YES	
cx22073jw	v_ai_employee_rank_registry_summary	3	provisional_flag	boolean	bool	YES	
cx22073jw	v_ai_employee_rank_registry_summary	4	allow_public	boolean	bool	YES	
cx22073jw	v_ai_employee_rank_registry_summary	5	allow_masked	boolean	bool	YES	
cx22073jw	v_ai_employee_rank_registry_summary	6	allow_support	boolean	bool	YES	
cx22073jw	v_ai_employee_rank_registry_summary	7	allow_operational	boolean	bool	YES	
cx22073jw	v_ai_employee_rank_registry_summary	8	allow_audit	boolean	bool	YES	
cx22073jw	v_ai_employee_rank_registry_summary	9	allow_safety	boolean	bool	YES	
cx22073jw	v_ai_employee_rank_registry_summary	10	allow_privileged	boolean	bool	YES	
cx22073jw	v_ai_employee_rank_registry_summary	11	allow_restricted	boolean	bool	YES	
cx22073jw	v_ai_employee_rank_registry_summary	12	description	text	text	YES	
cx22073jw	v_ai_employee_role_access_bundle_item_matrix	1	bundle_code	text	text	YES	
cx22073jw	v_ai_employee_role_access_bundle_item_matrix	2	domain_code	text	text	YES	
cx22073jw	v_ai_employee_role_access_bundle_item_matrix	3	role_code	text	text	YES	
cx22073jw	v_ai_employee_role_access_bundle_item_matrix	4	actual_view_code	text	text	YES	
cx22073jw	v_ai_employee_role_access_bundle_item_matrix	5	logical_view_name	text	text	YES	
cx22073jw	v_ai_employee_role_access_bundle_item_matrix	6	view_family_code	text	text	YES	
cx22073jw	v_ai_employee_role_access_bundle_item_matrix	7	grant_mode	text	text	YES	
cx22073jw	v_ai_employee_role_access_bundle_item_matrix	8	gate_needed	boolean	bool	YES	
cx22073jw	v_ai_employee_role_access_bundle_item_matrix	9	audit_obligation	boolean	bool	YES	
cx22073jw	v_ai_employee_role_access_bundle_item_matrix	10	sort_order	integer	int4	YES	
cx22073jw	v_ai_employee_role_access_bundle_summary	1	bundle_code	text	text	YES	
cx22073jw	v_ai_employee_role_access_bundle_summary	2	domain_code	text	text	YES	
cx22073jw	v_ai_employee_role_access_bundle_summary	3	role_code	text	text	YES	
cx22073jw	v_ai_employee_role_access_bundle_summary	4	bundle_status	text	text	YES	
cx22073jw	v_ai_employee_role_access_bundle_summary	5	gate_needed_view_count	integer	int4	YES	
cx22073jw	v_ai_employee_role_access_bundle_summary	6	non_gate_view_count	integer	int4	YES	
cx22073jw	v_ai_employee_role_access_bundle_summary	7	total_view_count	integer	int4	YES	
cx22073jw	v_ai_employee_role_access_bundle_summary	8	note_text	text	text	YES	
cx22073jw	v_ai_employee_role_access_bundle_summary	9	created_at	timestamp with time zone	timestamptz	YES	
cx22073jw	v_ai_employee_role_actual_view_grant_matrix	1	domain_code	text	text	YES	
cx22073jw	v_ai_employee_role_actual_view_grant_matrix	2	role_code	text	text	YES	
cx22073jw	v_ai_employee_role_actual_view_grant_matrix	3	role_name	text	text	YES	
cx22073jw	v_ai_employee_role_actual_view_grant_matrix	4	actual_view_code	text	text	YES	
cx22073jw	v_ai_employee_role_actual_view_grant_matrix	5	logical_view_name	text	text	YES	
cx22073jw	v_ai_employee_role_actual_view_grant_matrix	6	view_family_code	text	text	YES	
cx22073jw	v_ai_employee_role_actual_view_grant_matrix	7	grant_mode	text	text	YES	
cx22073jw	v_ai_employee_role_actual_view_grant_matrix	8	gate_needed	boolean	bool	YES	
cx22073jw	v_ai_employee_role_actual_view_grant_matrix	9	audit_obligation	boolean	bool	YES	
cx22073jw	v_ai_employee_role_actual_view_grant_matrix	10	notes	text	text	YES	
cx22073jw	v_ai_employee_role_policy_matrix	1	domain_code	text	text	YES	
cx22073jw	v_ai_employee_role_policy_matrix	2	role_code	text	text	YES	
cx22073jw	v_ai_employee_role_policy_matrix	3	role_name	text	text	YES	
cx22073jw	v_ai_employee_role_policy_matrix	4	view_family_code	text	text	YES	
cx22073jw	v_ai_employee_role_policy_matrix	5	family_name	text	text	YES	
cx22073jw	v_ai_employee_role_policy_matrix	6	access_mode	text	text	YES	
cx22073jw	v_ai_employee_role_policy_matrix	7	scope_note	text	text	YES	
cx22073jw	v_ai_employee_role_policy_matrix	8	sensitivity_code	text	text	YES	
cx22073jw	v_ai_employee_runtime_ready_promotion_latest_batch_summary	1	batch_code	text	text	YES	
cx22073jw	v_ai_employee_runtime_ready_promotion_latest_batch_summary	2	source_queue_batch_code	text	text	YES	
cx22073jw	v_ai_employee_runtime_ready_promotion_latest_batch_summary	3	target_request_code	text	text	YES	
cx22073jw	v_ai_employee_runtime_ready_promotion_latest_batch_summary	4	promoted_count	integer	int4	YES	
cx22073jw	v_ai_employee_runtime_ready_promotion_latest_batch_summary	5	skipped_gate_count	integer	int4	YES	
cx22073jw	v_ai_employee_runtime_ready_promotion_latest_batch_summary	6	unchanged_count	integer	int4	YES	
cx22073jw	v_ai_employee_runtime_ready_promotion_latest_batch_summary	7	batch_status	text	text	YES	
cx22073jw	v_ai_employee_runtime_ready_promotion_latest_batch_summary	8	note_text	text	text	YES	
cx22073jw	v_ai_employee_runtime_ready_promotion_latest_batch_summary	9	created_at	timestamp with time zone	timestamptz	YES	
cx22073jw	v_ai_employee_runtime_ready_promotion_latest_batch_summary	10	ended_at	timestamp with time zone	timestamptz	YES	
cx22073jw	v_ai_employee_runtime_ready_promotion_latest_items	1	batch_code	text	text	YES	
cx22073jw	v_ai_employee_runtime_ready_promotion_latest_items	2	queue_code	text	text	YES	
cx22073jw	v_ai_employee_runtime_ready_promotion_latest_items	3	request_code	text	text	YES	
cx22073jw	v_ai_employee_runtime_ready_promotion_latest_items	4	target_domain_code	text	text	YES	
cx22073jw	v_ai_employee_runtime_ready_promotion_latest_items	5	target_role_code	text	text	YES	
cx22073jw	v_ai_employee_runtime_ready_promotion_latest_items	6	actual_view_code	text	text	YES	
cx22073jw	v_ai_employee_runtime_ready_promotion_latest_items	7	logical_view_name	text	text	YES	
cx22073jw	v_ai_employee_runtime_ready_promotion_latest_items	8	previous_runtime_apply_ready	boolean	bool	YES	
cx22073jw	v_ai_employee_runtime_ready_promotion_latest_items	9	new_runtime_apply_ready	boolean	bool	YES	
cx22073jw	v_ai_employee_runtime_ready_promotion_latest_items	10	gate_check_required	boolean	bool	YES	
cx22073jw	v_ai_employee_runtime_ready_promotion_latest_items	11	action_status	text	text	YES	
cx22073jw	v_ai_employee_runtime_ready_promotion_latest_items	12	note_text	text	text	YES	
cx22073jw	v_ai_employee_runtime_ready_promotion_latest_items	13	created_at	timestamp with time zone	timestamptz	YES	
cx22073jw	v_ai_employee_stub_smoke_latest_items	1	run_code	text	text	YES	
cx22073jw	v_ai_employee_stub_smoke_latest_items	2	actual_view_code	text	text	YES	
cx22073jw	v_ai_employee_stub_smoke_latest_items	3	logical_view_name	text	text	YES	
cx22073jw	v_ai_employee_stub_smoke_latest_items	4	domain_code	text	text	YES	
cx22073jw	v_ai_employee_stub_smoke_latest_items	5	view_family_code	text	text	YES	
cx22073jw	v_ai_employee_stub_smoke_latest_items	6	smoke_status	text	text	YES	
cx22073jw	v_ai_employee_stub_smoke_latest_items	7	column_count	integer	int4	YES	
cx22073jw	v_ai_employee_stub_smoke_latest_items	8	row_count	bigint	int8	YES	
cx22073jw	v_ai_employee_stub_smoke_latest_items	9	error_text	text	text	YES	
cx22073jw	v_ai_employee_stub_smoke_latest_items	10	created_at	timestamp with time zone	timestamptz	YES	
cx22073jw	v_ai_employee_stub_smoke_latest_summary	1	run_code	text	text	YES	
cx22073jw	v_ai_employee_stub_smoke_latest_summary	2	requested_view_count	integer	int4	YES	
cx22073jw	v_ai_employee_stub_smoke_latest_summary	3	passed_view_count	integer	int4	YES	
cx22073jw	v_ai_employee_stub_smoke_latest_summary	4	failed_view_count	integer	int4	YES	
cx22073jw	v_ai_employee_stub_smoke_latest_summary	5	missing_view_count	integer	int4	YES	
cx22073jw	v_ai_employee_stub_smoke_latest_summary	6	run_status	text	text	YES	
cx22073jw	v_ai_employee_stub_smoke_latest_summary	7	note_text	text	text	YES	
cx22073jw	v_ai_employee_stub_smoke_latest_summary	8	created_at	timestamp with time zone	timestamptz	YES	
cx22073jw	v_ai_employee_stub_smoke_latest_summary	9	ended_at	timestamp with time zone	timestamptz	YES	
cx22073jw	v_ai_employee_stub_view_generation_latest_items	1	run_code	text	text	YES	
cx22073jw	v_ai_employee_stub_view_generation_latest_items	2	actual_view_code	text	text	YES	
cx22073jw	v_ai_employee_stub_view_generation_latest_items	3	logical_view_name	text	text	YES	
cx22073jw	v_ai_employee_stub_view_generation_latest_items	4	domain_code	text	text	YES	
cx22073jw	v_ai_employee_stub_view_generation_latest_items	5	view_family_code	text	text	YES	
cx22073jw	v_ai_employee_stub_view_generation_latest_items	6	generation_status	text	text	YES	
cx22073jw	v_ai_employee_stub_view_generation_latest_items	7	error_text	text	text	YES	
cx22073jw	v_ai_employee_stub_view_generation_latest_items	8	created_at	timestamp with time zone	timestamptz	YES	
cx22073jw	v_ai_employee_stub_view_generation_latest_summary	1	run_code	text	text	YES	
cx22073jw	v_ai_employee_stub_view_generation_latest_summary	2	requested_view_count	integer	int4	YES	
cx22073jw	v_ai_employee_stub_view_generation_latest_summary	3	created_view_count	integer	int4	YES	
cx22073jw	v_ai_employee_stub_view_generation_latest_summary	4	existing_view_count	integer	int4	YES	
cx22073jw	v_ai_employee_stub_view_generation_latest_summary	5	error_view_count	integer	int4	YES	
cx22073jw	v_ai_employee_stub_view_generation_latest_summary	6	run_status	text	text	YES	
cx22073jw	v_ai_employee_stub_view_generation_latest_summary	7	note_text	text	text	YES	
cx22073jw	v_ai_employee_stub_view_generation_latest_summary	8	created_at	timestamp with time zone	timestamptz	YES	
cx22073jw	v_ai_employee_stub_view_generation_latest_summary	9	ended_at	timestamp with time zone	timestamptz	YES	
cx22073jw	v_ai_employee_stub_view_missing	1	domain_code	text	text	YES	
cx22073jw	v_ai_employee_stub_view_missing	2	view_family_code	text	text	YES	
cx22073jw	v_ai_employee_stub_view_missing	3	actual_view_code	text	text	YES	
cx22073jw	v_ai_employee_stub_view_missing	4	logical_view_name	text	text	YES	
cx22073jw	v_ai_employee_stub_view_missing	5	sensitivity_code	text	text	YES	
cx22073jw	v_ai_employee_stub_view_missing	6	exposure_scope	text	text	YES	
cx22073jw	v_ai_employee_stub_view_missing	7	gate_required	boolean	bool	YES	
cx22073jw	v_ai_employee_stub_view_missing	8	stub_view_exists	boolean	bool	YES	
cx22073jw	v_ai_employee_stub_view_runtime_catalog	1	domain_code	text	text	YES	
cx22073jw	v_ai_employee_stub_view_runtime_catalog	2	view_family_code	text	text	YES	
cx22073jw	v_ai_employee_stub_view_runtime_catalog	3	actual_view_code	text	text	YES	
cx22073jw	v_ai_employee_stub_view_runtime_catalog	4	logical_view_name	text	text	YES	
cx22073jw	v_ai_employee_stub_view_runtime_catalog	5	sensitivity_code	text	text	YES	
cx22073jw	v_ai_employee_stub_view_runtime_catalog	6	exposure_scope	text	text	YES	
cx22073jw	v_ai_employee_stub_view_runtime_catalog	7	gate_required	boolean	bool	YES	
cx22073jw	v_ai_employee_stub_view_runtime_catalog	8	stub_view_exists	boolean	bool	YES	
cx22073jw	v_asset_marketplace_listing_projection_area_latest	1	row_id	uuid	uuid	YES	
cx22073jw	v_asset_marketplace_listing_projection_area_latest	2	subject_key	text	text	YES	
cx22073jw	v_asset_marketplace_listing_projection_area_latest	3	source_system	text	text	YES	
cx22073jw	v_asset_marketplace_listing_projection_area_latest	4	source_app	text	text	YES	
cx22073jw	v_asset_marketplace_listing_projection_area_latest	5	canonical_owner_system	text	text	YES	
cx22073jw	v_asset_marketplace_listing_projection_area_latest	6	canonical_ref_key	text	text	YES	
cx22073jw	v_asset_marketplace_listing_projection_area_latest	7	lifecycle_status	text	text	YES	
cx22073jw	v_asset_marketplace_listing_projection_area_latest	8	projection_payload	jsonb	jsonb	YES	
cx22073jw	v_asset_marketplace_listing_projection_area_latest	9	optimization_payload	jsonb	jsonb	YES	
cx22073jw	v_asset_marketplace_listing_projection_area_latest	10	priority_score	numeric	numeric	YES	
cx22073jw	v_asset_marketplace_listing_projection_area_latest	11	meta	jsonb	jsonb	YES	
cx22073jw	v_asset_marketplace_listing_projection_area_latest	12	created_at	timestamp with time zone	timestamptz	YES	
cx22073jw	v_asset_marketplace_listing_projection_area_latest	13	updated_at	timestamp with time zone	timestamptz	YES	
cx22073jw	v_asset_metadata_localization_area_latest	1	row_id	uuid	uuid	YES	
cx22073jw	v_asset_metadata_localization_area_latest	2	subject_key	text	text	YES	
cx22073jw	v_asset_metadata_localization_area_latest	3	source_system	text	text	YES	
cx22073jw	v_asset_metadata_localization_area_latest	4	source_app	text	text	YES	
cx22073jw	v_asset_metadata_localization_area_latest	5	canonical_owner_system	text	text	YES	
cx22073jw	v_asset_metadata_localization_area_latest	6	canonical_ref_key	text	text	YES	
cx22073jw	v_asset_metadata_localization_area_latest	7	lifecycle_status	text	text	YES	
cx22073jw	v_asset_metadata_localization_area_latest	8	projection_payload	jsonb	jsonb	YES	
cx22073jw	v_asset_metadata_localization_area_latest	9	index_terms	ARRAY	_text	YES	
cx22073jw	v_asset_metadata_localization_area_latest	10	index_payload	jsonb	jsonb	YES	
cx22073jw	v_asset_metadata_localization_area_latest	11	meta	jsonb	jsonb	YES	
cx22073jw	v_asset_metadata_localization_area_latest	12	created_at	timestamp with time zone	timestamptz	YES	
cx22073jw	v_asset_metadata_localization_area_latest	13	updated_at	timestamp with time zone	timestamptz	YES	
cx22073jw	v_asset_rights_policy_area_latest	1	row_id	uuid	uuid	YES	
cx22073jw	v_asset_rights_policy_area_latest	2	subject_key	text	text	YES	
cx22073jw	v_asset_rights_policy_area_latest	3	source_system	text	text	YES	
cx22073jw	v_asset_rights_policy_area_latest	4	source_app	text	text	YES	
cx22073jw	v_asset_rights_policy_area_latest	5	canonical_owner_system	text	text	YES	
cx22073jw	v_asset_rights_policy_area_latest	6	canonical_ref_key	text	text	YES	
cx22073jw	v_asset_rights_policy_area_latest	7	lifecycle_status	text	text	YES	
cx22073jw	v_asset_rights_policy_area_latest	8	projection_payload	jsonb	jsonb	YES	
cx22073jw	v_asset_rights_policy_area_latest	9	policy_context_payload	jsonb	jsonb	YES	
cx22073jw	v_asset_rights_policy_area_latest	10	meta	jsonb	jsonb	YES	
cx22073jw	v_asset_rights_policy_area_latest	11	created_at	timestamp with time zone	timestamptz	YES	
cx22073jw	v_asset_rights_policy_area_latest	12	updated_at	timestamp with time zone	timestamptz	YES	
cx22073jw	v_candidate_area_phase1_focus	1	source_system	text	text	YES	
cx22073jw	v_candidate_area_phase1_focus	2	source_app	text	text	YES	
cx22073jw	v_candidate_area_phase1_focus	3	area_name	text	text	YES	
cx22073jw	v_candidate_area_phase1_focus	4	priority_code	text	text	YES	
cx22073jw	v_candidate_area_phase1_focus	5	area_roles	ARRAY	_text	YES	
cx22073jw	v_candidate_area_phase1_focus	6	purpose_text	text	text	YES	
cx22073jw	v_candidate_area_priority_matrix	1	source_system	text	text	YES	
cx22073jw	v_candidate_area_priority_matrix	2	source_app	text	text	YES	
cx22073jw	v_candidate_area_priority_matrix	3	candidate_code	text	text	YES	
cx22073jw	v_candidate_area_priority_matrix	4	area_name	text	text	YES	
cx22073jw	v_candidate_area_priority_matrix	5	priority_code	text	text	YES	
cx22073jw	v_candidate_area_priority_matrix	6	area_roles	ARRAY	_text	YES	
cx22073jw	v_candidate_area_priority_matrix	7	is_phase1_recommended	boolean	bool	YES	
cx22073jw	v_candidate_area_priority_matrix	8	phase_recommendation	text	text	YES	
cx22073jw	v_candidate_area_priority_matrix	9	ownership_mode	text	text	YES	
cx22073jw	v_candidate_area_source_summary	1	source_system	text	text	YES	
cx22073jw	v_candidate_area_source_summary	2	source_app	text	text	YES	
cx22073jw	v_candidate_area_source_summary	3	candidate_count	bigint	int8	YES	
cx22073jw	v_candidate_area_source_summary	4	highest_count	bigint	int8	YES	
cx22073jw	v_candidate_area_source_summary	5	high_count	bigint	int8	YES	
cx22073jw	v_candidate_area_source_summary	6	medium_high_count	bigint	int8	YES	
cx22073jw	v_candidate_area_source_summary	7	medium_count	bigint	int8	YES	
cx22073jw	v_candidate_area_source_summary	8	conditional_count	bigint	int8	YES	
cx22073jw	v_candidate_area_source_summary	9	phase1_count	bigint	int8	YES	
cx22073jw	v_compatibility_restriction_matrix	1	left_profile_code	text	text	YES	
cx22073jw	v_compatibility_restriction_matrix	2	left_profile_name	text	text	YES	
cx22073jw	v_compatibility_restriction_matrix	3	right_profile_code	text	text	YES	
cx22073jw	v_compatibility_restriction_matrix	4	right_profile_name	text	text	YES	
cx22073jw	v_compatibility_restriction_matrix	5	compatibility_status	text	text	YES	
cx22073jw	v_compatibility_restriction_matrix	6	reason_text	text	text	YES	
cx22073jw	v_compatibility_restriction_matrix	7	priority_rank	integer	int4	YES	
cx22073jw	v_contract_remediation_batch_summary	1	batch_code	text	text	YES	
cx22073jw	v_contract_remediation_batch_summary	2	source_scope	text	text	YES	
cx22073jw	v_contract_remediation_batch_summary	3	batch_status	text	text	YES	
cx22073jw	v_contract_remediation_batch_summary	4	proposed_item_count	integer	int4	YES	
cx22073jw	v_contract_remediation_batch_summary	5	applied_item_count	integer	int4	YES	
cx22073jw	v_contract_remediation_batch_summary	6	skipped_item_count	integer	int4	YES	
cx22073jw	v_contract_remediation_batch_summary	7	actor_name	text	text	YES	
cx22073jw	v_contract_remediation_batch_summary	8	note_text	text	text	YES	
cx22073jw	v_contract_remediation_batch_summary	9	created_at	timestamp with time zone	timestamptz	YES	
cx22073jw	v_contract_remediation_item_detail	1	batch_code	text	text	YES	
cx22073jw	v_contract_remediation_item_detail	2	area_slug	text	text	YES	
cx22073jw	v_contract_remediation_item_detail	3	payload_column_name	text	text	YES	
cx22073jw	v_contract_remediation_item_detail	4	remediation_type	text	text	YES	
cx22073jw	v_contract_remediation_item_detail	5	proposed_keys	ARRAY	_text	YES	
cx22073jw	v_contract_remediation_item_detail	6	applied_keys	ARRAY	_text	YES	
cx22073jw	v_contract_remediation_item_detail	7	source_reason	text	text	YES	
cx22073jw	v_contract_remediation_item_detail	8	apply_status	text	text	YES	
cx22073jw	v_contract_remediation_item_detail	9	source_detail_json	jsonb	jsonb	YES	
cx22073jw	v_contract_remediation_item_detail	10	created_at	timestamp with time zone	timestamptz	YES	
cx22073jw	v_exact_contract_area_payloads	1	source_system	text	text	YES	
cx22073jw	v_exact_contract_area_payloads	2	source_app	text	text	YES	
cx22073jw	v_exact_contract_area_payloads	3	area_slug	text	text	YES	
cx22073jw	v_exact_contract_area_payloads	4	payload_column_name	text	text	YES	
cx22073jw	v_exact_contract_area_payloads	5	payload_shape_kind	text	text	YES	
cx22073jw	v_exact_contract_area_payloads	6	required_keys	ARRAY	_text	YES	
cx22073jw	v_exact_contract_area_payloads	7	optional_keys	ARRAY	_text	YES	
cx22073jw	v_exact_contract_area_payloads	8	notes_text	text	text	YES	
cx22073jw	v_exact_contract_common_columns	1	profile_code	text	text	YES	
cx22073jw	v_exact_contract_common_columns	2	column_name	text	text	YES	
cx22073jw	v_exact_contract_common_columns	3	data_type_sql	text	text	YES	
cx22073jw	v_exact_contract_common_columns	4	is_nullable	boolean	bool	YES	
cx22073jw	v_exact_contract_common_columns	5	default_sql	text	text	YES	
cx22073jw	v_exact_contract_common_columns	6	semantic_role	text	text	YES	
cx22073jw	v_exact_contract_common_columns	7	sort_order	integer	int4	YES	
cx22073jw	v_exact_contract_sample_case_summary	1	area_slug	text	text	YES	
cx22073jw	v_exact_contract_sample_case_summary	2	case_kind	text	text	YES	
cx22073jw	v_exact_contract_sample_case_summary	3	expected_result	text	text	YES	
cx22073jw	v_exact_contract_sample_case_summary	4	case_count	bigint	int8	YES	
cx22073jw	v_exact_contract_sample_run_latest	1	case_code	text	text	YES	
cx22073jw	v_exact_contract_sample_run_latest	2	area_slug	text	text	YES	
cx22073jw	v_exact_contract_sample_run_latest	3	case_kind	text	text	YES	
cx22073jw	v_exact_contract_sample_run_latest	4	expected_result	text	text	YES	
cx22073jw	v_exact_contract_sample_run_latest	5	execution_status	text	text	YES	
cx22073jw	v_exact_contract_sample_run_latest	6	result_row_id	uuid	uuid	YES	
cx22073jw	v_exact_contract_sample_run_latest	7	error_text	text	text	YES	
cx22073jw	v_exact_contract_sample_run_latest	8	executed_at	timestamp with time zone	timestamptz	YES	
cx22073jw	v_exact_contract_sample_run_summary	1	execution_status	text	text	YES	
cx22073jw	v_exact_contract_sample_run_summary	2	run_count	bigint	int8	YES	
cx22073jw	v_exact_contract_snapshot_summary	1	source_system	text	text	YES	
cx22073jw	v_exact_contract_snapshot_summary	2	source_app	text	text	YES	
cx22073jw	v_exact_contract_snapshot_summary	3	area_slug	text	text	YES	
cx22073jw	v_exact_contract_snapshot_summary	4	payload_contract_count	integer	int4	YES	
cx22073jw	v_exact_contract_snapshot_summary	5	contract_digest	text	text	YES	
cx22073jw	v_exact_contract_snapshot_summary	6	contract_status	text	text	YES	
cx22073jw	v_exact_contract_snapshot_summary	7	generated_at	timestamp with time zone	timestamptz	YES	
cx22073jw	v_exact_payload_validation_issue_summary	1	area_slug	text	text	YES	
cx22073jw	v_exact_payload_validation_issue_summary	2	payload_column_name	text	text	YES	
cx22073jw	v_exact_payload_validation_issue_summary	3	issue_count	bigint	int8	YES	
cx22073jw	v_exact_payload_validation_issue_summary	4	last_issue_at	timestamp with time zone	timestamptz	YES	
cx22073jw	v_exact_payload_wrapper_status	1	source_system	text	text	YES	
cx22073jw	v_exact_payload_wrapper_status	2	source_app	text	text	YES	
cx22073jw	v_exact_payload_wrapper_status	3	area_slug	text	text	YES	
cx22073jw	v_exact_payload_wrapper_status	4	target_table_name	text	text	YES	
cx22073jw	v_exact_payload_wrapper_status	5	target_view_name	text	text	YES	
cx22073jw	v_exact_payload_wrapper_status	6	target_function_name	text	text	YES	
cx22073jw	v_exact_payload_wrapper_status	7	table_exists	boolean	bool	YES	
cx22073jw	v_exact_payload_wrapper_status	8	view_exists	boolean	bool	YES	
cx22073jw	v_exact_payload_wrapper_status	9	wrapper_function_exists	boolean	bool	YES	
cx22073jw	v_exhibition_projection_area_latest	1	row_id	uuid	uuid	YES	
cx22073jw	v_exhibition_projection_area_latest	2	subject_key	text	text	YES	
cx22073jw	v_exhibition_projection_area_latest	3	source_system	text	text	YES	
cx22073jw	v_exhibition_projection_area_latest	4	source_app	text	text	YES	
cx22073jw	v_exhibition_projection_area_latest	5	canonical_owner_system	text	text	YES	
cx22073jw	v_exhibition_projection_area_latest	6	canonical_ref_key	text	text	YES	
cx22073jw	v_exhibition_projection_area_latest	7	lifecycle_status	text	text	YES	
cx22073jw	v_exhibition_projection_area_latest	8	projection_payload	jsonb	jsonb	YES	
cx22073jw	v_exhibition_projection_area_latest	9	optimization_payload	jsonb	jsonb	YES	
cx22073jw	v_exhibition_projection_area_latest	10	priority_score	numeric	numeric	YES	
cx22073jw	v_exhibition_projection_area_latest	11	meta	jsonb	jsonb	YES	
cx22073jw	v_exhibition_projection_area_latest	12	created_at	timestamp with time zone	timestamptz	YES	
cx22073jw	v_exhibition_projection_area_latest	13	updated_at	timestamp with time zone	timestamptz	YES	
cx22073jw	v_foundation_article_catalog	1	article_id	uuid	uuid	YES	
cx22073jw	v_foundation_article_catalog	2	article_code	text	text	YES	
cx22073jw	v_foundation_article_catalog	3	title	text	text	YES	
cx22073jw	v_foundation_article_catalog	4	domain_code	text	text	YES	
cx22073jw	v_foundation_article_catalog	5	layer_code	text	text	YES	
cx22073jw	v_foundation_article_catalog	6	visibility_scope	text	text	YES	
cx22073jw	v_foundation_article_catalog	7	publication_status	text	text	YES	
cx22073jw	v_foundation_article_catalog	8	version_no	integer	int4	YES	
cx22073jw	v_foundation_article_catalog	9	source_registry_code	text	text	YES	
cx22073jw	v_foundation_article_catalog	10	review_status	text	text	YES	
cx22073jw	v_foundation_article_catalog	11	created_at	timestamp with time zone	timestamptz	YES	
cx22073jw	v_foundation_article_catalog	12	updated_at	timestamp with time zone	timestamptz	YES	
cx22073jw	v_generation_registry_overview	1	queue_code	text	text	YES	
cx22073jw	v_generation_registry_overview	2	source_system	text	text	YES	
cx22073jw	v_generation_registry_overview	3	source_app	text	text	YES	
cx22073jw	v_generation_registry_overview	4	area_name	text	text	YES	
cx22073jw	v_generation_registry_overview	5	area_slug	text	text	YES	
cx22073jw	v_generation_registry_overview	6	priority_code	text	text	YES	
cx22073jw	v_generation_registry_overview	7	area_roles	ARRAY	_text	YES	
cx22073jw	v_generation_registry_overview	8	item_status	text	text	YES	
cx22073jw	v_generation_registry_overview	9	prepare_stage	text	text	YES	
cx22073jw	v_generation_registry_overview	10	object_family_code	text	text	YES	
cx22073jw	v_generation_registry_overview	11	profile_code	text	text	YES	
cx22073jw	v_generation_registry_overview	12	target_schema_name	text	text	YES	
cx22073jw	v_generation_registry_overview	13	target_table_name	text	text	YES	
cx22073jw	v_generation_registry_overview	14	target_view_name	text	text	YES	
cx22073jw	v_generation_registry_overview	15	target_function_name	text	text	YES	
cx22073jw	v_generation_registry_overview	16	generation_status	text	text	YES	
cx22073jw	v_generation_registry_overview	17	last_generated_at	timestamp with time zone	timestamptz	YES	
cx22073jw	v_generation_registry_priority_order	1	queue_code	text	text	YES	
cx22073jw	v_generation_registry_priority_order	2	source_system	text	text	YES	
cx22073jw	v_generation_registry_priority_order	3	source_app	text	text	YES	
cx22073jw	v_generation_registry_priority_order	4	area_name	text	text	YES	
cx22073jw	v_generation_registry_priority_order	5	area_slug	text	text	YES	
cx22073jw	v_generation_registry_priority_order	6	priority_code	text	text	YES	
cx22073jw	v_generation_registry_priority_order	7	object_family_code	text	text	YES	
cx22073jw	v_generation_registry_priority_order	8	target_table_name	text	text	YES	
cx22073jw	v_generation_registry_priority_order	9	target_view_name	text	text	YES	
cx22073jw	v_generation_registry_priority_order	10	target_function_name	text	text	YES	
cx22073jw	v_generation_registry_priority_order	11	generation_status	text	text	YES	
cx22073jw	v_generation_registry_summary	1	source_system	text	text	YES	
cx22073jw	v_generation_registry_summary	2	source_app	text	text	YES	
cx22073jw	v_generation_registry_summary	3	generation_count	bigint	int8	YES	
cx22073jw	v_generation_registry_summary	4	planned_count	bigint	int8	YES	
cx22073jw	v_generation_registry_summary	5	generated_count	bigint	int8	YES	
cx22073jw	v_generation_registry_summary	6	reviewed_count	bigint	int8	YES	
cx22073jw	v_generation_registry_summary	7	stale_count	bigint	int8	YES	
cx22073jw	v_generation_registry_summary	8	applied_count	bigint	int8	YES	
cx22073jw	v_official_prepare_queue_overview	1	queue_code	text	text	YES	
cx22073jw	v_official_prepare_queue_overview	2	queue_name	text	text	YES	
cx22073jw	v_official_prepare_queue_overview	3	queue_scope	text	text	YES	
cx22073jw	v_official_prepare_queue_overview	4	target_release_wave	text	text	YES	
cx22073jw	v_official_prepare_queue_overview	5	queue_status	text	text	YES	
cx22073jw	v_official_prepare_queue_overview	6	source_system	text	text	YES	
cx22073jw	v_official_prepare_queue_overview	7	source_app	text	text	YES	
cx22073jw	v_official_prepare_queue_overview	8	area_name	text	text	YES	
cx22073jw	v_official_prepare_queue_overview	9	area_slug	text	text	YES	
cx22073jw	v_official_prepare_queue_overview	10	priority_code	text	text	YES	
cx22073jw	v_official_prepare_queue_overview	11	area_roles	ARRAY	_text	YES	
cx22073jw	v_official_prepare_queue_overview	12	item_status	text	text	YES	
cx22073jw	v_official_prepare_queue_overview	13	prepare_stage	text	text	YES	
cx22073jw	v_official_prepare_queue_overview	14	priority_rank	integer	int4	YES	
cx22073jw	v_official_prepare_queue_overview	15	execution_group_code	text	text	YES	
cx22073jw	v_official_prepare_queue_overview	16	decision_note	text	text	YES	
cx22073jw	v_official_prepare_queue_overview	17	blocker_note	text	text	YES	
cx22073jw	v_official_prepare_queue_overview	18	planned_output_summary	text	text	YES	
cx22073jw	v_official_prepare_queue_priority_order	1	queue_code	text	text	YES	
cx22073jw	v_official_prepare_queue_priority_order	2	source_system	text	text	YES	
cx22073jw	v_official_prepare_queue_priority_order	3	source_app	text	text	YES	
cx22073jw	v_official_prepare_queue_priority_order	4	area_name	text	text	YES	
cx22073jw	v_official_prepare_queue_priority_order	5	area_slug	text	text	YES	
cx22073jw	v_official_prepare_queue_priority_order	6	priority_code	text	text	YES	
cx22073jw	v_official_prepare_queue_priority_order	7	item_status	text	text	YES	
cx22073jw	v_official_prepare_queue_priority_order	8	prepare_stage	text	text	YES	
cx22073jw	v_official_prepare_queue_priority_order	9	priority_rank	integer	int4	YES	
cx22073jw	v_official_prepare_queue_priority_order	10	execution_group_code	text	text	YES	
cx22073jw	v_official_prepare_queue_summary	1	queue_code	text	text	YES	
cx22073jw	v_official_prepare_queue_summary	2	source_system	text	text	YES	
cx22073jw	v_official_prepare_queue_summary	3	source_app	text	text	YES	
cx22073jw	v_official_prepare_queue_summary	4	item_count	bigint	int8	YES	
cx22073jw	v_official_prepare_queue_summary	5	queued_count	bigint	int8	YES	
cx22073jw	v_official_prepare_queue_summary	6	scoping_count	bigint	int8	YES	
cx22073jw	v_official_prepare_queue_summary	7	designing_count	bigint	int8	YES	
cx22073jw	v_official_prepare_queue_summary	8	ready_for_review_count	bigint	int8	YES	
cx22073jw	v_official_prepare_queue_summary	9	approved_count	bigint	int8	YES	
cx22073jw	v_official_prepare_queue_summary	10	blocked_count	bigint	int8	YES	
cx22073jw	v_official_prepare_queue_summary	11	deferred_count	bigint	int8	YES	
cx22073jw	v_phase1_skeleton_apply_batch_summary	1	batch_code	text	text	YES	
cx22073jw	v_phase1_skeleton_apply_batch_summary	2	batch_scope	text	text	YES	
cx22073jw	v_phase1_skeleton_apply_batch_summary	3	batch_status	text	text	YES	
cx22073jw	v_phase1_skeleton_apply_batch_summary	4	actor_name	text	text	YES	
cx22073jw	v_phase1_skeleton_apply_batch_summary	5	planned_count	integer	int4	YES	
cx22073jw	v_phase1_skeleton_apply_batch_summary	6	applied_count	integer	int4	YES	
cx22073jw	v_phase1_skeleton_apply_batch_summary	7	failed_count	integer	int4	YES	
cx22073jw	v_phase1_skeleton_apply_batch_summary	8	started_at	timestamp with time zone	timestamptz	YES	
cx22073jw	v_phase1_skeleton_apply_batch_summary	9	ended_at	timestamp with time zone	timestamptz	YES	
cx22073jw	v_phase1_skeleton_apply_target_status	1	source_system	text	text	YES	
cx22073jw	v_phase1_skeleton_apply_target_status	2	source_app	text	text	YES	
cx22073jw	v_phase1_skeleton_apply_target_status	3	area_slug	text	text	YES	
cx22073jw	v_phase1_skeleton_apply_target_status	4	area_name	text	text	YES	
cx22073jw	v_phase1_skeleton_apply_target_status	5	target_schema_name	text	text	YES	
cx22073jw	v_phase1_skeleton_apply_target_status	6	target_table_name	text	text	YES	
cx22073jw	v_phase1_skeleton_apply_target_status	7	target_view_name	text	text	YES	
cx22073jw	v_phase1_skeleton_apply_target_status	8	target_function_name	text	text	YES	
cx22073jw	v_phase1_skeleton_apply_target_status	9	generation_status	text	text	YES	
cx22073jw	v_phase1_skeleton_apply_target_status	10	table_exists	boolean	bool	YES	
cx22073jw	v_phase1_skeleton_apply_target_status	11	view_exists	boolean	bool	YES	
cx22073jw	v_priority_26_29_readiness	1	area_code	text	text	YES	
cx22073jw	v_priority_26_29_readiness	2	row_count	bigint	int8	YES	
cx22073jw	v_published_knowledge_ready_catalog	1	article_code	text	text	YES	
cx22073jw	v_published_knowledge_ready_catalog	2	title	text	text	YES	
cx22073jw	v_published_knowledge_ready_catalog	3	domain_code	text	text	YES	
cx22073jw	v_published_knowledge_ready_catalog	4	visibility_scope	text	text	YES	
cx22073jw	v_published_knowledge_ready_catalog	5	publication_status	text	text	YES	
cx22073jw	v_published_knowledge_ready_catalog	6	review_status	text	text	YES	
cx22073jw	v_published_knowledge_ready_catalog	7	catalog_status	text	text	YES	
cx22073jw	v_published_knowledge_ready_catalog	8	quality_grade	text	text	YES	
cx22073jw	v_published_knowledge_ready_catalog	9	publication_channel	text	text	YES	
cx22073jw	v_published_knowledge_ready_catalog	10	search_keywords	ARRAY	_text	YES	
cx22073jw	v_published_knowledge_ready_catalog	11	blocker_codes	ARRAY	_text	YES	
cx22073jw	v_published_knowledge_ready_catalog	12	is_ready	boolean	bool	YES	
cx22073jw	v_publishing_asset_area_latest	1	row_id	uuid	uuid	YES	
cx22073jw	v_publishing_asset_area_latest	2	subject_key	text	text	YES	
cx22073jw	v_publishing_asset_area_latest	3	source_system	text	text	YES	
cx22073jw	v_publishing_asset_area_latest	4	source_app	text	text	YES	
cx22073jw	v_publishing_asset_area_latest	5	canonical_owner_system	text	text	YES	
cx22073jw	v_publishing_asset_area_latest	6	canonical_ref_key	text	text	YES	
cx22073jw	v_publishing_asset_area_latest	7	lifecycle_status	text	text	YES	
cx22073jw	v_publishing_asset_area_latest	8	projection_payload	jsonb	jsonb	YES	
cx22073jw	v_publishing_asset_area_latest	9	meta	jsonb	jsonb	YES	
cx22073jw	v_publishing_asset_area_latest	10	created_at	timestamp with time zone	timestamptz	YES	
cx22073jw	v_publishing_asset_area_latest	11	updated_at	timestamp with time zone	timestamptz	YES	
cx22073jw	v_readiness_gate_latest_area_status	1	area_slug	text	text	YES	
cx22073jw	v_readiness_gate_latest_area_status	2	area_pass	boolean	bool	YES	
cx22073jw	v_readiness_gate_latest_area_status	3	check_count	bigint	int8	YES	
cx22073jw	v_readiness_gate_latest_area_status	4	passed_count	bigint	int8	YES	
cx22073jw	v_readiness_gate_latest_area_status	5	failed_count	bigint	int8	YES	
cx22073jw	v_readiness_gate_latest_failed_checks	1	area_slug	text	text	YES	
cx22073jw	v_readiness_gate_latest_failed_checks	2	rule_code	text	text	YES	
cx22073jw	v_readiness_gate_latest_failed_checks	3	rule_name	text	text	YES	
cx22073jw	v_readiness_gate_latest_failed_checks	4	actual_numeric	numeric	numeric	YES	
cx22073jw	v_readiness_gate_latest_failed_checks	5	actual_text	text	text	YES	
cx22073jw	v_readiness_gate_latest_failed_checks	6	detail_json	jsonb	jsonb	YES	
cx22073jw	v_readiness_gate_latest_run_summary	1	gate_code	text	text	YES	
cx22073jw	v_readiness_gate_latest_run_summary	2	gate_name	text	text	YES	
cx22073jw	v_readiness_gate_latest_run_summary	3	readiness_gate_run_id	uuid	uuid	YES	
cx22073jw	v_readiness_gate_latest_run_summary	4	run_status	text	text	YES	
cx22073jw	v_readiness_gate_latest_run_summary	5	total_checks	integer	int4	YES	
cx22073jw	v_readiness_gate_latest_run_summary	6	passed_checks	integer	int4	YES	
cx22073jw	v_readiness_gate_latest_run_summary	7	failed_checks	integer	int4	YES	
cx22073jw	v_readiness_gate_latest_run_summary	8	target_area_count	integer	int4	YES	
cx22073jw	v_readiness_gate_latest_run_summary	9	started_at	timestamp with time zone	timestamptz	YES	
cx22073jw	v_readiness_gate_latest_run_summary	10	ended_at	timestamp with time zone	timestamptz	YES	
cx22073jw	v_readiness_gate_latest_run_summary	11	note_text	text	text	YES	
cx22073jw	v_review_case_area_latest	1	row_id	uuid	uuid	YES	
cx22073jw	v_review_case_area_latest	2	subject_key	text	text	YES	
cx22073jw	v_review_case_area_latest	3	source_system	text	text	YES	
cx22073jw	v_review_case_area_latest	4	source_app	text	text	YES	
cx22073jw	v_review_case_area_latest	5	canonical_owner_system	text	text	YES	
cx22073jw	v_review_case_area_latest	6	canonical_ref_key	text	text	YES	
cx22073jw	v_review_case_area_latest	7	lifecycle_status	text	text	YES	
cx22073jw	v_review_case_area_latest	8	projection_payload	jsonb	jsonb	YES	
cx22073jw	v_review_case_area_latest	9	policy_context_payload	jsonb	jsonb	YES	
cx22073jw	v_review_case_area_latest	10	meta	jsonb	jsonb	YES	
cx22073jw	v_review_case_area_latest	11	created_at	timestamp with time zone	timestamptz	YES	
cx22073jw	v_review_case_area_latest	12	updated_at	timestamp with time zone	timestamptz	YES	
cx22073jw	v_seasonal_active_today	1	event_code	text	text	YES	
cx22073jw	v_seasonal_active_today	2	event_name	text	text	YES	
cx22073jw	v_seasonal_active_today	3	event_type	text	text	YES	
cx22073jw	v_seasonal_active_today	4	jurisdiction_code	text	text	YES	
cx22073jw	v_seasonal_active_today	5	timing_note	text	text	YES	
cx22073jw	v_secret_asset_catalog	1	asset_id	uuid	uuid	YES	
cx22073jw	v_secret_asset_catalog	2	asset_code	text	text	YES	
cx22073jw	v_secret_asset_catalog	3	asset_name	text	text	YES	
cx22073jw	v_secret_asset_catalog	4	category_code	text	text	YES	
cx22073jw	v_secret_asset_catalog	5	category_name	text	text	YES	
cx22073jw	v_secret_asset_catalog	6	sensitivity_level	integer	int4	YES	
cx22073jw	v_secret_asset_catalog	7	target_code	text	text	YES	
cx22073jw	v_secret_asset_catalog	8	target_name	text	text	YES	
cx22073jw	v_secret_asset_catalog	9	is_active	boolean	bool	YES	
cx22073jw	v_secret_asset_catalog	10	created_at	timestamp with time zone	timestamptz	YES	
cx22073jw	v_secret_route_matrix	1	route_code	text	text	YES	
cx22073jw	v_secret_route_matrix	2	route_name	text	text	YES	
cx22073jw	v_secret_route_matrix	3	tier_code	text	text	YES	
cx22073jw	v_secret_route_matrix	4	tier_rank	integer	int4	YES	
cx22073jw	v_secret_route_matrix	5	selector_code	text	text	YES	
cx22073jw	v_secret_route_matrix	6	target_code	text	text	YES	
cx22073jw	v_secret_route_matrix	7	target_name	text	text	YES	
cx22073jw	v_secret_route_matrix	8	target_kind	text	text	YES	
cx22073jw	v_secret_route_matrix	9	category_code	text	text	YES	
cx22073jw	v_secret_route_matrix	10	profile_code	text	text	YES	
cx22073jw	v_secret_route_matrix	11	default_decision	text	text	YES	
cx22073jw	v_secret_route_matrix	12	minimum_tier_rank	integer	int4	YES	
cx22073jw	v_secret_route_matrix	13	route_binding_active	boolean	bool	YES	
cx22073jw	v_secret_route_matrix	14	policy_binding_active	boolean	bool	YES	
cx22073jw	v_static_art_asset_area_latest	1	row_id	uuid	uuid	YES	
cx22073jw	v_static_art_asset_area_latest	2	subject_key	text	text	YES	
cx22073jw	v_static_art_asset_area_latest	3	source_system	text	text	YES	
cx22073jw	v_static_art_asset_area_latest	4	source_app	text	text	YES	
cx22073jw	v_static_art_asset_area_latest	5	canonical_owner_system	text	text	YES	
cx22073jw	v_static_art_asset_area_latest	6	canonical_ref_key	text	text	YES	
cx22073jw	v_static_art_asset_area_latest	7	lifecycle_status	text	text	YES	
cx22073jw	v_static_art_asset_area_latest	8	projection_payload	jsonb	jsonb	YES	
cx22073jw	v_static_art_asset_area_latest	9	meta	jsonb	jsonb	YES	
cx22073jw	v_static_art_asset_area_latest	10	created_at	timestamp with time zone	timestamptz	YES	
cx22073jw	v_static_art_asset_area_latest	11	updated_at	timestamp with time zone	timestamptz	YES	
cx22073jw	v_staticart_delivery_closeout_summary	1	run_code	text	text	YES	
cx22073jw	v_staticart_delivery_closeout_summary	2	overall_status	text	text	YES	
cx22073jw	v_staticart_delivery_closeout_summary	3	release_code	text	text	YES	
cx22073jw	v_staticart_delivery_closeout_summary	4	release_status	text	text	YES	
cx22073jw	v_staticart_delivery_closeout_summary	5	export_code	text	text	YES	
cx22073jw	v_staticart_delivery_closeout_summary	6	export_status	text	text	YES	
cx22073jw	v_staticart_delivery_closeout_summary	7	export_root_path	text	text	YES	
cx22073jw	v_staticart_delivery_closeout_summary	8	sample_run_status	text	text	YES	
cx22073jw	v_staticart_delivery_closeout_summary	9	readiness_gate_status	text	text	YES	
cx22073jw	v_staticart_delivery_closeout_summary	10	total_target_count	integer	int4	YES	
cx22073jw	v_staticart_delivery_closeout_summary	11	released_target_count	integer	int4	YES	
cx22073jw	v_staticart_delivery_closeout_summary	12	blocked_target_count	integer	int4	YES	
cx22073jw	v_staticart_delivery_closeout_summary	13	note_text	text	text	YES	
cx22073jw	v_staticart_delivery_closeout_summary	14	created_at	timestamp with time zone	timestamptz	YES	
cx22073jw	v_staticart_delivery_master_status	1	certificate_code	text	text	YES	
cx22073jw	v_staticart_delivery_master_status	2	certificate_status	text	text	YES	
cx22073jw	v_staticart_delivery_master_status	3	release_code	text	text	YES	
cx22073jw	v_staticart_delivery_master_status	4	release_status	text	text	YES	
cx22073jw	v_staticart_delivery_master_status	5	export_code	text	text	YES	
cx22073jw	v_staticart_delivery_master_status	6	export_status	text	text	YES	
cx22073jw	v_staticart_delivery_master_status	7	package_code	text	text	YES	
cx22073jw	v_staticart_delivery_master_status	8	package_status	text	text	YES	
cx22073jw	v_staticart_delivery_master_status	9	closeout_run_code	text	text	YES	
cx22073jw	v_staticart_delivery_master_status	10	export_root_path	text	text	YES	
cx22073jw	v_staticart_delivery_master_status	11	total_target_count	integer	int4	YES	
cx22073jw	v_staticart_delivery_master_status	12	released_target_count	integer	int4	YES	
cx22073jw	v_staticart_delivery_master_status	13	blocked_target_count	integer	int4	YES	
cx22073jw	v_staticart_delivery_master_status	14	file_count	integer	int4	YES	
cx22073jw	v_staticart_delivery_master_status	15	note_text	text	text	YES	
cx22073jw	v_staticart_delivery_master_status	16	created_at	timestamp with time zone	timestamptz	YES	
cx22073jw	v_staticart_exact_knowledge_transfer_blocks	1	profile_code	text	text	YES	
cx22073jw	v_staticart_exact_knowledge_transfer_blocks	2	block_code	text	text	YES	
cx22073jw	v_staticart_exact_knowledge_transfer_blocks	3	block_name	text	text	YES	
cx22073jw	v_staticart_exact_knowledge_transfer_blocks	4	block_kind	text	text	YES	
cx22073jw	v_staticart_exact_knowledge_transfer_blocks	5	sort_order	integer	int4	YES	
cx22073jw	v_staticart_exact_knowledge_transfer_blocks	6	important_rule_text	text	text	YES	
cx22073jw	v_staticart_exact_knowledge_transfer_blocks	7	field_count	bigint	int8	YES	
cx22073jw	v_staticart_exact_knowledge_transfer_fields	1	profile_code	text	text	YES	
cx22073jw	v_staticart_exact_knowledge_transfer_fields	2	block_code	text	text	YES	
cx22073jw	v_staticart_exact_knowledge_transfer_fields	3	block_name	text	text	YES	
cx22073jw	v_staticart_exact_knowledge_transfer_fields	4	field_code	text	text	YES	
cx22073jw	v_staticart_exact_knowledge_transfer_fields	5	field_type_text	text	text	YES	
cx22073jw	v_staticart_exact_knowledge_transfer_fields	6	field_role_text	text	text	YES	
cx22073jw	v_staticart_exact_knowledge_transfer_fields	7	fixed_value_text	text	text	YES	
cx22073jw	v_staticart_exact_knowledge_transfer_fields	8	allowed_values	ARRAY	_text	YES	
cx22073jw	v_staticart_exact_knowledge_transfer_fields	9	sort_order	integer	int4	YES	
cx22073jw	v_staticart_exact_knowledge_transfer_rules	1	profile_code	text	text	YES	
cx22073jw	v_staticart_exact_knowledge_transfer_rules	2	rule_group_code	text	text	YES	
cx22073jw	v_staticart_exact_knowledge_transfer_rules	3	item_text	text	text	YES	
cx22073jw	v_staticart_exact_knowledge_transfer_rules	4	sort_order	integer	int4	YES	
cx22073jw	v_staticart_final_handoff_package_summary	1	package_code	text	text	YES	
cx22073jw	v_staticart_final_handoff_package_summary	2	export_code	text	text	YES	
cx22073jw	v_staticart_final_handoff_package_summary	3	export_root_path	text	text	YES	
cx22073jw	v_staticart_final_handoff_package_summary	4	overall_status	text	text	YES	
cx22073jw	v_staticart_final_handoff_package_summary	5	release_code	text	text	YES	
cx22073jw	v_staticart_final_handoff_package_summary	6	release_status	text	text	YES	
cx22073jw	v_staticart_final_handoff_package_summary	7	closeout_run_code	text	text	YES	
cx22073jw	v_staticart_final_handoff_package_summary	8	file_count	integer	int4	YES	
cx22073jw	v_staticart_final_handoff_package_summary	9	file_index_path	text	text	YES	
cx22073jw	v_staticart_final_handoff_package_summary	10	sha256_manifest_path	text	text	YES	
cx22073jw	v_staticart_final_handoff_package_summary	11	db_summary_json_path	text	text	YES	
cx22073jw	v_staticart_final_handoff_package_summary	12	package_manifest_json_path	text	text	YES	
cx22073jw	v_staticart_final_handoff_package_summary	13	created_at	timestamp with time zone	timestamptz	YES	
cx22073jw	v_staticart_fixed_contract_release_export_payload	1	release_code	text	text	YES	
cx22073jw	v_staticart_fixed_contract_release_export_payload	2	block_code	text	text	YES	
cx22073jw	v_staticart_fixed_contract_release_export_payload	3	area_slug	text	text	YES	
cx22073jw	v_staticart_fixed_contract_release_export_payload	4	target_payload_column_name	text	text	YES	
cx22073jw	v_staticart_fixed_contract_release_export_payload	5	target_table_name	text	text	YES	
cx22073jw	v_staticart_fixed_contract_release_export_payload	6	target_function_name	text	text	YES	
cx22073jw	v_staticart_fixed_contract_release_export_payload	7	required_keys	ARRAY	_text	YES	
cx22073jw	v_staticart_fixed_contract_release_export_payload	8	optional_keys	ARRAY	_text	YES	
cx22073jw	v_staticart_fixed_contract_release_export_payload	9	target_status_code	text	text	YES	
cx22073jw	v_staticart_fixed_contract_release_export_top_level	1	release_code	text	text	YES	
cx22073jw	v_staticart_fixed_contract_release_export_top_level	2	block_code	text	text	YES	
cx22073jw	v_staticart_fixed_contract_release_export_top_level	3	area_slug	text	text	YES	
cx22073jw	v_staticart_fixed_contract_release_export_top_level	4	target_table_name	text	text	YES	
cx22073jw	v_staticart_fixed_contract_release_export_top_level	5	target_function_name	text	text	YES	
cx22073jw	v_staticart_fixed_contract_release_export_top_level	6	top_level_keys	ARRAY	_text	YES	
cx22073jw	v_staticart_fixed_contract_release_export_top_level	7	target_status_code	text	text	YES	
cx22073jw	v_staticart_fixed_contract_release_keys	1	release_code	text	text	YES	
cx22073jw	v_staticart_fixed_contract_release_keys	2	block_code	text	text	YES	
cx22073jw	v_staticart_fixed_contract_release_keys	3	area_slug	text	text	YES	
cx22073jw	v_staticart_fixed_contract_release_keys	4	contract_level	text	text	YES	
cx22073jw	v_staticart_fixed_contract_release_keys	5	target_payload_column_name	text	text	YES	
cx22073jw	v_staticart_fixed_contract_release_keys	6	key_name	text	text	YES	
cx22073jw	v_staticart_fixed_contract_release_keys	7	key_role	text	text	YES	
cx22073jw	v_staticart_fixed_contract_release_keys	8	source_field_code	text	text	YES	
cx22073jw	v_staticart_fixed_contract_release_keys	9	target_slot_name	text	text	YES	
cx22073jw	v_staticart_fixed_contract_release_keys	10	sort_order	integer	int4	YES	
cx22073jw	v_staticart_fixed_contract_release_summary	1	release_code	text	text	YES	
cx22073jw	v_staticart_fixed_contract_release_summary	2	release_scope	text	text	YES	
cx22073jw	v_staticart_fixed_contract_release_summary	3	release_status	text	text	YES	
cx22073jw	v_staticart_fixed_contract_release_summary	4	latest_sample_run_status	text	text	YES	
cx22073jw	v_staticart_fixed_contract_release_summary	5	latest_gate_run_status	text	text	YES	
cx22073jw	v_staticart_fixed_contract_release_summary	6	total_target_count	integer	int4	YES	
cx22073jw	v_staticart_fixed_contract_release_summary	7	released_target_count	integer	int4	YES	
cx22073jw	v_staticart_fixed_contract_release_summary	8	blocked_target_count	integer	int4	YES	
cx22073jw	v_staticart_fixed_contract_release_summary	9	release_digest	text	text	YES	
cx22073jw	v_staticart_fixed_contract_release_summary	10	created_at	timestamp with time zone	timestamptz	YES	
cx22073jw	v_staticart_fixed_contract_release_summary	11	updated_at	timestamp with time zone	timestamptz	YES	
cx22073jw	v_staticart_fixed_contract_release_targets	1	release_code	text	text	YES	
cx22073jw	v_staticart_fixed_contract_release_targets	2	block_code	text	text	YES	
cx22073jw	v_staticart_fixed_contract_release_targets	3	area_slug	text	text	YES	
cx22073jw	v_staticart_fixed_contract_release_targets	4	contract_level	text	text	YES	
cx22073jw	v_staticart_fixed_contract_release_targets	5	target_payload_column_name	text	text	YES	
cx22073jw	v_staticart_fixed_contract_release_targets	6	target_table_name	text	text	YES	
cx22073jw	v_staticart_fixed_contract_release_targets	7	target_function_name	text	text	YES	
cx22073jw	v_staticart_fixed_contract_release_targets	8	key_count	integer	int4	YES	
cx22073jw	v_staticart_fixed_contract_release_targets	9	missing_key_count	integer	int4	YES	
cx22073jw	v_staticart_fixed_contract_release_targets	10	target_status_code	text	text	YES	
cx22073jw	v_staticart_fixed_contract_release_targets	11	contract_digest	text	text	YES	
cx22073jw	v_staticart_fixed_contract_release_targets	12	sort_order	integer	int4	YES	
cx22073jw	v_staticart_fixed_contract_release_targets	13	detail_json	jsonb	jsonb	YES	
cx22073jw	v_staticart_handoff_export_batch_summary	1	export_code	text	text	YES	
cx22073jw	v_staticart_handoff_export_batch_summary	2	release_code	text	text	YES	
cx22073jw	v_staticart_handoff_export_batch_summary	3	export_status	text	text	YES	
cx22073jw	v_staticart_handoff_export_batch_summary	4	export_root_path	text	text	YES	
cx22073jw	v_staticart_handoff_export_batch_summary	5	total_target_count	integer	int4	YES	
cx22073jw	v_staticart_handoff_export_batch_summary	6	released_target_count	integer	int4	YES	
cx22073jw	v_staticart_handoff_export_batch_summary	7	blocked_target_count	integer	int4	YES	
cx22073jw	v_staticart_handoff_export_batch_summary	8	created_at	timestamp with time zone	timestamptz	YES	
cx22073jw	v_staticart_handoff_export_item_summary	1	export_code	text	text	YES	
cx22073jw	v_staticart_handoff_export_item_summary	2	block_code	text	text	YES	
cx22073jw	v_staticart_handoff_export_item_summary	3	area_slug	text	text	YES	
cx22073jw	v_staticart_handoff_export_item_summary	4	contract_level	text	text	YES	
cx22073jw	v_staticart_handoff_export_item_summary	5	target_payload_column_name	text	text	YES	
cx22073jw	v_staticart_handoff_export_item_summary	6	target_status_code	text	text	YES	
cx22073jw	v_staticart_handoff_export_item_summary	7	export_status	text	text	YES	
cx22073jw	v_staticart_handoff_export_item_summary	8	sort_order	integer	int4	YES	
cx22073jw	v_staticart_knowledge_pack_run_item_latest	1	sample_code	text	text	YES	
cx22073jw	v_staticart_knowledge_pack_run_item_latest	2	area_slug	text	text	YES	
cx22073jw	v_staticart_knowledge_pack_run_item_latest	3	target_function_name	text	text	YES	
cx22073jw	v_staticart_knowledge_pack_run_item_latest	4	subject_key	text	text	YES	
cx22073jw	v_staticart_knowledge_pack_run_item_latest	5	preflight_status	text	text	YES	
cx22073jw	v_staticart_knowledge_pack_run_item_latest	6	missing_detail_json	jsonb	jsonb	YES	
cx22073jw	v_staticart_knowledge_pack_run_item_latest	7	wrapper_apply_status	text	text	YES	
cx22073jw	v_staticart_knowledge_pack_run_item_latest	8	result_row_id	uuid	uuid	YES	
cx22073jw	v_staticart_knowledge_pack_run_item_latest	9	error_text	text	text	YES	
cx22073jw	v_staticart_knowledge_pack_run_item_latest	10	created_at	timestamp with time zone	timestamptz	YES	
cx22073jw	v_staticart_knowledge_pack_run_latest	1	sample_pack_run_id	uuid	uuid	YES	
cx22073jw	v_staticart_knowledge_pack_run_latest	2	sample_code	text	text	YES	
cx22073jw	v_staticart_knowledge_pack_run_latest	3	apply_wrappers	boolean	bool	YES	
cx22073jw	v_staticart_knowledge_pack_run_latest	4	run_status	text	text	YES	
cx22073jw	v_staticart_knowledge_pack_run_latest	5	total_area_count	integer	int4	YES	
cx22073jw	v_staticart_knowledge_pack_run_latest	6	preflight_pass_count	integer	int4	YES	
cx22073jw	v_staticart_knowledge_pack_run_latest	7	preflight_fail_count	integer	int4	YES	
cx22073jw	v_staticart_knowledge_pack_run_latest	8	wrapper_applied_count	integer	int4	YES	
cx22073jw	v_staticart_knowledge_pack_run_latest	9	wrapper_skipped_count	integer	int4	YES	
cx22073jw	v_staticart_knowledge_pack_run_latest	10	actor_name	text	text	YES	
cx22073jw	v_staticart_knowledge_pack_run_latest	11	note_text	text	text	YES	
cx22073jw	v_staticart_knowledge_pack_run_latest	12	started_at	timestamp with time zone	timestamptz	YES	
cx22073jw	v_staticart_knowledge_pack_run_latest	13	ended_at	timestamp with time zone	timestamptz	YES	
cx22073jw	v_staticart_knowledge_pack_run_latest	14	created_at	timestamp with time zone	timestamptz	YES	
cx22073jw	v_staticart_knowledge_pack_run_latest	15	updated_at	timestamp with time zone	timestamptz	YES	
cx22073jw	v_staticart_knowledge_pack_sample_registry_summary	1	sample_code	text	text	YES	
cx22073jw	v_staticart_knowledge_pack_sample_registry_summary	2	is_active	boolean	bool	YES	
cx22073jw	v_staticart_knowledge_pack_sample_registry_summary	3	created_at	timestamp with time zone	timestamptz	YES	
cx22073jw	v_staticart_knowledge_pack_sample_registry_summary	4	updated_at	timestamp with time zone	timestamptz	YES	
cx22073jw	v_staticart_minimum_first_send_area_bindings	1	profile_code	text	text	YES	
cx22073jw	v_staticart_minimum_first_send_area_bindings	2	block_code	text	text	YES	
cx22073jw	v_staticart_minimum_first_send_area_bindings	3	block_name	text	text	YES	
cx22073jw	v_staticart_minimum_first_send_area_bindings	4	area_slug	text	text	YES	
cx22073jw	v_staticart_minimum_first_send_area_bindings	5	target_slot_scope	text	text	YES	
cx22073jw	v_staticart_minimum_first_send_area_bindings	6	target_payload_column_name	text	text	YES	
cx22073jw	v_staticart_minimum_first_send_area_bindings	7	target_table_name	text	text	YES	
cx22073jw	v_staticart_minimum_first_send_area_bindings	8	target_view_name	text	text	YES	
cx22073jw	v_staticart_minimum_first_send_area_bindings	9	target_function_name	text	text	YES	
cx22073jw	v_staticart_minimum_first_send_area_bindings	10	priority_rank	integer	int4	YES	
cx22073jw	v_staticart_minimum_first_send_area_bindings	11	binding_status	text	text	YES	
cx22073jw	v_staticart_minimum_first_send_area_bindings	12	binding_note	text	text	YES	
cx22073jw	v_staticart_minimum_first_send_contract_coverage	1	profile_code	text	text	YES	
cx22073jw	v_staticart_minimum_first_send_contract_coverage	2	block_code	text	text	YES	
cx22073jw	v_staticart_minimum_first_send_contract_coverage	3	area_slug	text	text	YES	
cx22073jw	v_staticart_minimum_first_send_contract_coverage	4	target_payload_column_name	text	text	YES	
cx22073jw	v_staticart_minimum_first_send_contract_coverage	5	mapped_field_count	integer	int4	YES	
cx22073jw	v_staticart_minimum_first_send_contract_coverage	6	target_contract_key_count	integer	int4	YES	
cx22073jw	v_staticart_minimum_first_send_contract_coverage	7	matched_contract_key_count	integer	int4	YES	
cx22073jw	v_staticart_minimum_first_send_contract_coverage	8	missing_contract_keys	ARRAY	_text	YES	
cx22073jw	v_staticart_minimum_first_send_contract_coverage	9	generated_at	timestamp with time zone	timestamptz	YES	
cx22073jw	v_staticart_minimum_first_send_field_bindings	1	profile_code	text	text	YES	
cx22073jw	v_staticart_minimum_first_send_field_bindings	2	block_code	text	text	YES	
cx22073jw	v_staticart_minimum_first_send_field_bindings	3	area_slug	text	text	YES	
cx22073jw	v_staticart_minimum_first_send_field_bindings	4	target_slot_scope	text	text	YES	
cx22073jw	v_staticart_minimum_first_send_field_bindings	5	target_payload_column_name	text	text	YES	
cx22073jw	v_staticart_minimum_first_send_field_bindings	6	field_code	text	text	YES	
cx22073jw	v_staticart_minimum_first_send_field_bindings	7	target_slot_type	text	text	YES	
cx22073jw	v_staticart_minimum_first_send_field_bindings	8	target_slot_name	text	text	YES	
cx22073jw	v_staticart_minimum_first_send_field_bindings	9	mapping_mode	text	text	YES	
cx22073jw	v_staticart_minimum_first_send_field_bindings	10	sort_order	integer	int4	YES	
cx22073jw	v_staticart_minimum_first_send_field_bindings	11	mapping_note	text	text	YES	
cx22073jw	v_staticart_resume_pack_summary	1	run_code	text	text	YES	
cx22073jw	v_staticart_resume_pack_summary	2	certificate_code	text	text	YES	
cx22073jw	v_staticart_resume_pack_summary	3	certificate_status	text	text	YES	
cx22073jw	v_staticart_resume_pack_summary	4	release_code	text	text	YES	
cx22073jw	v_staticart_resume_pack_summary	5	release_status	text	text	YES	
cx22073jw	v_staticart_resume_pack_summary	6	export_code	text	text	YES	
cx22073jw	v_staticart_resume_pack_summary	7	export_status	text	text	YES	
cx22073jw	v_staticart_resume_pack_summary	8	package_code	text	text	YES	
cx22073jw	v_staticart_resume_pack_summary	9	package_status	text	text	YES	
cx22073jw	v_staticart_resume_pack_summary	10	closeout_run_code	text	text	YES	
cx22073jw	v_staticart_resume_pack_summary	11	export_root_path	text	text	YES	
cx22073jw	v_staticart_resume_pack_summary	12	operations_index_md_path	text	text	YES	
cx22073jw	v_staticart_resume_pack_summary	13	resume_context_json_path	text	text	YES	
cx22073jw	v_staticart_resume_pack_summary	14	file_count	integer	int4	YES	
cx22073jw	v_staticart_resume_pack_summary	15	note_text	text	text	YES	
cx22073jw	v_staticart_resume_pack_summary	16	created_at	timestamp with time zone	timestamptz	YES	
cx22073jw	v_streaming_category_tree_area_latest	1	row_id	uuid	uuid	YES	
cx22073jw	v_streaming_category_tree_area_latest	2	subject_key	text	text	YES	
cx22073jw	v_streaming_category_tree_area_latest	3	source_system	text	text	YES	
cx22073jw	v_streaming_category_tree_area_latest	4	source_app	text	text	YES	
cx22073jw	v_streaming_category_tree_area_latest	5	canonical_owner_system	text	text	YES	
cx22073jw	v_streaming_category_tree_area_latest	6	canonical_ref_key	text	text	YES	
cx22073jw	v_streaming_category_tree_area_latest	7	lifecycle_status	text	text	YES	
cx22073jw	v_streaming_category_tree_area_latest	8	projection_payload	jsonb	jsonb	YES	
cx22073jw	v_streaming_category_tree_area_latest	9	index_terms	ARRAY	_text	YES	
cx22073jw	v_streaming_category_tree_area_latest	10	index_payload	jsonb	jsonb	YES	
cx22073jw	v_streaming_category_tree_area_latest	11	optimization_payload	jsonb	jsonb	YES	
cx22073jw	v_streaming_category_tree_area_latest	12	priority_score	numeric	numeric	YES	
cx22073jw	v_streaming_category_tree_area_latest	13	meta	jsonb	jsonb	YES	
cx22073jw	v_streaming_category_tree_area_latest	14	created_at	timestamp with time zone	timestamptz	YES	
cx22073jw	v_streaming_category_tree_area_latest	15	updated_at	timestamp with time zone	timestamptz	YES	
cx22073jw	v_streaming_connector_audit_area_latest	1	row_id	uuid	uuid	YES	
cx22073jw	v_streaming_connector_audit_area_latest	2	subject_key	text	text	YES	
cx22073jw	v_streaming_connector_audit_area_latest	3	source_system	text	text	YES	
cx22073jw	v_streaming_connector_audit_area_latest	4	source_app	text	text	YES	
cx22073jw	v_streaming_connector_audit_area_latest	5	canonical_owner_system	text	text	YES	
cx22073jw	v_streaming_connector_audit_area_latest	6	canonical_ref_key	text	text	YES	
cx22073jw	v_streaming_connector_audit_area_latest	7	lifecycle_status	text	text	YES	
cx22073jw	v_streaming_connector_audit_area_latest	8	summary_text	text	text	YES	
cx22073jw	v_streaming_connector_audit_area_latest	9	summary_payload	jsonb	jsonb	YES	
cx22073jw	v_streaming_connector_audit_area_latest	10	optimization_payload	jsonb	jsonb	YES	
cx22073jw	v_streaming_connector_audit_area_latest	11	priority_score	numeric	numeric	YES	
cx22073jw	v_streaming_connector_audit_area_latest	12	meta	jsonb	jsonb	YES	
cx22073jw	v_streaming_connector_audit_area_latest	13	created_at	timestamp with time zone	timestamptz	YES	
cx22073jw	v_streaming_connector_audit_area_latest	14	updated_at	timestamp with time zone	timestamptz	YES	
cx22073jw	v_streaming_continue_watching_area_latest	1	row_id	uuid	uuid	YES	
cx22073jw	v_streaming_continue_watching_area_latest	2	subject_key	text	text	YES	
cx22073jw	v_streaming_continue_watching_area_latest	3	source_system	text	text	YES	
cx22073jw	v_streaming_continue_watching_area_latest	4	source_app	text	text	YES	
cx22073jw	v_streaming_continue_watching_area_latest	5	canonical_owner_system	text	text	YES	
cx22073jw	v_streaming_continue_watching_area_latest	6	canonical_ref_key	text	text	YES	
cx22073jw	v_streaming_continue_watching_area_latest	7	lifecycle_status	text	text	YES	
cx22073jw	v_streaming_continue_watching_area_latest	8	summary_text	text	text	YES	
cx22073jw	v_streaming_continue_watching_area_latest	9	summary_payload	jsonb	jsonb	YES	
cx22073jw	v_streaming_continue_watching_area_latest	10	continuity_payload	jsonb	jsonb	YES	
cx22073jw	v_streaming_continue_watching_area_latest	11	resume_at	timestamp with time zone	timestamptz	YES	
cx22073jw	v_streaming_continue_watching_area_latest	12	optimization_payload	jsonb	jsonb	YES	
cx22073jw	v_streaming_continue_watching_area_latest	13	priority_score	numeric	numeric	YES	
cx22073jw	v_streaming_continue_watching_area_latest	14	meta	jsonb	jsonb	YES	
cx22073jw	v_streaming_continue_watching_area_latest	15	created_at	timestamp with time zone	timestamptz	YES	
cx22073jw	v_streaming_continue_watching_area_latest	16	updated_at	timestamp with time zone	timestamptz	YES	
cx22073jw	v_streaming_creator_asset_area_latest	1	row_id	uuid	uuid	YES	
cx22073jw	v_streaming_creator_asset_area_latest	2	subject_key	text	text	YES	
cx22073jw	v_streaming_creator_asset_area_latest	3	source_system	text	text	YES	
cx22073jw	v_streaming_creator_asset_area_latest	4	source_app	text	text	YES	
cx22073jw	v_streaming_creator_asset_area_latest	5	canonical_owner_system	text	text	YES	
cx22073jw	v_streaming_creator_asset_area_latest	6	canonical_ref_key	text	text	YES	
cx22073jw	v_streaming_creator_asset_area_latest	7	lifecycle_status	text	text	YES	
cx22073jw	v_streaming_creator_asset_area_latest	8	projection_payload	jsonb	jsonb	YES	
cx22073jw	v_streaming_creator_asset_area_latest	9	meta	jsonb	jsonb	YES	
cx22073jw	v_streaming_creator_asset_area_latest	10	created_at	timestamp with time zone	timestamptz	YES	
cx22073jw	v_streaming_creator_asset_area_latest	11	updated_at	timestamp with time zone	timestamptz	YES	
cx22073jw	v_streaming_marketplace_listing_area_latest	1	row_id	uuid	uuid	YES	
cx22073jw	v_streaming_marketplace_listing_area_latest	2	subject_key	text	text	YES	
cx22073jw	v_streaming_marketplace_listing_area_latest	3	source_system	text	text	YES	
cx22073jw	v_streaming_marketplace_listing_area_latest	4	source_app	text	text	YES	
cx22073jw	v_streaming_marketplace_listing_area_latest	5	canonical_owner_system	text	text	YES	
cx22073jw	v_streaming_marketplace_listing_area_latest	6	canonical_ref_key	text	text	YES	
cx22073jw	v_streaming_marketplace_listing_area_latest	7	lifecycle_status	text	text	YES	
cx22073jw	v_streaming_marketplace_listing_area_latest	8	projection_payload	jsonb	jsonb	YES	
cx22073jw	v_streaming_marketplace_listing_area_latest	9	optimization_payload	jsonb	jsonb	YES	
cx22073jw	v_streaming_marketplace_listing_area_latest	10	priority_score	numeric	numeric	YES	
cx22073jw	v_streaming_marketplace_listing_area_latest	11	meta	jsonb	jsonb	YES	
cx22073jw	v_streaming_marketplace_listing_area_latest	12	created_at	timestamp with time zone	timestamptz	YES	
cx22073jw	v_streaming_marketplace_listing_area_latest	13	updated_at	timestamp with time zone	timestamptz	YES	
cx22073jw	v_streaming_membership_program_area_latest	1	row_id	uuid	uuid	YES	
cx22073jw	v_streaming_membership_program_area_latest	2	subject_key	text	text	YES	
cx22073jw	v_streaming_membership_program_area_latest	3	source_system	text	text	YES	
cx22073jw	v_streaming_membership_program_area_latest	4	source_app	text	text	YES	
cx22073jw	v_streaming_membership_program_area_latest	5	canonical_owner_system	text	text	YES	
cx22073jw	v_streaming_membership_program_area_latest	6	canonical_ref_key	text	text	YES	
cx22073jw	v_streaming_membership_program_area_latest	7	lifecycle_status	text	text	YES	
cx22073jw	v_streaming_membership_program_area_latest	8	projection_payload	jsonb	jsonb	YES	
cx22073jw	v_streaming_membership_program_area_latest	9	policy_context_payload	jsonb	jsonb	YES	
cx22073jw	v_streaming_membership_program_area_latest	10	meta	jsonb	jsonb	YES	
cx22073jw	v_streaming_membership_program_area_latest	11	created_at	timestamp with time zone	timestamptz	YES	
cx22073jw	v_streaming_membership_program_area_latest	12	updated_at	timestamp with time zone	timestamptz	YES	
cx22073jw	v_streaming_membership_rule_area_latest	1	row_id	uuid	uuid	YES	
cx22073jw	v_streaming_membership_rule_area_latest	2	subject_key	text	text	YES	
cx22073jw	v_streaming_membership_rule_area_latest	3	source_system	text	text	YES	
cx22073jw	v_streaming_membership_rule_area_latest	4	source_app	text	text	YES	
cx22073jw	v_streaming_membership_rule_area_latest	5	canonical_owner_system	text	text	YES	
cx22073jw	v_streaming_membership_rule_area_latest	6	canonical_ref_key	text	text	YES	
cx22073jw	v_streaming_membership_rule_area_latest	7	lifecycle_status	text	text	YES	
cx22073jw	v_streaming_membership_rule_area_latest	8	projection_payload	jsonb	jsonb	YES	
cx22073jw	v_streaming_membership_rule_area_latest	9	policy_context_payload	jsonb	jsonb	YES	
cx22073jw	v_streaming_membership_rule_area_latest	10	meta	jsonb	jsonb	YES	
cx22073jw	v_streaming_membership_rule_area_latest	11	created_at	timestamp with time zone	timestamptz	YES	
cx22073jw	v_streaming_membership_rule_area_latest	12	updated_at	timestamp with time zone	timestamptz	YES	
cx22073jw	v_streaming_paid_video_offer_area_latest	1	row_id	uuid	uuid	YES	
cx22073jw	v_streaming_paid_video_offer_area_latest	2	subject_key	text	text	YES	
cx22073jw	v_streaming_paid_video_offer_area_latest	3	source_system	text	text	YES	
cx22073jw	v_streaming_paid_video_offer_area_latest	4	source_app	text	text	YES	
cx22073jw	v_streaming_paid_video_offer_area_latest	5	canonical_owner_system	text	text	YES	
cx22073jw	v_streaming_paid_video_offer_area_latest	6	canonical_ref_key	text	text	YES	
cx22073jw	v_streaming_paid_video_offer_area_latest	7	lifecycle_status	text	text	YES	
cx22073jw	v_streaming_paid_video_offer_area_latest	8	projection_payload	jsonb	jsonb	YES	
cx22073jw	v_streaming_paid_video_offer_area_latest	9	policy_context_payload	jsonb	jsonb	YES	
cx22073jw	v_streaming_paid_video_offer_area_latest	10	meta	jsonb	jsonb	YES	
cx22073jw	v_streaming_paid_video_offer_area_latest	11	created_at	timestamp with time zone	timestamptz	YES	
cx22073jw	v_streaming_paid_video_offer_area_latest	12	updated_at	timestamp with time zone	timestamptz	YES	
cx22073jw	v_streaming_progress_resume_area_latest	1	row_id	uuid	uuid	YES	
cx22073jw	v_streaming_progress_resume_area_latest	2	subject_key	text	text	YES	
cx22073jw	v_streaming_progress_resume_area_latest	3	source_system	text	text	YES	
cx22073jw	v_streaming_progress_resume_area_latest	4	source_app	text	text	YES	
cx22073jw	v_streaming_progress_resume_area_latest	5	canonical_owner_system	text	text	YES	
cx22073jw	v_streaming_progress_resume_area_latest	6	canonical_ref_key	text	text	YES	
cx22073jw	v_streaming_progress_resume_area_latest	7	lifecycle_status	text	text	YES	
cx22073jw	v_streaming_progress_resume_area_latest	8	summary_text	text	text	YES	
cx22073jw	v_streaming_progress_resume_area_latest	9	summary_payload	jsonb	jsonb	YES	
cx22073jw	v_streaming_progress_resume_area_latest	10	continuity_payload	jsonb	jsonb	YES	
cx22073jw	v_streaming_progress_resume_area_latest	11	resume_at	timestamp with time zone	timestamptz	YES	
cx22073jw	v_streaming_progress_resume_area_latest	12	optimization_payload	jsonb	jsonb	YES	
cx22073jw	v_streaming_progress_resume_area_latest	13	priority_score	numeric	numeric	YES	
cx22073jw	v_streaming_progress_resume_area_latest	14	meta	jsonb	jsonb	YES	
cx22073jw	v_streaming_progress_resume_area_latest	15	created_at	timestamp with time zone	timestamptz	YES	
cx22073jw	v_streaming_progress_resume_area_latest	16	updated_at	timestamp with time zone	timestamptz	YES	
cx22073jw	v_streaming_publish_setting_area_latest	1	row_id	uuid	uuid	YES	
cx22073jw	v_streaming_publish_setting_area_latest	2	subject_key	text	text	YES	
cx22073jw	v_streaming_publish_setting_area_latest	3	source_system	text	text	YES	
cx22073jw	v_streaming_publish_setting_area_latest	4	source_app	text	text	YES	
cx22073jw	v_streaming_publish_setting_area_latest	5	canonical_owner_system	text	text	YES	
cx22073jw	v_streaming_publish_setting_area_latest	6	canonical_ref_key	text	text	YES	
cx22073jw	v_streaming_publish_setting_area_latest	7	lifecycle_status	text	text	YES	
cx22073jw	v_streaming_publish_setting_area_latest	8	projection_payload	jsonb	jsonb	YES	
cx22073jw	v_streaming_publish_setting_area_latest	9	policy_context_payload	jsonb	jsonb	YES	
cx22073jw	v_streaming_publish_setting_area_latest	10	meta	jsonb	jsonb	YES	
cx22073jw	v_streaming_publish_setting_area_latest	11	created_at	timestamp with time zone	timestamptz	YES	
cx22073jw	v_streaming_publish_setting_area_latest	12	updated_at	timestamp with time zone	timestamptz	YES	
cx22073jw	v_streaming_revenue_split_area_latest	1	row_id	uuid	uuid	YES	
cx22073jw	v_streaming_revenue_split_area_latest	2	subject_key	text	text	YES	
cx22073jw	v_streaming_revenue_split_area_latest	3	source_system	text	text	YES	
cx22073jw	v_streaming_revenue_split_area_latest	4	source_app	text	text	YES	
cx22073jw	v_streaming_revenue_split_area_latest	5	canonical_owner_system	text	text	YES	
cx22073jw	v_streaming_revenue_split_area_latest	6	canonical_ref_key	text	text	YES	
cx22073jw	v_streaming_revenue_split_area_latest	7	lifecycle_status	text	text	YES	
cx22073jw	v_streaming_revenue_split_area_latest	8	projection_payload	jsonb	jsonb	YES	
cx22073jw	v_streaming_revenue_split_area_latest	9	summary_text	text	text	YES	
cx22073jw	v_streaming_revenue_split_area_latest	10	summary_payload	jsonb	jsonb	YES	
cx22073jw	v_streaming_revenue_split_area_latest	11	meta	jsonb	jsonb	YES	
cx22073jw	v_streaming_revenue_split_area_latest	12	created_at	timestamp with time zone	timestamptz	YES	
cx22073jw	v_streaming_revenue_split_area_latest	13	updated_at	timestamp with time zone	timestamptz	YES	
cx22073jw	v_streaming_view_history_area_latest	1	row_id	uuid	uuid	YES	
cx22073jw	v_streaming_view_history_area_latest	2	subject_key	text	text	YES	
cx22073jw	v_streaming_view_history_area_latest	3	source_system	text	text	YES	
cx22073jw	v_streaming_view_history_area_latest	4	source_app	text	text	YES	
cx22073jw	v_streaming_view_history_area_latest	5	canonical_owner_system	text	text	YES	
cx22073jw	v_streaming_view_history_area_latest	6	canonical_ref_key	text	text	YES	
cx22073jw	v_streaming_view_history_area_latest	7	lifecycle_status	text	text	YES	
cx22073jw	v_streaming_view_history_area_latest	8	summary_text	text	text	YES	
cx22073jw	v_streaming_view_history_area_latest	9	summary_payload	jsonb	jsonb	YES	
cx22073jw	v_streaming_view_history_area_latest	10	continuity_payload	jsonb	jsonb	YES	
cx22073jw	v_streaming_view_history_area_latest	11	resume_at	timestamp with time zone	timestamptz	YES	
cx22073jw	v_streaming_view_history_area_latest	12	optimization_payload	jsonb	jsonb	YES	
cx22073jw	v_streaming_view_history_area_latest	13	priority_score	numeric	numeric	YES	
cx22073jw	v_streaming_view_history_area_latest	14	meta	jsonb	jsonb	YES	
cx22073jw	v_streaming_view_history_area_latest	15	created_at	timestamp with time zone	timestamptz	YES	
cx22073jw	v_streaming_view_history_area_latest	16	updated_at	timestamp with time zone	timestamptz	YES	
cx22073jw	v_system_to_cx_knowledge_transfer_profile_summary	1	profile_code	text	text	YES	
cx22073jw	v_system_to_cx_knowledge_transfer_profile_summary	2	source_system_code	text	text	YES	
cx22073jw	v_system_to_cx_knowledge_transfer_profile_summary	3	target_system_code	text	text	YES	
cx22073jw	v_system_to_cx_knowledge_transfer_profile_summary	4	status_code	text	text	YES	
cx22073jw	v_system_to_cx_knowledge_transfer_profile_summary	5	block_count	bigint	int8	YES	
cx22073jw	v_system_to_cx_knowledge_transfer_profile_summary	6	field_count	bigint	int8	YES	
cx22073jw	v_template_fragment_bindings	1	template_code	text	text	YES	
cx22073jw	v_template_fragment_bindings	2	template_name	text	text	YES	
cx22073jw	v_template_fragment_bindings	3	slot_code	text	text	YES	
cx22073jw	v_template_fragment_bindings	4	sort_order	integer	int4	YES	
cx22073jw	v_template_fragment_bindings	5	is_required	boolean	bool	YES	
cx22073jw	v_template_fragment_bindings	6	fragment_code	text	text	YES	
cx22073jw	v_template_fragment_bindings	7	fragment_name	text	text	YES	
cx22073jw	v_template_fragment_bindings	8	fragment_kind	text	text	YES	
cx22073jw	vw_aiemp_admin_audit_context	1	actual_view_code	text	text	YES	
cx22073jw	vw_aiemp_admin_audit_context	2	domain_code	text	text	YES	
cx22073jw	vw_aiemp_admin_audit_context	3	view_family_code	text	text	YES	
cx22073jw	vw_aiemp_admin_audit_context	4	logical_view_name	text	text	YES	
cx22073jw	vw_aiemp_admin_audit_context	5	sensitivity_code	text	text	YES	
cx22073jw	vw_aiemp_admin_audit_context	6	exposure_scope	text	text	YES	
cx22073jw	vw_aiemp_admin_audit_context	7	gate_required	boolean	bool	YES	
cx22073jw	vw_aiemp_admin_audit_context	8	subject_key	text	text	YES	
cx22073jw	vw_aiemp_admin_audit_context	9	summary_text	text	text	YES	
cx22073jw	vw_aiemp_admin_audit_context	10	context_payload	jsonb	jsonb	YES	
cx22073jw	vw_aiemp_admin_audit_context	11	policy_payload	jsonb	jsonb	YES	
cx22073jw	vw_aiemp_admin_audit_context	12	audit_payload	jsonb	jsonb	YES	
cx22073jw	vw_aiemp_admin_audit_context	13	masking_note	text	text	YES	
cx22073jw	vw_aiemp_admin_audit_context	14	priority_rank	integer	int4	YES	
cx22073jw	vw_aiemp_admin_audit_context	15	source_updated_at	timestamp with time zone	timestamptz	YES	
cx22073jw	vw_aiemp_admin_audit_context	16	purpose_text	text	text	YES	
cx22073jw	vw_aiemp_admin_audit_context	17	stub_version	text	text	YES	
cx22073jw	vw_aiemp_admin_case_context	1	actual_view_code	text	text	YES	
cx22073jw	vw_aiemp_admin_case_context	2	domain_code	text	text	YES	
cx22073jw	vw_aiemp_admin_case_context	3	view_family_code	text	text	YES	
cx22073jw	vw_aiemp_admin_case_context	4	logical_view_name	text	text	YES	
cx22073jw	vw_aiemp_admin_case_context	5	sensitivity_code	text	text	YES	
cx22073jw	vw_aiemp_admin_case_context	6	exposure_scope	text	text	YES	
cx22073jw	vw_aiemp_admin_case_context	7	gate_required	boolean	bool	YES	
cx22073jw	vw_aiemp_admin_case_context	8	subject_key	text	text	YES	
cx22073jw	vw_aiemp_admin_case_context	9	summary_text	text	text	YES	
cx22073jw	vw_aiemp_admin_case_context	10	context_payload	jsonb	jsonb	YES	
cx22073jw	vw_aiemp_admin_case_context	11	policy_payload	jsonb	jsonb	YES	
cx22073jw	vw_aiemp_admin_case_context	12	audit_payload	jsonb	jsonb	YES	
cx22073jw	vw_aiemp_admin_case_context	13	masking_note	text	text	YES	
cx22073jw	vw_aiemp_admin_case_context	14	priority_rank	integer	int4	YES	
cx22073jw	vw_aiemp_admin_case_context	15	source_updated_at	timestamp with time zone	timestamptz	YES	
cx22073jw	vw_aiemp_admin_case_context	16	purpose_text	text	text	YES	
cx22073jw	vw_aiemp_admin_case_context	17	stub_version	text	text	YES	
cx22073jw	vw_aiemp_admin_control_assignment_context	1	actual_view_code	text	text	YES	
cx22073jw	vw_aiemp_admin_control_assignment_context	2	domain_code	text	text	YES	
cx22073jw	vw_aiemp_admin_control_assignment_context	3	view_family_code	text	text	YES	
cx22073jw	vw_aiemp_admin_control_assignment_context	4	logical_view_name	text	text	YES	
cx22073jw	vw_aiemp_admin_control_assignment_context	5	sensitivity_code	text	text	YES	
cx22073jw	vw_aiemp_admin_control_assignment_context	6	exposure_scope	text	text	YES	
cx22073jw	vw_aiemp_admin_control_assignment_context	7	gate_required	boolean	bool	YES	
cx22073jw	vw_aiemp_admin_control_assignment_context	8	subject_key	text	text	YES	
cx22073jw	vw_aiemp_admin_control_assignment_context	9	summary_text	text	text	YES	
cx22073jw	vw_aiemp_admin_control_assignment_context	10	context_payload	jsonb	jsonb	YES	
cx22073jw	vw_aiemp_admin_control_assignment_context	11	policy_payload	jsonb	jsonb	YES	
cx22073jw	vw_aiemp_admin_control_assignment_context	12	audit_payload	jsonb	jsonb	YES	
cx22073jw	vw_aiemp_admin_control_assignment_context	13	masking_note	text	text	YES	
cx22073jw	vw_aiemp_admin_control_assignment_context	14	priority_rank	integer	int4	YES	
cx22073jw	vw_aiemp_admin_control_assignment_context	15	source_updated_at	timestamp with time zone	timestamptz	YES	
cx22073jw	vw_aiemp_admin_control_assignment_context	16	purpose_text	text	text	YES	
cx22073jw	vw_aiemp_admin_control_assignment_context	17	stub_version	text	text	YES	
cx22073jw	vw_aiemp_admin_control_audit_context	1	actual_view_code	text	text	YES	
cx22073jw	vw_aiemp_admin_control_audit_context	2	domain_code	text	text	YES	
cx22073jw	vw_aiemp_admin_control_audit_context	3	view_family_code	text	text	YES	
cx22073jw	vw_aiemp_admin_control_audit_context	4	logical_view_name	text	text	YES	
cx22073jw	vw_aiemp_admin_control_audit_context	5	sensitivity_code	text	text	YES	
cx22073jw	vw_aiemp_admin_control_audit_context	6	exposure_scope	text	text	YES	
cx22073jw	vw_aiemp_admin_control_audit_context	7	gate_required	boolean	bool	YES	
cx22073jw	vw_aiemp_admin_control_audit_context	8	subject_key	text	text	YES	
cx22073jw	vw_aiemp_admin_control_audit_context	9	summary_text	text	text	YES	
cx22073jw	vw_aiemp_admin_control_audit_context	10	context_payload	jsonb	jsonb	YES	
cx22073jw	vw_aiemp_admin_control_audit_context	11	policy_payload	jsonb	jsonb	YES	
cx22073jw	vw_aiemp_admin_control_audit_context	12	audit_payload	jsonb	jsonb	YES	
cx22073jw	vw_aiemp_admin_control_audit_context	13	masking_note	text	text	YES	
cx22073jw	vw_aiemp_admin_control_audit_context	14	priority_rank	integer	int4	YES	
cx22073jw	vw_aiemp_admin_control_audit_context	15	source_updated_at	timestamp with time zone	timestamptz	YES	
cx22073jw	vw_aiemp_admin_control_audit_context	16	purpose_text	text	text	YES	
cx22073jw	vw_aiemp_admin_control_audit_context	17	stub_version	text	text	YES	
cx22073jw	vw_aiemp_admin_control_policy_context	1	actual_view_code	text	text	YES	
cx22073jw	vw_aiemp_admin_control_policy_context	2	domain_code	text	text	YES	
cx22073jw	vw_aiemp_admin_control_policy_context	3	view_family_code	text	text	YES	
cx22073jw	vw_aiemp_admin_control_policy_context	4	logical_view_name	text	text	YES	
cx22073jw	vw_aiemp_admin_control_policy_context	5	sensitivity_code	text	text	YES	
cx22073jw	vw_aiemp_admin_control_policy_context	6	exposure_scope	text	text	YES	
cx22073jw	vw_aiemp_admin_control_policy_context	7	gate_required	boolean	bool	YES	
cx22073jw	vw_aiemp_admin_control_policy_context	8	subject_key	text	text	YES	
cx22073jw	vw_aiemp_admin_control_policy_context	9	summary_text	text	text	YES	
cx22073jw	vw_aiemp_admin_control_policy_context	10	context_payload	jsonb	jsonb	YES	
cx22073jw	vw_aiemp_admin_control_policy_context	11	policy_payload	jsonb	jsonb	YES	
cx22073jw	vw_aiemp_admin_control_policy_context	12	audit_payload	jsonb	jsonb	YES	
cx22073jw	vw_aiemp_admin_control_policy_context	13	masking_note	text	text	YES	
cx22073jw	vw_aiemp_admin_control_policy_context	14	priority_rank	integer	int4	YES	
cx22073jw	vw_aiemp_admin_control_policy_context	15	source_updated_at	timestamp with time zone	timestamptz	YES	
cx22073jw	vw_aiemp_admin_control_policy_context	16	purpose_text	text	text	YES	
cx22073jw	vw_aiemp_admin_control_policy_context	17	stub_version	text	text	YES	
cx22073jw	vw_aiemp_admin_control_reporting_context	1	actual_view_code	text	text	YES	
cx22073jw	vw_aiemp_admin_control_reporting_context	2	domain_code	text	text	YES	
cx22073jw	vw_aiemp_admin_control_reporting_context	3	view_family_code	text	text	YES	
cx22073jw	vw_aiemp_admin_control_reporting_context	4	logical_view_name	text	text	YES	
cx22073jw	vw_aiemp_admin_control_reporting_context	5	sensitivity_code	text	text	YES	
cx22073jw	vw_aiemp_admin_control_reporting_context	6	exposure_scope	text	text	YES	
cx22073jw	vw_aiemp_admin_control_reporting_context	7	gate_required	boolean	bool	YES	
cx22073jw	vw_aiemp_admin_control_reporting_context	8	subject_key	text	text	YES	
cx22073jw	vw_aiemp_admin_control_reporting_context	9	summary_text	text	text	YES	
cx22073jw	vw_aiemp_admin_control_reporting_context	10	context_payload	jsonb	jsonb	YES	
cx22073jw	vw_aiemp_admin_control_reporting_context	11	policy_payload	jsonb	jsonb	YES	
cx22073jw	vw_aiemp_admin_control_reporting_context	12	audit_payload	jsonb	jsonb	YES	
cx22073jw	vw_aiemp_admin_control_reporting_context	13	masking_note	text	text	YES	
cx22073jw	vw_aiemp_admin_control_reporting_context	14	priority_rank	integer	int4	YES	
cx22073jw	vw_aiemp_admin_control_reporting_context	15	source_updated_at	timestamp with time zone	timestamptz	YES	
cx22073jw	vw_aiemp_admin_control_reporting_context	16	purpose_text	text	text	YES	
cx22073jw	vw_aiemp_admin_control_reporting_context	17	stub_version	text	text	YES	
cx22073jw	vw_aiemp_admin_control_workforce_context	1	actual_view_code	text	text	YES	
cx22073jw	vw_aiemp_admin_control_workforce_context	2	domain_code	text	text	YES	
cx22073jw	vw_aiemp_admin_control_workforce_context	3	view_family_code	text	text	YES	
cx22073jw	vw_aiemp_admin_control_workforce_context	4	logical_view_name	text	text	YES	
cx22073jw	vw_aiemp_admin_control_workforce_context	5	sensitivity_code	text	text	YES	
cx22073jw	vw_aiemp_admin_control_workforce_context	6	exposure_scope	text	text	YES	
cx22073jw	vw_aiemp_admin_control_workforce_context	7	gate_required	boolean	bool	YES	
cx22073jw	vw_aiemp_admin_control_workforce_context	8	subject_key	text	text	YES	
cx22073jw	vw_aiemp_admin_control_workforce_context	9	summary_text	text	text	YES	
cx22073jw	vw_aiemp_admin_control_workforce_context	10	context_payload	jsonb	jsonb	YES	
cx22073jw	vw_aiemp_admin_control_workforce_context	11	policy_payload	jsonb	jsonb	YES	
cx22073jw	vw_aiemp_admin_control_workforce_context	12	audit_payload	jsonb	jsonb	YES	
cx22073jw	vw_aiemp_admin_control_workforce_context	13	masking_note	text	text	YES	
cx22073jw	vw_aiemp_admin_control_workforce_context	14	priority_rank	integer	int4	YES	
cx22073jw	vw_aiemp_admin_control_workforce_context	15	source_updated_at	timestamp with time zone	timestamptz	YES	
cx22073jw	vw_aiemp_admin_control_workforce_context	16	purpose_text	text	text	YES	
cx22073jw	vw_aiemp_admin_control_workforce_context	17	stub_version	text	text	YES	
cx22073jw	vw_aiemp_admin_document_form_context	1	actual_view_code	text	text	YES	
cx22073jw	vw_aiemp_admin_document_form_context	2	domain_code	text	text	YES	
cx22073jw	vw_aiemp_admin_document_form_context	3	view_family_code	text	text	YES	
cx22073jw	vw_aiemp_admin_document_form_context	4	logical_view_name	text	text	YES	
cx22073jw	vw_aiemp_admin_document_form_context	5	sensitivity_code	text	text	YES	
cx22073jw	vw_aiemp_admin_document_form_context	6	exposure_scope	text	text	YES	
cx22073jw	vw_aiemp_admin_document_form_context	7	gate_required	boolean	bool	YES	
cx22073jw	vw_aiemp_admin_document_form_context	8	subject_key	text	text	YES	
cx22073jw	vw_aiemp_admin_document_form_context	9	summary_text	text	text	YES	
cx22073jw	vw_aiemp_admin_document_form_context	10	context_payload	jsonb	jsonb	YES	
cx22073jw	vw_aiemp_admin_document_form_context	11	policy_payload	jsonb	jsonb	YES	
cx22073jw	vw_aiemp_admin_document_form_context	12	audit_payload	jsonb	jsonb	YES	
cx22073jw	vw_aiemp_admin_document_form_context	13	masking_note	text	text	YES	
cx22073jw	vw_aiemp_admin_document_form_context	14	priority_rank	integer	int4	YES	
cx22073jw	vw_aiemp_admin_document_form_context	15	source_updated_at	timestamp with time zone	timestamptz	YES	
cx22073jw	vw_aiemp_admin_document_form_context	16	purpose_text	text	text	YES	
cx22073jw	vw_aiemp_admin_document_form_context	17	stub_version	text	text	YES	
cx22073jw	vw_aiemp_admin_process_context	1	actual_view_code	text	text	YES	
cx22073jw	vw_aiemp_admin_process_context	2	domain_code	text	text	YES	
cx22073jw	vw_aiemp_admin_process_context	3	view_family_code	text	text	YES	
cx22073jw	vw_aiemp_admin_process_context	4	logical_view_name	text	text	YES	
cx22073jw	vw_aiemp_admin_process_context	5	sensitivity_code	text	text	YES	
cx22073jw	vw_aiemp_admin_process_context	6	exposure_scope	text	text	YES	
cx22073jw	vw_aiemp_admin_process_context	7	gate_required	boolean	bool	YES	
cx22073jw	vw_aiemp_admin_process_context	8	subject_key	text	text	YES	
cx22073jw	vw_aiemp_admin_process_context	9	summary_text	text	text	YES	
cx22073jw	vw_aiemp_admin_process_context	10	context_payload	jsonb	jsonb	YES	
cx22073jw	vw_aiemp_admin_process_context	11	policy_payload	jsonb	jsonb	YES	
cx22073jw	vw_aiemp_admin_process_context	12	audit_payload	jsonb	jsonb	YES	
cx22073jw	vw_aiemp_admin_process_context	13	masking_note	text	text	YES	
cx22073jw	vw_aiemp_admin_process_context	14	priority_rank	integer	int4	YES	
cx22073jw	vw_aiemp_admin_process_context	15	source_updated_at	timestamp with time zone	timestamptz	YES	
cx22073jw	vw_aiemp_admin_process_context	16	purpose_text	text	text	YES	
cx22073jw	vw_aiemp_admin_process_context	17	stub_version	text	text	YES	
cx22073jw	vw_aiemp_admin_reference_context	1	actual_view_code	text	text	YES	
cx22073jw	vw_aiemp_admin_reference_context	2	domain_code	text	text	YES	
cx22073jw	vw_aiemp_admin_reference_context	3	view_family_code	text	text	YES	
cx22073jw	vw_aiemp_admin_reference_context	4	logical_view_name	text	text	YES	
cx22073jw	vw_aiemp_admin_reference_context	5	sensitivity_code	text	text	YES	
cx22073jw	vw_aiemp_admin_reference_context	6	exposure_scope	text	text	YES	
cx22073jw	vw_aiemp_admin_reference_context	7	gate_required	boolean	bool	YES	
cx22073jw	vw_aiemp_admin_reference_context	8	subject_key	text	text	YES	
cx22073jw	vw_aiemp_admin_reference_context	9	summary_text	text	text	YES	
cx22073jw	vw_aiemp_admin_reference_context	10	context_payload	jsonb	jsonb	YES	
cx22073jw	vw_aiemp_admin_reference_context	11	policy_payload	jsonb	jsonb	YES	
cx22073jw	vw_aiemp_admin_reference_context	12	audit_payload	jsonb	jsonb	YES	
cx22073jw	vw_aiemp_admin_reference_context	13	masking_note	text	text	YES	
cx22073jw	vw_aiemp_admin_reference_context	14	priority_rank	integer	int4	YES	
cx22073jw	vw_aiemp_admin_reference_context	15	source_updated_at	timestamp with time zone	timestamptz	YES	
cx22073jw	vw_aiemp_admin_reference_context	16	purpose_text	text	text	YES	
cx22073jw	vw_aiemp_admin_reference_context	17	stub_version	text	text	YES	
cx22073jw	vw_aiemp_app_help	1	actual_view_code	text	text	YES	
cx22073jw	vw_aiemp_app_help	2	domain_code	text	text	YES	
cx22073jw	vw_aiemp_app_help	3	view_family_code	text	text	YES	
cx22073jw	vw_aiemp_app_help	4	logical_view_name	text	text	YES	
cx22073jw	vw_aiemp_app_help	5	sensitivity_code	text	text	YES	
cx22073jw	vw_aiemp_app_help	6	exposure_scope	text	text	YES	
cx22073jw	vw_aiemp_app_help	7	gate_required	boolean	bool	YES	
cx22073jw	vw_aiemp_app_help	8	subject_key	text	text	YES	
cx22073jw	vw_aiemp_app_help	9	summary_text	text	text	YES	
cx22073jw	vw_aiemp_app_help	10	context_payload	jsonb	jsonb	YES	
cx22073jw	vw_aiemp_app_help	11	policy_payload	jsonb	jsonb	YES	
cx22073jw	vw_aiemp_app_help	12	audit_payload	jsonb	jsonb	YES	
cx22073jw	vw_aiemp_app_help	13	masking_note	text	text	YES	
cx22073jw	vw_aiemp_app_help	14	priority_rank	integer	int4	YES	
cx22073jw	vw_aiemp_app_help	15	source_updated_at	timestamp with time zone	timestamptz	YES	
cx22073jw	vw_aiemp_app_help	16	purpose_text	text	text	YES	
cx22073jw	vw_aiemp_app_help	17	stub_version	text	text	YES	
cx22073jw	vw_aiemp_approval_routing_context	1	actual_view_code	text	text	YES	
cx22073jw	vw_aiemp_approval_routing_context	2	domain_code	text	text	YES	
cx22073jw	vw_aiemp_approval_routing_context	3	view_family_code	text	text	YES	
cx22073jw	vw_aiemp_approval_routing_context	4	logical_view_name	text	text	YES	
cx22073jw	vw_aiemp_approval_routing_context	5	sensitivity_code	text	text	YES	
cx22073jw	vw_aiemp_approval_routing_context	6	exposure_scope	text	text	YES	
cx22073jw	vw_aiemp_approval_routing_context	7	gate_required	boolean	bool	YES	
cx22073jw	vw_aiemp_approval_routing_context	8	subject_key	text	text	YES	
cx22073jw	vw_aiemp_approval_routing_context	9	summary_text	text	text	YES	
cx22073jw	vw_aiemp_approval_routing_context	10	context_payload	jsonb	jsonb	YES	
cx22073jw	vw_aiemp_approval_routing_context	11	policy_payload	jsonb	jsonb	YES	
cx22073jw	vw_aiemp_approval_routing_context	12	audit_payload	jsonb	jsonb	YES	
cx22073jw	vw_aiemp_approval_routing_context	13	masking_note	text	text	YES	
cx22073jw	vw_aiemp_approval_routing_context	14	priority_rank	integer	int4	YES	
cx22073jw	vw_aiemp_approval_routing_context	15	source_updated_at	timestamp with time zone	timestamptz	YES	
cx22073jw	vw_aiemp_approval_routing_context	16	purpose_text	text	text	YES	
cx22073jw	vw_aiemp_approval_routing_context	17	stub_version	text	text	YES	
cx22073jw	vw_aiemp_audit_digest	1	actual_view_code	text	text	YES	
cx22073jw	vw_aiemp_audit_digest	2	domain_code	text	text	YES	
cx22073jw	vw_aiemp_audit_digest	3	view_family_code	text	text	YES	
cx22073jw	vw_aiemp_audit_digest	4	logical_view_name	text	text	YES	
cx22073jw	vw_aiemp_audit_digest	5	sensitivity_code	text	text	YES	
cx22073jw	vw_aiemp_audit_digest	6	exposure_scope	text	text	YES	
cx22073jw	vw_aiemp_audit_digest	7	gate_required	boolean	bool	YES	
cx22073jw	vw_aiemp_audit_digest	8	subject_key	text	text	YES	
cx22073jw	vw_aiemp_audit_digest	9	summary_text	text	text	YES	
cx22073jw	vw_aiemp_audit_digest	10	context_payload	jsonb	jsonb	YES	
cx22073jw	vw_aiemp_audit_digest	11	policy_payload	jsonb	jsonb	YES	
cx22073jw	vw_aiemp_audit_digest	12	audit_payload	jsonb	jsonb	YES	
cx22073jw	vw_aiemp_audit_digest	13	masking_note	text	text	YES	
cx22073jw	vw_aiemp_audit_digest	14	priority_rank	integer	int4	YES	
cx22073jw	vw_aiemp_audit_digest	15	source_updated_at	timestamp with time zone	timestamptz	YES	
cx22073jw	vw_aiemp_audit_digest	16	purpose_text	text	text	YES	
cx22073jw	vw_aiemp_audit_digest	17	stub_version	text	text	YES	
cx22073jw	vw_aiemp_combat_audit_context	1	actual_view_code	text	text	YES	
cx22073jw	vw_aiemp_combat_audit_context	2	domain_code	text	text	YES	
cx22073jw	vw_aiemp_combat_audit_context	3	view_family_code	text	text	YES	
cx22073jw	vw_aiemp_combat_audit_context	4	logical_view_name	text	text	YES	
cx22073jw	vw_aiemp_combat_audit_context	5	sensitivity_code	text	text	YES	
cx22073jw	vw_aiemp_combat_audit_context	6	exposure_scope	text	text	YES	
cx22073jw	vw_aiemp_combat_audit_context	7	gate_required	boolean	bool	YES	
cx22073jw	vw_aiemp_combat_audit_context	8	subject_key	text	text	YES	
cx22073jw	vw_aiemp_combat_audit_context	9	summary_text	text	text	YES	
cx22073jw	vw_aiemp_combat_audit_context	10	context_payload	jsonb	jsonb	YES	
cx22073jw	vw_aiemp_combat_audit_context	11	policy_payload	jsonb	jsonb	YES	
cx22073jw	vw_aiemp_combat_audit_context	12	audit_payload	jsonb	jsonb	YES	
cx22073jw	vw_aiemp_combat_audit_context	13	masking_note	text	text	YES	
cx22073jw	vw_aiemp_combat_audit_context	14	priority_rank	integer	int4	YES	
cx22073jw	vw_aiemp_combat_audit_context	15	source_updated_at	timestamp with time zone	timestamptz	YES	
cx22073jw	vw_aiemp_combat_audit_context	16	purpose_text	text	text	YES	
cx22073jw	vw_aiemp_combat_audit_context	17	stub_version	text	text	YES	
cx22073jw	vw_aiemp_combat_battlefield_context	1	actual_view_code	text	text	YES	
cx22073jw	vw_aiemp_combat_battlefield_context	2	domain_code	text	text	YES	
cx22073jw	vw_aiemp_combat_battlefield_context	3	view_family_code	text	text	YES	
cx22073jw	vw_aiemp_combat_battlefield_context	4	logical_view_name	text	text	YES	
cx22073jw	vw_aiemp_combat_battlefield_context	5	sensitivity_code	text	text	YES	
cx22073jw	vw_aiemp_combat_battlefield_context	6	exposure_scope	text	text	YES	
cx22073jw	vw_aiemp_combat_battlefield_context	7	gate_required	boolean	bool	YES	
cx22073jw	vw_aiemp_combat_battlefield_context	8	subject_key	text	text	YES	
cx22073jw	vw_aiemp_combat_battlefield_context	9	summary_text	text	text	YES	
cx22073jw	vw_aiemp_combat_battlefield_context	10	context_payload	jsonb	jsonb	YES	
cx22073jw	vw_aiemp_combat_battlefield_context	11	policy_payload	jsonb	jsonb	YES	
cx22073jw	vw_aiemp_combat_battlefield_context	12	audit_payload	jsonb	jsonb	YES	
cx22073jw	vw_aiemp_combat_battlefield_context	13	masking_note	text	text	YES	
cx22073jw	vw_aiemp_combat_battlefield_context	14	priority_rank	integer	int4	YES	
cx22073jw	vw_aiemp_combat_battlefield_context	15	source_updated_at	timestamp with time zone	timestamptz	YES	
cx22073jw	vw_aiemp_combat_battlefield_context	16	purpose_text	text	text	YES	
cx22073jw	vw_aiemp_combat_battlefield_context	17	stub_version	text	text	YES	
cx22073jw	vw_aiemp_combat_damage_repair_context	1	actual_view_code	text	text	YES	
cx22073jw	vw_aiemp_combat_damage_repair_context	2	domain_code	text	text	YES	
cx22073jw	vw_aiemp_combat_damage_repair_context	3	view_family_code	text	text	YES	
cx22073jw	vw_aiemp_combat_damage_repair_context	4	logical_view_name	text	text	YES	
cx22073jw	vw_aiemp_combat_damage_repair_context	5	sensitivity_code	text	text	YES	
cx22073jw	vw_aiemp_combat_damage_repair_context	6	exposure_scope	text	text	YES	
cx22073jw	vw_aiemp_combat_damage_repair_context	7	gate_required	boolean	bool	YES	
cx22073jw	vw_aiemp_combat_damage_repair_context	8	subject_key	text	text	YES	
cx22073jw	vw_aiemp_combat_damage_repair_context	9	summary_text	text	text	YES	
cx22073jw	vw_aiemp_combat_damage_repair_context	10	context_payload	jsonb	jsonb	YES	
cx22073jw	vw_aiemp_combat_damage_repair_context	11	policy_payload	jsonb	jsonb	YES	
cx22073jw	vw_aiemp_combat_damage_repair_context	12	audit_payload	jsonb	jsonb	YES	
cx22073jw	vw_aiemp_combat_damage_repair_context	13	masking_note	text	text	YES	
cx22073jw	vw_aiemp_combat_damage_repair_context	14	priority_rank	integer	int4	YES	
cx22073jw	vw_aiemp_combat_damage_repair_context	15	source_updated_at	timestamp with time zone	timestamptz	YES	
cx22073jw	vw_aiemp_combat_damage_repair_context	16	purpose_text	text	text	YES	
cx22073jw	vw_aiemp_combat_damage_repair_context	17	stub_version	text	text	YES	
cx22073jw	vw_aiemp_combat_mission_context	1	actual_view_code	text	text	YES	
cx22073jw	vw_aiemp_combat_mission_context	2	domain_code	text	text	YES	
cx22073jw	vw_aiemp_combat_mission_context	3	view_family_code	text	text	YES	
cx22073jw	vw_aiemp_combat_mission_context	4	logical_view_name	text	text	YES	
cx22073jw	vw_aiemp_combat_mission_context	5	sensitivity_code	text	text	YES	
cx22073jw	vw_aiemp_combat_mission_context	6	exposure_scope	text	text	YES	
cx22073jw	vw_aiemp_combat_mission_context	7	gate_required	boolean	bool	YES	
cx22073jw	vw_aiemp_combat_mission_context	8	subject_key	text	text	YES	
cx22073jw	vw_aiemp_combat_mission_context	9	summary_text	text	text	YES	
cx22073jw	vw_aiemp_combat_mission_context	10	context_payload	jsonb	jsonb	YES	
cx22073jw	vw_aiemp_combat_mission_context	11	policy_payload	jsonb	jsonb	YES	
cx22073jw	vw_aiemp_combat_mission_context	12	audit_payload	jsonb	jsonb	YES	
cx22073jw	vw_aiemp_combat_mission_context	13	masking_note	text	text	YES	
cx22073jw	vw_aiemp_combat_mission_context	14	priority_rank	integer	int4	YES	
cx22073jw	vw_aiemp_combat_mission_context	15	source_updated_at	timestamp with time zone	timestamptz	YES	
cx22073jw	vw_aiemp_combat_mission_context	16	purpose_text	text	text	YES	
cx22073jw	vw_aiemp_combat_mission_context	17	stub_version	text	text	YES	
cx22073jw	vw_aiemp_combat_roe_safety_context	1	actual_view_code	text	text	YES	
cx22073jw	vw_aiemp_combat_roe_safety_context	2	domain_code	text	text	YES	
cx22073jw	vw_aiemp_combat_roe_safety_context	3	view_family_code	text	text	YES	
cx22073jw	vw_aiemp_combat_roe_safety_context	4	logical_view_name	text	text	YES	
cx22073jw	vw_aiemp_combat_roe_safety_context	5	sensitivity_code	text	text	YES	
cx22073jw	vw_aiemp_combat_roe_safety_context	6	exposure_scope	text	text	YES	
cx22073jw	vw_aiemp_combat_roe_safety_context	7	gate_required	boolean	bool	YES	
cx22073jw	vw_aiemp_combat_roe_safety_context	8	subject_key	text	text	YES	
cx22073jw	vw_aiemp_combat_roe_safety_context	9	summary_text	text	text	YES	
cx22073jw	vw_aiemp_combat_roe_safety_context	10	context_payload	jsonb	jsonb	YES	
cx22073jw	vw_aiemp_combat_roe_safety_context	11	policy_payload	jsonb	jsonb	YES	
cx22073jw	vw_aiemp_combat_roe_safety_context	12	audit_payload	jsonb	jsonb	YES	
cx22073jw	vw_aiemp_combat_roe_safety_context	13	masking_note	text	text	YES	
cx22073jw	vw_aiemp_combat_roe_safety_context	14	priority_rank	integer	int4	YES	
cx22073jw	vw_aiemp_combat_roe_safety_context	15	source_updated_at	timestamp with time zone	timestamptz	YES	
cx22073jw	vw_aiemp_combat_roe_safety_context	16	purpose_text	text	text	YES	
cx22073jw	vw_aiemp_combat_roe_safety_context	17	stub_version	text	text	YES	
cx22073jw	vw_aiemp_combat_role_loadout_context	1	actual_view_code	text	text	YES	
cx22073jw	vw_aiemp_combat_role_loadout_context	2	domain_code	text	text	YES	
cx22073jw	vw_aiemp_combat_role_loadout_context	3	view_family_code	text	text	YES	
cx22073jw	vw_aiemp_combat_role_loadout_context	4	logical_view_name	text	text	YES	
cx22073jw	vw_aiemp_combat_role_loadout_context	5	sensitivity_code	text	text	YES	
cx22073jw	vw_aiemp_combat_role_loadout_context	6	exposure_scope	text	text	YES	
cx22073jw	vw_aiemp_combat_role_loadout_context	7	gate_required	boolean	bool	YES	
cx22073jw	vw_aiemp_combat_role_loadout_context	8	subject_key	text	text	YES	
cx22073jw	vw_aiemp_combat_role_loadout_context	9	summary_text	text	text	YES	
cx22073jw	vw_aiemp_combat_role_loadout_context	10	context_payload	jsonb	jsonb	YES	
cx22073jw	vw_aiemp_combat_role_loadout_context	11	policy_payload	jsonb	jsonb	YES	
cx22073jw	vw_aiemp_combat_role_loadout_context	12	audit_payload	jsonb	jsonb	YES	
cx22073jw	vw_aiemp_combat_role_loadout_context	13	masking_note	text	text	YES	
cx22073jw	vw_aiemp_combat_role_loadout_context	14	priority_rank	integer	int4	YES	
cx22073jw	vw_aiemp_combat_role_loadout_context	15	source_updated_at	timestamp with time zone	timestamptz	YES	
cx22073jw	vw_aiemp_combat_role_loadout_context	16	purpose_text	text	text	YES	
cx22073jw	vw_aiemp_combat_role_loadout_context	17	stub_version	text	text	YES	
cx22073jw	vw_aiemp_edu_exercise_context	1	actual_view_code	text	text	YES	
cx22073jw	vw_aiemp_edu_exercise_context	2	domain_code	text	text	YES	
cx22073jw	vw_aiemp_edu_exercise_context	3	view_family_code	text	text	YES	
cx22073jw	vw_aiemp_edu_exercise_context	4	logical_view_name	text	text	YES	
cx22073jw	vw_aiemp_edu_exercise_context	5	sensitivity_code	text	text	YES	
cx22073jw	vw_aiemp_edu_exercise_context	6	exposure_scope	text	text	YES	
cx22073jw	vw_aiemp_edu_exercise_context	7	gate_required	boolean	bool	YES	
cx22073jw	vw_aiemp_edu_exercise_context	8	subject_key	text	text	YES	
cx22073jw	vw_aiemp_edu_exercise_context	9	summary_text	text	text	YES	
cx22073jw	vw_aiemp_edu_exercise_context	10	context_payload	jsonb	jsonb	YES	
cx22073jw	vw_aiemp_edu_exercise_context	11	policy_payload	jsonb	jsonb	YES	
cx22073jw	vw_aiemp_edu_exercise_context	12	audit_payload	jsonb	jsonb	YES	
cx22073jw	vw_aiemp_edu_exercise_context	13	masking_note	text	text	YES	
cx22073jw	vw_aiemp_edu_exercise_context	14	priority_rank	integer	int4	YES	
cx22073jw	vw_aiemp_edu_exercise_context	15	source_updated_at	timestamp with time zone	timestamptz	YES	
cx22073jw	vw_aiemp_edu_exercise_context	16	purpose_text	text	text	YES	
cx22073jw	vw_aiemp_edu_exercise_context	17	stub_version	text	text	YES	
cx22073jw	vw_aiemp_edu_lab_research_context	1	actual_view_code	text	text	YES	
cx22073jw	vw_aiemp_edu_lab_research_context	2	domain_code	text	text	YES	
cx22073jw	vw_aiemp_edu_lab_research_context	3	view_family_code	text	text	YES	
cx22073jw	vw_aiemp_edu_lab_research_context	4	logical_view_name	text	text	YES	
cx22073jw	vw_aiemp_edu_lab_research_context	5	sensitivity_code	text	text	YES	
cx22073jw	vw_aiemp_edu_lab_research_context	6	exposure_scope	text	text	YES	
cx22073jw	vw_aiemp_edu_lab_research_context	7	gate_required	boolean	bool	YES	
cx22073jw	vw_aiemp_edu_lab_research_context	8	subject_key	text	text	YES	
cx22073jw	vw_aiemp_edu_lab_research_context	9	summary_text	text	text	YES	
cx22073jw	vw_aiemp_edu_lab_research_context	10	context_payload	jsonb	jsonb	YES	
cx22073jw	vw_aiemp_edu_lab_research_context	11	policy_payload	jsonb	jsonb	YES	
cx22073jw	vw_aiemp_edu_lab_research_context	12	audit_payload	jsonb	jsonb	YES	
cx22073jw	vw_aiemp_edu_lab_research_context	13	masking_note	text	text	YES	
cx22073jw	vw_aiemp_edu_lab_research_context	14	priority_rank	integer	int4	YES	
cx22073jw	vw_aiemp_edu_lab_research_context	15	source_updated_at	timestamp with time zone	timestamptz	YES	
cx22073jw	vw_aiemp_edu_lab_research_context	16	purpose_text	text	text	YES	
cx22073jw	vw_aiemp_edu_lab_research_context	17	stub_version	text	text	YES	
cx22073jw	vw_aiemp_edu_level_adaptive_context	1	actual_view_code	text	text	YES	
cx22073jw	vw_aiemp_edu_level_adaptive_context	2	domain_code	text	text	YES	
cx22073jw	vw_aiemp_edu_level_adaptive_context	3	view_family_code	text	text	YES	
cx22073jw	vw_aiemp_edu_level_adaptive_context	4	logical_view_name	text	text	YES	
cx22073jw	vw_aiemp_edu_level_adaptive_context	5	sensitivity_code	text	text	YES	
cx22073jw	vw_aiemp_edu_level_adaptive_context	6	exposure_scope	text	text	YES	
cx22073jw	vw_aiemp_edu_level_adaptive_context	7	gate_required	boolean	bool	YES	
cx22073jw	vw_aiemp_edu_level_adaptive_context	8	subject_key	text	text	YES	
cx22073jw	vw_aiemp_edu_level_adaptive_context	9	summary_text	text	text	YES	
cx22073jw	vw_aiemp_edu_level_adaptive_context	10	context_payload	jsonb	jsonb	YES	
cx22073jw	vw_aiemp_edu_level_adaptive_context	11	policy_payload	jsonb	jsonb	YES	
cx22073jw	vw_aiemp_edu_level_adaptive_context	12	audit_payload	jsonb	jsonb	YES	
cx22073jw	vw_aiemp_edu_level_adaptive_context	13	masking_note	text	text	YES	
cx22073jw	vw_aiemp_edu_level_adaptive_context	14	priority_rank	integer	int4	YES	
cx22073jw	vw_aiemp_edu_level_adaptive_context	15	source_updated_at	timestamp with time zone	timestamptz	YES	
cx22073jw	vw_aiemp_edu_level_adaptive_context	16	purpose_text	text	text	YES	
cx22073jw	vw_aiemp_edu_level_adaptive_context	17	stub_version	text	text	YES	
cx22073jw	vw_aiemp_edu_masked_learner_context	1	actual_view_code	text	text	YES	
cx22073jw	vw_aiemp_edu_masked_learner_context	2	domain_code	text	text	YES	
cx22073jw	vw_aiemp_edu_masked_learner_context	3	view_family_code	text	text	YES	
cx22073jw	vw_aiemp_edu_masked_learner_context	4	logical_view_name	text	text	YES	
cx22073jw	vw_aiemp_edu_masked_learner_context	5	sensitivity_code	text	text	YES	
cx22073jw	vw_aiemp_edu_masked_learner_context	6	exposure_scope	text	text	YES	
cx22073jw	vw_aiemp_edu_masked_learner_context	7	gate_required	boolean	bool	YES	
cx22073jw	vw_aiemp_edu_masked_learner_context	8	subject_key	text	text	YES	
cx22073jw	vw_aiemp_edu_masked_learner_context	9	summary_text	text	text	YES	
cx22073jw	vw_aiemp_edu_masked_learner_context	10	context_payload	jsonb	jsonb	YES	
cx22073jw	vw_aiemp_edu_masked_learner_context	11	policy_payload	jsonb	jsonb	YES	
cx22073jw	vw_aiemp_edu_masked_learner_context	12	audit_payload	jsonb	jsonb	YES	
cx22073jw	vw_aiemp_edu_masked_learner_context	13	masking_note	text	text	YES	
cx22073jw	vw_aiemp_edu_masked_learner_context	14	priority_rank	integer	int4	YES	
cx22073jw	vw_aiemp_edu_masked_learner_context	15	source_updated_at	timestamp with time zone	timestamptz	YES	
cx22073jw	vw_aiemp_edu_masked_learner_context	16	purpose_text	text	text	YES	
cx22073jw	vw_aiemp_edu_masked_learner_context	17	stub_version	text	text	YES	
cx22073jw	vw_aiemp_edu_privileged_context	1	actual_view_code	text	text	YES	
cx22073jw	vw_aiemp_edu_privileged_context	2	domain_code	text	text	YES	
cx22073jw	vw_aiemp_edu_privileged_context	3	view_family_code	text	text	YES	
cx22073jw	vw_aiemp_edu_privileged_context	4	logical_view_name	text	text	YES	
cx22073jw	vw_aiemp_edu_privileged_context	5	sensitivity_code	text	text	YES	
cx22073jw	vw_aiemp_edu_privileged_context	6	exposure_scope	text	text	YES	
cx22073jw	vw_aiemp_edu_privileged_context	7	gate_required	boolean	bool	YES	
cx22073jw	vw_aiemp_edu_privileged_context	8	subject_key	text	text	YES	
cx22073jw	vw_aiemp_edu_privileged_context	9	summary_text	text	text	YES	
cx22073jw	vw_aiemp_edu_privileged_context	10	context_payload	jsonb	jsonb	YES	
cx22073jw	vw_aiemp_edu_privileged_context	11	policy_payload	jsonb	jsonb	YES	
cx22073jw	vw_aiemp_edu_privileged_context	12	audit_payload	jsonb	jsonb	YES	
cx22073jw	vw_aiemp_edu_privileged_context	13	masking_note	text	text	YES	
cx22073jw	vw_aiemp_edu_privileged_context	14	priority_rank	integer	int4	YES	
cx22073jw	vw_aiemp_edu_privileged_context	15	source_updated_at	timestamp with time zone	timestamptz	YES	
cx22073jw	vw_aiemp_edu_privileged_context	16	purpose_text	text	text	YES	
cx22073jw	vw_aiemp_edu_privileged_context	17	stub_version	text	text	YES	
cx22073jw	vw_aiemp_edu_progress_context	1	actual_view_code	text	text	YES	
cx22073jw	vw_aiemp_edu_progress_context	2	domain_code	text	text	YES	
cx22073jw	vw_aiemp_edu_progress_context	3	view_family_code	text	text	YES	
cx22073jw	vw_aiemp_edu_progress_context	4	logical_view_name	text	text	YES	
cx22073jw	vw_aiemp_edu_progress_context	5	sensitivity_code	text	text	YES	
cx22073jw	vw_aiemp_edu_progress_context	6	exposure_scope	text	text	YES	
cx22073jw	vw_aiemp_edu_progress_context	7	gate_required	boolean	bool	YES	
cx22073jw	vw_aiemp_edu_progress_context	8	subject_key	text	text	YES	
cx22073jw	vw_aiemp_edu_progress_context	9	summary_text	text	text	YES	
cx22073jw	vw_aiemp_edu_progress_context	10	context_payload	jsonb	jsonb	YES	
cx22073jw	vw_aiemp_edu_progress_context	11	policy_payload	jsonb	jsonb	YES	
cx22073jw	vw_aiemp_edu_progress_context	12	audit_payload	jsonb	jsonb	YES	
cx22073jw	vw_aiemp_edu_progress_context	13	masking_note	text	text	YES	
cx22073jw	vw_aiemp_edu_progress_context	14	priority_rank	integer	int4	YES	
cx22073jw	vw_aiemp_edu_progress_context	15	source_updated_at	timestamp with time zone	timestamptz	YES	
cx22073jw	vw_aiemp_edu_progress_context	16	purpose_text	text	text	YES	
cx22073jw	vw_aiemp_edu_progress_context	17	stub_version	text	text	YES	
cx22073jw	vw_aiemp_edu_public_guide	1	actual_view_code	text	text	YES	
cx22073jw	vw_aiemp_edu_public_guide	2	domain_code	text	text	YES	
cx22073jw	vw_aiemp_edu_public_guide	3	view_family_code	text	text	YES	
cx22073jw	vw_aiemp_edu_public_guide	4	logical_view_name	text	text	YES	
cx22073jw	vw_aiemp_edu_public_guide	5	sensitivity_code	text	text	YES	
cx22073jw	vw_aiemp_edu_public_guide	6	exposure_scope	text	text	YES	
cx22073jw	vw_aiemp_edu_public_guide	7	gate_required	boolean	bool	YES	
cx22073jw	vw_aiemp_edu_public_guide	8	subject_key	text	text	YES	
cx22073jw	vw_aiemp_edu_public_guide	9	summary_text	text	text	YES	
cx22073jw	vw_aiemp_edu_public_guide	10	context_payload	jsonb	jsonb	YES	
cx22073jw	vw_aiemp_edu_public_guide	11	policy_payload	jsonb	jsonb	YES	
cx22073jw	vw_aiemp_edu_public_guide	12	audit_payload	jsonb	jsonb	YES	
cx22073jw	vw_aiemp_edu_public_guide	13	masking_note	text	text	YES	
cx22073jw	vw_aiemp_edu_public_guide	14	priority_rank	integer	int4	YES	
cx22073jw	vw_aiemp_edu_public_guide	15	source_updated_at	timestamp with time zone	timestamptz	YES	
cx22073jw	vw_aiemp_edu_public_guide	16	purpose_text	text	text	YES	
cx22073jw	vw_aiemp_edu_public_guide	17	stub_version	text	text	YES	
cx22073jw	vw_aiemp_edu_subject_catalog	1	actual_view_code	text	text	YES	
cx22073jw	vw_aiemp_edu_subject_catalog	2	domain_code	text	text	YES	
cx22073jw	vw_aiemp_edu_subject_catalog	3	view_family_code	text	text	YES	
cx22073jw	vw_aiemp_edu_subject_catalog	4	logical_view_name	text	text	YES	
cx22073jw	vw_aiemp_edu_subject_catalog	5	sensitivity_code	text	text	YES	
cx22073jw	vw_aiemp_edu_subject_catalog	6	exposure_scope	text	text	YES	
cx22073jw	vw_aiemp_edu_subject_catalog	7	gate_required	boolean	bool	YES	
cx22073jw	vw_aiemp_edu_subject_catalog	8	subject_key	text	text	YES	
cx22073jw	vw_aiemp_edu_subject_catalog	9	summary_text	text	text	YES	
cx22073jw	vw_aiemp_edu_subject_catalog	10	context_payload	jsonb	jsonb	YES	
cx22073jw	vw_aiemp_edu_subject_catalog	11	policy_payload	jsonb	jsonb	YES	
cx22073jw	vw_aiemp_edu_subject_catalog	12	audit_payload	jsonb	jsonb	YES	
cx22073jw	vw_aiemp_edu_subject_catalog	13	masking_note	text	text	YES	
cx22073jw	vw_aiemp_edu_subject_catalog	14	priority_rank	integer	int4	YES	
cx22073jw	vw_aiemp_edu_subject_catalog	15	source_updated_at	timestamp with time zone	timestamptz	YES	
cx22073jw	vw_aiemp_edu_subject_catalog	16	purpose_text	text	text	YES	
cx22073jw	vw_aiemp_edu_subject_catalog	17	stub_version	text	text	YES	
cx22073jw	vw_aiemp_edu_teaching_guide	1	actual_view_code	text	text	YES	
cx22073jw	vw_aiemp_edu_teaching_guide	2	domain_code	text	text	YES	
cx22073jw	vw_aiemp_edu_teaching_guide	3	view_family_code	text	text	YES	
cx22073jw	vw_aiemp_edu_teaching_guide	4	logical_view_name	text	text	YES	
cx22073jw	vw_aiemp_edu_teaching_guide	5	sensitivity_code	text	text	YES	
cx22073jw	vw_aiemp_edu_teaching_guide	6	exposure_scope	text	text	YES	
cx22073jw	vw_aiemp_edu_teaching_guide	7	gate_required	boolean	bool	YES	
cx22073jw	vw_aiemp_edu_teaching_guide	8	subject_key	text	text	YES	
cx22073jw	vw_aiemp_edu_teaching_guide	9	summary_text	text	text	YES	
cx22073jw	vw_aiemp_edu_teaching_guide	10	context_payload	jsonb	jsonb	YES	
cx22073jw	vw_aiemp_edu_teaching_guide	11	policy_payload	jsonb	jsonb	YES	
cx22073jw	vw_aiemp_edu_teaching_guide	12	audit_payload	jsonb	jsonb	YES	
cx22073jw	vw_aiemp_edu_teaching_guide	13	masking_note	text	text	YES	
cx22073jw	vw_aiemp_edu_teaching_guide	14	priority_rank	integer	int4	YES	
cx22073jw	vw_aiemp_edu_teaching_guide	15	source_updated_at	timestamp with time zone	timestamptz	YES	
cx22073jw	vw_aiemp_edu_teaching_guide	16	purpose_text	text	text	YES	
cx22073jw	vw_aiemp_edu_teaching_guide	17	stub_version	text	text	YES	
cx22073jw	vw_aiemp_failure_summary	1	actual_view_code	text	text	YES	
cx22073jw	vw_aiemp_failure_summary	2	domain_code	text	text	YES	
cx22073jw	vw_aiemp_failure_summary	3	view_family_code	text	text	YES	
cx22073jw	vw_aiemp_failure_summary	4	logical_view_name	text	text	YES	
cx22073jw	vw_aiemp_failure_summary	5	sensitivity_code	text	text	YES	
cx22073jw	vw_aiemp_failure_summary	6	exposure_scope	text	text	YES	
cx22073jw	vw_aiemp_failure_summary	7	gate_required	boolean	bool	YES	
cx22073jw	vw_aiemp_failure_summary	8	subject_key	text	text	YES	
cx22073jw	vw_aiemp_failure_summary	9	summary_text	text	text	YES	
cx22073jw	vw_aiemp_failure_summary	10	context_payload	jsonb	jsonb	YES	
cx22073jw	vw_aiemp_failure_summary	11	policy_payload	jsonb	jsonb	YES	
cx22073jw	vw_aiemp_failure_summary	12	audit_payload	jsonb	jsonb	YES	
cx22073jw	vw_aiemp_failure_summary	13	masking_note	text	text	YES	
cx22073jw	vw_aiemp_failure_summary	14	priority_rank	integer	int4	YES	
cx22073jw	vw_aiemp_failure_summary	15	source_updated_at	timestamp with time zone	timestamptz	YES	
cx22073jw	vw_aiemp_failure_summary	16	purpose_text	text	text	YES	
cx22073jw	vw_aiemp_failure_summary	17	stub_version	text	text	YES	
cx22073jw	vw_aiemp_game_balance_safe_context	1	actual_view_code	text	text	YES	
cx22073jw	vw_aiemp_game_balance_safe_context	2	domain_code	text	text	YES	
cx22073jw	vw_aiemp_game_balance_safe_context	3	view_family_code	text	text	YES	
cx22073jw	vw_aiemp_game_balance_safe_context	4	logical_view_name	text	text	YES	
cx22073jw	vw_aiemp_game_balance_safe_context	5	sensitivity_code	text	text	YES	
cx22073jw	vw_aiemp_game_balance_safe_context	6	exposure_scope	text	text	YES	
cx22073jw	vw_aiemp_game_balance_safe_context	7	gate_required	boolean	bool	YES	
cx22073jw	vw_aiemp_game_balance_safe_context	8	subject_key	text	text	YES	
cx22073jw	vw_aiemp_game_balance_safe_context	9	summary_text	text	text	YES	
cx22073jw	vw_aiemp_game_balance_safe_context	10	context_payload	jsonb	jsonb	YES	
cx22073jw	vw_aiemp_game_balance_safe_context	11	policy_payload	jsonb	jsonb	YES	
cx22073jw	vw_aiemp_game_balance_safe_context	12	audit_payload	jsonb	jsonb	YES	
cx22073jw	vw_aiemp_game_balance_safe_context	13	masking_note	text	text	YES	
cx22073jw	vw_aiemp_game_balance_safe_context	14	priority_rank	integer	int4	YES	
cx22073jw	vw_aiemp_game_balance_safe_context	15	source_updated_at	timestamp with time zone	timestamptz	YES	
cx22073jw	vw_aiemp_game_balance_safe_context	16	purpose_text	text	text	YES	
cx22073jw	vw_aiemp_game_balance_safe_context	17	stub_version	text	text	YES	
cx22073jw	vw_aiemp_game_commentator_context	1	actual_view_code	text	text	YES	
cx22073jw	vw_aiemp_game_commentator_context	2	domain_code	text	text	YES	
cx22073jw	vw_aiemp_game_commentator_context	3	view_family_code	text	text	YES	
cx22073jw	vw_aiemp_game_commentator_context	4	logical_view_name	text	text	YES	
cx22073jw	vw_aiemp_game_commentator_context	5	sensitivity_code	text	text	YES	
cx22073jw	vw_aiemp_game_commentator_context	6	exposure_scope	text	text	YES	
cx22073jw	vw_aiemp_game_commentator_context	7	gate_required	boolean	bool	YES	
cx22073jw	vw_aiemp_game_commentator_context	8	subject_key	text	text	YES	
cx22073jw	vw_aiemp_game_commentator_context	9	summary_text	text	text	YES	
cx22073jw	vw_aiemp_game_commentator_context	10	context_payload	jsonb	jsonb	YES	
cx22073jw	vw_aiemp_game_commentator_context	11	policy_payload	jsonb	jsonb	YES	
cx22073jw	vw_aiemp_game_commentator_context	12	audit_payload	jsonb	jsonb	YES	
cx22073jw	vw_aiemp_game_commentator_context	13	masking_note	text	text	YES	
cx22073jw	vw_aiemp_game_commentator_context	14	priority_rank	integer	int4	YES	
cx22073jw	vw_aiemp_game_commentator_context	15	source_updated_at	timestamp with time zone	timestamptz	YES	
cx22073jw	vw_aiemp_game_commentator_context	16	purpose_text	text	text	YES	
cx22073jw	vw_aiemp_game_commentator_context	17	stub_version	text	text	YES	
cx22073jw	vw_aiemp_game_match_context	1	actual_view_code	text	text	YES	
cx22073jw	vw_aiemp_game_match_context	2	domain_code	text	text	YES	
cx22073jw	vw_aiemp_game_match_context	3	view_family_code	text	text	YES	
cx22073jw	vw_aiemp_game_match_context	4	logical_view_name	text	text	YES	
cx22073jw	vw_aiemp_game_match_context	5	sensitivity_code	text	text	YES	
cx22073jw	vw_aiemp_game_match_context	6	exposure_scope	text	text	YES	
cx22073jw	vw_aiemp_game_match_context	7	gate_required	boolean	bool	YES	
cx22073jw	vw_aiemp_game_match_context	8	subject_key	text	text	YES	
cx22073jw	vw_aiemp_game_match_context	9	summary_text	text	text	YES	
cx22073jw	vw_aiemp_game_match_context	10	context_payload	jsonb	jsonb	YES	
cx22073jw	vw_aiemp_game_match_context	11	policy_payload	jsonb	jsonb	YES	
cx22073jw	vw_aiemp_game_match_context	12	audit_payload	jsonb	jsonb	YES	
cx22073jw	vw_aiemp_game_match_context	13	masking_note	text	text	YES	
cx22073jw	vw_aiemp_game_match_context	14	priority_rank	integer	int4	YES	
cx22073jw	vw_aiemp_game_match_context	15	source_updated_at	timestamp with time zone	timestamptz	YES	
cx22073jw	vw_aiemp_game_match_context	16	purpose_text	text	text	YES	
cx22073jw	vw_aiemp_game_match_context	17	stub_version	text	text	YES	
cx22073jw	vw_aiemp_game_npc_role_context	1	actual_view_code	text	text	YES	
cx22073jw	vw_aiemp_game_npc_role_context	2	domain_code	text	text	YES	
cx22073jw	vw_aiemp_game_npc_role_context	3	view_family_code	text	text	YES	
cx22073jw	vw_aiemp_game_npc_role_context	4	logical_view_name	text	text	YES	
cx22073jw	vw_aiemp_game_npc_role_context	5	sensitivity_code	text	text	YES	
cx22073jw	vw_aiemp_game_npc_role_context	6	exposure_scope	text	text	YES	
cx22073jw	vw_aiemp_game_npc_role_context	7	gate_required	boolean	bool	YES	
cx22073jw	vw_aiemp_game_npc_role_context	8	subject_key	text	text	YES	
cx22073jw	vw_aiemp_game_npc_role_context	9	summary_text	text	text	YES	
cx22073jw	vw_aiemp_game_npc_role_context	10	context_payload	jsonb	jsonb	YES	
cx22073jw	vw_aiemp_game_npc_role_context	11	policy_payload	jsonb	jsonb	YES	
cx22073jw	vw_aiemp_game_npc_role_context	12	audit_payload	jsonb	jsonb	YES	
cx22073jw	vw_aiemp_game_npc_role_context	13	masking_note	text	text	YES	
cx22073jw	vw_aiemp_game_npc_role_context	14	priority_rank	integer	int4	YES	
cx22073jw	vw_aiemp_game_npc_role_context	15	source_updated_at	timestamp with time zone	timestamptz	YES	
cx22073jw	vw_aiemp_game_npc_role_context	16	purpose_text	text	text	YES	
cx22073jw	vw_aiemp_game_npc_role_context	17	stub_version	text	text	YES	
cx22073jw	vw_aiemp_game_opponent_context	1	actual_view_code	text	text	YES	
cx22073jw	vw_aiemp_game_opponent_context	2	domain_code	text	text	YES	
cx22073jw	vw_aiemp_game_opponent_context	3	view_family_code	text	text	YES	
cx22073jw	vw_aiemp_game_opponent_context	4	logical_view_name	text	text	YES	
cx22073jw	vw_aiemp_game_opponent_context	5	sensitivity_code	text	text	YES	
cx22073jw	vw_aiemp_game_opponent_context	6	exposure_scope	text	text	YES	
cx22073jw	vw_aiemp_game_opponent_context	7	gate_required	boolean	bool	YES	
cx22073jw	vw_aiemp_game_opponent_context	8	subject_key	text	text	YES	
cx22073jw	vw_aiemp_game_opponent_context	9	summary_text	text	text	YES	
cx22073jw	vw_aiemp_game_opponent_context	10	context_payload	jsonb	jsonb	YES	
cx22073jw	vw_aiemp_game_opponent_context	11	policy_payload	jsonb	jsonb	YES	
cx22073jw	vw_aiemp_game_opponent_context	12	audit_payload	jsonb	jsonb	YES	
cx22073jw	vw_aiemp_game_opponent_context	13	masking_note	text	text	YES	
cx22073jw	vw_aiemp_game_opponent_context	14	priority_rank	integer	int4	YES	
cx22073jw	vw_aiemp_game_opponent_context	15	source_updated_at	timestamp with time zone	timestamptz	YES	
cx22073jw	vw_aiemp_game_opponent_context	16	purpose_text	text	text	YES	
cx22073jw	vw_aiemp_game_opponent_context	17	stub_version	text	text	YES	
cx22073jw	vw_aiemp_game_party_member_context	1	actual_view_code	text	text	YES	
cx22073jw	vw_aiemp_game_party_member_context	2	domain_code	text	text	YES	
cx22073jw	vw_aiemp_game_party_member_context	3	view_family_code	text	text	YES	
cx22073jw	vw_aiemp_game_party_member_context	4	logical_view_name	text	text	YES	
cx22073jw	vw_aiemp_game_party_member_context	5	sensitivity_code	text	text	YES	
cx22073jw	vw_aiemp_game_party_member_context	6	exposure_scope	text	text	YES	
cx22073jw	vw_aiemp_game_party_member_context	7	gate_required	boolean	bool	YES	
cx22073jw	vw_aiemp_game_party_member_context	8	subject_key	text	text	YES	
cx22073jw	vw_aiemp_game_party_member_context	9	summary_text	text	text	YES	
cx22073jw	vw_aiemp_game_party_member_context	10	context_payload	jsonb	jsonb	YES	
cx22073jw	vw_aiemp_game_party_member_context	11	policy_payload	jsonb	jsonb	YES	
cx22073jw	vw_aiemp_game_party_member_context	12	audit_payload	jsonb	jsonb	YES	
cx22073jw	vw_aiemp_game_party_member_context	13	masking_note	text	text	YES	
cx22073jw	vw_aiemp_game_party_member_context	14	priority_rank	integer	int4	YES	
cx22073jw	vw_aiemp_game_party_member_context	15	source_updated_at	timestamp with time zone	timestamptz	YES	
cx22073jw	vw_aiemp_game_party_member_context	16	purpose_text	text	text	YES	
cx22073jw	vw_aiemp_game_party_member_context	17	stub_version	text	text	YES	
cx22073jw	vw_aiemp_game_rule_guide	1	actual_view_code	text	text	YES	
cx22073jw	vw_aiemp_game_rule_guide	2	domain_code	text	text	YES	
cx22073jw	vw_aiemp_game_rule_guide	3	view_family_code	text	text	YES	
cx22073jw	vw_aiemp_game_rule_guide	4	logical_view_name	text	text	YES	
cx22073jw	vw_aiemp_game_rule_guide	5	sensitivity_code	text	text	YES	
cx22073jw	vw_aiemp_game_rule_guide	6	exposure_scope	text	text	YES	
cx22073jw	vw_aiemp_game_rule_guide	7	gate_required	boolean	bool	YES	
cx22073jw	vw_aiemp_game_rule_guide	8	subject_key	text	text	YES	
cx22073jw	vw_aiemp_game_rule_guide	9	summary_text	text	text	YES	
cx22073jw	vw_aiemp_game_rule_guide	10	context_payload	jsonb	jsonb	YES	
cx22073jw	vw_aiemp_game_rule_guide	11	policy_payload	jsonb	jsonb	YES	
cx22073jw	vw_aiemp_game_rule_guide	12	audit_payload	jsonb	jsonb	YES	
cx22073jw	vw_aiemp_game_rule_guide	13	masking_note	text	text	YES	
cx22073jw	vw_aiemp_game_rule_guide	14	priority_rank	integer	int4	YES	
cx22073jw	vw_aiemp_game_rule_guide	15	source_updated_at	timestamp with time zone	timestamptz	YES	
cx22073jw	vw_aiemp_game_rule_guide	16	purpose_text	text	text	YES	
cx22073jw	vw_aiemp_game_rule_guide	17	stub_version	text	text	YES	
cx22073jw	vw_aiemp_masked_error_context	1	actual_view_code	text	text	YES	
cx22073jw	vw_aiemp_masked_error_context	2	domain_code	text	text	YES	
cx22073jw	vw_aiemp_masked_error_context	3	view_family_code	text	text	YES	
cx22073jw	vw_aiemp_masked_error_context	4	logical_view_name	text	text	YES	
cx22073jw	vw_aiemp_masked_error_context	5	sensitivity_code	text	text	YES	
cx22073jw	vw_aiemp_masked_error_context	6	exposure_scope	text	text	YES	
cx22073jw	vw_aiemp_masked_error_context	7	gate_required	boolean	bool	YES	
cx22073jw	vw_aiemp_masked_error_context	8	subject_key	text	text	YES	
cx22073jw	vw_aiemp_masked_error_context	9	summary_text	text	text	YES	
cx22073jw	vw_aiemp_masked_error_context	10	context_payload	jsonb	jsonb	YES	
cx22073jw	vw_aiemp_masked_error_context	11	policy_payload	jsonb	jsonb	YES	
cx22073jw	vw_aiemp_masked_error_context	12	audit_payload	jsonb	jsonb	YES	
cx22073jw	vw_aiemp_masked_error_context	13	masking_note	text	text	YES	
cx22073jw	vw_aiemp_masked_error_context	14	priority_rank	integer	int4	YES	
cx22073jw	vw_aiemp_masked_error_context	15	source_updated_at	timestamp with time zone	timestamptz	YES	
cx22073jw	vw_aiemp_masked_error_context	16	purpose_text	text	text	YES	
cx22073jw	vw_aiemp_masked_error_context	17	stub_version	text	text	YES	
cx22073jw	vw_aiemp_masked_record_context	1	actual_view_code	text	text	YES	
cx22073jw	vw_aiemp_masked_record_context	2	domain_code	text	text	YES	
cx22073jw	vw_aiemp_masked_record_context	3	view_family_code	text	text	YES	
cx22073jw	vw_aiemp_masked_record_context	4	logical_view_name	text	text	YES	
cx22073jw	vw_aiemp_masked_record_context	5	sensitivity_code	text	text	YES	
cx22073jw	vw_aiemp_masked_record_context	6	exposure_scope	text	text	YES	
cx22073jw	vw_aiemp_masked_record_context	7	gate_required	boolean	bool	YES	
cx22073jw	vw_aiemp_masked_record_context	8	subject_key	text	text	YES	
cx22073jw	vw_aiemp_masked_record_context	9	summary_text	text	text	YES	
cx22073jw	vw_aiemp_masked_record_context	10	context_payload	jsonb	jsonb	YES	
cx22073jw	vw_aiemp_masked_record_context	11	policy_payload	jsonb	jsonb	YES	
cx22073jw	vw_aiemp_masked_record_context	12	audit_payload	jsonb	jsonb	YES	
cx22073jw	vw_aiemp_masked_record_context	13	masking_note	text	text	YES	
cx22073jw	vw_aiemp_masked_record_context	14	priority_rank	integer	int4	YES	
cx22073jw	vw_aiemp_masked_record_context	15	source_updated_at	timestamp with time zone	timestamptz	YES	
cx22073jw	vw_aiemp_masked_record_context	16	purpose_text	text	text	YES	
cx22073jw	vw_aiemp_masked_record_context	17	stub_version	text	text	YES	
cx22073jw	vw_aiemp_privileged_incident_context	1	actual_view_code	text	text	YES	
cx22073jw	vw_aiemp_privileged_incident_context	2	domain_code	text	text	YES	
cx22073jw	vw_aiemp_privileged_incident_context	3	view_family_code	text	text	YES	
cx22073jw	vw_aiemp_privileged_incident_context	4	logical_view_name	text	text	YES	
cx22073jw	vw_aiemp_privileged_incident_context	5	sensitivity_code	text	text	YES	
cx22073jw	vw_aiemp_privileged_incident_context	6	exposure_scope	text	text	YES	
cx22073jw	vw_aiemp_privileged_incident_context	7	gate_required	boolean	bool	YES	
cx22073jw	vw_aiemp_privileged_incident_context	8	subject_key	text	text	YES	
cx22073jw	vw_aiemp_privileged_incident_context	9	summary_text	text	text	YES	
cx22073jw	vw_aiemp_privileged_incident_context	10	context_payload	jsonb	jsonb	YES	
cx22073jw	vw_aiemp_privileged_incident_context	11	policy_payload	jsonb	jsonb	YES	
cx22073jw	vw_aiemp_privileged_incident_context	12	audit_payload	jsonb	jsonb	YES	
cx22073jw	vw_aiemp_privileged_incident_context	13	masking_note	text	text	YES	
cx22073jw	vw_aiemp_privileged_incident_context	14	priority_rank	integer	int4	YES	
cx22073jw	vw_aiemp_privileged_incident_context	15	source_updated_at	timestamp with time zone	timestamptz	YES	
cx22073jw	vw_aiemp_privileged_incident_context	16	purpose_text	text	text	YES	
cx22073jw	vw_aiemp_privileged_incident_context	17	stub_version	text	text	YES	
cx22073jw	vw_aiemp_public_guide	1	actual_view_code	text	text	YES	
cx22073jw	vw_aiemp_public_guide	2	domain_code	text	text	YES	
cx22073jw	vw_aiemp_public_guide	3	view_family_code	text	text	YES	
cx22073jw	vw_aiemp_public_guide	4	logical_view_name	text	text	YES	
cx22073jw	vw_aiemp_public_guide	5	sensitivity_code	text	text	YES	
cx22073jw	vw_aiemp_public_guide	6	exposure_scope	text	text	YES	
cx22073jw	vw_aiemp_public_guide	7	gate_required	boolean	bool	YES	
cx22073jw	vw_aiemp_public_guide	8	subject_key	text	text	YES	
cx22073jw	vw_aiemp_public_guide	9	summary_text	text	text	YES	
cx22073jw	vw_aiemp_public_guide	10	context_payload	jsonb	jsonb	YES	
cx22073jw	vw_aiemp_public_guide	11	policy_payload	jsonb	jsonb	YES	
cx22073jw	vw_aiemp_public_guide	12	audit_payload	jsonb	jsonb	YES	
cx22073jw	vw_aiemp_public_guide	13	masking_note	text	text	YES	
cx22073jw	vw_aiemp_public_guide	14	priority_rank	integer	int4	YES	
cx22073jw	vw_aiemp_public_guide	15	source_updated_at	timestamp with time zone	timestamptz	YES	
cx22073jw	vw_aiemp_public_guide	16	purpose_text	text	text	YES	
cx22073jw	vw_aiemp_public_guide	17	stub_version	text	text	YES	
cx22073jw	vw_aiemp_qualification_answer_explanation	1	actual_view_code	text	text	YES	
cx22073jw	vw_aiemp_qualification_answer_explanation	2	domain_code	text	text	YES	
cx22073jw	vw_aiemp_qualification_answer_explanation	3	view_family_code	text	text	YES	
cx22073jw	vw_aiemp_qualification_answer_explanation	4	logical_view_name	text	text	YES	
cx22073jw	vw_aiemp_qualification_answer_explanation	5	sensitivity_code	text	text	YES	
cx22073jw	vw_aiemp_qualification_answer_explanation	6	exposure_scope	text	text	YES	
cx22073jw	vw_aiemp_qualification_answer_explanation	7	gate_required	boolean	bool	YES	
cx22073jw	vw_aiemp_qualification_answer_explanation	8	subject_key	text	text	YES	
cx22073jw	vw_aiemp_qualification_answer_explanation	9	summary_text	text	text	YES	
cx22073jw	vw_aiemp_qualification_answer_explanation	10	context_payload	jsonb	jsonb	YES	
cx22073jw	vw_aiemp_qualification_answer_explanation	11	policy_payload	jsonb	jsonb	YES	
cx22073jw	vw_aiemp_qualification_answer_explanation	12	audit_payload	jsonb	jsonb	YES	
cx22073jw	vw_aiemp_qualification_answer_explanation	13	masking_note	text	text	YES	
cx22073jw	vw_aiemp_qualification_answer_explanation	14	priority_rank	integer	int4	YES	
cx22073jw	vw_aiemp_qualification_answer_explanation	15	source_updated_at	timestamp with time zone	timestamptz	YES	
cx22073jw	vw_aiemp_qualification_answer_explanation	16	purpose_text	text	text	YES	
cx22073jw	vw_aiemp_qualification_answer_explanation	17	stub_version	text	text	YES	
cx22073jw	vw_aiemp_qualification_catalog	1	actual_view_code	text	text	YES	
cx22073jw	vw_aiemp_qualification_catalog	2	domain_code	text	text	YES	
cx22073jw	vw_aiemp_qualification_catalog	3	view_family_code	text	text	YES	
cx22073jw	vw_aiemp_qualification_catalog	4	logical_view_name	text	text	YES	
cx22073jw	vw_aiemp_qualification_catalog	5	sensitivity_code	text	text	YES	
cx22073jw	vw_aiemp_qualification_catalog	6	exposure_scope	text	text	YES	
cx22073jw	vw_aiemp_qualification_catalog	7	gate_required	boolean	bool	YES	
cx22073jw	vw_aiemp_qualification_catalog	8	subject_key	text	text	YES	
cx22073jw	vw_aiemp_qualification_catalog	9	summary_text	text	text	YES	
cx22073jw	vw_aiemp_qualification_catalog	10	context_payload	jsonb	jsonb	YES	
cx22073jw	vw_aiemp_qualification_catalog	11	policy_payload	jsonb	jsonb	YES	
cx22073jw	vw_aiemp_qualification_catalog	12	audit_payload	jsonb	jsonb	YES	
cx22073jw	vw_aiemp_qualification_catalog	13	masking_note	text	text	YES	
cx22073jw	vw_aiemp_qualification_catalog	14	priority_rank	integer	int4	YES	
cx22073jw	vw_aiemp_qualification_catalog	15	source_updated_at	timestamp with time zone	timestamptz	YES	
cx22073jw	vw_aiemp_qualification_catalog	16	purpose_text	text	text	YES	
cx22073jw	vw_aiemp_qualification_catalog	17	stub_version	text	text	YES	
cx22073jw	vw_aiemp_qualification_essay_oral_context	1	actual_view_code	text	text	YES	
cx22073jw	vw_aiemp_qualification_essay_oral_context	2	domain_code	text	text	YES	
cx22073jw	vw_aiemp_qualification_essay_oral_context	3	view_family_code	text	text	YES	
cx22073jw	vw_aiemp_qualification_essay_oral_context	4	logical_view_name	text	text	YES	
cx22073jw	vw_aiemp_qualification_essay_oral_context	5	sensitivity_code	text	text	YES	
cx22073jw	vw_aiemp_qualification_essay_oral_context	6	exposure_scope	text	text	YES	
cx22073jw	vw_aiemp_qualification_essay_oral_context	7	gate_required	boolean	bool	YES	
cx22073jw	vw_aiemp_qualification_essay_oral_context	8	subject_key	text	text	YES	
cx22073jw	vw_aiemp_qualification_essay_oral_context	9	summary_text	text	text	YES	
cx22073jw	vw_aiemp_qualification_essay_oral_context	10	context_payload	jsonb	jsonb	YES	
cx22073jw	vw_aiemp_qualification_essay_oral_context	11	policy_payload	jsonb	jsonb	YES	
cx22073jw	vw_aiemp_qualification_essay_oral_context	12	audit_payload	jsonb	jsonb	YES	
cx22073jw	vw_aiemp_qualification_essay_oral_context	13	masking_note	text	text	YES	
cx22073jw	vw_aiemp_qualification_essay_oral_context	14	priority_rank	integer	int4	YES	
cx22073jw	vw_aiemp_qualification_essay_oral_context	15	source_updated_at	timestamp with time zone	timestamptz	YES	
cx22073jw	vw_aiemp_qualification_essay_oral_context	16	purpose_text	text	text	YES	
cx22073jw	vw_aiemp_qualification_essay_oral_context	17	stub_version	text	text	YES	
cx22073jw	vw_aiemp_qualification_masked_learner_context	1	actual_view_code	text	text	YES	
cx22073jw	vw_aiemp_qualification_masked_learner_context	2	domain_code	text	text	YES	
cx22073jw	vw_aiemp_qualification_masked_learner_context	3	view_family_code	text	text	YES	
cx22073jw	vw_aiemp_qualification_masked_learner_context	4	logical_view_name	text	text	YES	
cx22073jw	vw_aiemp_qualification_masked_learner_context	5	sensitivity_code	text	text	YES	
cx22073jw	vw_aiemp_qualification_masked_learner_context	6	exposure_scope	text	text	YES	
cx22073jw	vw_aiemp_qualification_masked_learner_context	7	gate_required	boolean	bool	YES	
cx22073jw	vw_aiemp_qualification_masked_learner_context	8	subject_key	text	text	YES	
cx22073jw	vw_aiemp_qualification_masked_learner_context	9	summary_text	text	text	YES	
cx22073jw	vw_aiemp_qualification_masked_learner_context	10	context_payload	jsonb	jsonb	YES	
cx22073jw	vw_aiemp_qualification_masked_learner_context	11	policy_payload	jsonb	jsonb	YES	
cx22073jw	vw_aiemp_qualification_masked_learner_context	12	audit_payload	jsonb	jsonb	YES	
cx22073jw	vw_aiemp_qualification_masked_learner_context	13	masking_note	text	text	YES	
cx22073jw	vw_aiemp_qualification_masked_learner_context	14	priority_rank	integer	int4	YES	
cx22073jw	vw_aiemp_qualification_masked_learner_context	15	source_updated_at	timestamp with time zone	timestamptz	YES	
cx22073jw	vw_aiemp_qualification_masked_learner_context	16	purpose_text	text	text	YES	
cx22073jw	vw_aiemp_qualification_masked_learner_context	17	stub_version	text	text	YES	
cx22073jw	vw_aiemp_qualification_mock_variant_context	1	actual_view_code	text	text	YES	
cx22073jw	vw_aiemp_qualification_mock_variant_context	2	domain_code	text	text	YES	
cx22073jw	vw_aiemp_qualification_mock_variant_context	3	view_family_code	text	text	YES	
cx22073jw	vw_aiemp_qualification_mock_variant_context	4	logical_view_name	text	text	YES	
cx22073jw	vw_aiemp_qualification_mock_variant_context	5	sensitivity_code	text	text	YES	
cx22073jw	vw_aiemp_qualification_mock_variant_context	6	exposure_scope	text	text	YES	
cx22073jw	vw_aiemp_qualification_mock_variant_context	7	gate_required	boolean	bool	YES	
cx22073jw	vw_aiemp_qualification_mock_variant_context	8	subject_key	text	text	YES	
cx22073jw	vw_aiemp_qualification_mock_variant_context	9	summary_text	text	text	YES	
cx22073jw	vw_aiemp_qualification_mock_variant_context	10	context_payload	jsonb	jsonb	YES	
cx22073jw	vw_aiemp_qualification_mock_variant_context	11	policy_payload	jsonb	jsonb	YES	
cx22073jw	vw_aiemp_qualification_mock_variant_context	12	audit_payload	jsonb	jsonb	YES	
cx22073jw	vw_aiemp_qualification_mock_variant_context	13	masking_note	text	text	YES	
cx22073jw	vw_aiemp_qualification_mock_variant_context	14	priority_rank	integer	int4	YES	
cx22073jw	vw_aiemp_qualification_mock_variant_context	15	source_updated_at	timestamp with time zone	timestamptz	YES	
cx22073jw	vw_aiemp_qualification_mock_variant_context	16	purpose_text	text	text	YES	
cx22073jw	vw_aiemp_qualification_mock_variant_context	17	stub_version	text	text	YES	
cx22073jw	vw_aiemp_qualification_past_question_content	1	actual_view_code	text	text	YES	
cx22073jw	vw_aiemp_qualification_past_question_content	2	domain_code	text	text	YES	
cx22073jw	vw_aiemp_qualification_past_question_content	3	view_family_code	text	text	YES	
cx22073jw	vw_aiemp_qualification_past_question_content	4	logical_view_name	text	text	YES	
cx22073jw	vw_aiemp_qualification_past_question_content	5	sensitivity_code	text	text	YES	
cx22073jw	vw_aiemp_qualification_past_question_content	6	exposure_scope	text	text	YES	
cx22073jw	vw_aiemp_qualification_past_question_content	7	gate_required	boolean	bool	YES	
cx22073jw	vw_aiemp_qualification_past_question_content	8	subject_key	text	text	YES	
cx22073jw	vw_aiemp_qualification_past_question_content	9	summary_text	text	text	YES	
cx22073jw	vw_aiemp_qualification_past_question_content	10	context_payload	jsonb	jsonb	YES	
cx22073jw	vw_aiemp_qualification_past_question_content	11	policy_payload	jsonb	jsonb	YES	
cx22073jw	vw_aiemp_qualification_past_question_content	12	audit_payload	jsonb	jsonb	YES	
cx22073jw	vw_aiemp_qualification_past_question_content	13	masking_note	text	text	YES	
cx22073jw	vw_aiemp_qualification_past_question_content	14	priority_rank	integer	int4	YES	
cx22073jw	vw_aiemp_qualification_past_question_content	15	source_updated_at	timestamp with time zone	timestamptz	YES	
cx22073jw	vw_aiemp_qualification_past_question_content	16	purpose_text	text	text	YES	
cx22073jw	vw_aiemp_qualification_past_question_content	17	stub_version	text	text	YES	
cx22073jw	vw_aiemp_qualification_past_question_metadata	1	actual_view_code	text	text	YES	
cx22073jw	vw_aiemp_qualification_past_question_metadata	2	domain_code	text	text	YES	
cx22073jw	vw_aiemp_qualification_past_question_metadata	3	view_family_code	text	text	YES	
cx22073jw	vw_aiemp_qualification_past_question_metadata	4	logical_view_name	text	text	YES	
cx22073jw	vw_aiemp_qualification_past_question_metadata	5	sensitivity_code	text	text	YES	
cx22073jw	vw_aiemp_qualification_past_question_metadata	6	exposure_scope	text	text	YES	
cx22073jw	vw_aiemp_qualification_past_question_metadata	7	gate_required	boolean	bool	YES	
cx22073jw	vw_aiemp_qualification_past_question_metadata	8	subject_key	text	text	YES	
cx22073jw	vw_aiemp_qualification_past_question_metadata	9	summary_text	text	text	YES	
cx22073jw	vw_aiemp_qualification_past_question_metadata	10	context_payload	jsonb	jsonb	YES	
cx22073jw	vw_aiemp_qualification_past_question_metadata	11	policy_payload	jsonb	jsonb	YES	
cx22073jw	vw_aiemp_qualification_past_question_metadata	12	audit_payload	jsonb	jsonb	YES	
cx22073jw	vw_aiemp_qualification_past_question_metadata	13	masking_note	text	text	YES	
cx22073jw	vw_aiemp_qualification_past_question_metadata	14	priority_rank	integer	int4	YES	
cx22073jw	vw_aiemp_qualification_past_question_metadata	15	source_updated_at	timestamp with time zone	timestamptz	YES	
cx22073jw	vw_aiemp_qualification_past_question_metadata	16	purpose_text	text	text	YES	
cx22073jw	vw_aiemp_qualification_past_question_metadata	17	stub_version	text	text	YES	
cx22073jw	vw_aiemp_qualification_privileged_context	1	actual_view_code	text	text	YES	
cx22073jw	vw_aiemp_qualification_privileged_context	2	domain_code	text	text	YES	
cx22073jw	vw_aiemp_qualification_privileged_context	3	view_family_code	text	text	YES	
cx22073jw	vw_aiemp_qualification_privileged_context	4	logical_view_name	text	text	YES	
cx22073jw	vw_aiemp_qualification_privileged_context	5	sensitivity_code	text	text	YES	
cx22073jw	vw_aiemp_qualification_privileged_context	6	exposure_scope	text	text	YES	
cx22073jw	vw_aiemp_qualification_privileged_context	7	gate_required	boolean	bool	YES	
cx22073jw	vw_aiemp_qualification_privileged_context	8	subject_key	text	text	YES	
cx22073jw	vw_aiemp_qualification_privileged_context	9	summary_text	text	text	YES	
cx22073jw	vw_aiemp_qualification_privileged_context	10	context_payload	jsonb	jsonb	YES	
cx22073jw	vw_aiemp_qualification_privileged_context	11	policy_payload	jsonb	jsonb	YES	
cx22073jw	vw_aiemp_qualification_privileged_context	12	audit_payload	jsonb	jsonb	YES	
cx22073jw	vw_aiemp_qualification_privileged_context	13	masking_note	text	text	YES	
cx22073jw	vw_aiemp_qualification_privileged_context	14	priority_rank	integer	int4	YES	
cx22073jw	vw_aiemp_qualification_privileged_context	15	source_updated_at	timestamp with time zone	timestamptz	YES	
cx22073jw	vw_aiemp_qualification_privileged_context	16	purpose_text	text	text	YES	
cx22073jw	vw_aiemp_qualification_privileged_context	17	stub_version	text	text	YES	
cx22073jw	vw_aiemp_qualification_public_guide	1	actual_view_code	text	text	YES	
cx22073jw	vw_aiemp_qualification_public_guide	2	domain_code	text	text	YES	
cx22073jw	vw_aiemp_qualification_public_guide	3	view_family_code	text	text	YES	
cx22073jw	vw_aiemp_qualification_public_guide	4	logical_view_name	text	text	YES	
cx22073jw	vw_aiemp_qualification_public_guide	5	sensitivity_code	text	text	YES	
cx22073jw	vw_aiemp_qualification_public_guide	6	exposure_scope	text	text	YES	
cx22073jw	vw_aiemp_qualification_public_guide	7	gate_required	boolean	bool	YES	
cx22073jw	vw_aiemp_qualification_public_guide	8	subject_key	text	text	YES	
cx22073jw	vw_aiemp_qualification_public_guide	9	summary_text	text	text	YES	
cx22073jw	vw_aiemp_qualification_public_guide	10	context_payload	jsonb	jsonb	YES	
cx22073jw	vw_aiemp_qualification_public_guide	11	policy_payload	jsonb	jsonb	YES	
cx22073jw	vw_aiemp_qualification_public_guide	12	audit_payload	jsonb	jsonb	YES	
cx22073jw	vw_aiemp_qualification_public_guide	13	masking_note	text	text	YES	
cx22073jw	vw_aiemp_qualification_public_guide	14	priority_rank	integer	int4	YES	
cx22073jw	vw_aiemp_qualification_public_guide	15	source_updated_at	timestamp with time zone	timestamptz	YES	
cx22073jw	vw_aiemp_qualification_public_guide	16	purpose_text	text	text	YES	
cx22073jw	vw_aiemp_qualification_public_guide	17	stub_version	text	text	YES	
cx22073jw	vw_aiemp_qualification_study_plan_context	1	actual_view_code	text	text	YES	
cx22073jw	vw_aiemp_qualification_study_plan_context	2	domain_code	text	text	YES	
cx22073jw	vw_aiemp_qualification_study_plan_context	3	view_family_code	text	text	YES	
cx22073jw	vw_aiemp_qualification_study_plan_context	4	logical_view_name	text	text	YES	
cx22073jw	vw_aiemp_qualification_study_plan_context	5	sensitivity_code	text	text	YES	
cx22073jw	vw_aiemp_qualification_study_plan_context	6	exposure_scope	text	text	YES	
cx22073jw	vw_aiemp_qualification_study_plan_context	7	gate_required	boolean	bool	YES	
cx22073jw	vw_aiemp_qualification_study_plan_context	8	subject_key	text	text	YES	
cx22073jw	vw_aiemp_qualification_study_plan_context	9	summary_text	text	text	YES	
cx22073jw	vw_aiemp_qualification_study_plan_context	10	context_payload	jsonb	jsonb	YES	
cx22073jw	vw_aiemp_qualification_study_plan_context	11	policy_payload	jsonb	jsonb	YES	
cx22073jw	vw_aiemp_qualification_study_plan_context	12	audit_payload	jsonb	jsonb	YES	
cx22073jw	vw_aiemp_qualification_study_plan_context	13	masking_note	text	text	YES	
cx22073jw	vw_aiemp_qualification_study_plan_context	14	priority_rank	integer	int4	YES	
cx22073jw	vw_aiemp_qualification_study_plan_context	15	source_updated_at	timestamp with time zone	timestamptz	YES	
cx22073jw	vw_aiemp_qualification_study_plan_context	16	purpose_text	text	text	YES	
cx22073jw	vw_aiemp_qualification_study_plan_context	17	stub_version	text	text	YES	
cx22073jw	vw_aiemp_qualification_syllabus_context	1	actual_view_code	text	text	YES	
cx22073jw	vw_aiemp_qualification_syllabus_context	2	domain_code	text	text	YES	
cx22073jw	vw_aiemp_qualification_syllabus_context	3	view_family_code	text	text	YES	
cx22073jw	vw_aiemp_qualification_syllabus_context	4	logical_view_name	text	text	YES	
cx22073jw	vw_aiemp_qualification_syllabus_context	5	sensitivity_code	text	text	YES	
cx22073jw	vw_aiemp_qualification_syllabus_context	6	exposure_scope	text	text	YES	
cx22073jw	vw_aiemp_qualification_syllabus_context	7	gate_required	boolean	bool	YES	
cx22073jw	vw_aiemp_qualification_syllabus_context	8	subject_key	text	text	YES	
cx22073jw	vw_aiemp_qualification_syllabus_context	9	summary_text	text	text	YES	
cx22073jw	vw_aiemp_qualification_syllabus_context	10	context_payload	jsonb	jsonb	YES	
cx22073jw	vw_aiemp_qualification_syllabus_context	11	policy_payload	jsonb	jsonb	YES	
cx22073jw	vw_aiemp_qualification_syllabus_context	12	audit_payload	jsonb	jsonb	YES	
cx22073jw	vw_aiemp_qualification_syllabus_context	13	masking_note	text	text	YES	
cx22073jw	vw_aiemp_qualification_syllabus_context	14	priority_rank	integer	int4	YES	
cx22073jw	vw_aiemp_qualification_syllabus_context	15	source_updated_at	timestamp with time zone	timestamptz	YES	
cx22073jw	vw_aiemp_qualification_syllabus_context	16	purpose_text	text	text	YES	
cx22073jw	vw_aiemp_qualification_syllabus_context	17	stub_version	text	text	YES	
cx22073jw	vw_aiemp_qualification_update_revision_context	1	actual_view_code	text	text	YES	
cx22073jw	vw_aiemp_qualification_update_revision_context	2	domain_code	text	text	YES	
cx22073jw	vw_aiemp_qualification_update_revision_context	3	view_family_code	text	text	YES	
cx22073jw	vw_aiemp_qualification_update_revision_context	4	logical_view_name	text	text	YES	
cx22073jw	vw_aiemp_qualification_update_revision_context	5	sensitivity_code	text	text	YES	
cx22073jw	vw_aiemp_qualification_update_revision_context	6	exposure_scope	text	text	YES	
cx22073jw	vw_aiemp_qualification_update_revision_context	7	gate_required	boolean	bool	YES	
cx22073jw	vw_aiemp_qualification_update_revision_context	8	subject_key	text	text	YES	
cx22073jw	vw_aiemp_qualification_update_revision_context	9	summary_text	text	text	YES	
cx22073jw	vw_aiemp_qualification_update_revision_context	10	context_payload	jsonb	jsonb	YES	
cx22073jw	vw_aiemp_qualification_update_revision_context	11	policy_payload	jsonb	jsonb	YES	
cx22073jw	vw_aiemp_qualification_update_revision_context	12	audit_payload	jsonb	jsonb	YES	
cx22073jw	vw_aiemp_qualification_update_revision_context	13	masking_note	text	text	YES	
cx22073jw	vw_aiemp_qualification_update_revision_context	14	priority_rank	integer	int4	YES	
cx22073jw	vw_aiemp_qualification_update_revision_context	15	source_updated_at	timestamp with time zone	timestamptz	YES	
cx22073jw	vw_aiemp_qualification_update_revision_context	16	purpose_text	text	text	YES	
cx22073jw	vw_aiemp_qualification_update_revision_context	17	stub_version	text	text	YES	
cx22073jw	vw_aiemp_qualification_weak_area_context	1	actual_view_code	text	text	YES	
cx22073jw	vw_aiemp_qualification_weak_area_context	2	domain_code	text	text	YES	
cx22073jw	vw_aiemp_qualification_weak_area_context	3	view_family_code	text	text	YES	
cx22073jw	vw_aiemp_qualification_weak_area_context	4	logical_view_name	text	text	YES	
cx22073jw	vw_aiemp_qualification_weak_area_context	5	sensitivity_code	text	text	YES	
cx22073jw	vw_aiemp_qualification_weak_area_context	6	exposure_scope	text	text	YES	
cx22073jw	vw_aiemp_qualification_weak_area_context	7	gate_required	boolean	bool	YES	
cx22073jw	vw_aiemp_qualification_weak_area_context	8	subject_key	text	text	YES	
cx22073jw	vw_aiemp_qualification_weak_area_context	9	summary_text	text	text	YES	
cx22073jw	vw_aiemp_qualification_weak_area_context	10	context_payload	jsonb	jsonb	YES	
cx22073jw	vw_aiemp_qualification_weak_area_context	11	policy_payload	jsonb	jsonb	YES	
cx22073jw	vw_aiemp_qualification_weak_area_context	12	audit_payload	jsonb	jsonb	YES	
cx22073jw	vw_aiemp_qualification_weak_area_context	13	masking_note	text	text	YES	
cx22073jw	vw_aiemp_qualification_weak_area_context	14	priority_rank	integer	int4	YES	
cx22073jw	vw_aiemp_qualification_weak_area_context	15	source_updated_at	timestamp with time zone	timestamptz	YES	
cx22073jw	vw_aiemp_qualification_weak_area_context	16	purpose_text	text	text	YES	
cx22073jw	vw_aiemp_qualification_weak_area_context	17	stub_version	text	text	YES	
cx22073jw	vw_aiemp_queue_context	1	actual_view_code	text	text	YES	
cx22073jw	vw_aiemp_queue_context	2	domain_code	text	text	YES	
cx22073jw	vw_aiemp_queue_context	3	view_family_code	text	text	YES	
cx22073jw	vw_aiemp_queue_context	4	logical_view_name	text	text	YES	
cx22073jw	vw_aiemp_queue_context	5	sensitivity_code	text	text	YES	
cx22073jw	vw_aiemp_queue_context	6	exposure_scope	text	text	YES	
cx22073jw	vw_aiemp_queue_context	7	gate_required	boolean	bool	YES	
cx22073jw	vw_aiemp_queue_context	8	subject_key	text	text	YES	
cx22073jw	vw_aiemp_queue_context	9	summary_text	text	text	YES	
cx22073jw	vw_aiemp_queue_context	10	context_payload	jsonb	jsonb	YES	
cx22073jw	vw_aiemp_queue_context	11	policy_payload	jsonb	jsonb	YES	
cx22073jw	vw_aiemp_queue_context	12	audit_payload	jsonb	jsonb	YES	
cx22073jw	vw_aiemp_queue_context	13	masking_note	text	text	YES	
cx22073jw	vw_aiemp_queue_context	14	priority_rank	integer	int4	YES	
cx22073jw	vw_aiemp_queue_context	15	source_updated_at	timestamp with time zone	timestamptz	YES	
cx22073jw	vw_aiemp_queue_context	16	purpose_text	text	text	YES	
cx22073jw	vw_aiemp_queue_context	17	stub_version	text	text	YES	
cx22073jw	vw_aiemp_retry_context	1	actual_view_code	text	text	YES	
cx22073jw	vw_aiemp_retry_context	2	domain_code	text	text	YES	
cx22073jw	vw_aiemp_retry_context	3	view_family_code	text	text	YES	
cx22073jw	vw_aiemp_retry_context	4	logical_view_name	text	text	YES	
cx22073jw	vw_aiemp_retry_context	5	sensitivity_code	text	text	YES	
cx22073jw	vw_aiemp_retry_context	6	exposure_scope	text	text	YES	
cx22073jw	vw_aiemp_retry_context	7	gate_required	boolean	bool	YES	
cx22073jw	vw_aiemp_retry_context	8	subject_key	text	text	YES	
cx22073jw	vw_aiemp_retry_context	9	summary_text	text	text	YES	
cx22073jw	vw_aiemp_retry_context	10	context_payload	jsonb	jsonb	YES	
cx22073jw	vw_aiemp_retry_context	11	policy_payload	jsonb	jsonb	YES	
cx22073jw	vw_aiemp_retry_context	12	audit_payload	jsonb	jsonb	YES	
cx22073jw	vw_aiemp_retry_context	13	masking_note	text	text	YES	
cx22073jw	vw_aiemp_retry_context	14	priority_rank	integer	int4	YES	
cx22073jw	vw_aiemp_retry_context	15	source_updated_at	timestamp with time zone	timestamptz	YES	
cx22073jw	vw_aiemp_retry_context	16	purpose_text	text	text	YES	
cx22073jw	vw_aiemp_retry_context	17	stub_version	text	text	YES	
cx22073jw	vw_aiemp_review_package_context	1	actual_view_code	text	text	YES	
cx22073jw	vw_aiemp_review_package_context	2	domain_code	text	text	YES	
cx22073jw	vw_aiemp_review_package_context	3	view_family_code	text	text	YES	
cx22073jw	vw_aiemp_review_package_context	4	logical_view_name	text	text	YES	
cx22073jw	vw_aiemp_review_package_context	5	sensitivity_code	text	text	YES	
cx22073jw	vw_aiemp_review_package_context	6	exposure_scope	text	text	YES	
cx22073jw	vw_aiemp_review_package_context	7	gate_required	boolean	bool	YES	
cx22073jw	vw_aiemp_review_package_context	8	subject_key	text	text	YES	
cx22073jw	vw_aiemp_review_package_context	9	summary_text	text	text	YES	
cx22073jw	vw_aiemp_review_package_context	10	context_payload	jsonb	jsonb	YES	
cx22073jw	vw_aiemp_review_package_context	11	policy_payload	jsonb	jsonb	YES	
cx22073jw	vw_aiemp_review_package_context	12	audit_payload	jsonb	jsonb	YES	
cx22073jw	vw_aiemp_review_package_context	13	masking_note	text	text	YES	
cx22073jw	vw_aiemp_review_package_context	14	priority_rank	integer	int4	YES	
cx22073jw	vw_aiemp_review_package_context	15	source_updated_at	timestamp with time zone	timestamptz	YES	
cx22073jw	vw_aiemp_review_package_context	16	purpose_text	text	text	YES	
cx22073jw	vw_aiemp_review_package_context	17	stub_version	text	text	YES	
cx22073jw	vw_aiemp_senior_control_aggregation_context	1	actual_view_code	text	text	YES	
cx22073jw	vw_aiemp_senior_control_aggregation_context	2	domain_code	text	text	YES	
cx22073jw	vw_aiemp_senior_control_aggregation_context	3	view_family_code	text	text	YES	
cx22073jw	vw_aiemp_senior_control_aggregation_context	4	logical_view_name	text	text	YES	
cx22073jw	vw_aiemp_senior_control_aggregation_context	5	sensitivity_code	text	text	YES	
cx22073jw	vw_aiemp_senior_control_aggregation_context	6	exposure_scope	text	text	YES	
cx22073jw	vw_aiemp_senior_control_aggregation_context	7	gate_required	boolean	bool	YES	
cx22073jw	vw_aiemp_senior_control_aggregation_context	8	subject_key	text	text	YES	
cx22073jw	vw_aiemp_senior_control_aggregation_context	9	summary_text	text	text	YES	
cx22073jw	vw_aiemp_senior_control_aggregation_context	10	context_payload	jsonb	jsonb	YES	
cx22073jw	vw_aiemp_senior_control_aggregation_context	11	policy_payload	jsonb	jsonb	YES	
cx22073jw	vw_aiemp_senior_control_aggregation_context	12	audit_payload	jsonb	jsonb	YES	
cx22073jw	vw_aiemp_senior_control_aggregation_context	13	masking_note	text	text	YES	
cx22073jw	vw_aiemp_senior_control_aggregation_context	14	priority_rank	integer	int4	YES	
cx22073jw	vw_aiemp_senior_control_aggregation_context	15	source_updated_at	timestamp with time zone	timestamptz	YES	
cx22073jw	vw_aiemp_senior_control_aggregation_context	16	purpose_text	text	text	YES	
cx22073jw	vw_aiemp_senior_control_aggregation_context	17	stub_version	text	text	YES	
cx22073jw	vw_aiemp_senior_control_approval_request_context	1	actual_view_code	text	text	YES	
cx22073jw	vw_aiemp_senior_control_approval_request_context	2	domain_code	text	text	YES	
cx22073jw	vw_aiemp_senior_control_approval_request_context	3	view_family_code	text	text	YES	
cx22073jw	vw_aiemp_senior_control_approval_request_context	4	logical_view_name	text	text	YES	
cx22073jw	vw_aiemp_senior_control_approval_request_context	5	sensitivity_code	text	text	YES	
cx22073jw	vw_aiemp_senior_control_approval_request_context	6	exposure_scope	text	text	YES	
cx22073jw	vw_aiemp_senior_control_approval_request_context	7	gate_required	boolean	bool	YES	
cx22073jw	vw_aiemp_senior_control_approval_request_context	8	subject_key	text	text	YES	
cx22073jw	vw_aiemp_senior_control_approval_request_context	9	summary_text	text	text	YES	
cx22073jw	vw_aiemp_senior_control_approval_request_context	10	context_payload	jsonb	jsonb	YES	
cx22073jw	vw_aiemp_senior_control_approval_request_context	11	policy_payload	jsonb	jsonb	YES	
cx22073jw	vw_aiemp_senior_control_approval_request_context	12	audit_payload	jsonb	jsonb	YES	
cx22073jw	vw_aiemp_senior_control_approval_request_context	13	masking_note	text	text	YES	
cx22073jw	vw_aiemp_senior_control_approval_request_context	14	priority_rank	integer	int4	YES	
cx22073jw	vw_aiemp_senior_control_approval_request_context	15	source_updated_at	timestamp with time zone	timestamptz	YES	
cx22073jw	vw_aiemp_senior_control_approval_request_context	16	purpose_text	text	text	YES	
cx22073jw	vw_aiemp_senior_control_approval_request_context	17	stub_version	text	text	YES	
cx22073jw	vw_aiemp_senior_control_audit_context	1	actual_view_code	text	text	YES	
cx22073jw	vw_aiemp_senior_control_audit_context	2	domain_code	text	text	YES	
cx22073jw	vw_aiemp_senior_control_audit_context	3	view_family_code	text	text	YES	
cx22073jw	vw_aiemp_senior_control_audit_context	4	logical_view_name	text	text	YES	
cx22073jw	vw_aiemp_senior_control_audit_context	5	sensitivity_code	text	text	YES	
cx22073jw	vw_aiemp_senior_control_audit_context	6	exposure_scope	text	text	YES	
cx22073jw	vw_aiemp_senior_control_audit_context	7	gate_required	boolean	bool	YES	
cx22073jw	vw_aiemp_senior_control_audit_context	8	subject_key	text	text	YES	
cx22073jw	vw_aiemp_senior_control_audit_context	9	summary_text	text	text	YES	
cx22073jw	vw_aiemp_senior_control_audit_context	10	context_payload	jsonb	jsonb	YES	
cx22073jw	vw_aiemp_senior_control_audit_context	11	policy_payload	jsonb	jsonb	YES	
cx22073jw	vw_aiemp_senior_control_audit_context	12	audit_payload	jsonb	jsonb	YES	
cx22073jw	vw_aiemp_senior_control_audit_context	13	masking_note	text	text	YES	
cx22073jw	vw_aiemp_senior_control_audit_context	14	priority_rank	integer	int4	YES	
cx22073jw	vw_aiemp_senior_control_audit_context	15	source_updated_at	timestamp with time zone	timestamptz	YES	
cx22073jw	vw_aiemp_senior_control_audit_context	16	purpose_text	text	text	YES	
cx22073jw	vw_aiemp_senior_control_audit_context	17	stub_version	text	text	YES	
cx22073jw	vw_aiemp_senior_control_policy_draft_context	1	actual_view_code	text	text	YES	
cx22073jw	vw_aiemp_senior_control_policy_draft_context	2	domain_code	text	text	YES	
cx22073jw	vw_aiemp_senior_control_policy_draft_context	3	view_family_code	text	text	YES	
cx22073jw	vw_aiemp_senior_control_policy_draft_context	4	logical_view_name	text	text	YES	
cx22073jw	vw_aiemp_senior_control_policy_draft_context	5	sensitivity_code	text	text	YES	
cx22073jw	vw_aiemp_senior_control_policy_draft_context	6	exposure_scope	text	text	YES	
cx22073jw	vw_aiemp_senior_control_policy_draft_context	7	gate_required	boolean	bool	YES	
cx22073jw	vw_aiemp_senior_control_policy_draft_context	8	subject_key	text	text	YES	
cx22073jw	vw_aiemp_senior_control_policy_draft_context	9	summary_text	text	text	YES	
cx22073jw	vw_aiemp_senior_control_policy_draft_context	10	context_payload	jsonb	jsonb	YES	
cx22073jw	vw_aiemp_senior_control_policy_draft_context	11	policy_payload	jsonb	jsonb	YES	
cx22073jw	vw_aiemp_senior_control_policy_draft_context	12	audit_payload	jsonb	jsonb	YES	
cx22073jw	vw_aiemp_senior_control_policy_draft_context	13	masking_note	text	text	YES	
cx22073jw	vw_aiemp_senior_control_policy_draft_context	14	priority_rank	integer	int4	YES	
cx22073jw	vw_aiemp_senior_control_policy_draft_context	15	source_updated_at	timestamp with time zone	timestamptz	YES	
cx22073jw	vw_aiemp_senior_control_policy_draft_context	16	purpose_text	text	text	YES	
cx22073jw	vw_aiemp_senior_control_policy_draft_context	17	stub_version	text	text	YES	
cx22073jw	vw_aiemp_stream_brand_safe_rule	1	actual_view_code	text	text	YES	
cx22073jw	vw_aiemp_stream_brand_safe_rule	2	domain_code	text	text	YES	
cx22073jw	vw_aiemp_stream_brand_safe_rule	3	view_family_code	text	text	YES	
cx22073jw	vw_aiemp_stream_brand_safe_rule	4	logical_view_name	text	text	YES	
cx22073jw	vw_aiemp_stream_brand_safe_rule	5	sensitivity_code	text	text	YES	
cx22073jw	vw_aiemp_stream_brand_safe_rule	6	exposure_scope	text	text	YES	
cx22073jw	vw_aiemp_stream_brand_safe_rule	7	gate_required	boolean	bool	YES	
cx22073jw	vw_aiemp_stream_brand_safe_rule	8	subject_key	text	text	YES	
cx22073jw	vw_aiemp_stream_brand_safe_rule	9	summary_text	text	text	YES	
cx22073jw	vw_aiemp_stream_brand_safe_rule	10	context_payload	jsonb	jsonb	YES	
cx22073jw	vw_aiemp_stream_brand_safe_rule	11	policy_payload	jsonb	jsonb	YES	
cx22073jw	vw_aiemp_stream_brand_safe_rule	12	audit_payload	jsonb	jsonb	YES	
cx22073jw	vw_aiemp_stream_brand_safe_rule	13	masking_note	text	text	YES	
cx22073jw	vw_aiemp_stream_brand_safe_rule	14	priority_rank	integer	int4	YES	
cx22073jw	vw_aiemp_stream_brand_safe_rule	15	source_updated_at	timestamp with time zone	timestamptz	YES	
cx22073jw	vw_aiemp_stream_brand_safe_rule	16	purpose_text	text	text	YES	
cx22073jw	vw_aiemp_stream_brand_safe_rule	17	stub_version	text	text	YES	
cx22073jw	vw_aiemp_stream_moderation_context	1	actual_view_code	text	text	YES	
cx22073jw	vw_aiemp_stream_moderation_context	2	domain_code	text	text	YES	
cx22073jw	vw_aiemp_stream_moderation_context	3	view_family_code	text	text	YES	
cx22073jw	vw_aiemp_stream_moderation_context	4	logical_view_name	text	text	YES	
cx22073jw	vw_aiemp_stream_moderation_context	5	sensitivity_code	text	text	YES	
cx22073jw	vw_aiemp_stream_moderation_context	6	exposure_scope	text	text	YES	
cx22073jw	vw_aiemp_stream_moderation_context	7	gate_required	boolean	bool	YES	
cx22073jw	vw_aiemp_stream_moderation_context	8	subject_key	text	text	YES	
cx22073jw	vw_aiemp_stream_moderation_context	9	summary_text	text	text	YES	
cx22073jw	vw_aiemp_stream_moderation_context	10	context_payload	jsonb	jsonb	YES	
cx22073jw	vw_aiemp_stream_moderation_context	11	policy_payload	jsonb	jsonb	YES	
cx22073jw	vw_aiemp_stream_moderation_context	12	audit_payload	jsonb	jsonb	YES	
cx22073jw	vw_aiemp_stream_moderation_context	13	masking_note	text	text	YES	
cx22073jw	vw_aiemp_stream_moderation_context	14	priority_rank	integer	int4	YES	
cx22073jw	vw_aiemp_stream_moderation_context	15	source_updated_at	timestamp with time zone	timestamptz	YES	
cx22073jw	vw_aiemp_stream_moderation_context	16	purpose_text	text	text	YES	
cx22073jw	vw_aiemp_stream_moderation_context	17	stub_version	text	text	YES	
cx22073jw	vw_aiemp_stream_public_context	1	actual_view_code	text	text	YES	
cx22073jw	vw_aiemp_stream_public_context	2	domain_code	text	text	YES	
cx22073jw	vw_aiemp_stream_public_context	3	view_family_code	text	text	YES	
cx22073jw	vw_aiemp_stream_public_context	4	logical_view_name	text	text	YES	
cx22073jw	vw_aiemp_stream_public_context	5	sensitivity_code	text	text	YES	
cx22073jw	vw_aiemp_stream_public_context	6	exposure_scope	text	text	YES	
cx22073jw	vw_aiemp_stream_public_context	7	gate_required	boolean	bool	YES	
cx22073jw	vw_aiemp_stream_public_context	8	subject_key	text	text	YES	
cx22073jw	vw_aiemp_stream_public_context	9	summary_text	text	text	YES	
cx22073jw	vw_aiemp_stream_public_context	10	context_payload	jsonb	jsonb	YES	
cx22073jw	vw_aiemp_stream_public_context	11	policy_payload	jsonb	jsonb	YES	
cx22073jw	vw_aiemp_stream_public_context	12	audit_payload	jsonb	jsonb	YES	
cx22073jw	vw_aiemp_stream_public_context	13	masking_note	text	text	YES	
cx22073jw	vw_aiemp_stream_public_context	14	priority_rank	integer	int4	YES	
cx22073jw	vw_aiemp_stream_public_context	15	source_updated_at	timestamp with time zone	timestamptz	YES	
cx22073jw	vw_aiemp_stream_public_context	16	purpose_text	text	text	YES	
cx22073jw	vw_aiemp_stream_public_context	17	stub_version	text	text	YES	
cx22073jw	vw_aiemp_stream_segment_public_context	1	actual_view_code	text	text	YES	
cx22073jw	vw_aiemp_stream_segment_public_context	2	domain_code	text	text	YES	
cx22073jw	vw_aiemp_stream_segment_public_context	3	view_family_code	text	text	YES	
cx22073jw	vw_aiemp_stream_segment_public_context	4	logical_view_name	text	text	YES	
cx22073jw	vw_aiemp_stream_segment_public_context	5	sensitivity_code	text	text	YES	
cx22073jw	vw_aiemp_stream_segment_public_context	6	exposure_scope	text	text	YES	
cx22073jw	vw_aiemp_stream_segment_public_context	7	gate_required	boolean	bool	YES	
cx22073jw	vw_aiemp_stream_segment_public_context	8	subject_key	text	text	YES	
cx22073jw	vw_aiemp_stream_segment_public_context	9	summary_text	text	text	YES	
cx22073jw	vw_aiemp_stream_segment_public_context	10	context_payload	jsonb	jsonb	YES	
cx22073jw	vw_aiemp_stream_segment_public_context	11	policy_payload	jsonb	jsonb	YES	
cx22073jw	vw_aiemp_stream_segment_public_context	12	audit_payload	jsonb	jsonb	YES	
cx22073jw	vw_aiemp_stream_segment_public_context	13	masking_note	text	text	YES	
cx22073jw	vw_aiemp_stream_segment_public_context	14	priority_rank	integer	int4	YES	
cx22073jw	vw_aiemp_stream_segment_public_context	15	source_updated_at	timestamp with time zone	timestamptz	YES	
cx22073jw	vw_aiemp_stream_segment_public_context	16	purpose_text	text	text	YES	
cx22073jw	vw_aiemp_stream_segment_public_context	17	stub_version	text	text	YES	
cx22073jw	vw_aiemp_stream_show_flow_context	1	actual_view_code	text	text	YES	
cx22073jw	vw_aiemp_stream_show_flow_context	2	domain_code	text	text	YES	
cx22073jw	vw_aiemp_stream_show_flow_context	3	view_family_code	text	text	YES	
cx22073jw	vw_aiemp_stream_show_flow_context	4	logical_view_name	text	text	YES	
cx22073jw	vw_aiemp_stream_show_flow_context	5	sensitivity_code	text	text	YES	
cx22073jw	vw_aiemp_stream_show_flow_context	6	exposure_scope	text	text	YES	
cx22073jw	vw_aiemp_stream_show_flow_context	7	gate_required	boolean	bool	YES	
cx22073jw	vw_aiemp_stream_show_flow_context	8	subject_key	text	text	YES	
cx22073jw	vw_aiemp_stream_show_flow_context	9	summary_text	text	text	YES	
cx22073jw	vw_aiemp_stream_show_flow_context	10	context_payload	jsonb	jsonb	YES	
cx22073jw	vw_aiemp_stream_show_flow_context	11	policy_payload	jsonb	jsonb	YES	
cx22073jw	vw_aiemp_stream_show_flow_context	12	audit_payload	jsonb	jsonb	YES	
cx22073jw	vw_aiemp_stream_show_flow_context	13	masking_note	text	text	YES	
cx22073jw	vw_aiemp_stream_show_flow_context	14	priority_rank	integer	int4	YES	
cx22073jw	vw_aiemp_stream_show_flow_context	15	source_updated_at	timestamp with time zone	timestamptz	YES	
cx22073jw	vw_aiemp_stream_show_flow_context	16	purpose_text	text	text	YES	
cx22073jw	vw_aiemp_stream_show_flow_context	17	stub_version	text	text	YES	
cx22073jw	vw_aiemp_stream_support_context	1	actual_view_code	text	text	YES	
cx22073jw	vw_aiemp_stream_support_context	2	domain_code	text	text	YES	
cx22073jw	vw_aiemp_stream_support_context	3	view_family_code	text	text	YES	
cx22073jw	vw_aiemp_stream_support_context	4	logical_view_name	text	text	YES	
cx22073jw	vw_aiemp_stream_support_context	5	sensitivity_code	text	text	YES	
cx22073jw	vw_aiemp_stream_support_context	6	exposure_scope	text	text	YES	
cx22073jw	vw_aiemp_stream_support_context	7	gate_required	boolean	bool	YES	
cx22073jw	vw_aiemp_stream_support_context	8	subject_key	text	text	YES	
cx22073jw	vw_aiemp_stream_support_context	9	summary_text	text	text	YES	
cx22073jw	vw_aiemp_stream_support_context	10	context_payload	jsonb	jsonb	YES	
cx22073jw	vw_aiemp_stream_support_context	11	policy_payload	jsonb	jsonb	YES	
cx22073jw	vw_aiemp_stream_support_context	12	audit_payload	jsonb	jsonb	YES	
cx22073jw	vw_aiemp_stream_support_context	13	masking_note	text	text	YES	
cx22073jw	vw_aiemp_stream_support_context	14	priority_rank	integer	int4	YES	
cx22073jw	vw_aiemp_stream_support_context	15	source_updated_at	timestamp with time zone	timestamptz	YES	
cx22073jw	vw_aiemp_stream_support_context	16	purpose_text	text	text	YES	
cx22073jw	vw_aiemp_stream_support_context	17	stub_version	text	text	YES	
cx22073jw	vw_aiemp_utility_calculation_context	1	actual_view_code	text	text	YES	
cx22073jw	vw_aiemp_utility_calculation_context	2	domain_code	text	text	YES	
cx22073jw	vw_aiemp_utility_calculation_context	3	view_family_code	text	text	YES	
cx22073jw	vw_aiemp_utility_calculation_context	4	logical_view_name	text	text	YES	
cx22073jw	vw_aiemp_utility_calculation_context	5	sensitivity_code	text	text	YES	
cx22073jw	vw_aiemp_utility_calculation_context	6	exposure_scope	text	text	YES	
cx22073jw	vw_aiemp_utility_calculation_context	7	gate_required	boolean	bool	YES	
cx22073jw	vw_aiemp_utility_calculation_context	8	subject_key	text	text	YES	
cx22073jw	vw_aiemp_utility_calculation_context	9	summary_text	text	text	YES	
cx22073jw	vw_aiemp_utility_calculation_context	10	context_payload	jsonb	jsonb	YES	
cx22073jw	vw_aiemp_utility_calculation_context	11	policy_payload	jsonb	jsonb	YES	
cx22073jw	vw_aiemp_utility_calculation_context	12	audit_payload	jsonb	jsonb	YES	
cx22073jw	vw_aiemp_utility_calculation_context	13	masking_note	text	text	YES	
cx22073jw	vw_aiemp_utility_calculation_context	14	priority_rank	integer	int4	YES	
cx22073jw	vw_aiemp_utility_calculation_context	15	source_updated_at	timestamp with time zone	timestamptz	YES	
cx22073jw	vw_aiemp_utility_calculation_context	16	purpose_text	text	text	YES	
cx22073jw	vw_aiemp_utility_calculation_context	17	stub_version	text	text	YES	
cx22073jw	vw_aiemp_utility_daily_task_context	1	actual_view_code	text	text	YES	
cx22073jw	vw_aiemp_utility_daily_task_context	2	domain_code	text	text	YES	
cx22073jw	vw_aiemp_utility_daily_task_context	3	view_family_code	text	text	YES	
cx22073jw	vw_aiemp_utility_daily_task_context	4	logical_view_name	text	text	YES	
cx22073jw	vw_aiemp_utility_daily_task_context	5	sensitivity_code	text	text	YES	
cx22073jw	vw_aiemp_utility_daily_task_context	6	exposure_scope	text	text	YES	
cx22073jw	vw_aiemp_utility_daily_task_context	7	gate_required	boolean	bool	YES	
cx22073jw	vw_aiemp_utility_daily_task_context	8	subject_key	text	text	YES	
cx22073jw	vw_aiemp_utility_daily_task_context	9	summary_text	text	text	YES	
cx22073jw	vw_aiemp_utility_daily_task_context	10	context_payload	jsonb	jsonb	YES	
cx22073jw	vw_aiemp_utility_daily_task_context	11	policy_payload	jsonb	jsonb	YES	
cx22073jw	vw_aiemp_utility_daily_task_context	12	audit_payload	jsonb	jsonb	YES	
cx22073jw	vw_aiemp_utility_daily_task_context	13	masking_note	text	text	YES	
cx22073jw	vw_aiemp_utility_daily_task_context	14	priority_rank	integer	int4	YES	
cx22073jw	vw_aiemp_utility_daily_task_context	15	source_updated_at	timestamp with time zone	timestamptz	YES	
cx22073jw	vw_aiemp_utility_daily_task_context	16	purpose_text	text	text	YES	
cx22073jw	vw_aiemp_utility_daily_task_context	17	stub_version	text	text	YES	
cx22073jw	vw_aiemp_utility_masked_user_context	1	actual_view_code	text	text	YES	
cx22073jw	vw_aiemp_utility_masked_user_context	2	domain_code	text	text	YES	
cx22073jw	vw_aiemp_utility_masked_user_context	3	view_family_code	text	text	YES	
cx22073jw	vw_aiemp_utility_masked_user_context	4	logical_view_name	text	text	YES	
cx22073jw	vw_aiemp_utility_masked_user_context	5	sensitivity_code	text	text	YES	
cx22073jw	vw_aiemp_utility_masked_user_context	6	exposure_scope	text	text	YES	
cx22073jw	vw_aiemp_utility_masked_user_context	7	gate_required	boolean	bool	YES	
cx22073jw	vw_aiemp_utility_masked_user_context	8	subject_key	text	text	YES	
cx22073jw	vw_aiemp_utility_masked_user_context	9	summary_text	text	text	YES	
cx22073jw	vw_aiemp_utility_masked_user_context	10	context_payload	jsonb	jsonb	YES	
cx22073jw	vw_aiemp_utility_masked_user_context	11	policy_payload	jsonb	jsonb	YES	
cx22073jw	vw_aiemp_utility_masked_user_context	12	audit_payload	jsonb	jsonb	YES	
cx22073jw	vw_aiemp_utility_masked_user_context	13	masking_note	text	text	YES	
cx22073jw	vw_aiemp_utility_masked_user_context	14	priority_rank	integer	int4	YES	
cx22073jw	vw_aiemp_utility_masked_user_context	15	source_updated_at	timestamp with time zone	timestamptz	YES	
cx22073jw	vw_aiemp_utility_masked_user_context	16	purpose_text	text	text	YES	
cx22073jw	vw_aiemp_utility_masked_user_context	17	stub_version	text	text	YES	
cx22073jw	vw_aiemp_utility_meal_planning_context	1	actual_view_code	text	text	YES	
cx22073jw	vw_aiemp_utility_meal_planning_context	2	domain_code	text	text	YES	
cx22073jw	vw_aiemp_utility_meal_planning_context	3	view_family_code	text	text	YES	
cx22073jw	vw_aiemp_utility_meal_planning_context	4	logical_view_name	text	text	YES	
cx22073jw	vw_aiemp_utility_meal_planning_context	5	sensitivity_code	text	text	YES	
cx22073jw	vw_aiemp_utility_meal_planning_context	6	exposure_scope	text	text	YES	
cx22073jw	vw_aiemp_utility_meal_planning_context	7	gate_required	boolean	bool	YES	
cx22073jw	vw_aiemp_utility_meal_planning_context	8	subject_key	text	text	YES	
cx22073jw	vw_aiemp_utility_meal_planning_context	9	summary_text	text	text	YES	
cx22073jw	vw_aiemp_utility_meal_planning_context	10	context_payload	jsonb	jsonb	YES	
cx22073jw	vw_aiemp_utility_meal_planning_context	11	policy_payload	jsonb	jsonb	YES	
cx22073jw	vw_aiemp_utility_meal_planning_context	12	audit_payload	jsonb	jsonb	YES	
cx22073jw	vw_aiemp_utility_meal_planning_context	13	masking_note	text	text	YES	
cx22073jw	vw_aiemp_utility_meal_planning_context	14	priority_rank	integer	int4	YES	
cx22073jw	vw_aiemp_utility_meal_planning_context	15	source_updated_at	timestamp with time zone	timestamptz	YES	
cx22073jw	vw_aiemp_utility_meal_planning_context	16	purpose_text	text	text	YES	
cx22073jw	vw_aiemp_utility_meal_planning_context	17	stub_version	text	text	YES	
cx22073jw	vw_aiemp_utility_privileged_context	1	actual_view_code	text	text	YES	
cx22073jw	vw_aiemp_utility_privileged_context	2	domain_code	text	text	YES	
cx22073jw	vw_aiemp_utility_privileged_context	3	view_family_code	text	text	YES	
cx22073jw	vw_aiemp_utility_privileged_context	4	logical_view_name	text	text	YES	
cx22073jw	vw_aiemp_utility_privileged_context	5	sensitivity_code	text	text	YES	
cx22073jw	vw_aiemp_utility_privileged_context	6	exposure_scope	text	text	YES	
cx22073jw	vw_aiemp_utility_privileged_context	7	gate_required	boolean	bool	YES	
cx22073jw	vw_aiemp_utility_privileged_context	8	subject_key	text	text	YES	
cx22073jw	vw_aiemp_utility_privileged_context	9	summary_text	text	text	YES	
cx22073jw	vw_aiemp_utility_privileged_context	10	context_payload	jsonb	jsonb	YES	
cx22073jw	vw_aiemp_utility_privileged_context	11	policy_payload	jsonb	jsonb	YES	
cx22073jw	vw_aiemp_utility_privileged_context	12	audit_payload	jsonb	jsonb	YES	
cx22073jw	vw_aiemp_utility_privileged_context	13	masking_note	text	text	YES	
cx22073jw	vw_aiemp_utility_privileged_context	14	priority_rank	integer	int4	YES	
cx22073jw	vw_aiemp_utility_privileged_context	15	source_updated_at	timestamp with time zone	timestamptz	YES	
cx22073jw	vw_aiemp_utility_privileged_context	16	purpose_text	text	text	YES	
cx22073jw	vw_aiemp_utility_privileged_context	17	stub_version	text	text	YES	
cx22073jw	vw_aiemp_utility_research_context	1	actual_view_code	text	text	YES	
cx22073jw	vw_aiemp_utility_research_context	2	domain_code	text	text	YES	
cx22073jw	vw_aiemp_utility_research_context	3	view_family_code	text	text	YES	
cx22073jw	vw_aiemp_utility_research_context	4	logical_view_name	text	text	YES	
cx22073jw	vw_aiemp_utility_research_context	5	sensitivity_code	text	text	YES	
cx22073jw	vw_aiemp_utility_research_context	6	exposure_scope	text	text	YES	
cx22073jw	vw_aiemp_utility_research_context	7	gate_required	boolean	bool	YES	
cx22073jw	vw_aiemp_utility_research_context	8	subject_key	text	text	YES	
cx22073jw	vw_aiemp_utility_research_context	9	summary_text	text	text	YES	
cx22073jw	vw_aiemp_utility_research_context	10	context_payload	jsonb	jsonb	YES	
cx22073jw	vw_aiemp_utility_research_context	11	policy_payload	jsonb	jsonb	YES	
cx22073jw	vw_aiemp_utility_research_context	12	audit_payload	jsonb	jsonb	YES	
cx22073jw	vw_aiemp_utility_research_context	13	masking_note	text	text	YES	
cx22073jw	vw_aiemp_utility_research_context	14	priority_rank	integer	int4	YES	
cx22073jw	vw_aiemp_utility_research_context	15	source_updated_at	timestamp with time zone	timestamptz	YES	
cx22073jw	vw_aiemp_utility_research_context	16	purpose_text	text	text	YES	
cx22073jw	vw_aiemp_utility_research_context	17	stub_version	text	text	YES	
cx22073jw	vw_aiemp_utility_summary_context	1	actual_view_code	text	text	YES	
cx22073jw	vw_aiemp_utility_summary_context	2	domain_code	text	text	YES	
cx22073jw	vw_aiemp_utility_summary_context	3	view_family_code	text	text	YES	
cx22073jw	vw_aiemp_utility_summary_context	4	logical_view_name	text	text	YES	
cx22073jw	vw_aiemp_utility_summary_context	5	sensitivity_code	text	text	YES	
cx22073jw	vw_aiemp_utility_summary_context	6	exposure_scope	text	text	YES	
cx22073jw	vw_aiemp_utility_summary_context	7	gate_required	boolean	bool	YES	
cx22073jw	vw_aiemp_utility_summary_context	8	subject_key	text	text	YES	
cx22073jw	vw_aiemp_utility_summary_context	9	summary_text	text	text	YES	
cx22073jw	vw_aiemp_utility_summary_context	10	context_payload	jsonb	jsonb	YES	
cx22073jw	vw_aiemp_utility_summary_context	11	policy_payload	jsonb	jsonb	YES	
cx22073jw	vw_aiemp_utility_summary_context	12	audit_payload	jsonb	jsonb	YES	
cx22073jw	vw_aiemp_utility_summary_context	13	masking_note	text	text	YES	
cx22073jw	vw_aiemp_utility_summary_context	14	priority_rank	integer	int4	YES	
cx22073jw	vw_aiemp_utility_summary_context	15	source_updated_at	timestamp with time zone	timestamptz	YES	
cx22073jw	vw_aiemp_utility_summary_context	16	purpose_text	text	text	YES	
cx22073jw	vw_aiemp_utility_summary_context	17	stub_version	text	text	YES	
cx22073jw	vw_aiemp_utility_writing_context	1	actual_view_code	text	text	YES	
cx22073jw	vw_aiemp_utility_writing_context	2	domain_code	text	text	YES	
cx22073jw	vw_aiemp_utility_writing_context	3	view_family_code	text	text	YES	
cx22073jw	vw_aiemp_utility_writing_context	4	logical_view_name	text	text	YES	
cx22073jw	vw_aiemp_utility_writing_context	5	sensitivity_code	text	text	YES	
cx22073jw	vw_aiemp_utility_writing_context	6	exposure_scope	text	text	YES	
cx22073jw	vw_aiemp_utility_writing_context	7	gate_required	boolean	bool	YES	
cx22073jw	vw_aiemp_utility_writing_context	8	subject_key	text	text	YES	
cx22073jw	vw_aiemp_utility_writing_context	9	summary_text	text	text	YES	
cx22073jw	vw_aiemp_utility_writing_context	10	context_payload	jsonb	jsonb	YES	
cx22073jw	vw_aiemp_utility_writing_context	11	policy_payload	jsonb	jsonb	YES	
cx22073jw	vw_aiemp_utility_writing_context	12	audit_payload	jsonb	jsonb	YES	
cx22073jw	vw_aiemp_utility_writing_context	13	masking_note	text	text	YES	
cx22073jw	vw_aiemp_utility_writing_context	14	priority_rank	integer	int4	YES	
cx22073jw	vw_aiemp_utility_writing_context	15	source_updated_at	timestamp with time zone	timestamptz	YES	
cx22073jw	vw_aiemp_utility_writing_context	16	purpose_text	text	text	YES	
cx22073jw	vw_aiemp_utility_writing_context	17	stub_version	text	text	YES	
cx22073jw	vw_aiemp_workforce_app_operation_context	1	actual_view_code	text	text	YES	
cx22073jw	vw_aiemp_workforce_app_operation_context	2	domain_code	text	text	YES	
cx22073jw	vw_aiemp_workforce_app_operation_context	3	view_family_code	text	text	YES	
cx22073jw	vw_aiemp_workforce_app_operation_context	4	logical_view_name	text	text	YES	
cx22073jw	vw_aiemp_workforce_app_operation_context	5	sensitivity_code	text	text	YES	
cx22073jw	vw_aiemp_workforce_app_operation_context	6	exposure_scope	text	text	YES	
cx22073jw	vw_aiemp_workforce_app_operation_context	7	gate_required	boolean	bool	YES	
cx22073jw	vw_aiemp_workforce_app_operation_context	8	subject_key	text	text	YES	
cx22073jw	vw_aiemp_workforce_app_operation_context	9	summary_text	text	text	YES	
cx22073jw	vw_aiemp_workforce_app_operation_context	10	context_payload	jsonb	jsonb	YES	
cx22073jw	vw_aiemp_workforce_app_operation_context	11	policy_payload	jsonb	jsonb	YES	
cx22073jw	vw_aiemp_workforce_app_operation_context	12	audit_payload	jsonb	jsonb	YES	
cx22073jw	vw_aiemp_workforce_app_operation_context	13	masking_note	text	text	YES	
cx22073jw	vw_aiemp_workforce_app_operation_context	14	priority_rank	integer	int4	YES	
cx22073jw	vw_aiemp_workforce_app_operation_context	15	source_updated_at	timestamp with time zone	timestamptz	YES	
cx22073jw	vw_aiemp_workforce_app_operation_context	16	purpose_text	text	text	YES	
cx22073jw	vw_aiemp_workforce_app_operation_context	17	stub_version	text	text	YES	
cx22073jw	vw_aiemp_workforce_audit_context	1	actual_view_code	text	text	YES	
cx22073jw	vw_aiemp_workforce_audit_context	2	domain_code	text	text	YES	
cx22073jw	vw_aiemp_workforce_audit_context	3	view_family_code	text	text	YES	
cx22073jw	vw_aiemp_workforce_audit_context	4	logical_view_name	text	text	YES	
cx22073jw	vw_aiemp_workforce_audit_context	5	sensitivity_code	text	text	YES	
cx22073jw	vw_aiemp_workforce_audit_context	6	exposure_scope	text	text	YES	
cx22073jw	vw_aiemp_workforce_audit_context	7	gate_required	boolean	bool	YES	
cx22073jw	vw_aiemp_workforce_audit_context	8	subject_key	text	text	YES	
cx22073jw	vw_aiemp_workforce_audit_context	9	summary_text	text	text	YES	
cx22073jw	vw_aiemp_workforce_audit_context	10	context_payload	jsonb	jsonb	YES	
cx22073jw	vw_aiemp_workforce_audit_context	11	policy_payload	jsonb	jsonb	YES	
cx22073jw	vw_aiemp_workforce_audit_context	12	audit_payload	jsonb	jsonb	YES	
cx22073jw	vw_aiemp_workforce_audit_context	13	masking_note	text	text	YES	
cx22073jw	vw_aiemp_workforce_audit_context	14	priority_rank	integer	int4	YES	
cx22073jw	vw_aiemp_workforce_audit_context	15	source_updated_at	timestamp with time zone	timestamptz	YES	
cx22073jw	vw_aiemp_workforce_audit_context	16	purpose_text	text	text	YES	
cx22073jw	vw_aiemp_workforce_audit_context	17	stub_version	text	text	YES	
cx22073jw	vw_aiemp_workforce_masked_work_context	1	actual_view_code	text	text	YES	
cx22073jw	vw_aiemp_workforce_masked_work_context	2	domain_code	text	text	YES	
cx22073jw	vw_aiemp_workforce_masked_work_context	3	view_family_code	text	text	YES	
cx22073jw	vw_aiemp_workforce_masked_work_context	4	logical_view_name	text	text	YES	
cx22073jw	vw_aiemp_workforce_masked_work_context	5	sensitivity_code	text	text	YES	
cx22073jw	vw_aiemp_workforce_masked_work_context	6	exposure_scope	text	text	YES	
cx22073jw	vw_aiemp_workforce_masked_work_context	7	gate_required	boolean	bool	YES	
cx22073jw	vw_aiemp_workforce_masked_work_context	8	subject_key	text	text	YES	
cx22073jw	vw_aiemp_workforce_masked_work_context	9	summary_text	text	text	YES	
cx22073jw	vw_aiemp_workforce_masked_work_context	10	context_payload	jsonb	jsonb	YES	
cx22073jw	vw_aiemp_workforce_masked_work_context	11	policy_payload	jsonb	jsonb	YES	
cx22073jw	vw_aiemp_workforce_masked_work_context	12	audit_payload	jsonb	jsonb	YES	
cx22073jw	vw_aiemp_workforce_masked_work_context	13	masking_note	text	text	YES	
cx22073jw	vw_aiemp_workforce_masked_work_context	14	priority_rank	integer	int4	YES	
cx22073jw	vw_aiemp_workforce_masked_work_context	15	source_updated_at	timestamp with time zone	timestamptz	YES	
cx22073jw	vw_aiemp_workforce_masked_work_context	16	purpose_text	text	text	YES	
cx22073jw	vw_aiemp_workforce_masked_work_context	17	stub_version	text	text	YES	
cx22073jw	vw_aiemp_workforce_research_summary_context	1	actual_view_code	text	text	YES	
cx22073jw	vw_aiemp_workforce_research_summary_context	2	domain_code	text	text	YES	
cx22073jw	vw_aiemp_workforce_research_summary_context	3	view_family_code	text	text	YES	
cx22073jw	vw_aiemp_workforce_research_summary_context	4	logical_view_name	text	text	YES	
cx22073jw	vw_aiemp_workforce_research_summary_context	5	sensitivity_code	text	text	YES	
cx22073jw	vw_aiemp_workforce_research_summary_context	6	exposure_scope	text	text	YES	
cx22073jw	vw_aiemp_workforce_research_summary_context	7	gate_required	boolean	bool	YES	
cx22073jw	vw_aiemp_workforce_research_summary_context	8	subject_key	text	text	YES	
cx22073jw	vw_aiemp_workforce_research_summary_context	9	summary_text	text	text	YES	
cx22073jw	vw_aiemp_workforce_research_summary_context	10	context_payload	jsonb	jsonb	YES	
cx22073jw	vw_aiemp_workforce_research_summary_context	11	policy_payload	jsonb	jsonb	YES	
cx22073jw	vw_aiemp_workforce_research_summary_context	12	audit_payload	jsonb	jsonb	YES	
cx22073jw	vw_aiemp_workforce_research_summary_context	13	masking_note	text	text	YES	
cx22073jw	vw_aiemp_workforce_research_summary_context	14	priority_rank	integer	int4	YES	
cx22073jw	vw_aiemp_workforce_research_summary_context	15	source_updated_at	timestamp with time zone	timestamptz	YES	
cx22073jw	vw_aiemp_workforce_research_summary_context	16	purpose_text	text	text	YES	
cx22073jw	vw_aiemp_workforce_research_summary_context	17	stub_version	text	text	YES	
cx22073jw	vw_aiemp_workforce_work_order_context	1	actual_view_code	text	text	YES	
cx22073jw	vw_aiemp_workforce_work_order_context	2	domain_code	text	text	YES	
cx22073jw	vw_aiemp_workforce_work_order_context	3	view_family_code	text	text	YES	
cx22073jw	vw_aiemp_workforce_work_order_context	4	logical_view_name	text	text	YES	
cx22073jw	vw_aiemp_workforce_work_order_context	5	sensitivity_code	text	text	YES	
cx22073jw	vw_aiemp_workforce_work_order_context	6	exposure_scope	text	text	YES	
cx22073jw	vw_aiemp_workforce_work_order_context	7	gate_required	boolean	bool	YES	
cx22073jw	vw_aiemp_workforce_work_order_context	8	subject_key	text	text	YES	
cx22073jw	vw_aiemp_workforce_work_order_context	9	summary_text	text	text	YES	
cx22073jw	vw_aiemp_workforce_work_order_context	10	context_payload	jsonb	jsonb	YES	
cx22073jw	vw_aiemp_workforce_work_order_context	11	policy_payload	jsonb	jsonb	YES	
cx22073jw	vw_aiemp_workforce_work_order_context	12	audit_payload	jsonb	jsonb	YES	
cx22073jw	vw_aiemp_workforce_work_order_context	13	masking_note	text	text	YES	
cx22073jw	vw_aiemp_workforce_work_order_context	14	priority_rank	integer	int4	YES	
cx22073jw	vw_aiemp_workforce_work_order_context	15	source_updated_at	timestamp with time zone	timestamptz	YES	
cx22073jw	vw_aiemp_workforce_work_order_context	16	purpose_text	text	text	YES	
cx22073jw	vw_aiemp_workforce_work_order_context	17	stub_version	text	text	YES	
cx22073jw	vw_brain_data_registry_v1	1	brain_data_code	text	text	YES	
cx22073jw	vw_brain_data_registry_v1	2	brain_domain_code	text	text	YES	
cx22073jw	vw_brain_data_registry_v1	3	brain_domain_label_ja	text	text	YES	
cx22073jw	vw_brain_data_registry_v1	4	source_schema_name	text	text	YES	
cx22073jw	vw_brain_data_registry_v1	5	source_object_name	text	text	YES	
cx22073jw	vw_brain_data_registry_v1	6	source_record_code	text	text	YES	
cx22073jw	vw_brain_data_registry_v1	7	source_title_ja	text	text	YES	
cx22073jw	vw_brain_data_registry_v1	8	depth_code	text	text	YES	
cx22073jw	vw_brain_data_registry_v1	9	depth_level	integer	int4	YES	
cx22073jw	vw_brain_data_registry_v1	10	depth_label_ja	text	text	YES	
cx22073jw	vw_brain_data_registry_v1	11	allowed_use_purpose_codes	ARRAY	_text	YES	
cx22073jw	vw_brain_data_registry_v1	12	risk_class_code	text	text	YES	
cx22073jw	vw_brain_data_registry_v1	13	risk_level	integer	int4	YES	
cx22073jw	vw_brain_data_registry_v1	14	risk_class_label_ja	text	text	YES	
cx22073jw	vw_brain_data_registry_v1	15	granularity_code	text	text	YES	
cx22073jw	vw_brain_data_registry_v1	16	granularity_label_ja	text	text	YES	
cx22073jw	vw_brain_data_registry_v1	17	safety_boundary_ja	text	text	YES	
cx22073jw	vw_brain_data_registry_v1	18	active_flag	boolean	bool	YES	
cx22073jw	vw_brain_data_registry_v1	19	source_exists_flag	boolean	bool	YES	
cx22073jw	vw_brain_data_registry_v1	20	created_at	timestamp with time zone	timestamptz	YES	
cx22073jw	vw_brain_data_registry_v1	21	updated_at	timestamp with time zone	timestamptz	YES	
cx22073jw	vw_brain_detail_expansion_unit_v1	1	unit_code	text	text	YES	
cx22073jw	vw_brain_detail_expansion_unit_v1	2	pack_code	text	text	YES	
cx22073jw	vw_brain_detail_expansion_unit_v1	3	brain_domain_code	text	text	YES	
cx22073jw	vw_brain_detail_expansion_unit_v1	4	detail_axis_code	text	text	YES	
cx22073jw	vw_brain_detail_expansion_unit_v1	5	axis_title_ja	text	text	YES	
cx22073jw	vw_brain_detail_expansion_unit_v1	6	unit_title_ja	text	text	YES	
cx22073jw	vw_brain_detail_expansion_unit_v1	7	unit_summary_ja	text	text	YES	
cx22073jw	vw_brain_detail_expansion_unit_v1	8	unit_detail_ja	text	text	YES	
cx22073jw	vw_brain_detail_expansion_unit_v1	9	practical_use_ja	text	text	YES	
cx22073jw	vw_brain_detail_expansion_unit_v1	10	example_prompt_ja	text	text	YES	
cx22073jw	vw_brain_detail_expansion_unit_v1	11	depth_code	text	text	YES	
cx22073jw	vw_brain_detail_expansion_unit_v1	12	data_depth_level	integer	int4	YES	
cx22073jw	vw_brain_detail_expansion_unit_v1	13	risk_class_code	text	text	YES	
cx22073jw	vw_brain_detail_expansion_unit_v1	14	granularity_code	text	text	YES	
cx22073jw	vw_brain_detail_expansion_unit_v1	15	allowed_use_purpose_codes	ARRAY	_text	YES	
cx22073jw	vw_brain_detail_expansion_unit_v1	16	safety_boundary_ja	text	text	YES	
cx22073jw	vw_brain_detail_expansion_unit_v1	17	tags	ARRAY	_text	YES	
cx22073jw	vw_brain_detail_expansion_unit_v1	18	active_flag	boolean	bool	YES	
cx22073jw	vw_brain_full_load_coverage_v1	1	brain_domain_code	text	text	YES	
cx22073jw	vw_brain_full_load_coverage_v1	2	brain_domain_label_ja	text	text	YES	
cx22073jw	vw_brain_full_load_coverage_v1	3	full_load_priority	integer	int4	YES	
cx22073jw	vw_brain_full_load_coverage_v1	4	target_min_unit_count	integer	int4	YES	
cx22073jw	vw_brain_full_load_coverage_v1	5	active_unit_count	bigint	int8	YES	
cx22073jw	vw_brain_full_load_coverage_v1	6	pack02_count	bigint	int8	YES	
cx22073jw	vw_brain_full_load_coverage_v1	7	pack03_count	bigint	int8	YES	
cx22073jw	vw_brain_full_load_coverage_v1	8	pack04_count	bigint	int8	YES	
cx22073jw	vw_brain_full_load_coverage_v1	9	pack05_count	bigint	int8	YES	
cx22073jw	vw_brain_full_load_coverage_v1	10	registry_count	bigint	int8	YES	
cx22073jw	vw_brain_full_load_coverage_v1	11	source_exists_count	bigint	int8	YES	
cx22073jw	vw_brain_full_load_coverage_v1	12	source_missing_count	bigint	int8	YES	
cx22073jw	vw_brain_full_load_coverage_v1	13	readable_model_count	bigint	int8	YES	
cx22073jw	vw_brain_full_load_coverage_v1	14	readable_material_row_count	bigint	int8	YES	
cx22073jw	vw_brain_full_load_coverage_v1	15	full_load_status	text	text	YES	
cx22073jw	vw_brain_full_load_coverage_v1	16	full_load_note_ja	text	text	YES	
cx22073jw	vw_brain_full_load_coverage_v1	17	source_object_registry_count	bigint	int8	YES	
cx22073jw	vw_brain_full_load_coverage_v1	18	source_row_registry_count	bigint	int8	YES	
cx22073jw	vw_brain_full_load_lane05_latest_summary_v1	1	run_code	text	text	YES	
cx22073jw	vw_brain_full_load_lane05_latest_summary_v1	2	brain_domain_code	text	text	YES	
cx22073jw	vw_brain_full_load_lane05_latest_summary_v1	3	target_min_unit_count	integer	int4	YES	
cx22073jw	vw_brain_full_load_lane05_latest_summary_v1	4	before_active_unit_count	integer	int4	YES	
cx22073jw	vw_brain_full_load_lane05_latest_summary_v1	5	after_active_unit_count	integer	int4	YES	
cx22073jw	vw_brain_full_load_lane05_latest_summary_v1	6	before_deficit_count	integer	int4	YES	
cx22073jw	vw_brain_full_load_lane05_latest_summary_v1	7	after_deficit_count	integer	int4	YES	
cx22073jw	vw_brain_full_load_lane05_latest_summary_v1	8	added_unit_count	integer	int4	YES	
cx22073jw	vw_brain_full_load_lane05_latest_summary_v1	9	registry_count	integer	int4	YES	
cx22073jw	vw_brain_full_load_lane05_latest_summary_v1	10	source_missing_count	integer	int4	YES	
cx22073jw	vw_brain_full_load_lane05_latest_summary_v1	11	target_status	text	text	YES	
cx22073jw	vw_brain_knowledge_unit_runtime_material_v1	1	unit_code	text	text	YES	
cx22073jw	vw_brain_knowledge_unit_runtime_material_v1	2	brain_domain_code	text	text	YES	
cx22073jw	vw_brain_knowledge_unit_runtime_material_v1	3	brain_domain_label_ja	text	text	YES	
cx22073jw	vw_brain_knowledge_unit_runtime_material_v1	4	unit_title_ja	text	text	YES	
cx22073jw	vw_brain_knowledge_unit_runtime_material_v1	5	unit_summary_ja	text	text	YES	
cx22073jw	vw_brain_knowledge_unit_runtime_material_v1	6	unit_detail_ja	text	text	YES	
cx22073jw	vw_brain_knowledge_unit_runtime_material_v1	7	practical_use_ja	text	text	YES	
cx22073jw	vw_brain_knowledge_unit_runtime_material_v1	8	example_prompt_ja	text	text	YES	
cx22073jw	vw_brain_knowledge_unit_runtime_material_v1	9	safety_boundary_ja	text	text	YES	
cx22073jw	vw_brain_knowledge_unit_runtime_material_v1	10	depth_code	text	text	YES	
cx22073jw	vw_brain_knowledge_unit_runtime_material_v1	11	depth_level	integer	int4	YES	
cx22073jw	vw_brain_knowledge_unit_runtime_material_v1	12	depth_label_ja	text	text	YES	
cx22073jw	vw_brain_knowledge_unit_runtime_material_v1	13	risk_class_code	text	text	YES	
cx22073jw	vw_brain_knowledge_unit_runtime_material_v1	14	risk_level	integer	int4	YES	
cx22073jw	vw_brain_knowledge_unit_runtime_material_v1	15	risk_class_label_ja	text	text	YES	
cx22073jw	vw_brain_knowledge_unit_runtime_material_v1	16	allowed_use_purpose_codes	ARRAY	_text	YES	
cx22073jw	vw_brain_knowledge_unit_runtime_material_v1	17	tags	ARRAY	_text	YES	
cx22073jw	vw_brain_knowledge_unit_runtime_material_v1	18	active_flag	boolean	bool	YES	
cx22073jw	vw_brain_knowledge_unit_runtime_material_v1	19	created_at	timestamp with time zone	timestamptz	YES	
cx22073jw	vw_brain_knowledge_unit_runtime_material_v1	20	updated_at	timestamp with time zone	timestamptz	YES	
cx22073jw	vw_brain_source_object_discovery_backlog_v1	1	source_schema_name	name	name	YES	
cx22073jw	vw_brain_source_object_discovery_backlog_v1	2	source_object_name	name	name	YES	
cx22073jw	vw_brain_source_object_discovery_backlog_v1	3	source_object_kind	text	text	YES	
cx22073jw	vw_brain_source_object_discovery_backlog_v1	4	estimated_row_count	bigint	int8	YES	
cx22073jw	vw_brain_source_object_discovery_backlog_v1	5	object_comment	text	text	YES	
cx22073jw	vw_brain_source_object_discovery_backlog_v1	6	backlog_status	text	text	YES	
cx22073jw	vw_brain_source_object_discovery_backlog_v1	7	note_ja	text	text	YES	
cx22073jw	vw_brain_source_object_ingestion_catalog_status_v1	1	object_code	text	text	YES	
cx22073jw	vw_brain_source_object_ingestion_catalog_status_v1	2	source_schema_name	text	text	YES	
cx22073jw	vw_brain_source_object_ingestion_catalog_status_v1	3	source_object_name	text	text	YES	
cx22073jw	vw_brain_source_object_ingestion_catalog_status_v1	4	source_object_kind	text	text	YES	
cx22073jw	vw_brain_source_object_ingestion_catalog_status_v1	5	brain_domain_code	text	text	YES	
cx22073jw	vw_brain_source_object_ingestion_catalog_status_v1	6	brain_domain_label_ja	text	text	YES	
cx22073jw	vw_brain_source_object_ingestion_catalog_status_v1	7	default_depth_code	text	text	YES	
cx22073jw	vw_brain_source_object_ingestion_catalog_status_v1	8	default_risk_class_code	text	text	YES	
cx22073jw	vw_brain_source_object_ingestion_catalog_status_v1	9	default_allowed_use_purpose_codes	ARRAY	_text	YES	
cx22073jw	vw_brain_source_object_ingestion_catalog_status_v1	10	source_object_exists_flag	boolean	bool	YES	
cx22073jw	vw_brain_source_object_ingestion_catalog_status_v1	11	estimated_row_count	bigint	int8	YES	
cx22073jw	vw_brain_source_object_ingestion_catalog_status_v1	12	row_level_ingestion_flag	boolean	bool	YES	
cx22073jw	vw_brain_source_object_ingestion_catalog_status_v1	13	active_flag	boolean	bool	YES	
cx22073jw	vw_brain_source_object_ingestion_catalog_status_v1	14	safety_boundary_ja	text	text	YES	
cx22073jw	vw_brain_source_object_ingestion_catalog_status_v1	15	ingestion_note_ja	text	text	YES	
cx22073jw	vw_brain_source_object_ingestion_summary_v1	1	object_code	text	text	YES	
cx22073jw	vw_brain_source_object_ingestion_summary_v1	2	source_schema_name	text	text	YES	
cx22073jw	vw_brain_source_object_ingestion_summary_v1	3	source_object_name	text	text	YES	
cx22073jw	vw_brain_source_object_ingestion_summary_v1	4	source_object_kind	text	text	YES	
cx22073jw	vw_brain_source_object_ingestion_summary_v1	5	brain_domain_code	text	text	YES	
cx22073jw	vw_brain_source_object_ingestion_summary_v1	6	brain_domain_label_ja	text	text	YES	
cx22073jw	vw_brain_source_object_ingestion_summary_v1	7	source_object_exists_flag	boolean	bool	YES	
cx22073jw	vw_brain_source_object_ingestion_summary_v1	8	estimated_row_count	bigint	int8	YES	
cx22073jw	vw_brain_source_object_ingestion_summary_v1	9	object_registry_count	bigint	int8	YES	
cx22073jw	vw_brain_source_object_ingestion_summary_v1	10	row_registry_count	bigint	int8	YES	
cx22073jw	vw_brain_source_object_ingestion_summary_v1	11	registry_source_exists_count	bigint	int8	YES	
cx22073jw	vw_brain_source_object_ingestion_summary_v1	12	registry_source_missing_count	bigint	int8	YES	
cx22073jw	vw_brain_source_object_ingestion_summary_v1	13	safety_boundary_ja	text	text	YES	
cx22073jw	vw_brain_source_object_ingestion_summary_v1	14	ingestion_note_ja	text	text	YES	
cx22073jw	vw_brain_source_object_inventory_v1	1	source_schema_name	name	name	YES	
cx22073jw	vw_brain_source_object_inventory_v1	2	source_object_name	name	name	YES	
cx22073jw	vw_brain_source_object_inventory_v1	3	source_object_kind	text	text	YES	
cx22073jw	vw_brain_source_object_inventory_v1	4	estimated_row_count	bigint	int8	YES	
cx22073jw	vw_brain_source_object_inventory_v1	5	object_comment	text	text	YES	
cx22073jw	vw_brain_source_object_inventory_v1	6	internal_brain_management_flag	boolean	bool	YES	
cx22073jw	vw_brain_source_object_lane03_mapping_status_v1	1	proposal_action_code	text	text	YES	
cx22073jw	vw_brain_source_object_lane03_mapping_status_v1	2	mapping_confidence_code	text	text	YES	
cx22073jw	vw_brain_source_object_lane03_mapping_status_v1	3	rule_code	text	text	YES	
cx22073jw	vw_brain_source_object_lane03_mapping_status_v1	4	brain_domain_code	text	text	YES	
cx22073jw	vw_brain_source_object_lane03_mapping_status_v1	5	brain_domain_label_ja	text	text	YES	
cx22073jw	vw_brain_source_object_lane03_mapping_status_v1	6	object_count	bigint	int8	YES	
cx22073jw	vw_brain_source_object_lane03_remaining_backlog_v1	1	source_schema_name	name	name	YES	
cx22073jw	vw_brain_source_object_lane03_remaining_backlog_v1	2	source_object_name	name	name	YES	
cx22073jw	vw_brain_source_object_lane03_remaining_backlog_v1	3	source_object_kind	text	text	YES	
cx22073jw	vw_brain_source_object_lane03_remaining_backlog_v1	4	estimated_row_count	bigint	int8	YES	
cx22073jw	vw_brain_source_object_lane03_remaining_backlog_v1	5	backlog_status	text	text	YES	
cx22073jw	vw_brain_source_object_lane03_remaining_backlog_v1	6	backlog_note_ja	text	text	YES	
cx22073jw	vw_brain_source_object_lane03_remaining_backlog_v1	7	rule_code	text	text	YES	
cx22073jw	vw_brain_source_object_lane03_remaining_backlog_v1	8	mapping_confidence_code	text	text	YES	
cx22073jw	vw_brain_source_object_lane03_remaining_backlog_v1	9	brain_domain_code	text	text	YES	
cx22073jw	vw_brain_source_object_lane03_remaining_backlog_v1	10	brain_domain_label_ja	text	text	YES	
cx22073jw	vw_brain_source_object_lane03_remaining_backlog_v1	11	default_depth_code	text	text	YES	
cx22073jw	vw_brain_source_object_lane03_remaining_backlog_v1	12	default_risk_class_code	text	text	YES	
cx22073jw	vw_brain_source_object_lane03_remaining_backlog_v1	13	default_allowed_use_purpose_codes	ARRAY	_text	YES	
cx22073jw	vw_brain_source_object_lane03_remaining_backlog_v1	14	safety_boundary_ja	text	text	YES	
cx22073jw	vw_brain_source_object_lane03_remaining_backlog_v1	15	rule_note_ja	text	text	YES	
cx22073jw	vw_brain_source_object_lane03_remaining_backlog_v1	16	proposal_action_code	text	text	YES	
cx22073jw	vw_brain_source_object_lane03_remaining_backlog_v1	17	proposed_object_code	text	text	YES	
cx22073jw	vw_brain_source_object_mapping_proposal_v1	1	source_schema_name	name	name	YES	
cx22073jw	vw_brain_source_object_mapping_proposal_v1	2	source_object_name	name	name	YES	
cx22073jw	vw_brain_source_object_mapping_proposal_v1	3	source_object_kind	text	text	YES	
cx22073jw	vw_brain_source_object_mapping_proposal_v1	4	estimated_row_count	bigint	int8	YES	
cx22073jw	vw_brain_source_object_mapping_proposal_v1	5	backlog_status	text	text	YES	
cx22073jw	vw_brain_source_object_mapping_proposal_v1	6	backlog_note_ja	text	text	YES	
cx22073jw	vw_brain_source_object_mapping_proposal_v1	7	rule_code	text	text	YES	
cx22073jw	vw_brain_source_object_mapping_proposal_v1	8	mapping_confidence_code	text	text	YES	
cx22073jw	vw_brain_source_object_mapping_proposal_v1	9	brain_domain_code	text	text	YES	
cx22073jw	vw_brain_source_object_mapping_proposal_v1	10	brain_domain_label_ja	text	text	YES	
cx22073jw	vw_brain_source_object_mapping_proposal_v1	11	default_depth_code	text	text	YES	
cx22073jw	vw_brain_source_object_mapping_proposal_v1	12	default_risk_class_code	text	text	YES	
cx22073jw	vw_brain_source_object_mapping_proposal_v1	13	default_allowed_use_purpose_codes	ARRAY	_text	YES	
cx22073jw	vw_brain_source_object_mapping_proposal_v1	14	safety_boundary_ja	text	text	YES	
cx22073jw	vw_brain_source_object_mapping_proposal_v1	15	rule_note_ja	text	text	YES	
cx22073jw	vw_brain_source_object_mapping_proposal_v1	16	proposal_action_code	text	text	YES	
cx22073jw	vw_brain_source_object_mapping_proposal_v1	17	proposed_object_code	text	text	YES	
cx22073jw	vw_business_support_knowledge_catalog	1	package_code	text	text	YES	
cx22073jw	vw_business_support_knowledge_catalog	2	package_name	text	text	YES	
cx22073jw	vw_business_support_knowledge_catalog	3	package_name_ja	text	text	YES	
cx22073jw	vw_business_support_knowledge_catalog	4	package_summary	text	text	YES	
cx22073jw	vw_business_support_knowledge_catalog	5	topic_code	text	text	YES	
cx22073jw	vw_business_support_knowledge_catalog	6	topic_name	text	text	YES	
cx22073jw	vw_business_support_knowledge_catalog	7	topic_name_ja	text	text	YES	
cx22073jw	vw_business_support_knowledge_catalog	8	topic_summary	text	text	YES	
cx22073jw	vw_business_support_knowledge_catalog	9	material_code	text	text	YES	
cx22073jw	vw_business_support_knowledge_catalog	10	material_title	text	text	YES	
cx22073jw	vw_business_support_knowledge_catalog	11	material_summary	text	text	YES	
cx22073jw	vw_business_support_knowledge_catalog	12	material_body	text	text	YES	
cx22073jw	vw_business_support_knowledge_catalog	13	material_kind_code	text	text	YES	
cx22073jw	vw_business_support_knowledge_catalog	14	role_hint_code	text	text	YES	
cx22073jw	vw_business_support_knowledge_catalog	15	risk_level_code	text	text	YES	
cx22073jw	vw_business_support_knowledge_catalog	16	tags_jsonb	jsonb	jsonb	YES	
cx22073jw	vw_business_support_knowledge_catalog	17	sort_order	integer	int4	YES	
cx22073jw	vw_business_support_knowledge_catalog	18	reference_search_text	text	text	YES	
cx22073jw	vw_civilization_exam_question_reference_v1	1	question_code	text	text	YES	
cx22073jw	vw_civilization_exam_question_reference_v1	2	exam_domain_code	text	text	YES	
cx22073jw	vw_civilization_exam_question_reference_v1	3	source_reference_type	text	text	YES	
cx22073jw	vw_civilization_exam_question_reference_v1	4	source_reference_code	text	text	YES	
cx22073jw	vw_civilization_exam_question_reference_v1	5	country_code	text	text	YES	
cx22073jw	vw_civilization_exam_question_reference_v1	6	region_code	text	text	YES	
cx22073jw	vw_civilization_exam_question_reference_v1	7	period_code	text	text	YES	
cx22073jw	vw_civilization_exam_question_reference_v1	8	theme_code	text	text	YES	
cx22073jw	vw_civilization_exam_question_reference_v1	9	question_type_code	text	text	YES	
cx22073jw	vw_civilization_exam_question_reference_v1	10	question_text_ja	text	text	YES	
cx22073jw	vw_civilization_exam_question_reference_v1	11	answer_ja	text	text	YES	
cx22073jw	vw_civilization_exam_question_reference_v1	12	explanation_ja	text	text	YES	
cx22073jw	vw_civilization_exam_question_reference_v1	13	difficulty_code	text	text	YES	
cx22073jw	vw_civilization_exam_question_reference_v1	14	target_exam_context_code	text	text	YES	
cx22073jw	vw_civilization_exam_question_reference_v1	15	related_detail_codes	jsonb	jsonb	YES	
cx22073jw	vw_civilization_exam_question_reference_v1	16	related_terms	jsonb	jsonb	YES	
cx22073jw	vw_civilization_exam_question_reference_v1	17	related_events	jsonb	jsonb	YES	
cx22073jw	vw_civilization_exam_question_reference_v1	18	related_persons	jsonb	jsonb	YES	
cx22073jw	vw_civilization_exam_question_reference_v1	19	related_roles	jsonb	jsonb	YES	
cx22073jw	vw_civilization_exam_question_reference_v1	20	search_tags	jsonb	jsonb	YES	
cx22073jw	vw_civilization_exam_question_reference_v1	21	safety_notes	jsonb	jsonb	YES	
cx22073jw	vw_civilization_exam_question_reference_v1	22	cx_priority	text	text	YES	
cx22073jw	vw_civilization_foundation_history_detail_reference_v1	1	detail_entry_code	text	text	YES	
cx22073jw	vw_civilization_foundation_history_detail_reference_v1	2	topic_code	text	text	YES	
cx22073jw	vw_civilization_foundation_history_detail_reference_v1	3	topic_name_ja	text	text	YES	
cx22073jw	vw_civilization_foundation_history_detail_reference_v1	4	source_foundation_history_code	text	text	YES	
cx22073jw	vw_civilization_foundation_history_detail_reference_v1	5	canon_scope_code	text	text	YES	
cx22073jw	vw_civilization_foundation_history_detail_reference_v1	6	detail_type_code	text	text	YES	
cx22073jw	vw_civilization_foundation_history_detail_reference_v1	7	world_code	text	text	YES	
cx22073jw	vw_civilization_foundation_history_detail_reference_v1	8	civilization_arc_code	text	text	YES	
cx22073jw	vw_civilization_foundation_history_detail_reference_v1	9	civ_year_start	integer	int4	YES	
cx22073jw	vw_civilization_foundation_history_detail_reference_v1	10	civ_year_end	integer	int4	YES	
cx22073jw	vw_civilization_foundation_history_detail_reference_v1	11	sort_order	integer	int4	YES	
cx22073jw	vw_civilization_foundation_history_detail_reference_v1	12	title_ja	text	text	YES	
cx22073jw	vw_civilization_foundation_history_detail_reference_v1	13	short_summary_ja	text	text	YES	
cx22073jw	vw_civilization_foundation_history_detail_reference_v1	14	detail_ja	text	text	YES	
cx22073jw	vw_civilization_foundation_history_detail_reference_v1	15	background_ja	text	text	YES	
cx22073jw	vw_civilization_foundation_history_detail_reference_v1	16	process_ja	text	text	YES	
cx22073jw	vw_civilization_foundation_history_detail_reference_v1	17	result_ja	text	text	YES	
cx22073jw	vw_civilization_foundation_history_detail_reference_v1	18	significance_ja	text	text	YES	
cx22073jw	vw_civilization_foundation_history_detail_reference_v1	19	main_actors	jsonb	jsonb	YES	
cx22073jw	vw_civilization_foundation_history_detail_reference_v1	20	related_terms	jsonb	jsonb	YES	
cx22073jw	vw_civilization_foundation_history_detail_reference_v1	21	related_events	jsonb	jsonb	YES	
cx22073jw	vw_civilization_foundation_history_detail_reference_v1	22	related_detail_codes	jsonb	jsonb	YES	
cx22073jw	vw_civilization_foundation_history_detail_reference_v1	23	learning_points_ja	jsonb	jsonb	YES	
cx22073jw	vw_civilization_foundation_history_detail_reference_v1	24	common_confusions_ja	jsonb	jsonb	YES	
cx22073jw	vw_civilization_foundation_history_detail_reference_v1	25	related_roles	jsonb	jsonb	YES	
cx22073jw	vw_civilization_foundation_history_detail_reference_v1	26	search_tags	jsonb	jsonb	YES	
cx22073jw	vw_civilization_foundation_history_detail_reference_v1	27	safety_notes	jsonb	jsonb	YES	
cx22073jw	vw_civilization_foundation_history_detail_reference_v1	28	cx_priority	text	text	YES	
cx22073jw	vw_civilization_foundation_history_reference_v1	1	foundation_history_entry_code	text	text	YES	
cx22073jw	vw_civilization_foundation_history_reference_v1	2	topic_code	text	text	YES	
cx22073jw	vw_civilization_foundation_history_reference_v1	3	topic_name_ja	text	text	YES	
cx22073jw	vw_civilization_foundation_history_reference_v1	4	canon_scope_code	text	text	YES	
cx22073jw	vw_civilization_foundation_history_reference_v1	5	civilization_year_start	integer	int4	YES	
cx22073jw	vw_civilization_foundation_history_reference_v1	6	civilization_year_end	integer	int4	YES	
cx22073jw	vw_civilization_foundation_history_reference_v1	7	event_order	integer	int4	YES	
cx22073jw	vw_civilization_foundation_history_reference_v1	8	title_ja	text	text	YES	
cx22073jw	vw_civilization_foundation_history_reference_v1	9	summary_ja	text	text	YES	
cx22073jw	vw_civilization_foundation_history_reference_v1	10	detail_ja	text	text	YES	
cx22073jw	vw_civilization_foundation_history_reference_v1	11	related_entities	jsonb	jsonb	YES	
cx22073jw	vw_civilization_foundation_history_reference_v1	12	related_roles	jsonb	jsonb	YES	
cx22073jw	vw_civilization_foundation_history_reference_v1	13	search_tags	jsonb	jsonb	YES	
cx22073jw	vw_civilization_foundation_history_reference_v1	14	safety_notes	jsonb	jsonb	YES	
cx22073jw	vw_civilization_foundation_history_reference_v1	15	cx_priority	text	text	YES	
cx22073jw	vw_civilization_foundation_history_reference_v1	16	source_note	text	text	YES	
cx22073jw	vw_earth_history_detail_reference_v1	1	detail_entry_code	text	text	YES	
cx22073jw	vw_earth_history_detail_reference_v1	2	topic_code	text	text	YES	
cx22073jw	vw_earth_history_detail_reference_v1	3	topic_name_ja	text	text	YES	
cx22073jw	vw_earth_history_detail_reference_v1	4	source_history_entry_code	text	text	YES	
cx22073jw	vw_earth_history_detail_reference_v1	5	history_scope_code	text	text	YES	
cx22073jw	vw_earth_history_detail_reference_v1	6	detail_type_code	text	text	YES	
cx22073jw	vw_earth_history_detail_reference_v1	7	country_code	text	text	YES	
cx22073jw	vw_earth_history_detail_reference_v1	8	region_code	text	text	YES	
cx22073jw	vw_earth_history_detail_reference_v1	9	period_code	text	text	YES	
cx22073jw	vw_earth_history_detail_reference_v1	10	theme_code	text	text	YES	
cx22073jw	vw_earth_history_detail_reference_v1	11	year_start	integer	int4	YES	
cx22073jw	vw_earth_history_detail_reference_v1	12	year_end	integer	int4	YES	
cx22073jw	vw_earth_history_detail_reference_v1	13	title_ja	text	text	YES	
cx22073jw	vw_earth_history_detail_reference_v1	14	short_summary_ja	text	text	YES	
cx22073jw	vw_earth_history_detail_reference_v1	15	detail_ja	text	text	YES	
cx22073jw	vw_earth_history_detail_reference_v1	16	background_ja	text	text	YES	
cx22073jw	vw_earth_history_detail_reference_v1	17	process_ja	text	text	YES	
cx22073jw	vw_earth_history_detail_reference_v1	18	result_ja	text	text	YES	
cx22073jw	vw_earth_history_detail_reference_v1	19	significance_ja	text	text	YES	
cx22073jw	vw_earth_history_detail_reference_v1	20	main_actors	jsonb	jsonb	YES	
cx22073jw	vw_earth_history_detail_reference_v1	21	related_terms	jsonb	jsonb	YES	
cx22073jw	vw_earth_history_detail_reference_v1	22	related_events	jsonb	jsonb	YES	
cx22073jw	vw_earth_history_detail_reference_v1	23	related_persons	jsonb	jsonb	YES	
cx22073jw	vw_earth_history_detail_reference_v1	24	learning_points_ja	jsonb	jsonb	YES	
cx22073jw	vw_earth_history_detail_reference_v1	25	common_confusions_ja	jsonb	jsonb	YES	
cx22073jw	vw_earth_history_detail_reference_v1	26	related_roles	jsonb	jsonb	YES	
cx22073jw	vw_earth_history_detail_reference_v1	27	search_tags	jsonb	jsonb	YES	
cx22073jw	vw_earth_history_detail_reference_v1	28	safety_notes	jsonb	jsonb	YES	
cx22073jw	vw_earth_history_detail_reference_v1	29	cx_priority	text	text	YES	
cx22073jw	vw_earth_history_knowledge_reference_v1	1	earth_history_entry_code	text	text	YES	
cx22073jw	vw_earth_history_knowledge_reference_v1	2	topic_code	text	text	YES	
cx22073jw	vw_earth_history_knowledge_reference_v1	3	topic_name_ja	text	text	YES	
cx22073jw	vw_earth_history_knowledge_reference_v1	4	history_scope_code	text	text	YES	
cx22073jw	vw_earth_history_knowledge_reference_v1	5	region_code	text	text	YES	
cx22073jw	vw_earth_history_knowledge_reference_v1	6	country_code	text	text	YES	
cx22073jw	vw_earth_history_knowledge_reference_v1	7	period_code	text	text	YES	
cx22073jw	vw_earth_history_knowledge_reference_v1	8	theme_code	text	text	YES	
cx22073jw	vw_earth_history_knowledge_reference_v1	9	title_ja	text	text	YES	
cx22073jw	vw_earth_history_knowledge_reference_v1	10	summary_ja	text	text	YES	
cx22073jw	vw_earth_history_knowledge_reference_v1	11	detail_ja	text	text	YES	
cx22073jw	vw_earth_history_knowledge_reference_v1	12	related_roles	jsonb	jsonb	YES	
cx22073jw	vw_earth_history_knowledge_reference_v1	13	search_tags	jsonb	jsonb	YES	
cx22073jw	vw_earth_history_knowledge_reference_v1	14	safety_notes	jsonb	jsonb	YES	
cx22073jw	vw_earth_history_knowledge_reference_v1	15	cx_priority	text	text	YES	
cx22073jw	vw_executive_strategy_knowledge_catalog	1	package_code	text	text	YES	
cx22073jw	vw_executive_strategy_knowledge_catalog	2	package_name	text	text	YES	
cx22073jw	vw_executive_strategy_knowledge_catalog	3	package_name_ja	text	text	YES	
cx22073jw	vw_executive_strategy_knowledge_catalog	4	package_summary	text	text	YES	
cx22073jw	vw_executive_strategy_knowledge_catalog	5	topic_code	text	text	YES	
cx22073jw	vw_executive_strategy_knowledge_catalog	6	topic_name	text	text	YES	
cx22073jw	vw_executive_strategy_knowledge_catalog	7	topic_name_ja	text	text	YES	
cx22073jw	vw_executive_strategy_knowledge_catalog	8	topic_summary	text	text	YES	
cx22073jw	vw_executive_strategy_knowledge_catalog	9	material_code	text	text	YES	
cx22073jw	vw_executive_strategy_knowledge_catalog	10	material_title	text	text	YES	
cx22073jw	vw_executive_strategy_knowledge_catalog	11	material_summary	text	text	YES	
cx22073jw	vw_executive_strategy_knowledge_catalog	12	material_body	text	text	YES	
cx22073jw	vw_executive_strategy_knowledge_catalog	13	material_kind_code	text	text	YES	
cx22073jw	vw_executive_strategy_knowledge_catalog	14	risk_level_code	text	text	YES	
cx22073jw	vw_executive_strategy_knowledge_catalog	15	tags_jsonb	jsonb	jsonb	YES	
cx22073jw	vw_executive_strategy_knowledge_catalog	16	sort_order	integer	int4	YES	
cx22073jw	vw_executive_strategy_knowledge_catalog	17	reference_search_text	text	text	YES	
cx22073jw	vw_foundation_knowledge_material_v1	1	material_code	text	text	YES	
cx22073jw	vw_foundation_knowledge_material_v1	2	topic_code	text	text	YES	
cx22073jw	vw_foundation_knowledge_material_v1	3	topic_name_ja	text	text	YES	
cx22073jw	vw_foundation_knowledge_material_v1	4	topic_group_code	text	text	YES	
cx22073jw	vw_foundation_knowledge_material_v1	5	material_title_ja	text	text	YES	
cx22073jw	vw_foundation_knowledge_material_v1	6	material_type_code	text	text	YES	
cx22073jw	vw_foundation_knowledge_material_v1	7	material_body_ja	text	text	YES	
cx22073jw	vw_foundation_knowledge_material_v1	8	usage_tags	jsonb	jsonb	YES	
cx22073jw	vw_foundation_knowledge_material_v1	9	safety_notes	jsonb	jsonb	YES	
cx22073jw	vw_foundation_knowledge_material_v1	10	cx_priority	text	text	YES	
cx22073jw	vw_history_detail_unified_reference_v1	1	history_domain_code	text	text	YES	
cx22073jw	vw_history_detail_unified_reference_v1	2	detail_entry_code	text	text	YES	
cx22073jw	vw_history_detail_unified_reference_v1	3	topic_code	text	text	YES	
cx22073jw	vw_history_detail_unified_reference_v1	4	topic_name_ja	text	text	YES	
cx22073jw	vw_history_detail_unified_reference_v1	5	source_parent_code	text	text	YES	
cx22073jw	vw_history_detail_unified_reference_v1	6	scope_code	text	text	YES	
cx22073jw	vw_history_detail_unified_reference_v1	7	detail_type_code	text	text	YES	
cx22073jw	vw_history_detail_unified_reference_v1	8	country_code	text	text	YES	
cx22073jw	vw_history_detail_unified_reference_v1	9	region_code	text	text	YES	
cx22073jw	vw_history_detail_unified_reference_v1	10	period_code	text	text	YES	
cx22073jw	vw_history_detail_unified_reference_v1	11	theme_code	text	text	YES	
cx22073jw	vw_history_detail_unified_reference_v1	12	civilization_arc_code	text	text	YES	
cx22073jw	vw_history_detail_unified_reference_v1	13	year_start	integer	int4	YES	
cx22073jw	vw_history_detail_unified_reference_v1	14	year_end	integer	int4	YES	
cx22073jw	vw_history_detail_unified_reference_v1	15	sort_order	integer	int4	YES	
cx22073jw	vw_history_detail_unified_reference_v1	16	title_ja	text	text	YES	
cx22073jw	vw_history_detail_unified_reference_v1	17	short_summary_ja	text	text	YES	
cx22073jw	vw_history_detail_unified_reference_v1	18	detail_ja	text	text	YES	
cx22073jw	vw_history_detail_unified_reference_v1	19	background_ja	text	text	YES	
cx22073jw	vw_history_detail_unified_reference_v1	20	process_ja	text	text	YES	
cx22073jw	vw_history_detail_unified_reference_v1	21	result_ja	text	text	YES	
cx22073jw	vw_history_detail_unified_reference_v1	22	significance_ja	text	text	YES	
cx22073jw	vw_history_detail_unified_reference_v1	23	main_actors	jsonb	jsonb	YES	
cx22073jw	vw_history_detail_unified_reference_v1	24	related_terms	jsonb	jsonb	YES	
cx22073jw	vw_history_detail_unified_reference_v1	25	related_events	jsonb	jsonb	YES	
cx22073jw	vw_history_detail_unified_reference_v1	26	related_persons	jsonb	jsonb	YES	
cx22073jw	vw_history_detail_unified_reference_v1	27	related_detail_codes	jsonb	jsonb	YES	
cx22073jw	vw_history_detail_unified_reference_v1	28	learning_points_ja	jsonb	jsonb	YES	
cx22073jw	vw_history_detail_unified_reference_v1	29	common_confusions_ja	jsonb	jsonb	YES	
cx22073jw	vw_history_detail_unified_reference_v1	30	related_roles	jsonb	jsonb	YES	
cx22073jw	vw_history_detail_unified_reference_v1	31	search_tags	jsonb	jsonb	YES	
cx22073jw	vw_history_detail_unified_reference_v1	32	safety_notes	jsonb	jsonb	YES	
cx22073jw	vw_history_detail_unified_reference_v1	33	cx_priority	text	text	YES	
cx22073jw	vw_history_detail_unified_reference_v1	34	note_text	text	text	YES	
cx22073jw	vw_history_detail_unified_reference_v1	35	created_at	timestamp with time zone	timestamptz	YES	
cx22073jw	vw_history_detail_unified_reference_v1	36	updated_at	timestamp with time zone	timestamptz	YES	
cx22073jw	vw_history_exam_question_unified_reference_v1	1	question_code	text	text	YES	
cx22073jw	vw_history_exam_question_unified_reference_v1	2	exam_domain_code	text	text	YES	
cx22073jw	vw_history_exam_question_unified_reference_v1	3	source_reference_type	text	text	YES	
cx22073jw	vw_history_exam_question_unified_reference_v1	4	source_reference_code	text	text	YES	
cx22073jw	vw_history_exam_question_unified_reference_v1	5	country_code	text	text	YES	
cx22073jw	vw_history_exam_question_unified_reference_v1	6	region_code	text	text	YES	
cx22073jw	vw_history_exam_question_unified_reference_v1	7	period_code	text	text	YES	
cx22073jw	vw_history_exam_question_unified_reference_v1	8	theme_code	text	text	YES	
cx22073jw	vw_history_exam_question_unified_reference_v1	9	question_type_code	text	text	YES	
cx22073jw	vw_history_exam_question_unified_reference_v1	10	question_text_ja	text	text	YES	
cx22073jw	vw_history_exam_question_unified_reference_v1	11	answer_ja	text	text	YES	
cx22073jw	vw_history_exam_question_unified_reference_v1	12	explanation_ja	text	text	YES	
cx22073jw	vw_history_exam_question_unified_reference_v1	13	difficulty_code	text	text	YES	
cx22073jw	vw_history_exam_question_unified_reference_v1	14	target_exam_context_code	text	text	YES	
cx22073jw	vw_history_exam_question_unified_reference_v1	15	related_detail_codes	jsonb	jsonb	YES	
cx22073jw	vw_history_exam_question_unified_reference_v1	16	related_terms	jsonb	jsonb	YES	
cx22073jw	vw_history_exam_question_unified_reference_v1	17	related_events	jsonb	jsonb	YES	
cx22073jw	vw_history_exam_question_unified_reference_v1	18	related_persons	jsonb	jsonb	YES	
cx22073jw	vw_history_exam_question_unified_reference_v1	19	related_roles	jsonb	jsonb	YES	
cx22073jw	vw_history_exam_question_unified_reference_v1	20	search_tags	jsonb	jsonb	YES	
cx22073jw	vw_history_exam_question_unified_reference_v1	21	safety_notes	jsonb	jsonb	YES	
cx22073jw	vw_history_exam_question_unified_reference_v1	22	cx_priority	text	text	YES	
cx22073jw	vw_history_exam_question_unified_reference_v1	23	note_text	text	text	YES	
cx22073jw	vw_history_exam_question_unified_reference_v1	24	created_at	timestamp with time zone	timestamptz	YES	
cx22073jw	vw_history_exam_question_unified_reference_v1	25	updated_at	timestamp with time zone	timestamptz	YES	
cx22073jw	vw_knowledge_directory	1	knowledge_code	text	text	YES	
cx22073jw	vw_knowledge_directory	2	knowledge_name	text	text	YES	
cx22073jw	vw_knowledge_directory	3	domain_code	text	text	YES	
cx22073jw	vw_knowledge_directory	4	locale_code	text	text	YES	
cx22073jw	vw_knowledge_directory	5	summary_text	text	text	YES	
cx22073jw	vw_knowledge_directory	6	body_text	text	text	YES	
cx22073jw	vw_knowledge_directory	7	enabled	boolean	bool	YES	
cx22073jw	vw_knowledge_directory	8	sort_order	integer	int4	YES	
cx22073jw	vw_knowledge_directory	9	created_at	timestamp with time zone	timestamptz	YES	
cx22073jw	vw_knowledge_directory	10	updated_at	timestamp with time zone	timestamptz	YES	
cx22073jw	vw_knowledge_directory	11	knowledge_search_text	text	text	YES	
cx22073jw	vw_robot_model_civilization_exam_reference_v1	1	model_code	text	text	YES	
cx22073jw	vw_robot_model_civilization_exam_reference_v1	2	series_code	text	text	YES	
cx22073jw	vw_robot_model_civilization_exam_reference_v1	3	role_code	text	text	YES	
cx22073jw	vw_robot_model_civilization_exam_reference_v1	4	question_code	text	text	YES	
cx22073jw	vw_robot_model_civilization_exam_reference_v1	5	exam_domain_code	text	text	YES	
cx22073jw	vw_robot_model_civilization_exam_reference_v1	6	source_reference_type	text	text	YES	
cx22073jw	vw_robot_model_civilization_exam_reference_v1	7	country_code	text	text	YES	
cx22073jw	vw_robot_model_civilization_exam_reference_v1	8	region_code	text	text	YES	
cx22073jw	vw_robot_model_civilization_exam_reference_v1	9	period_code	text	text	YES	
cx22073jw	vw_robot_model_civilization_exam_reference_v1	10	question_type_code	text	text	YES	
cx22073jw	vw_robot_model_civilization_exam_reference_v1	11	question_text_ja	text	text	YES	
cx22073jw	vw_robot_model_civilization_exam_reference_v1	12	answer_ja	text	text	YES	
cx22073jw	vw_robot_model_civilization_exam_reference_v1	13	explanation_ja	text	text	YES	
cx22073jw	vw_robot_model_civilization_exam_reference_v1	14	difficulty_code	text	text	YES	
cx22073jw	vw_robot_model_civilization_exam_reference_v1	15	target_exam_context_code	text	text	YES	
cx22073jw	vw_robot_model_civilization_exam_reference_v1	16	search_tags	jsonb	jsonb	YES	
cx22073jw	vw_robot_model_civilization_exam_reference_v1	17	safety_notes	jsonb	jsonb	YES	
cx22073jw	vw_robot_model_civilization_exam_reference_v1	18	cx_priority	text	text	YES	
cx22073jw	vw_robot_model_civilization_foundation_history_detail_reference	1	model_code	text	text	YES	
cx22073jw	vw_robot_model_civilization_foundation_history_detail_reference	2	series_code	text	text	YES	
cx22073jw	vw_robot_model_civilization_foundation_history_detail_reference	3	role_code	text	text	YES	
cx22073jw	vw_robot_model_civilization_foundation_history_detail_reference	4	detail_entry_code	text	text	YES	
cx22073jw	vw_robot_model_civilization_foundation_history_detail_reference	5	canon_scope_code	text	text	YES	
cx22073jw	vw_robot_model_civilization_foundation_history_detail_reference	6	detail_type_code	text	text	YES	
cx22073jw	vw_robot_model_civilization_foundation_history_detail_reference	7	civilization_arc_code	text	text	YES	
cx22073jw	vw_robot_model_civilization_foundation_history_detail_reference	8	civ_year_start	integer	int4	YES	
cx22073jw	vw_robot_model_civilization_foundation_history_detail_reference	9	civ_year_end	integer	int4	YES	
cx22073jw	vw_robot_model_civilization_foundation_history_detail_reference	10	title_ja	text	text	YES	
cx22073jw	vw_robot_model_civilization_foundation_history_detail_reference	11	short_summary_ja	text	text	YES	
cx22073jw	vw_robot_model_civilization_foundation_history_detail_reference	12	detail_ja	text	text	YES	
cx22073jw	vw_robot_model_civilization_foundation_history_detail_reference	13	learning_points_ja	jsonb	jsonb	YES	
cx22073jw	vw_robot_model_civilization_foundation_history_detail_reference	14	search_tags	jsonb	jsonb	YES	
cx22073jw	vw_robot_model_civilization_foundation_history_detail_reference	15	safety_notes	jsonb	jsonb	YES	
cx22073jw	vw_robot_model_civilization_foundation_history_detail_reference	16	cx_priority	text	text	YES	
cx22073jw	vw_robot_model_cx_reference_coverage_v1	1	model_code	text	text	YES	
cx22073jw	vw_robot_model_cx_reference_coverage_v1	2	series_code	text	text	YES	
cx22073jw	vw_robot_model_cx_reference_coverage_v1	3	role_count	bigint	int8	YES	
cx22073jw	vw_robot_model_cx_reference_coverage_v1	4	topic_count	bigint	int8	YES	
cx22073jw	vw_robot_model_cx_reference_coverage_v1	5	material_count	bigint	int8	YES	
cx22073jw	vw_robot_model_cx_reference_coverage_v1	6	coverage_status	text	text	YES	
cx22073jw	vw_robot_model_earth_history_detail_reference_v1	1	model_code	text	text	YES	
cx22073jw	vw_robot_model_earth_history_detail_reference_v1	2	series_code	text	text	YES	
cx22073jw	vw_robot_model_earth_history_detail_reference_v1	3	role_code	text	text	YES	
cx22073jw	vw_robot_model_earth_history_detail_reference_v1	4	detail_entry_code	text	text	YES	
cx22073jw	vw_robot_model_earth_history_detail_reference_v1	5	detail_type_code	text	text	YES	
cx22073jw	vw_robot_model_earth_history_detail_reference_v1	6	country_code	text	text	YES	
cx22073jw	vw_robot_model_earth_history_detail_reference_v1	7	region_code	text	text	YES	
cx22073jw	vw_robot_model_earth_history_detail_reference_v1	8	period_code	text	text	YES	
cx22073jw	vw_robot_model_earth_history_detail_reference_v1	9	title_ja	text	text	YES	
cx22073jw	vw_robot_model_earth_history_detail_reference_v1	10	short_summary_ja	text	text	YES	
cx22073jw	vw_robot_model_earth_history_detail_reference_v1	11	detail_ja	text	text	YES	
cx22073jw	vw_robot_model_earth_history_detail_reference_v1	12	learning_points_ja	jsonb	jsonb	YES	
cx22073jw	vw_robot_model_earth_history_detail_reference_v1	13	search_tags	jsonb	jsonb	YES	
cx22073jw	vw_robot_model_earth_history_detail_reference_v1	14	safety_notes	jsonb	jsonb	YES	
cx22073jw	vw_robot_model_earth_history_detail_reference_v1	15	cx_priority	text	text	YES	
cx22073jw	vw_robot_model_foundation_material_reference_v1	1	model_code	text	text	YES	
cx22073jw	vw_robot_model_foundation_material_reference_v1	2	series_code	text	text	YES	
cx22073jw	vw_robot_model_foundation_material_reference_v1	3	role_code	text	text	YES	
cx22073jw	vw_robot_model_foundation_material_reference_v1	4	role_name_ja	text	text	YES	
cx22073jw	vw_robot_model_foundation_material_reference_v1	5	role_group_code	text	text	YES	
cx22073jw	vw_robot_model_foundation_material_reference_v1	6	topic_code	text	text	YES	
cx22073jw	vw_robot_model_foundation_material_reference_v1	7	topic_name_ja	text	text	YES	
cx22073jw	vw_robot_model_foundation_material_reference_v1	8	topic_group_code	text	text	YES	
cx22073jw	vw_robot_model_foundation_material_reference_v1	9	binding_priority	text	text	YES	
cx22073jw	vw_robot_model_foundation_material_reference_v1	10	usage_note_ja	text	text	YES	
cx22073jw	vw_robot_model_foundation_material_reference_v1	11	material_code	text	text	YES	
cx22073jw	vw_robot_model_foundation_material_reference_v1	12	material_title_ja	text	text	YES	
cx22073jw	vw_robot_model_foundation_material_reference_v1	13	material_type_code	text	text	YES	
cx22073jw	vw_robot_model_foundation_material_reference_v1	14	material_body_ja	text	text	YES	
cx22073jw	vw_robot_model_foundation_material_reference_v1	15	usage_tags	jsonb	jsonb	YES	
cx22073jw	vw_robot_model_foundation_material_reference_v1	16	safety_notes	jsonb	jsonb	YES	
cx22073jw	vw_robot_model_foundation_material_reference_v1	17	material_priority	text	text	YES	
cx22073jw	vw_robot_model_full_reference_v1	1	robot_pool_id	uuid	uuid	YES	
cx22073jw	vw_robot_model_full_reference_v1	2	aiworker_model_code	text	text	YES	
cx22073jw	vw_robot_model_full_reference_v1	3	aiworker_series_code	text	text	YES	
cx22073jw	vw_robot_model_full_reference_v1	4	manufacturer_code	text	text	YES	
cx22073jw	vw_robot_model_full_reference_v1	5	display_name	text	text	YES	
cx22073jw	vw_robot_model_full_reference_v1	6	business_offer_code	text	text	YES	
cx22073jw	vw_robot_model_full_reference_v1	7	available_quantity	integer	int4	YES	
cx22073jw	vw_robot_model_full_reference_v1	8	reserved_quantity	integer	int4	YES	
cx22073jw	vw_robot_model_full_reference_v1	9	visible_available_quantity	integer	int4	YES	
cx22073jw	vw_robot_model_full_reference_v1	10	placement_role_codes	ARRAY	_text	YES	
cx22073jw	vw_robot_model_full_reference_v1	11	personality_label_ja	text	text	YES	
cx22073jw	vw_robot_model_full_reference_v1	12	worker_behavior_ja	text	text	YES	
cx22073jw	vw_robot_model_full_reference_v1	13	friend_lover_behavior_ja	text	text	YES	
cx22073jw	vw_robot_model_full_reference_v1	14	safety_note_ja	text	text	YES	
cx22073jw	vw_robot_model_full_reference_v1	15	initiative_axis_code	text	text	YES	
cx22073jw	vw_robot_model_full_reference_v1	16	user_influence_axis_code	text	text	YES	
cx22073jw	vw_robot_model_full_reference_v1	17	action_restriction_axis_code	text	text	YES	
cx22073jw	vw_robot_model_full_reference_v1	18	series_behavior_summary_ja	text	text	YES	
cx22073jw	vw_robot_model_full_reference_v1	19	canon_owner	text	text	YES	
cx22073jw	vw_robot_model_full_reference_v1	20	cx_reference_mode	text	text	YES	
cx22073jw	vw_robot_model_full_reference_v1	21	status_code	text	text	YES	
cx22073jw	vw_robot_model_full_reference_v1	22	updated_at	timestamp with time zone	timestamptz	YES	
cx22073jw	vw_robot_model_full_reference_v2	1	robot_pool_id	uuid	uuid	YES	
cx22073jw	vw_robot_model_full_reference_v2	2	aiworker_model_code	text	text	YES	
cx22073jw	vw_robot_model_full_reference_v2	3	aiworker_series_code	text	text	YES	
cx22073jw	vw_robot_model_full_reference_v2	4	manufacturer_code	text	text	YES	
cx22073jw	vw_robot_model_full_reference_v2	5	display_name	text	text	YES	
cx22073jw	vw_robot_model_full_reference_v2	6	business_offer_code	text	text	YES	
cx22073jw	vw_robot_model_full_reference_v2	7	available_quantity	integer	int4	YES	
cx22073jw	vw_robot_model_full_reference_v2	8	reserved_quantity	integer	int4	YES	
cx22073jw	vw_robot_model_full_reference_v2	9	visible_available_quantity	integer	int4	YES	
cx22073jw	vw_robot_model_full_reference_v2	10	placement_role_codes	ARRAY	_text	YES	
cx22073jw	vw_robot_model_full_reference_v2	11	personality_label_ja	text	text	YES	
cx22073jw	vw_robot_model_full_reference_v2	12	worker_behavior_ja	text	text	YES	
cx22073jw	vw_robot_model_full_reference_v2	13	friend_lover_behavior_ja	text	text	YES	
cx22073jw	vw_robot_model_full_reference_v2	14	personality_safety_note_ja	text	text	YES	
cx22073jw	vw_robot_model_full_reference_v2	15	initiative_axis_code	text	text	YES	
cx22073jw	vw_robot_model_full_reference_v2	16	user_influence_axis_code	text	text	YES	
cx22073jw	vw_robot_model_full_reference_v2	17	action_restriction_axis_code	text	text	YES	
cx22073jw	vw_robot_model_full_reference_v2	18	series_behavior_summary_ja	text	text	YES	
cx22073jw	vw_robot_model_full_reference_v2	19	public_profile_status_code	text	text	YES	
cx22073jw	vw_robot_model_full_reference_v2	20	profile_scope_code	text	text	YES	
cx22073jw	vw_robot_model_full_reference_v2	21	form_code	text	text	YES	
cx22073jw	vw_robot_model_full_reference_v2	22	personality_no	text	text	YES	
cx22073jw	vw_robot_model_full_reference_v2	23	height_cm	integer	int4	YES	
cx22073jw	vw_robot_model_full_reference_v2	24	bust_cm	integer	int4	YES	
cx22073jw	vw_robot_model_full_reference_v2	25	waist_cm	integer	int4	YES	
cx22073jw	vw_robot_model_full_reference_v2	26	hip_cm	integer	int4	YES	
cx22073jw	vw_robot_model_full_reference_v2	27	body_profile_note_ja	text	text	YES	
cx22073jw	vw_robot_model_full_reference_v2	28	public_profile_safety_note_ja	text	text	YES	
cx22073jw	vw_robot_model_full_reference_v2	29	canon_owner	text	text	YES	
cx22073jw	vw_robot_model_full_reference_v2	30	cx_reference_mode	text	text	YES	
cx22073jw	vw_robot_model_full_reference_v2	31	status_code	text	text	YES	
cx22073jw	vw_robot_model_full_reference_v2	32	updated_at	timestamp with time zone	timestamptz	YES	
cx22073jw	vw_robot_model_full_reference_v3	1	model_code	text	text	YES	
cx22073jw	vw_robot_model_full_reference_v3	2	series_code	text	text	YES	
cx22073jw	vw_robot_model_full_reference_v3	3	series_name_ja	text	text	YES	
cx22073jw	vw_robot_model_full_reference_v3	4	manufacturer_name	text	text	YES	
cx22073jw	vw_robot_model_full_reference_v3	5	role_code	text	text	YES	
cx22073jw	vw_robot_model_full_reference_v3	6	role_name_ja	text	text	YES	
cx22073jw	vw_robot_model_full_reference_v3	7	role_group_code	text	text	YES	
cx22073jw	vw_robot_model_full_reference_v3	8	cx_priority	text	text	YES	
cx22073jw	vw_robot_model_full_reference_v3	9	binding_type	text	text	YES	
cx22073jw	vw_robot_model_full_reference_v3	10	binding_note	text	text	YES	
cx22073jw	vw_robot_model_full_reference_v3	11	cx_knowledge_domains	jsonb	jsonb	YES	
cx22073jw	vw_robot_model_full_reference_v3	12	primary_use_cases	jsonb	jsonb	YES	
cx22073jw	vw_robot_model_full_reference_v3	13	ai_company_manager_usage	jsonb	jsonb	YES	
cx22073jw	vw_robot_model_full_reference_v3	14	recommended_templates	jsonb	jsonb	YES	
cx22073jw	vw_robot_model_full_reference_v3	15	risk_and_safety_notes	jsonb	jsonb	YES	
cx22073jw	vw_robot_model_full_reference_v3	16	forbidden_uses	jsonb	jsonb	YES	
cx22073jw	vw_robot_model_full_reference_v3	17	search_tags	jsonb	jsonb	YES	
cx22073jw	vw_robot_model_full_reference_v3	18	series_supplement_json	jsonb	jsonb	YES	
cx22073jw	vw_robot_model_full_reference_v3	19	series_safety_notes	jsonb	jsonb	YES	
cx22073jw	vw_robot_model_history_detail_coverage_v1	1	model_code	text	text	YES	
cx22073jw	vw_robot_model_history_detail_coverage_v1	2	series_code	text	text	YES	
cx22073jw	vw_robot_model_history_detail_coverage_v1	3	total_history_detail_ref_count	bigint	int8	YES	
cx22073jw	vw_robot_model_history_detail_coverage_v1	4	earth_history_detail_ref_count	bigint	int8	YES	
cx22073jw	vw_robot_model_history_detail_coverage_v1	5	civilization_foundation_history_detail_ref_count	bigint	int8	YES	
cx22073jw	vw_robot_model_history_detail_coverage_v1	6	total_history_exam_ref_count	bigint	int8	YES	
cx22073jw	vw_robot_model_history_detail_coverage_v1	7	earth_history_exam_ref_count	bigint	int8	YES	
cx22073jw	vw_robot_model_history_detail_coverage_v1	8	civilization_foundation_history_exam_ref_count	bigint	int8	YES	
cx22073jw	vw_robot_model_history_detail_coverage_v1	9	history_detail_coverage_status	text	text	YES	
cx22073jw	vw_robot_model_history_detail_coverage_v1	10	history_exam_coverage_status	text	text	YES	
cx22073jw	vw_robot_model_history_detail_unified_reference_v1	1	model_code	text	text	YES	
cx22073jw	vw_robot_model_history_detail_unified_reference_v1	2	series_code	text	text	YES	
cx22073jw	vw_robot_model_history_detail_unified_reference_v1	3	role_code	text	text	YES	
cx22073jw	vw_robot_model_history_detail_unified_reference_v1	4	history_domain_code	text	text	YES	
cx22073jw	vw_robot_model_history_detail_unified_reference_v1	5	detail_entry_code	text	text	YES	
cx22073jw	vw_robot_model_history_detail_unified_reference_v1	6	scope_code	text	text	YES	
cx22073jw	vw_robot_model_history_detail_unified_reference_v1	7	detail_type_code	text	text	YES	
cx22073jw	vw_robot_model_history_detail_unified_reference_v1	8	country_code	text	text	YES	
cx22073jw	vw_robot_model_history_detail_unified_reference_v1	9	region_code	text	text	YES	
cx22073jw	vw_robot_model_history_detail_unified_reference_v1	10	period_code	text	text	YES	
cx22073jw	vw_robot_model_history_detail_unified_reference_v1	11	theme_code	text	text	YES	
cx22073jw	vw_robot_model_history_detail_unified_reference_v1	12	civilization_arc_code	text	text	YES	
cx22073jw	vw_robot_model_history_detail_unified_reference_v1	13	year_start	integer	int4	YES	
cx22073jw	vw_robot_model_history_detail_unified_reference_v1	14	year_end	integer	int4	YES	
cx22073jw	vw_robot_model_history_detail_unified_reference_v1	15	sort_order	integer	int4	YES	
cx22073jw	vw_robot_model_history_detail_unified_reference_v1	16	title_ja	text	text	YES	
cx22073jw	vw_robot_model_history_detail_unified_reference_v1	17	short_summary_ja	text	text	YES	
cx22073jw	vw_robot_model_history_detail_unified_reference_v1	18	detail_ja	text	text	YES	
cx22073jw	vw_robot_model_history_detail_unified_reference_v1	19	learning_points_ja	jsonb	jsonb	YES	
cx22073jw	vw_robot_model_history_detail_unified_reference_v1	20	common_confusions_ja	jsonb	jsonb	YES	
cx22073jw	vw_robot_model_history_detail_unified_reference_v1	21	search_tags	jsonb	jsonb	YES	
cx22073jw	vw_robot_model_history_detail_unified_reference_v1	22	safety_notes	jsonb	jsonb	YES	
cx22073jw	vw_robot_model_history_detail_unified_reference_v1	23	cx_priority	text	text	YES	
cx22073jw	vw_robot_model_history_exam_unified_reference_v1	1	model_code	text	text	YES	
cx22073jw	vw_robot_model_history_exam_unified_reference_v1	2	series_code	text	text	YES	
cx22073jw	vw_robot_model_history_exam_unified_reference_v1	3	role_code	text	text	YES	
cx22073jw	vw_robot_model_history_exam_unified_reference_v1	4	question_code	text	text	YES	
cx22073jw	vw_robot_model_history_exam_unified_reference_v1	5	exam_domain_code	text	text	YES	
cx22073jw	vw_robot_model_history_exam_unified_reference_v1	6	source_reference_type	text	text	YES	
cx22073jw	vw_robot_model_history_exam_unified_reference_v1	7	source_reference_code	text	text	YES	
cx22073jw	vw_robot_model_history_exam_unified_reference_v1	8	country_code	text	text	YES	
cx22073jw	vw_robot_model_history_exam_unified_reference_v1	9	region_code	text	text	YES	
cx22073jw	vw_robot_model_history_exam_unified_reference_v1	10	period_code	text	text	YES	
cx22073jw	vw_robot_model_history_exam_unified_reference_v1	11	theme_code	text	text	YES	
cx22073jw	vw_robot_model_history_exam_unified_reference_v1	12	question_type_code	text	text	YES	
cx22073jw	vw_robot_model_history_exam_unified_reference_v1	13	question_text_ja	text	text	YES	
cx22073jw	vw_robot_model_history_exam_unified_reference_v1	14	answer_ja	text	text	YES	
cx22073jw	vw_robot_model_history_exam_unified_reference_v1	15	explanation_ja	text	text	YES	
cx22073jw	vw_robot_model_history_exam_unified_reference_v1	16	difficulty_code	text	text	YES	
cx22073jw	vw_robot_model_history_exam_unified_reference_v1	17	target_exam_context_code	text	text	YES	
cx22073jw	vw_robot_model_history_exam_unified_reference_v1	18	search_tags	jsonb	jsonb	YES	
cx22073jw	vw_robot_model_history_exam_unified_reference_v1	19	safety_notes	jsonb	jsonb	YES	
cx22073jw	vw_robot_model_history_exam_unified_reference_v1	20	cx_priority	text	text	YES	
cx22073jw	vw_robot_model_history_reference_v1	1	model_code	text	text	YES	
cx22073jw	vw_robot_model_history_reference_v1	2	series_code	text	text	YES	
cx22073jw	vw_robot_model_history_reference_v1	3	role_code	text	text	YES	
cx22073jw	vw_robot_model_history_reference_v1	4	role_name_ja	text	text	YES	
cx22073jw	vw_robot_model_history_reference_v1	5	role_group_code	text	text	YES	
cx22073jw	vw_robot_model_history_reference_v1	6	history_entry_code	text	text	YES	
cx22073jw	vw_robot_model_history_reference_v1	7	history_source_code	text	text	YES	
cx22073jw	vw_robot_model_history_reference_v1	8	title_ja	text	text	YES	
cx22073jw	vw_robot_model_history_reference_v1	9	summary_ja	text	text	YES	
cx22073jw	vw_robot_model_history_reference_v1	10	detail_ja	text	text	YES	
cx22073jw	vw_robot_model_history_reference_v1	11	search_tags	jsonb	jsonb	YES	
cx22073jw	vw_robot_model_history_reference_v1	12	safety_notes	jsonb	jsonb	YES	
cx22073jw	vw_robot_model_history_reference_v1	13	cx_priority	text	text	YES	
cx22073jw	vw_robot_model_role_knowledge_reference_v1	1	model_code	text	text	YES	
cx22073jw	vw_robot_model_role_knowledge_reference_v1	2	series_code	text	text	YES	
cx22073jw	vw_robot_model_role_knowledge_reference_v1	3	role_code	text	text	YES	
cx22073jw	vw_robot_model_role_knowledge_reference_v1	4	role_name_ja	text	text	YES	
cx22073jw	vw_robot_model_role_knowledge_reference_v1	5	role_group_code	text	text	YES	
cx22073jw	vw_robot_model_role_knowledge_reference_v1	6	cx_priority	text	text	YES	
cx22073jw	vw_robot_model_role_knowledge_reference_v1	7	binding_type	text	text	YES	
cx22073jw	vw_robot_model_role_knowledge_reference_v1	8	binding_note	text	text	YES	
cx22073jw	vw_robot_model_role_knowledge_reference_v1	9	cx_knowledge_domains	jsonb	jsonb	YES	
cx22073jw	vw_robot_model_role_knowledge_reference_v1	10	ai_company_manager_usage	jsonb	jsonb	YES	
cx22073jw	vw_robot_model_role_knowledge_reference_v1	11	search_tags	jsonb	jsonb	YES	
cx22073jw	vw_robot_model_role_knowledge_reference_v1	12	forbidden_uses	jsonb	jsonb	YES	
cx22073jw	vw_robot_personality_reference_v1	1	aiworker_model_code	text	text	YES	
cx22073jw	vw_robot_personality_reference_v1	2	aiworker_series_code	text	text	YES	
cx22073jw	vw_robot_personality_reference_v1	3	series_name_ja	text	text	YES	
cx22073jw	vw_robot_personality_reference_v1	4	manufacturer_code	text	text	YES	
cx22073jw	vw_robot_personality_reference_v1	5	model_name_ja	text	text	YES	
cx22073jw	vw_robot_personality_reference_v1	6	personality_label_ja	text	text	YES	
cx22073jw	vw_robot_personality_reference_v1	7	initiative_axis_code	text	text	YES	
cx22073jw	vw_robot_personality_reference_v1	8	user_influence_axis_code	text	text	YES	
cx22073jw	vw_robot_personality_reference_v1	9	action_restriction_axis_code	text	text	YES	
cx22073jw	vw_robot_personality_reference_v1	10	series_behavior_summary_ja	text	text	YES	
cx22073jw	vw_robot_personality_reference_v1	11	worker_behavior_ja	text	text	YES	
cx22073jw	vw_robot_personality_reference_v1	12	friend_lover_behavior_ja	text	text	YES	
cx22073jw	vw_robot_personality_reference_v1	13	safety_note_ja	text	text	YES	
cx22073jw	vw_robot_personality_reference_v1	14	canon_owner	text	text	YES	
cx22073jw	vw_robot_personality_reference_v1	15	cx_readable_flag	boolean	bool	YES	
cx22073jw	vw_robot_personality_reference_v1	16	updated_at	timestamp with time zone	timestamptz	YES	
cx22073jw	vw_robot_public_profile_reference_v1	1	aiworker_model_code	text	text	YES	
cx22073jw	vw_robot_public_profile_reference_v1	2	aiworker_series_code	text	text	YES	
cx22073jw	vw_robot_public_profile_reference_v1	3	manufacturer_code	text	text	YES	
cx22073jw	vw_robot_public_profile_reference_v1	4	model_name_ja	text	text	YES	
cx22073jw	vw_robot_public_profile_reference_v1	5	public_profile_status_code	text	text	YES	
cx22073jw	vw_robot_public_profile_reference_v1	6	profile_scope_code	text	text	YES	
cx22073jw	vw_robot_public_profile_reference_v1	7	form_code	text	text	YES	
cx22073jw	vw_robot_public_profile_reference_v1	8	personality_no	text	text	YES	
cx22073jw	vw_robot_public_profile_reference_v1	9	height_cm	integer	int4	YES	
cx22073jw	vw_robot_public_profile_reference_v1	10	bust_cm	integer	int4	YES	
cx22073jw	vw_robot_public_profile_reference_v1	11	waist_cm	integer	int4	YES	
cx22073jw	vw_robot_public_profile_reference_v1	12	hip_cm	integer	int4	YES	
cx22073jw	vw_robot_public_profile_reference_v1	13	body_profile_note_ja	text	text	YES	
cx22073jw	vw_robot_public_profile_reference_v1	14	safety_note_ja	text	text	YES	
cx22073jw	vw_robot_public_profile_reference_v1	15	canon_owner	text	text	YES	
cx22073jw	vw_robot_public_profile_reference_v1	16	cx_reference_mode	text	text	YES	
cx22073jw	vw_robot_public_profile_reference_v1	17	status_code	text	text	YES	
cx22073jw	vw_robot_public_profile_reference_v1	18	updated_at	timestamp with time zone	timestamptz	YES	
cx22073jw	vw_robot_role_civilization_history_reference_v1	1	role_code	text	text	YES	
cx22073jw	vw_robot_role_civilization_history_reference_v1	2	role_name_ja	text	text	YES	
cx22073jw	vw_robot_role_civilization_history_reference_v1	3	role_group_code	text	text	YES	
cx22073jw	vw_robot_role_civilization_history_reference_v1	4	history_entry_code	text	text	YES	
cx22073jw	vw_robot_role_civilization_history_reference_v1	5	history_source_code	text	text	YES	
cx22073jw	vw_robot_role_civilization_history_reference_v1	6	canon_scope_code	text	text	YES	
cx22073jw	vw_robot_role_civilization_history_reference_v1	7	civilization_year_start	integer	int4	YES	
cx22073jw	vw_robot_role_civilization_history_reference_v1	8	civilization_year_end	integer	int4	YES	
cx22073jw	vw_robot_role_civilization_history_reference_v1	9	event_order	integer	int4	YES	
cx22073jw	vw_robot_role_civilization_history_reference_v1	10	title_ja	text	text	YES	
cx22073jw	vw_robot_role_civilization_history_reference_v1	11	summary_ja	text	text	YES	
cx22073jw	vw_robot_role_civilization_history_reference_v1	12	detail_ja	text	text	YES	
cx22073jw	vw_robot_role_civilization_history_reference_v1	13	related_entities	jsonb	jsonb	YES	
cx22073jw	vw_robot_role_civilization_history_reference_v1	14	search_tags	jsonb	jsonb	YES	
cx22073jw	vw_robot_role_civilization_history_reference_v1	15	safety_notes	jsonb	jsonb	YES	
cx22073jw	vw_robot_role_civilization_history_reference_v1	16	cx_priority	text	text	YES	
cx22073jw	vw_robot_role_earth_history_reference_v1	1	role_code	text	text	YES	
cx22073jw	vw_robot_role_earth_history_reference_v1	2	role_name_ja	text	text	YES	
cx22073jw	vw_robot_role_earth_history_reference_v1	3	role_group_code	text	text	YES	
cx22073jw	vw_robot_role_earth_history_reference_v1	4	history_entry_code	text	text	YES	
cx22073jw	vw_robot_role_earth_history_reference_v1	5	history_source_code	text	text	YES	
cx22073jw	vw_robot_role_earth_history_reference_v1	6	history_scope_code	text	text	YES	
cx22073jw	vw_robot_role_earth_history_reference_v1	7	region_code	text	text	YES	
cx22073jw	vw_robot_role_earth_history_reference_v1	8	country_code	text	text	YES	
cx22073jw	vw_robot_role_earth_history_reference_v1	9	period_code	text	text	YES	
cx22073jw	vw_robot_role_earth_history_reference_v1	10	theme_code	text	text	YES	
cx22073jw	vw_robot_role_earth_history_reference_v1	11	title_ja	text	text	YES	
cx22073jw	vw_robot_role_earth_history_reference_v1	12	summary_ja	text	text	YES	
cx22073jw	vw_robot_role_earth_history_reference_v1	13	detail_ja	text	text	YES	
cx22073jw	vw_robot_role_earth_history_reference_v1	14	search_tags	jsonb	jsonb	YES	
cx22073jw	vw_robot_role_earth_history_reference_v1	15	safety_notes	jsonb	jsonb	YES	
cx22073jw	vw_robot_role_earth_history_reference_v1	16	cx_priority	text	text	YES	
cx22073jw	vw_robot_role_foundation_material_reference_v1	1	role_code	text	text	YES	
cx22073jw	vw_robot_role_foundation_material_reference_v1	2	role_name_ja	text	text	YES	
cx22073jw	vw_robot_role_foundation_material_reference_v1	3	role_group_code	text	text	YES	
cx22073jw	vw_robot_role_foundation_material_reference_v1	4	topic_code	text	text	YES	
cx22073jw	vw_robot_role_foundation_material_reference_v1	5	topic_name_ja	text	text	YES	
cx22073jw	vw_robot_role_foundation_material_reference_v1	6	material_code	text	text	YES	
cx22073jw	vw_robot_role_foundation_material_reference_v1	7	material_title_ja	text	text	YES	
cx22073jw	vw_robot_role_foundation_material_reference_v1	8	material_type_code	text	text	YES	
cx22073jw	vw_robot_role_foundation_material_reference_v1	9	material_body_ja	text	text	YES	
cx22073jw	vw_robot_role_foundation_material_reference_v1	10	usage_tags	jsonb	jsonb	YES	
cx22073jw	vw_robot_role_foundation_material_reference_v1	11	safety_notes	jsonb	jsonb	YES	
cx22073jw	vw_robot_role_foundation_material_reference_v1	12	binding_priority	text	text	YES	
cx22073jw	vw_robot_role_foundation_topic_reference_v1	1	role_code	text	text	YES	
cx22073jw	vw_robot_role_foundation_topic_reference_v1	2	role_name_ja	text	text	YES	
cx22073jw	vw_robot_role_foundation_topic_reference_v1	3	role_group_code	text	text	YES	
cx22073jw	vw_robot_role_foundation_topic_reference_v1	4	topic_code	text	text	YES	
cx22073jw	vw_robot_role_foundation_topic_reference_v1	5	topic_name_ja	text	text	YES	
cx22073jw	vw_robot_role_foundation_topic_reference_v1	6	topic_group_code	text	text	YES	
cx22073jw	vw_robot_role_foundation_topic_reference_v1	7	binding_priority	text	text	YES	
cx22073jw	vw_robot_role_foundation_topic_reference_v1	8	usage_note_ja	text	text	YES	
cx22073jw	vw_robot_role_foundation_topic_reference_v1	9	purpose_ja	text	text	YES	
cx22073jw	vw_robot_role_foundation_topic_reference_v1	10	safe_boundary_notes	jsonb	jsonb	YES	
cx22073jw	vw_robot_role_foundation_topic_reference_v1	11	search_tags	jsonb	jsonb	YES	
cx22073jw	vw_robot_role_history_reference_bridge_v1	1	role_code	text	text	YES	
cx22073jw	vw_robot_role_history_reference_bridge_v1	2	reference_role_code	text	text	YES	
cx22073jw	vw_robot_role_history_reference_bridge_v1	3	bridge_reason_code	text	text	YES	
cx22073jw	vw_robot_role_knowledge_domain_v1	1	role_code	text	text	YES	
cx22073jw	vw_robot_role_knowledge_domain_v1	2	role_name_ja	text	text	YES	
cx22073jw	vw_robot_role_knowledge_domain_v1	3	role_group_code	text	text	YES	
cx22073jw	vw_robot_role_knowledge_domain_v1	4	domain_text	text	text	YES	
cx22073jw	vw_robot_role_knowledge_pack_v1	1	role_code	text	text	YES	
cx22073jw	vw_robot_role_knowledge_pack_v1	2	role_name_ja	text	text	YES	
cx22073jw	vw_robot_role_knowledge_pack_v1	3	role_group_code	text	text	YES	
cx22073jw	vw_robot_role_knowledge_pack_v1	4	cx_priority	text	text	YES	
cx22073jw	vw_robot_role_knowledge_pack_v1	5	cx_knowledge_domains	jsonb	jsonb	YES	
cx22073jw	vw_robot_role_knowledge_pack_v1	6	primary_use_cases	jsonb	jsonb	YES	
cx22073jw	vw_robot_role_knowledge_pack_v1	7	ai_company_manager_usage	jsonb	jsonb	YES	
cx22073jw	vw_robot_role_knowledge_pack_v1	8	recommended_templates	jsonb	jsonb	YES	
cx22073jw	vw_robot_role_knowledge_pack_v1	9	review_perspectives	jsonb	jsonb	YES	
cx22073jw	vw_robot_role_knowledge_pack_v1	10	risk_and_safety_notes	jsonb	jsonb	YES	
cx22073jw	vw_robot_role_knowledge_pack_v1	11	forbidden_uses	jsonb	jsonb	YES	
cx22073jw	vw_robot_role_knowledge_pack_v1	12	search_tags	jsonb	jsonb	YES	
cx22073jw	vw_robot_role_knowledge_pack_v1	13	example_reference_questions	jsonb	jsonb	YES	
cx22073jw	vw_robot_role_knowledge_pack_v1	14	output_style_guidance	text	text	YES	
cx22073jw	vw_robot_role_knowledge_pack_v1	15	updated_at	timestamp with time zone	timestamptz	YES	
cx22073jw	vw_robot_role_reference_v1	1	role_code	text	text	YES	
cx22073jw	vw_robot_role_reference_v1	2	role_name_ja	text	text	YES	
cx22073jw	vw_robot_role_reference_v1	3	role_name_en	text	text	YES	
cx22073jw	vw_robot_role_reference_v1	4	target_level_default_code	text	text	YES	
cx22073jw	vw_robot_role_reference_v1	5	single_slot_flag	boolean	bool	YES	
cx22073jw	vw_robot_role_reference_v1	6	max_active_per_target	integer	int4	YES	
cx22073jw	vw_robot_role_reference_v1	7	sort_order	integer	int4	YES	
cx22073jw	vw_robot_role_reference_v1	8	status_code	text	text	YES	
cx22073jw	vw_robot_role_reference_v1	9	role_description_ja	text	text	YES	
cx22073jw	vw_robot_role_reference_v1	10	canon_owner	text	text	YES	
cx22073jw	vw_robot_role_reference_v1	11	cx_readable_flag	boolean	bool	YES	
cx22073jw	vw_robot_role_reference_v1	12	updated_at	timestamp with time zone	timestamptz	YES	
cx22073jw	vw_robot_role_safety_boundary_v1	1	role_code	text	text	YES	
cx22073jw	vw_robot_role_safety_boundary_v1	2	role_name_ja	text	text	YES	
cx22073jw	vw_robot_role_safety_boundary_v1	3	role_group_code	text	text	YES	
cx22073jw	vw_robot_role_safety_boundary_v1	4	risk_and_safety_notes	jsonb	jsonb	YES	
cx22073jw	vw_robot_role_safety_boundary_v1	5	forbidden_uses	jsonb	jsonb	YES	
cx22073jw	vw_robot_role_safety_boundary_v1	6	safety_boundary_code	text	text	YES	
cx22073jw	vw_robot_role_template_reference_v1	1	role_code	text	text	YES	
cx22073jw	vw_robot_role_template_reference_v1	2	role_name_ja	text	text	YES	
cx22073jw	vw_robot_role_template_reference_v1	3	role_group_code	text	text	YES	
cx22073jw	vw_robot_role_template_reference_v1	4	template_name	text	text	YES	
cx22073jw	vw_topic_directory	1	topic_code	text	text	YES	
cx22073jw	vw_topic_directory	2	topic_name	text	text	YES	
cx22073jw	vw_topic_directory	3	topic_group_code	text	text	YES	
cx22073jw	vw_topic_directory	4	locale_code	text	text	YES	
cx22073jw	vw_topic_directory	5	summary_text	text	text	YES	
cx22073jw	vw_topic_directory	6	lightness_level	smallint	int2	YES	
cx22073jw	vw_topic_directory	7	enabled	boolean	bool	YES	
cx22073jw	vw_topic_directory	8	sort_order	integer	int4	YES	
cx22073jw	vw_topic_directory	9	created_at	timestamp with time zone	timestamptz	YES	
cx22073jw	vw_topic_directory	10	updated_at	timestamp with time zone	timestamptz	YES	
cx22073jw	vw_topic_directory	11	enabled_material_count	bigint	int8	YES	
cx22073jw	vw_topic_directory	12	topic_search_text	text	text	YES	
cx22073jw	vw_topic_material_catalog	1	topic_code	text	text	YES	
cx22073jw	vw_topic_material_catalog	2	topic_name	text	text	YES	
cx22073jw	vw_topic_material_catalog	3	topic_group_code	text	text	YES	
cx22073jw	vw_topic_material_catalog	4	topic_locale_code	text	text	YES	
cx22073jw	vw_topic_material_catalog	5	topic_summary_text	text	text	YES	
cx22073jw	vw_topic_material_catalog	6	lightness_level	smallint	int2	YES	
cx22073jw	vw_topic_material_catalog	7	material_id	bigint	int8	YES	
cx22073jw	vw_topic_material_catalog	8	material_kind_code	text	text	YES	
cx22073jw	vw_topic_material_catalog	9	material_locale_code	text	text	YES	
cx22073jw	vw_topic_material_catalog	10	season_code	text	text	YES	
cx22073jw	vw_topic_material_catalog	11	title_text	text	text	YES	
cx22073jw	vw_topic_material_catalog	12	body_text	text	text	YES	
cx22073jw	vw_topic_material_catalog	13	tags	ARRAY	_text	YES	
cx22073jw	vw_topic_material_catalog	14	enabled	boolean	bool	YES	
cx22073jw	vw_topic_material_catalog	15	sort_order	integer	int4	YES	
cx22073jw	vw_topic_material_catalog	16	created_at	timestamp with time zone	timestamptz	YES	
cx22073jw	vw_topic_material_catalog	17	updated_at	timestamp with time zone	timestamptz	YES	
cx22073jw	vw_topic_material_catalog	18	material_search_text	text	text	YES	
cx22073jw	vw_topic_material_summary	1	topic_code	text	text	YES	
cx22073jw	vw_topic_material_summary	2	topic_name	text	text	YES	
cx22073jw	vw_topic_material_summary	3	topic_group_code	text	text	YES	
cx22073jw	vw_topic_material_summary	4	lightness_level	smallint	int2	YES	
cx22073jw	vw_topic_material_summary	5	enabled_material_count	bigint	int8	YES	
cx22073jw	vw_topic_material_summary	6	seasonal_material_count	bigint	int8	YES	
cx22073jw	vw_topic_material_summary	7	fact_count	bigint	int8	YES	
cx22073jw	vw_topic_material_summary	8	prompt_count	bigint	int8	YES	
cx22073jw	vw_topic_material_summary	9	observation_count	bigint	int8	YES	
cx22073jw	vw_topic_material_summary	10	example_count	bigint	int8	YES	
