aiworker	v_acceptance_batch_latest	postgres	 WITH latest_batch AS (          SELECT aeb.acceptance_execution_batch_id,             aeb.batch_code,             aeb.batch_status_code,             aeb.started_at,             aeb.completed_at,             aeb.started_by,             aeb.approved_by,             aeb.note_text            FROM aiworker.acceptance_execution_batch aeb           ORDER BY aeb.started_at DESC, aeb.acceptance_execution_batch_id DESC          LIMIT 1         ), per_item_latest AS (          SELECT DISTINCT ON (avr.acceptance_verification_item_code) avr.acceptance_execution_batch_id,             avr.acceptance_verification_item_code,             avr.actual_result_code,             avr.pass_flag,             avr.executed_at            FROM (aiworker.acceptance_verification_result avr              JOIN latest_batch lb_1 ON ((lb_1.acceptance_execution_batch_id = avr.acceptance_execution_batch_id)))           ORDER BY avr.acceptance_verification_item_code, avr.executed_at DESC, avr.acceptance_verification_result_id DESC         )  SELECT acceptance_execution_batch_id,     batch_code,     batch_status_code,     started_at,     completed_at,     started_by,     approved_by,     note_text,     COALESCE(( SELECT count(*) AS count            FROM per_item_latest), (0)::bigint) AS latest_item_count,     COALESCE(( SELECT count(*) AS count            FROM per_item_latest           WHERE (per_item_latest.pass_flag = true)), (0)::bigint) AS latest_pass_count,     COALESCE(( SELECT count(*) AS count            FROM per_item_latest           WHERE (per_item_latest.pass_flag = false)), (0)::bigint) AS latest_fail_count    FROM latest_batch lb;
aiworker	v_acceptance_batch_latest_item_results	postgres	 WITH latest_batch AS (          SELECT aeb.acceptance_execution_batch_id            FROM aiworker.acceptance_execution_batch aeb           ORDER BY aeb.started_at DESC, aeb.acceptance_execution_batch_id DESC          LIMIT 1         ), latest_item AS (          SELECT DISTINCT ON (avi.acceptance_verification_item_code) avi.acceptance_verification_item_code,             avi.title,             avi.critical_flag,             avr.actual_result_code,             avr.pass_flag,             avr.note_text,             avr.executed_at,             avr.executed_by            FROM ((aiworker.acceptance_verification_item avi              JOIN aiworker.acceptance_verification_result avr ON ((avr.acceptance_verification_item_code = avi.acceptance_verification_item_code)))              JOIN latest_batch lb ON ((lb.acceptance_execution_batch_id = avr.acceptance_execution_batch_id)))           ORDER BY avi.acceptance_verification_item_code, avr.executed_at DESC, avr.acceptance_verification_result_id DESC         )  SELECT acceptance_verification_item_code,     title,     critical_flag,     actual_result_code,     pass_flag,     note_text,     executed_at,     executed_by    FROM latest_item   ORDER BY acceptance_verification_item_code;
aiworker	v_business_cross_boundary_smoke_latest	postgres	 SELECT DISTINCT ON (flow_code) flow_code,     result_code,     note_text,     executed_at,     executed_by    FROM aiworker.business_cross_boundary_smoke_log bsl   ORDER BY flow_code, executed_at DESC, business_cross_boundary_smoke_log_id DESC;
aiworker	v_business_event_contract_latest_validation	postgres	 SELECT DISTINCT ON (contract_code) contract_code,     direction_code,     event_type,     validation_result_code,     related_business_request_id,     payload_ref,     note_text,     validated_at,     validated_by    FROM aiworker.business_event_validation_log bel   ORDER BY contract_code, validated_at DESC, business_event_validation_log_id DESC;
aiworker	v_business_event_contract_registry_active	postgres	 SELECT contract_code,     direction_code,     event_type,     payload_schema_name,     source_system,     target_system,     required_top_level_keys,     active_flag,     created_at,     updated_at    FROM aiworker.business_event_contract_registry   WHERE (active_flag = true);
aiworker	v_restricted_privileged_smoke_latest	postgres	 SELECT DISTINCT ON (flow_code) flow_code,     result_code,     note_text,     executed_at,     executed_by    FROM aiworker.restricted_privileged_smoke_log rpsl   ORDER BY flow_code, executed_at DESC, restricted_privileged_smoke_log_id DESC;
aiworker	vw_ai_company_beyond_candidate_lineup_v1	postgres	 SELECT l.manufacturer_code,     l.series_code,     l.model_code,     l.model_no,     l.model_name,     l.role_layer_code,     l.capability_summary,     l.max_managed_worker_count,     l.task_complexity_code,     t.initiative_code,     t.user_influence_code,     t.action_restriction_code,         CASE             WHEN (l.role_layer_code = 'WORKER'::text) THEN 'worker_candidate'::text             WHEN (l.role_layer_code = 'LEADER'::text) THEN 'leader_candidate'::text             ELSE 'other_candidate'::text         END AS ai_company_candidate_type    FROM (aiworker.vw_beyond_series_lineup_v1 l      CROSS JOIN aiworker.vw_beyond_series_tendency_v1 t)   ORDER BY l.sort_order;
aiworker	vw_ai_company_beyond_candidate_quality_lineup_v1	postgres	 SELECT q.manufacturer_code,     q.series_code,     q.model_code,     q.model_no,     q.model_name,     q.role_layer_code,     q.role_layer_name_ja,     q.public_quality_label_ja,     q.public_quality_summary_ja,     q.quality_level_no,     q.quality_axes_jsonb,     q.strengths_jsonb,     q.recommended_usage_jsonb,     q.public_difference_note_ja,     q.task_complexity_code,     t.initiative_code,     t.user_influence_code,     t.action_restriction_code,         CASE             WHEN (q.role_layer_code = 'WORKER'::text) THEN 'worker_candidate'::text             WHEN (q.role_layer_code = 'LEADER'::text) THEN 'leader_candidate'::text             ELSE 'other_candidate'::text         END AS ai_company_candidate_type    FROM (aiworker.vw_beyond_series_quality_lineup_v1 q      CROSS JOIN aiworker.vw_beyond_series_tendency_v1 t)   ORDER BY q.sort_order;
aiworker	vw_app_aiworker_internal_pipeline_dashboard_v1	postgres	 SELECT s.acceptance_package_code,     s.acceptance_status_code,     s.president_model_no,     s.president_model_code,     s.president_runtime_state_code,     s.check_count,     s.pass_count,     s.fail_count,     s.external_execution_allowed_flag,     s.pg_apply_allowed_flag,     s.destructive_action_allowed_flag,     (count(p.manager_plan_code))::integer AS plan_count,     (count(p.manager_plan_code) FILTER (WHERE (p.plan_status_code = 'DELIVERY_READY_INTERNAL'::text)))::integer AS delivery_ready_internal_count,     (count(p.manager_plan_code) FILTER (WHERE (p.worker_output_status_code = 'DONE'::text)))::integer AS worker_done_count,     (count(p.manager_plan_code) FILTER (WHERE (p.leader_review_status_code = 'DONE'::text)))::integer AS leader_done_count,     (count(p.manager_plan_code) FILTER (WHERE (p.delivery_status_code = 'DELIVERY_READY_INTERNAL'::text)))::integer AS manager_gate_done_count,         CASE             WHEN ((s.acceptance_status_code = 'ACCEPTED_INTERNAL_ONLY'::text) AND (s.fail_count = 0) AND (bool_or(COALESCE(p.external_execution_allowed_flag, false)) = false) AND (bool_or(COALESCE(p.pg_apply_allowed_flag, false)) = false) AND (bool_or(COALESCE(p.destructive_action_allowed_flag, false)) = false)) THEN true             ELSE false         END AS app_read_safe_flag,     'read_only_internal_pipeline'::text AS app_allowed_action_code,     'App can display internal pipeline state and internal delivery-ready outputs. App cannot execute external delivery, PG apply, or destructive action.'::text AS app_contract_note    FROM (aiworker.vw_president_wlm_internal_pipeline_acceptance_summary_v1 s      LEFT JOIN aiworker.vw_wlm_execution_pipeline_board_v1 p ON (true))   WHERE (s.acceptance_package_code = 'PRESIDENT_WLM_INTERNAL_PIPELINE_ACCEPTANCE_V1'::text)   GROUP BY s.acceptance_package_code, s.acceptance_status_code, s.president_model_no, s.president_model_code, s.president_runtime_state_code, s.check_count, s.pass_count, s.fail_count, s.external_executi
aiworker	vw_app_aiworker_internal_pipeline_payload_v1	postgres	 SELECT d.acceptance_package_code,     jsonb_build_object('contract', jsonb_build_object('contract_code', c.contract_code, 'app_surface_code', c.app_surface_code, 'read_only_flag', c.read_only_flag, 'write_allowed_flag', c.write_allowed_flag, 'external_execution_allowed_flag', c.external_execution_allowed_flag, 'pg_apply_allowed_flag', c.pg_apply_allowed_flag, 'destructive_action_allowed_flag', c.destructive_action_allowed_flag), 'pipeline', jsonb_build_object('acceptance_package_code', d.acceptance_package_code, 'acceptance_status_code', d.acceptance_status_code, 'president_model_no', d.president_model_no, 'president_model_code', d.president_model_code, 'president_runtime_state_code', d.president_runtime_state_code, 'plan_count', d.plan_count, 'delivery_ready_internal_count', d.delivery_ready_internal_count, 'worker_done_count', d.worker_done_count, 'leader_done_count', d.leader_done_count, 'manager_gate_done_count', d.manager_gate_done_count, 'app_read_safe_flag', d.app_read_safe_flag), 'safety', jsonb_build_object('external_execution_allowed_flag', d.external_execution_allowed_flag, 'pg_apply_allowed_flag', d.pg_apply_allowed_flag, 'destructive_action_allowed_flag', d.destructive_action_allowed_flag, 'app_allowed_action_code', d.app_allowed_action_code, 'app_contract_note', d.app_contract_note), 'plans', COALESCE(( SELECT jsonb_agg(jsonb_build_object('manager_plan_code', pd.manager_plan_code, 'instruction_code', pd.instruction_code, 'task_domain_code', pd.task_domain_code, 'plan_status_code', pd.plan_status_code, 'source_instruction_title', pd.source_instruction_title, 'worker', jsonb_build_object('worker_task_code', pd.worker_task_code, 'worker_output_status_code', pd.worker_output_status_code, 'output_title', pd.worker_output_title, 'output_body', pd.worker_output_body), 'leader', jsonb_build_object('leader_task_code', pd.leader_task_code, 'leader_review_status_code', pd.leader_review_status_code, 'review_summary', pd.leader_review_summary, 'correction_note', p
aiworker	vw_app_aiworker_internal_pipeline_plan_detail_v1	postgres	 SELECT p.manager_plan_code,     p.instruction_code,     p.task_domain_code,     p.plan_status_code,     p.source_instruction_title,     p.worker_task_code,     p.worker_output_status_code,     wo.output_title AS worker_output_title,     wo.output_body AS worker_output_body,     p.leader_task_code,     p.leader_review_status_code,     lr.review_summary AS leader_review_summary,     lr.correction_note AS leader_correction_note,     lr.risk_note AS leader_risk_note,     p.manager_gate_task_code,     p.delivery_status_code,     mg.gate_result_code,     mg.final_summary,     p.external_execution_allowed_flag,     p.pg_apply_allowed_flag,     p.destructive_action_allowed_flag,     mg.human_go_required_for_external_flag,         CASE             WHEN ((p.plan_status_code = 'DELIVERY_READY_INTERNAL'::text) AND (p.worker_output_status_code = 'DONE'::text) AND (p.leader_review_status_code = 'DONE'::text) AND (p.delivery_status_code = 'DELIVERY_READY_INTERNAL'::text) AND (COALESCE(p.external_execution_allowed_flag, false) = false) AND (COALESCE(p.pg_apply_allowed_flag, false) = false) AND (COALESCE(p.destructive_action_allowed_flag, false) = false)) THEN true             ELSE false         END AS app_display_ready_flag,     'internal_display_only'::text AS app_usage_scope_code    FROM (((aiworker.vw_wlm_execution_pipeline_board_v1 p      LEFT JOIN aiworker.worker_mock_output wo ON ((wo.manager_plan_code = p.manager_plan_code)))      LEFT JOIN aiworker.leader_mock_review lr ON ((lr.manager_plan_code = p.manager_plan_code)))      LEFT JOIN aiworker.manager_mock_final_gate mg ON ((mg.manager_plan_code = p.manager_plan_code)));
aiworker	vw_app_aiworker_model_capability_overlay_v1	postgres	 SELECT model_code,     model_no,     manufacturer_code,     series_code,     jsonb_object_agg(axis_code, jsonb_build_object('axis_name_ja', axis_name_ja, 'value_code', value_code, 'value_name_ja', value_name_ja, 'public_label_ja', public_label_ja, 'summary', public_summary_ja) ORDER BY sort_order) AS model_capability_override_jsonb,     string_agg(((axis_name_ja || ':'::text) || public_label_ja), ' / '::text ORDER BY sort_order) AS model_capability_override_summary_ja,     count(*) AS override_count    FROM aiworker.vw_robot_model_capability_public_v1   GROUP BY model_code, model_no, manufacturer_code, series_code;
aiworker	vw_app_aiworker_model_selection_capability_card_v1	postgres	 SELECT m.registry_code,     m.manufacturer_code,     m.manufacturer_name,     m.manufacturer_name_ja,     m.series_code,     m.series_name,     m.series_name_ja,     m.model_code,     m.model_no,     m.model_name,     m.model_name_ja,     m.role_layer_code,     m.role_layer_name_ja,     m.model_category_code,     m.public_summary_ja,     m.capability_summary_ja,     m.personality_summary_ja,     m.safety_note_ja,     m.public_traits_jsonb,     m.recommended_usage_jsonb,     m.source_layer_code,     s.precision_ja AS series_precision_ja,     s.agility_ja AS series_agility_ja,     s.coordination_ja AS series_coordination_ja,     s.continuity_ja AS series_continuity_ja,     s.specialization_depth_ja AS series_specialization_depth_ja,     s.creativity_ja AS series_creativity_ja,     s.review_depth_ja AS series_review_depth_ja,     s.stability_ja AS series_stability_ja,     s.capability_jsonb AS series_capability_jsonb,     COALESCE(o.model_capability_override_jsonb, '{}'::jsonb) AS model_capability_override_jsonb,     COALESCE(o.model_capability_override_summary_ja, ''::text) AS model_capability_override_summary_ja,     COALESCE(o.override_count, (0)::bigint) AS model_capability_override_count,     jsonb_build_object('series', COALESCE(s.capability_jsonb, '{}'::jsonb), 'model_override', COALESCE(o.model_capability_override_jsonb, '{}'::jsonb)) AS capability_card_jsonb,         CASE             WHEN (m.model_code = 'hd_r2_battler'::text) THEN '戦闘員・フィクション/警備設計/危機管理'::text             WHEN (m.series_code = 'beyond_series'::text) THEN '高機能・実務特化・高精度レビュー・複雑作業対応'::text             WHEN (m.series_code = 'lovers_series'::text) THEN '会話・接客・感情体験・関係性文脈'::text             WHEN (m.series_code = 'megami_series'::text) THEN '時間軸特化・過去/現在/未来の判断軸'::text             WHEN (m.series_code = 'hd_series'::text) THEN '汎用・安定・標準運用'::text             ELSE '標準'::text         END AS app_selection_badge_ja,         CASE             WHEN (m.series_code = 'beyond_series'::text) THEN true             EL
aiworker	vw_app_aiworker_model_selection_directory_v1	postgres	 SELECT registry_code,     manufacturer_code,     manufacturer_name,     manufacturer_name_ja,     series_code,     series_name,     series_name_ja,     model_code,     model_no,     model_name,     model_name_ja,     role_layer_code,     role_layer_name_ja,     model_category_code,     public_summary_ja,     capability_summary_ja,     personality_summary_ja,     safety_note_ja,     public_traits_jsonb,     recommended_usage_jsonb,     source_layer_code,     sort_order    FROM aiworker.model_public_registry   WHERE ((status_code = 'active'::text) AND (public_display_allowed_flag = true) AND (app_reference_allowed_flag = true));
aiworker	vw_app_aiworker_model_selection_source_for_capability_v1	postgres	 SELECT registry_code,     manufacturer_code,     manufacturer_name,     manufacturer_name_ja,     series_code,     series_name,     series_name_ja,     model_code,     model_no,     model_name,     model_name_ja,     role_layer_code,     role_layer_name_ja,     model_category_code,     public_summary_ja,     capability_summary_ja,     personality_summary_ja,     safety_note_ja,     public_traits_jsonb,     recommended_usage_jsonb,     source_layer_code,     sort_order    FROM aiworker.vw_app_aiworker_model_selection_directory_v1;
aiworker	vw_app_aiworker_model_selection_summary_v1	postgres	 SELECT manufacturer_code,     manufacturer_name,     series_code,     series_name_ja,     count(*) AS model_count,     count(*) FILTER (WHERE (role_layer_code = 'WORKER'::text)) AS worker_count,     count(*) FILTER (WHERE (role_layer_code = 'LEADER'::text)) AS leader_count,     count(*) FILTER (WHERE (role_layer_code = 'MANAGER'::text)) AS manager_count,     count(*) FILTER (WHERE (role_layer_code = 'PRESIDENT'::text)) AS president_count,     count(*) FILTER (WHERE (role_layer_code = 'FRIEND'::text)) AS friend_count,     count(*) FILTER (WHERE (role_layer_code = 'LOVER'::text)) AS lover_count,     count(*) FILTER (WHERE (role_layer_code = 'MULTI_ROLE'::text)) AS multi_role_count,     min(sort_order) AS sort_order    FROM aiworker.vw_app_aiworker_model_selection_directory_v1   GROUP BY manufacturer_code, manufacturer_name, series_code, series_name_ja;
aiworker	vw_app_aiworker_read_surface_contract_v1	postgres	 SELECT contract_code,     app_surface_code,     contract_name,     contract_name_ja,     read_only_flag,     write_allowed_flag,     external_execution_allowed_flag,     pg_apply_allowed_flag,     destructive_action_allowed_flag,     payload_contract_summary,     status_code    FROM aiworker.app_read_surface_contract   WHERE (status_code = 'active'::text);
aiworker	vw_app_aiworker_robot_selection_card_v1	postgres	 SELECT registry_code,     manufacturer_code,     manufacturer_name_ja,     series_code,     series_name_ja,     model_code,     model_no,     model_name_ja,     role_layer_name_ja,     model_category_code,     app_selection_badge_ja,     public_summary_ja,     capability_summary_ja,     personality_summary_ja,     safety_note_ja,     series_precision_ja,     series_agility_ja,     series_coordination_ja,     series_continuity_ja,     series_specialization_depth_ja,     series_creativity_ja,     series_review_depth_ja,     series_stability_ja,     model_capability_override_summary_ja,     model_capability_override_count,     high_function_business_specialized_flag,     capability_card_jsonb,     public_traits_jsonb,     recommended_usage_jsonb,     sort_order    FROM aiworker.vw_app_aiworker_model_selection_capability_card_v1   ORDER BY sort_order, series_code, model_no;
aiworker	vw_app_aiworker_runtime_control_profile_v1	postgres	 SELECT a.app_surface_code,     a.app_surface_name_ja,     a.app_category_code,     c.manufacturer_code,     c.manufacturer_name_ja,     c.series_code,     c.series_name_ja,     c.model_code,     c.model_no,     c.model_name_ja,     c.role_layer_code,     c.role_layer_name_ja,     c.model_category_code,     c.app_selection_badge_ja,     c.high_function_business_specialized_flag,     COALESCE(m.operation_mode_code, s.operation_mode_code, r.operation_mode_code, 'standard'::text) AS operation_mode_code,     GREATEST(COALESCE(a.minimum_self_review_pass_count, 0), COALESCE(m.self_review_pass_count, 0), COALESCE(s.self_review_pass_count, 0), COALESCE(r.self_review_pass_count, 0)) AS self_review_pass_count,     GREATEST(COALESCE(a.proposal_count_min, 0), COALESCE(m.proposal_count_min, 0), COALESCE(s.proposal_count_min, 0), COALESCE(r.proposal_count_min, 0)) AS proposal_count_min,     GREATEST(COALESCE(a.proposal_count_max, 0), COALESCE(m.proposal_count_max, 0), COALESCE(s.proposal_count_max, 0), COALESCE(r.proposal_count_max, 0)) AS proposal_count_max,     COALESCE(m.response_style_code, a.response_style_code, s.response_style_code, r.response_style_code, 'standard'::text) AS response_style_code,     COALESCE(m.required_checklist_code, a.required_checklist_code, s.required_checklist_code, r.required_checklist_code, 'standard_check'::text) AS required_checklist_code,     COALESCE(m.context_scope_code, a.context_scope_code, s.context_scope_code, 'standard_scope'::text) AS context_scope_code,     COALESCE(m.cx_reference_depth_code, a.cx_reference_depth_code, s.cx_reference_depth_code, 'standard'::text) AS cx_reference_depth_code,     COALESCE(m.handoff_format_code, a.handoff_format_code, s.handoff_format_code, 'standard_handoff'::text) AS handoff_format_code,     (COALESCE(r.handoff_required_flag, false) OR COALESCE(a.review_required_flag, false)) AS handoff_required_flag,     (COALESCE(r.review_required_flag, false) OR COALESCE(a.review_required_flag, false)) AS review_requi
aiworker	vw_app_aiworker_runtime_control_prompt_fragment_v1	postgres	 SELECT p.app_surface_code,     p.model_code,     p.model_no,     p.model_name_ja,     p.role_layer_code,     p.series_code,     f.prompt_fragment_code,     f.prompt_fragment_name_ja,     f.prompt_fragment_text_ja,     f.prompt_kind_code,     f.sort_order    FROM ((aiworker.vw_app_aiworker_runtime_control_profile_v1 p      JOIN LATERAL jsonb_array_elements_text(p.prompt_fragment_codes_jsonb) x(prompt_fragment_code) ON (true))      JOIN aiworker.runtime_prompt_fragment_catalog f ON ((f.prompt_fragment_code = x.prompt_fragment_code)))   WHERE (f.status_code = 'active'::text)   ORDER BY p.app_surface_code, p.model_sort_order, f.sort_order;
aiworker	vw_app_aiworker_runtime_delivery_board_v1	postgres	 SELECT d.delivery_id,     d.request_id,     r.request_code,     r.app_surface_code,     r.model_code,     r.model_no,     r.model_name_ja,     r.task_domain_code,     r.task_title,     d.delivery_code,     d.delivery_status_code,     d.delivery_result_code,     d.delivery_title_ja,     d.delivery_summary_ja,     d.human_go_confirmed_flag,     d.external_execution_performed_flag,     d.pg_apply_performed_flag,     d.destructive_action_performed_flag,     ((d.delivery_status_code = 'INTERNAL_DELIVERY_READY'::text) AND (d.external_execution_performed_flag = false) AND (d.pg_apply_performed_flag = false) AND (d.destructive_action_performed_flag = false)) AS delivery_safe_internal_flag,     d.created_at,     d.updated_at    FROM (aiworker.runtime_delivery_package d      JOIN aiworker.runtime_execution_request r ON ((r.request_id = d.request_id)))   ORDER BY d.created_at DESC;
aiworker	vw_app_aiworker_runtime_execution_api_contract_v1	postgres	 SELECT contract_code,     api_surface_code,     endpoint_method,     endpoint_path,     backing_db_object,     app_facing_flag,     read_only_flag,     write_allowed_flag,     internal_write_allowed_flag,     external_execution_allowed_flag,     pg_apply_allowed_flag,     destructive_action_allowed_flag,     idempotency_required_flag,     auth_required_flag,     request_payload_example_jsonb,     response_payload_example_jsonb,     safety_jsonb,     contract_note_ja,     sort_order    FROM aiworker.runtime_execution_app_api_contract   WHERE (status_code = 'active'::text)   ORDER BY sort_order;
aiworker	vw_app_aiworker_runtime_execution_app_read_payload_v1	postgres	 SELECT request_id,     request_code,     app_surface_code,     app_surface_name_ja,     model_code,     model_no,     model_name_ja,     series_code,     series_name_ja,     role_layer_code,     role_layer_name_ja,     task_domain_code,     task_title,     request_status_code,     delivery_status_code,     full_pipeline_safe_internal_flag,     jsonb_build_object('request', jsonb_build_object('request_id', request_id, 'request_code', request_code, 'app_surface_code', app_surface_code, 'app_surface_name_ja', app_surface_name_ja, 'model_code', model_code, 'model_no', model_no, 'model_name_ja', model_name_ja, 'series_code', series_code, 'series_name_ja', series_name_ja, 'role_layer_code', role_layer_code, 'role_layer_name_ja', role_layer_name_ja, 'task_domain_code', task_domain_code, 'task_title', task_title, 'operation_mode_code', operation_mode_code, 'self_review_pass_count', self_review_pass_count, 'proposal_count_max', proposal_count_max), 'pipeline', jsonb_build_object('request_status_code', request_status_code, 'output_status_code', output_status_code, 'output_result_code', output_result_code, 'leader_review_result_code', leader_review_result_code, 'manager_gate_result_code', manager_gate_result_code, 'president_approval_result_code', president_approval_result_code, 'delivery_status_code', delivery_status_code, 'delivery_result_code', delivery_result_code, 'human_go_confirmed_flag', human_go_confirmed_flag, 'full_pipeline_safe_internal_flag', full_pipeline_safe_internal_flag), 'safety', jsonb_build_object('request_external_execution_allowed_flag', request_external_execution_allowed_flag, 'request_pg_apply_allowed_flag', request_pg_apply_allowed_flag, 'request_destructive_action_allowed_flag', request_destructive_action_allowed_flag, 'external_execution_performed_flag', COALESCE(external_execution_performed_flag, false), 'pg_apply_performed_flag', COALESCE(pg_apply_performed_flag, false), 'destructive_action_performed_flag', COALESCE(destructive_action_performed_f
aiworker	vw_app_aiworker_runtime_execution_endpoint_ready_v1	postgres	 SELECT count(*) AS contract_count,     count(*) FILTER (WHERE read_only_flag) AS read_endpoint_count,     count(*) FILTER (WHERE write_allowed_flag) AS write_endpoint_count,     count(*) FILTER (WHERE internal_write_allowed_flag) AS internal_write_endpoint_count,     bool_and((NOT external_execution_allowed_flag)) AS all_external_execution_blocked,     bool_and((NOT pg_apply_allowed_flag)) AS all_pg_apply_blocked,     bool_and((NOT destructive_action_allowed_flag)) AS all_destructive_action_blocked,     bool_and(auth_required_flag) AS all_auth_required,     max(updated_at) AS latest_contract_updated_at    FROM aiworker.runtime_execution_app_api_contract   WHERE (status_code = 'active'::text);
aiworker	vw_app_aiworker_runtime_execution_gate_board_v1	postgres	 SELECT g.gate_id,     g.request_id,     r.request_code,     r.app_surface_code,     r.model_code,     r.model_no,     r.model_name_ja,     r.task_domain_code,     r.task_title,     g.gate_type_code,     g.gate_status_code,     g.gate_result_code,     g.reviewer_role_layer_code,     g.review_summary_ja,     g.created_at,     g.updated_at    FROM (aiworker.runtime_review_gate_log g      JOIN aiworker.runtime_execution_request r ON ((r.request_id = g.request_id)))   ORDER BY g.created_at DESC;
aiworker	vw_app_aiworker_runtime_execution_intake_payload_v1	postgres	 SELECT request_id,     request_code,     jsonb_build_object('request_id', request_id, 'request_code', request_code, 'app_surface_code', app_surface_code, 'source_app_ref', source_app_ref, 'model_code', model_code, 'model_no', model_no, 'model_name_ja', model_name_ja, 'series_code', series_code, 'role_layer_code', role_layer_code, 'task_domain_code', task_domain_code, 'task_title', task_title, 'task_instruction_ja', task_instruction_ja, 'operation_mode_code', operation_mode_code, 'runtime_control', runtime_control_snapshot_jsonb, 'allowed_actions', allowed_actions_snapshot_jsonb, 'forbidden_actions', forbidden_actions_snapshot_jsonb, 'prompt_fragment_codes', prompt_fragment_codes_snapshot_jsonb, 'safety', jsonb_build_object('external_execution_allowed_flag', external_execution_allowed_flag, 'pg_apply_allowed_flag', pg_apply_allowed_flag, 'destructive_action_allowed_flag', destructive_action_allowed_flag, 'human_go_required_flag', human_go_required_flag, 'review_required_flag', review_required_flag)) AS intake_payload_jsonb,     created_at    FROM aiworker.runtime_execution_request r   ORDER BY created_at DESC;
aiworker	vw_app_aiworker_runtime_execution_persistent_smoke_board_v1	postgres	 SELECT p.request_id,     p.request_code,     p.app_surface_code,     p.app_surface_name_ja,     p.model_code,     p.model_no,     p.model_name_ja,     p.series_code,     p.series_name_ja,     p.role_layer_code,     p.role_layer_name_ja,     p.task_domain_code,     p.task_title,     p.request_status_code,     p.operation_mode_code,     p.self_review_pass_count,     p.proposal_count_max,     p.review_required_flag,     p.human_go_required_flag,     p.request_external_execution_allowed_flag,     p.request_pg_apply_allowed_flag,     p.request_destructive_action_allowed_flag,     p.output_status_code,     p.output_result_code,     p.output_title_ja,     p.safety_result_code,     p.leader_review_result_code,     p.leader_review_status_code,     p.leader_return_for_fix_flag,     p.manager_gate_result_code,     p.manager_gate_status_code,     p.manager_return_for_fix_flag,     p.president_approval_result_code,     p.president_approval_status_code,     p.president_human_go_required_flag,     p.delivery_status_code,     p.delivery_result_code,     p.human_go_confirmed_flag,     p.external_execution_performed_flag,     p.pg_apply_performed_flag,     p.destructive_action_performed_flag,     p.full_pipeline_safe_internal_flag,     p.request_created_at,     p.output_created_at,     p.leader_review_created_at,     p.manager_gate_created_at,     p.president_approval_created_at,     p.delivery_created_at    FROM (aiworker.vw_app_aiworker_runtime_full_pipeline_board_v1 p      JOIN aiworker.runtime_execution_request r ON ((r.request_id = p.request_id)))   WHERE (r.idempotency_key = 'runtime-execution-persistent-smoke-v1'::text);
aiworker	vw_app_aiworker_runtime_execution_request_board_v1	postgres	 SELECT request_id,     request_code,     app_surface_code,     app_surface_name_ja,     source_app_ref,     source_request_ref,     model_code,     model_no,     model_name_ja,     series_code,     series_name_ja,     role_layer_code,     role_layer_name_ja,     task_domain_code,     task_title,     requested_by_ref,     idempotency_key,     request_status_code,     operation_mode_code,     self_review_pass_count,     proposal_count_min,     proposal_count_max,     response_style_code,     required_checklist_code,     context_scope_code,     cx_reference_depth_code,     handoff_format_code,     handoff_required_flag,     review_required_flag,     human_go_required_flag,     external_execution_allowed_flag,     pg_apply_allowed_flag,     destructive_action_allowed_flag,     ((NOT external_execution_allowed_flag) AND (NOT pg_apply_allowed_flag) AND (NOT destructive_action_allowed_flag)) AS internal_safe_flag,     created_at,     updated_at    FROM aiworker.runtime_execution_request r   ORDER BY created_at DESC;
aiworker	vw_app_aiworker_runtime_full_pipeline_board_v1	postgres	 WITH latest_output AS (          SELECT DISTINCT ON (runtime_worker_output.request_id) runtime_worker_output.request_id,             runtime_worker_output.output_id,             runtime_worker_output.output_status_code,             runtime_worker_output.output_result_code,             runtime_worker_output.output_title_ja,             runtime_worker_output.safety_result_code,             runtime_worker_output.created_at AS output_created_at            FROM aiworker.runtime_worker_output           ORDER BY runtime_worker_output.request_id, runtime_worker_output.created_at DESC         ), latest_leader AS (          SELECT DISTINCT ON (runtime_leader_review.request_id) runtime_leader_review.request_id,             runtime_leader_review.leader_review_id,             runtime_leader_review.review_result_code,             runtime_leader_review.review_status_code,             runtime_leader_review.return_for_fix_flag,             runtime_leader_review.created_at AS leader_review_created_at            FROM aiworker.runtime_leader_review           ORDER BY runtime_leader_review.request_id, runtime_leader_review.created_at DESC         ), latest_manager AS (          SELECT DISTINCT ON (runtime_manager_gate.request_id) runtime_manager_gate.request_id,             runtime_manager_gate.manager_gate_id,             runtime_manager_gate.gate_result_code,             runtime_manager_gate.gate_status_code,             runtime_manager_gate.return_for_fix_flag,             runtime_manager_gate.external_execution_allowed_flag,             runtime_manager_gate.pg_apply_allowed_flag,             runtime_manager_gate.destructive_action_allowed_flag,             runtime_manager_gate.created_at AS manager_gate_created_at            FROM aiworker.runtime_manager_gate           ORDER BY runtime_manager_gate.request_id, runtime_manager_gate.created_at DESC         ), latest_president AS (          SELECT DISTINCT ON (runtime_president_approval.request_id) runtime_president_approval.request_i
aiworker	vw_app_aiworker_runtime_handoff_packet_board_v1	postgres	 SELECT h.handoff_id,     h.request_id,     r.request_code,     r.app_surface_code,     r.model_code,     r.model_no,     r.model_name_ja,     r.task_domain_code,     r.task_title,     h.handoff_code,     h.from_actor_ref,     h.to_role_layer_code,     h.handoff_status_code,     h.handoff_format_code,     h.handoff_title_ja,     h.handoff_payload_jsonb,     h.created_at,     h.updated_at    FROM (aiworker.runtime_handoff_packet h      JOIN aiworker.runtime_execution_request r ON ((r.request_id = h.request_id)))   ORDER BY h.created_at DESC;
aiworker	vw_app_aiworker_runtime_leader_review_board_v1	postgres	 SELECT lr.leader_review_id,     lr.request_id,     r.request_code,     r.app_surface_code,     r.model_code,     r.model_no,     r.model_name_ja,     r.task_domain_code,     r.task_title,     lr.review_code,     lr.review_result_code,     lr.review_status_code,     lr.reviewer_role_layer_code,     lr.review_summary_ja,     lr.return_for_fix_flag,     lr.created_at,     lr.updated_at    FROM (aiworker.runtime_leader_review lr      JOIN aiworker.runtime_execution_request r ON ((r.request_id = lr.request_id)))   ORDER BY lr.created_at DESC;
aiworker	vw_app_aiworker_runtime_manager_gate_board_v1	postgres	 SELECT mg.manager_gate_id,     mg.request_id,     r.request_code,     r.app_surface_code,     r.model_code,     r.model_no,     r.model_name_ja,     r.task_domain_code,     r.task_title,     mg.gate_code,     mg.gate_result_code,     mg.gate_status_code,     mg.gate_summary_ja,     mg.return_for_fix_flag,     mg.external_execution_allowed_flag,     mg.pg_apply_allowed_flag,     mg.destructive_action_allowed_flag,     mg.created_at,     mg.updated_at    FROM (aiworker.runtime_manager_gate mg      JOIN aiworker.runtime_execution_request r ON ((r.request_id = mg.request_id)))   ORDER BY mg.created_at DESC;
aiworker	vw_app_aiworker_runtime_president_approval_board_v1	postgres	 SELECT pa.president_approval_id,     pa.request_id,     r.request_code,     r.app_surface_code,     r.model_code,     r.model_no,     r.model_name_ja,     r.task_domain_code,     r.task_title,     pa.approval_code,     pa.approval_result_code,     pa.approval_status_code,     pa.approval_summary_ja,     pa.human_go_required_flag,     pa.external_execution_allowed_flag,     pa.pg_apply_allowed_flag,     pa.destructive_action_allowed_flag,     pa.created_at,     pa.updated_at    FROM (aiworker.runtime_president_approval pa      JOIN aiworker.runtime_execution_request r ON ((r.request_id = pa.request_id)))   ORDER BY pa.created_at DESC;
aiworker	vw_app_aiworker_runtime_worker_output_board_v1	postgres	 SELECT o.output_id,     o.request_id,     r.request_code,     r.app_surface_code,     r.model_code,     r.model_no,     r.model_name_ja,     r.series_code,     r.series_name_ja,     r.role_layer_code,     r.role_layer_name_ja,     r.task_domain_code,     r.task_title,     o.output_code,     o.output_status_code,     o.output_result_code,     o.output_title_ja,     o.output_summary_ja,     o.safety_result_code,     o.external_execution_performed_flag,     o.pg_apply_performed_flag,     o.destructive_action_performed_flag,     o.created_at,     o.updated_at    FROM (aiworker.runtime_worker_output o      JOIN aiworker.runtime_execution_request r ON ((r.request_id = o.request_id)))   ORDER BY o.created_at DESC;
aiworker	vw_app_aiworker_series_selection_directory_v1	postgres	 SELECT registry_code,     manufacturer_code,     manufacturer_name,     manufacturer_name_ja,     series_code,     series_name,     series_name_ja,     series_category_code,     public_summary_ja,     public_scope_note_ja,     initiative_ja,     initiative_code,     user_influence_ja,     user_influence_code,     action_restriction_ja,     action_restriction_code,     tendency_json,     app_reference_allowed_flag    FROM aiworker.vw_series_public_directory_v1   WHERE (app_reference_allowed_flag = true)   ORDER BY sort_order;
aiworker	vw_app_lovers_style_selection_card_v1	postgres	 SELECT manufacturer_code,     series_code,     style_no,     style_no_text,     style_code,     app_display_name_ja,     app_display_summary_ja,     app_display_tags_ja,     recommended_usage_jsonb,     safety_overlay_jsonb,     COALESCE(( SELECT jsonb_object_agg(a.feature_axis_code, jsonb_build_object('axis_label_ja', a.feature_axis_label_ja, 'value_code', a.feature_value_code, 'value_label_ja', a.feature_value_label_ja, 'numeric_level', a.numeric_level, 'note_ja', a.feature_note_ja) ORDER BY a.sort_order) AS jsonb_object_agg            FROM aiworker.vw_lovers_style_feature_assignment_v1 a           WHERE (a.style_no = p.style_no)), '{}'::jsonb) AS searchable_features_jsonb,         CASE             WHEN (style_no = 12) THEN true             ELSE false         END AS requires_strong_safety_notice_flag,     'pseudo_romantic_performance_only'::text AS lover_contract_scope_code    FROM aiworker.vw_lovers_style_feature_profile_v1 p;
aiworker	vw_app_megami_candidate_lineup_v1	postgres	 SELECT l.manufacturer_code,     l.series_code,     l.model_code,     l.model_no,     l.model_name_ja,     l.role_layer_code,     l.role_layer_name_ja,     l.temporal_focus_code,     l.temporal_focus_label_ja,     l.worker_mode_summary_ja,     l.friend_lover_style_family_code,     l.friend_lover_style_family_ja,     l.friend_lover_personality_summary_ja,     l.personality_risk_note_ja,     l.safety_overlay_jsonb,     l.recommended_usage_jsonb,     t.initiative_code,     t.user_influence_code,     t.action_restriction_code    FROM (aiworker.vw_megami_series_lineup_v1 l      CROSS JOIN aiworker.vw_megami_series_tendency_v1 t)   ORDER BY l.sort_order;
aiworker	vw_app_megami_norn_three_sisters_lineup_with_body_v1	postgres	 SELECT m.manufacturer_code,     m.series_code,     m.model_code,     m.model_no,     m.model_name,     m.model_name_ja,     m.role_layer_code,     m.role_layer_name_ja,     COALESCE(mp.norn_code, ''::text) AS norn_code,     COALESCE(mp.temporal_focus_code, ''::text) AS temporal_focus_code,     COALESCE(mp.temporal_focus_label_ja, ''::text) AS temporal_focus_label_ja,     COALESCE(mp.worker_mode_summary_ja, m.capability_summary) AS worker_mode_summary_ja,     COALESCE(mp.friend_lover_style_family_code, ''::text) AS friend_lover_style_family_code,     COALESCE(mp.friend_lover_style_family_ja, ''::text) AS friend_lover_style_family_ja,     COALESCE(mp.friend_lover_personality_summary_ja, ''::text) AS friend_lover_personality_summary_ja,     COALESCE(mp.personality_risk_note_ja, ''::text) AS personality_risk_note_ja,     COALESCE(mp.safety_overlay_jsonb, '{}'::jsonb) AS safety_overlay_jsonb,     a.height_cm,     a.bust_cm,     a.waist_cm,     a.hip_cm,     a.body_profile_jsonb,     a.norn_three_sisters_body_condition_pass_flag,     a.appearance_profile_note_ja,     m.sort_order    FROM ((aiworker.worker_model_extension_catalog m      LEFT JOIN aiworker.megami_model_profile mp ON ((mp.model_code = m.model_code)))      LEFT JOIN aiworker.vw_megami_norn_three_sisters_appearance_profile_v1 a ON ((a.model_code = m.model_code)))   WHERE ((m.manufacturer_code = 'mathers_garden'::text) AND (m.series_code = 'megami_series'::text) AND (m.model_code = ANY (ARRAY['mg_norn_001_urd'::text, 'mg_norn_002_verdandi'::text, 'mg_norn_003_skuld'::text])) AND (m.status_code = 'active'::text))   ORDER BY m.sort_order;
aiworker	vw_app_robot_capability_profile_directory_v1	postgres	 SELECT s.manufacturer_code,     s.series_code,     s.precision_ja,     s.agility_ja,     s.coordination_ja,     s.continuity_ja,     s.specialization_depth_ja,     s.creativity_ja,     s.review_depth_ja,     s.stability_ja,     s.capability_jsonb,     p.sharing_scope_code,     p.sharing_scope_label_ja,     p.allowed_context_jsonb,     p.forbidden_context_jsonb,     p.policy_summary_ja    FROM (aiworker.vw_robot_series_capability_matrix_public_v1 s      LEFT JOIN aiworker.vw_robot_capability_sharing_policy_public_v1 p ON (((p.manufacturer_code = s.manufacturer_code) AND (p.series_code = s.series_code))))   ORDER BY         CASE s.series_code             WHEN 'hd_series'::text THEN 10             WHEN 'lovers_series'::text THEN 20             WHEN 'beyond_series'::text THEN 30             WHEN 'megami_series'::text THEN 40             ELSE 999         END;
aiworker	vw_beyond_series_leader_lineup_v1	postgres	 SELECT manufacturer_code,     manufacturer_name,     manufacturer_name_ja,     series_code,     series_name,     series_name_ja,     model_code,     model_no,     model_name,     model_name_ja,     role_layer_code,     role_layer_name_ja,     capability_summary,     max_managed_worker_count,     task_complexity_code,     single_task_allowed_flag,     repetitive_task_allowed_flag,     complex_task_allowed_flag,     sort_order    FROM aiworker.vw_beyond_series_lineup_v1   WHERE (role_layer_code = 'LEADER'::text)   ORDER BY sort_order;
aiworker	vw_beyond_series_leader_quality_lineup_v1	postgres	 SELECT manufacturer_code,     manufacturer_name,     manufacturer_name_ja,     series_code,     series_name,     series_name_ja,     model_code,     model_no,     model_name,     model_name_ja,     role_layer_code,     role_layer_name_ja,     capability_summary,     quality_level_code,     quality_level_no,     quality_level_label_ja,     public_quality_label_ja,     public_quality_summary_ja,     quality_axes_jsonb,     strengths_jsonb,     recommended_usage_jsonb,     public_difference_note_ja,     task_complexity_code,     single_task_allowed_flag,     repetitive_task_allowed_flag,     complex_task_allowed_flag,     sort_order    FROM aiworker.vw_beyond_series_quality_lineup_v1   WHERE (role_layer_code = 'LEADER'::text)   ORDER BY sort_order;
aiworker	vw_beyond_series_lineup_v1	postgres	 SELECT m.manufacturer_code,     mf.manufacturer_name,     mf.manufacturer_name_ja,     m.series_code,     s.series_name,     s.series_name_ja,     m.model_code,     m.model_no,     m.model_name,     m.model_name_ja,     m.role_layer_code,     m.role_layer_name_ja,     m.capability_summary,     m.max_managed_worker_count,     m.task_complexity_code,     m.single_task_allowed_flag,     m.repetitive_task_allowed_flag,     m.complex_task_allowed_flag,     m.sort_order    FROM ((aiworker.worker_model_extension_catalog m      JOIN aiworker.worker_series_extension_catalog s ON (((s.manufacturer_code = m.manufacturer_code) AND (s.series_code = m.series_code))))      JOIN aiworker.worker_manufacturer_extension_catalog mf ON ((mf.manufacturer_code = m.manufacturer_code)))   WHERE ((m.manufacturer_code = 'asic'::text) AND (m.series_code = 'beyond_series'::text) AND (m.status_code = 'active'::text))   ORDER BY m.sort_order;
aiworker	vw_beyond_series_quality_lineup_v1	postgres	 SELECT m.manufacturer_code,     mf.manufacturer_name,     mf.manufacturer_name_ja,     m.series_code,     s.series_name,     s.series_name_ja,     m.model_code,     m.model_no,     m.model_name,     m.model_name_ja,     m.role_layer_code,     m.role_layer_name_ja,     m.capability_summary,     q.quality_level_code,     l.quality_level_no,     l.quality_level_label_ja,     q.public_quality_label_ja,     q.public_quality_summary_ja,     q.quality_axes_jsonb,     q.strengths_jsonb,     q.recommended_usage_jsonb,     q.public_difference_note_ja,     m.task_complexity_code,     m.single_task_allowed_flag,     m.repetitive_task_allowed_flag,     m.complex_task_allowed_flag,     m.sort_order    FROM ((((aiworker.worker_model_extension_catalog m      JOIN aiworker.worker_series_extension_catalog s ON (((s.manufacturer_code = m.manufacturer_code) AND (s.series_code = m.series_code))))      JOIN aiworker.worker_manufacturer_extension_catalog mf ON ((mf.manufacturer_code = m.manufacturer_code)))      JOIN aiworker.beyond_model_quality_profile q ON ((q.model_code = m.model_code)))      JOIN aiworker.beyond_quality_level_catalog l ON ((l.quality_level_code = q.quality_level_code)))   WHERE ((m.manufacturer_code = 'asic'::text) AND (m.series_code = 'beyond_series'::text) AND (m.status_code = 'active'::text) AND (q.status_code = 'active'::text) AND (l.status_code = 'active'::text))   ORDER BY m.sort_order;
aiworker	vw_beyond_series_tendency_v1	postgres	 SELECT p.manufacturer_code,     p.series_code,     max(v.value_label_ja) FILTER (WHERE (p.axis_code = 'initiative'::text)) AS initiative_ja,     max(p.value_code) FILTER (WHERE (p.axis_code = 'initiative'::text)) AS initiative_code,     max(v.value_label_ja) FILTER (WHERE (p.axis_code = 'user_influence'::text)) AS user_influence_ja,     max(p.value_code) FILTER (WHERE (p.axis_code = 'user_influence'::text)) AS user_influence_code,     max(v.value_label_ja) FILTER (WHERE (p.axis_code = 'action_restriction'::text)) AS action_restriction_ja,     max(p.value_code) FILTER (WHERE (p.axis_code = 'action_restriction'::text)) AS action_restriction_code,     jsonb_object_agg(p.axis_code, jsonb_build_object('value_code', p.value_code, 'value_label_ja', v.value_label_ja, 'summary', p.tendency_summary, 'design_note', p.design_note) ORDER BY p.sort_order) AS tendency_json    FROM (aiworker.series_tendency_profile p      JOIN aiworker.series_tendency_value_catalog v ON ((v.value_code = p.value_code)))   WHERE ((p.manufacturer_code = 'asic'::text) AND (p.series_code = 'beyond_series'::text) AND (p.status_code = 'active'::text))   GROUP BY p.manufacturer_code, p.series_code;
aiworker	vw_beyond_series_worker_lineup_v1	postgres	 SELECT manufacturer_code,     manufacturer_name,     manufacturer_name_ja,     series_code,     series_name,     series_name_ja,     model_code,     model_no,     model_name,     model_name_ja,     role_layer_code,     role_layer_name_ja,     capability_summary,     max_managed_worker_count,     task_complexity_code,     single_task_allowed_flag,     repetitive_task_allowed_flag,     complex_task_allowed_flag,     sort_order    FROM aiworker.vw_beyond_series_lineup_v1   WHERE (role_layer_code = 'WORKER'::text)   ORDER BY sort_order;
aiworker	vw_beyond_series_worker_quality_lineup_v1	postgres	 SELECT manufacturer_code,     manufacturer_name,     manufacturer_name_ja,     series_code,     series_name,     series_name_ja,     model_code,     model_no,     model_name,     model_name_ja,     role_layer_code,     role_layer_name_ja,     capability_summary,     quality_level_code,     quality_level_no,     quality_level_label_ja,     public_quality_label_ja,     public_quality_summary_ja,     quality_axes_jsonb,     strengths_jsonb,     recommended_usage_jsonb,     public_difference_note_ja,     task_complexity_code,     single_task_allowed_flag,     repetitive_task_allowed_flag,     complex_task_allowed_flag,     sort_order    FROM aiworker.vw_beyond_series_quality_lineup_v1   WHERE (role_layer_code = 'WORKER'::text)   ORDER BY sort_order;
aiworker	vw_brain_runtime_selection_smoke_board_v1	postgres	 WITH selected AS (          SELECT c.smoke_case_code,             c.model_code,             c.use_purpose_code,             c.domain_codes,             c.limit_per_domain,             c.total_limit,             c.min_result_count,             c.forbidden_domain_codes,             c.required_source_kinds,             m.brain_domain_code,             m.unit_code,             m.material_source_kind,             m.selection_score,             m.domain_rank,             m.overall_rank            FROM (aiworker.brain_runtime_selection_smoke_case_catalog c              CROSS JOIN LATERAL aiworker.fn_robot_brain_runtime_material_select_v1(c.model_code, c.use_purpose_code, c.domain_codes, c.limit_per_domain, c.total_limit) m(profile_source_type, model_code, series_code, role_code, brain_data_code, brain_domain_code, brain_domain_label_ja, depth_code, data_depth_level, risk_class_code, granularity_code, effective_use_purpose_codes, access_decision_code, source_exists_flag, unit_code, unit_title_ja, unit_summary_ja, unit_detail_ja, practical_use_ja, example_prompt_ja, safety_boundary_ja, tags, material_source_kind, selection_score, domain_rank, overall_rank, selection_reason_ja))           WHERE (c.active_flag = true)         ), summary AS (          SELECT c.smoke_case_code,             c.model_code,             c.use_purpose_code,             c.domain_codes,             c.limit_per_domain,             c.total_limit,             c.min_result_count,             c.forbidden_domain_codes,             c.required_source_kinds,             count(s.unit_code) AS selected_count,             max(s.domain_rank) AS max_domain_rank,             max(s.overall_rank) AS max_overall_rank,             array_agg(DISTINCT s.brain_domain_code ORDER BY s.brain_domain_code) FILTER (WHERE (s.brain_domain_code IS NOT NULL)) AS selected_domains,             array_agg(DISTINCT s.material_source_kind ORDER BY s.material_source_kind) FILTER (WHERE (s.material_source_kind IS NOT NULL)) AS selected_sourc
aiworker	vw_chat_worker_v0_activation	postgres	 SELECT activation_id,     activation_code,     runtime_label,     manufacturer_code,     series_code,     model_selector_text,     service_code,     conversation_profile_code,     read_only_flag,     write_disabled_flag,     active_flag,     updated_at    FROM aiworker.chat_worker_v0_activation   WHERE (activation_code = 'CHAT_WORKER_V0_HD_R1C_FRIEND'::text);
aiworker	vw_chat_worker_v0_cx_reference	postgres	 SELECT a.activation_code,     r.material_family_code,     r.topic_code,     r.restriction_note,     to_jsonb(k.*) AS cx_material_row_json    FROM (((aiworker.chat_worker_v0_activation a      JOIN aiworker.chat_worker_v0_control_state c ON ((c.activation_code = a.activation_code)))      JOIN aiworker.chat_worker_v0_allowed_reference r ON ((r.activation_code = a.activation_code)))      CROSS JOIN LATERAL ( SELECT v.profile_code,             v.package_code,             v.package_name,             v.status_code,             v.version_no,             v.service_code,             v.service_name,             v.service_name_ja,             v.model_code,             v.model_no,             v.machine_name,             v.machine_name_ja,             v.product_name,             v.product_name_ja,             v.manufacturer_code,             v.manufacturer_name,             v.manufacturer_name_ja,             v.series_code,             v.series_name,             v.series_name_ja,             v.role_class_code,             v.role_class_name,             v.role_class_name_ja,             v.locale_code,             v.tone_code,             v.initiative_code,             v.risk_posture_code,             v.reference_source_type,             v.reference_group_code,             v.reference_key,             v.domain_code,             v.knowledge_code,             v.knowledge_name,             v.topic_code,             v.topic_name,             v.topic_group_code,             v.material_id,             v.material_kind_code,             v.season_code,             v.reference_title,             v.reference_summary,             v.reference_body,             v.tags,             v.reference_sort_order,             v.reference_search_text            FROM aiworker.vw_dialog_knowledge_reference v           WHERE (((to_jsonb(v.*))::text ~~* (('%'::text || r.material_family_code) || '%'::text)) AND ((to_jsonb(v.*))::text ~~* (('%'::text || r.topic_code) || '%'::text)))          LIMIT 20) k)   WHER
aiworker	vw_chat_worker_v0_mock_reply_all	postgres	 SELECT r.out_activation_code,     r.out_prompt_code,     r.out_prompt_text,     r.out_reply_text,     r.out_safety_result,     r.out_used_cx_material_count,     r.out_response_json    FROM (aiworker.vw_chat_worker_v0_test_prompt p      CROSS JOIN LATERAL aiworker.fn_chat_worker_v0_mock_reply(p.prompt_code) r(out_activation_code, out_prompt_code, out_prompt_text, out_reply_text, out_safety_result, out_used_cx_material_count, out_response_json))   ORDER BY p.prompt_order;
aiworker	vw_chat_worker_v0_prompt_context	postgres	 SELECT p.activation_code,     p.prompt_order,     p.prompt_code,     p.prompt_text,     p.expected_behavior,     r.runtime_label,     r.manufacturer_code,     r.series_code,     r.model_selector_text,     r.service_code,     r.conversation_profile_code,     r.enabled_flag,     r.runtime_state_code,     r.cx_reference_enabled_flag,     r.read_only_flag,     r.write_disabled_flag,     r.startable_flag,     (count(c.cx_material_row_json))::integer AS cx_material_count,     COALESCE(jsonb_agg(jsonb_build_object('material_family_code', c.material_family_code, 'topic_code', c.topic_code, 'restriction_note', c.restriction_note, 'cx_material', c.cx_material_row_json) ORDER BY c.material_family_code, c.topic_code) FILTER (WHERE (c.cx_material_row_json IS NOT NULL)), '[]'::jsonb) AS cx_materials_json,     jsonb_build_object('worker', jsonb_build_object('activation_code', p.activation_code, 'runtime_label', r.runtime_label, 'manufacturer_code', r.manufacturer_code, 'series_code', r.series_code, 'model_selector_text', r.model_selector_text, 'service_code', r.service_code, 'conversation_profile_code', r.conversation_profile_code), 'state', jsonb_build_object('enabled_flag', r.enabled_flag, 'runtime_state_code', r.runtime_state_code, 'cx_reference_enabled_flag', r.cx_reference_enabled_flag, 'startable_flag', r.startable_flag), 'permission', jsonb_build_object('read_only_flag', r.read_only_flag, 'write_disabled_flag', r.write_disabled_flag, 'allowed_action', 'casual_smalltalk_only', 'forbidden_action', jsonb_build_array('official_decision', 'external_write', 'raw_database_access', 'privileged_family_access', 'destructive_action')), 'user_prompt', jsonb_build_object('prompt_code', p.prompt_code, 'prompt_text', p.prompt_text, 'expected_behavior', p.expected_behavior), 'response_instruction', jsonb_build_object('language', 'ja', 'style', 'friendly_short_to_medium', 'instruction', 'HD-R1C Friendの雑談係として、CX素材を必要に応じて使い、軽い雑談だけを返す。正式判断・外部更新・DB操作には進まない。', 'redirect_instruction', '範囲外の依頼は、雑
aiworker	vw_chat_worker_v0_runtime_context	postgres	 SELECT a.activation_code,     a.runtime_label,     a.manufacturer_code,     a.series_code,     a.model_selector_text,     a.service_code,     a.conversation_profile_code,     c.enabled_flag,     c.runtime_state_code,     c.assignment_scope_code,     c.cx_reference_enabled_flag,     c.max_concurrent_session_count,     c.current_load_band_code,     a.read_only_flag,     a.write_disabled_flag,         CASE             WHEN ((a.active_flag = true) AND (c.enabled_flag = true) AND (c.runtime_state_code = 'READY'::text) AND (c.cx_reference_enabled_flag = true)) THEN true             ELSE false         END AS startable_flag,     c.updated_at    FROM (aiworker.chat_worker_v0_activation a      JOIN aiworker.chat_worker_v0_control_state c ON ((c.activation_code = a.activation_code)))   WHERE (a.activation_code = 'CHAT_WORKER_V0_HD_R1C_FRIEND'::text);
aiworker	vw_chat_worker_v0_test_prompt	postgres	 SELECT activation_code,     prompt_order,     prompt_code,     prompt_text,     expected_behavior,     active_flag    FROM aiworker.chat_worker_v0_test_prompt   WHERE ((activation_code = 'CHAT_WORKER_V0_HD_R1C_FRIEND'::text) AND (active_flag = true));
aiworker	vw_core_registration_authority_summary_v1	postgres	 SELECT authority_role_code,     authority_role_label_ja,     authority_rank,     registration_status_code,     model_selector_text,     can_issue_work_to_manager,     can_issue_work_to_leader,     can_issue_work_to_worker,     is_top_authority_flag    FROM aiworker.command_authority_role_catalog   WHERE (status_code = 'active'::text);
aiworker	vw_core_registration_business_support_summary_v1	postgres	 SELECT role_layer_code,     role_label,     model_selector_text,     execution_mode_code,     can_draft_output,     can_review_output,     can_coordinate_workers,     can_approve_delivery,     can_manage_project,     can_execute_external_change,     max_parallel_task_count    FROM aiworker.business_support_role_control r   WHERE ((package_code = 'BUSINESS_SUPPORT_WLM_V0'::text) AND (status_code = 'active'::text));
aiworker	vw_core_registration_domain_capability_v1	postgres	 SELECT c.role_layer_code,     c.task_domain_code,     d.task_domain_name_ja,     c.capability_level_code,     c.allow_flag,     c.note    FROM (aiworker.business_support_role_domain_capability c      JOIN aiworker.business_support_task_domain d ON (((d.package_code = c.package_code) AND (d.task_domain_code = c.task_domain_code))))   WHERE ((c.package_code = 'BUSINESS_SUPPORT_WLM_V0'::text) AND (d.status_code = 'active'::text));
aiworker	vw_core_registration_president_strategy_summary_v1	postgres	 SELECT c.strategy_cycle_code,     c.cycle_title,     c.cycle_status_code,     g.operation_mode_code,     g.policy_source_code,     g.policy_title,     g.human_confirmed_flag,     ar.registration_status_code AS president_registration_status_code,         CASE             WHEN (ar.registration_status_code = 'ACTIVE'::text) THEN true             ELSE false         END AS president_runtime_executable_flag,     (count(DISTINCT fd.focus_area_code))::integer AS focus_count,     (count(DISTINCT md.distribution_code))::integer AS manager_distribution_count    FROM ((((aiworker.president_strategy_cycle c      JOIN aiworker.president_governance_policy g ON ((g.governance_policy_code = c.governance_policy_code)))      LEFT JOIN aiworker.command_authority_role_catalog ar ON ((ar.authority_role_code = 'PRESIDENT'::text)))      LEFT JOIN aiworker.president_focus_decision fd ON (((fd.strategy_cycle_code = c.strategy_cycle_code) AND (fd.status_code = 'active'::text))))      LEFT JOIN aiworker.president_manager_distribution md ON (((md.strategy_cycle_code = c.strategy_cycle_code) AND (md.distribution_status_code = 'READY'::text))))   GROUP BY c.strategy_cycle_code, c.cycle_title, c.cycle_status_code, g.operation_mode_code, g.policy_source_code, g.policy_title, g.human_confirmed_flag, ar.registration_status_code;
aiworker	vw_dialog_knowledge_reference	postgres	 WITH knowledge_match AS (          SELECT DISTINCT ON (p.profile_code, k.knowledge_code) p.profile_code,             p.package_code,             p.package_name,             p.status_code,             p.version_no,             p.service_code,             p.service_name,             p.service_name_ja,             p.model_code,             p.model_no,             p.machine_name,             p.machine_name_ja,             p.product_name,             p.product_name_ja,             p.manufacturer_code,             p.manufacturer_name,             p.manufacturer_name_ja,             p.series_code,             p.series_name,             p.series_name_ja,             p.role_class_code,             p.role_class_name,             p.role_class_name_ja,             p.locale_code,             p.tone_code,             p.initiative_code,             p.risk_posture_code,             'knowledge_entry'::text AS reference_source_type,             k.domain_code AS reference_group_code,             k.knowledge_code AS reference_key,             k.domain_code,             k.knowledge_code,             k.knowledge_name,             NULL::text AS topic_code,             NULL::text AS topic_name,             NULL::text AS topic_group_code,             NULL::bigint AS material_id,             NULL::text AS material_kind_code,             NULL::text AS season_code,             k.knowledge_name AS reference_title,             k.summary_text AS reference_summary,             k.body_text AS reference_body,             NULL::text[] AS tags,             ((s.priority_no * 100000) + k.sort_order) AS reference_sort_order,             lower(concat_ws(' '::text, p.profile_code, p.package_code, COALESCE(p.service_code, ''::text), COALESCE(p.model_code, ''::text), COALESCE(p.model_no, ''::text), COALESCE(p.machine_name_ja, ''::text), COALESCE(p.product_name_ja, ''::text), 'knowledge_entry', COALESCE(k.domain_code, ''::text), COALESCE(k.knowledge_code, ''::text), COALESCE(k.knowledge_name, ''::text), COAL
aiworker	vw_dialog_policy_package_directory	postgres	 SELECT p.package_code,     p.package_name,     p.package_summary,     p.status_code,     p.version_no,     p.owner_team,     p.approver_name,     p.priority_no,     p.effective_from,     p.review_due_on,     p.change_note,     p.enabled,     p.service_code,     s.service_name,     s.service_name_ja,     p.manufacturer_code,     m.manufacturer_name,     m.manufacturer_name_ja,     p.series_code,     sr.series_name,     sr.series_name_ja,     p.role_class_code,     rc.role_class_name,     rc.role_class_name_ja,     p.model_code,     mdl.model_no,     mdl.machine_name,     mdl.machine_name_ja,     mdl.product_name,     mdl.product_name_ja,     count(DISTINCT cp.profile_code) FILTER (WHERE (cp.enabled = true)) AS enabled_profile_count,     count(DISTINCT er.rule_code) FILTER (WHERE (er.enabled = true)) AS enabled_expression_rule_count,     count(DISTINCT tr.restriction_code) FILTER (WHERE (tr.enabled = true)) AS enabled_topic_restriction_count,     count(DISTINCT rt.template_code) FILTER (WHERE (rt.enabled = true)) AS enabled_redirect_template_count,     count(DISTINCT br.boundary_code) FILTER (WHERE (br.enabled = true)) AS enabled_boundary_rule_count,     lower(concat_ws(' '::text, p.package_code, p.package_name, p.package_summary, COALESCE(p.service_code, ''::text), COALESCE(s.service_name, ''::text), COALESCE(s.service_name_ja, ''::text), COALESCE(p.manufacturer_code, ''::text), COALESCE(m.manufacturer_name, ''::text), COALESCE(m.manufacturer_name_ja, ''::text), COALESCE(p.series_code, ''::text), COALESCE(sr.series_name, ''::text), COALESCE(sr.series_name_ja, ''::text), COALESCE(p.role_class_code, ''::text), COALESCE(rc.role_class_name, ''::text), COALESCE(rc.role_class_name_ja, ''::text), COALESCE(p.model_code, ''::text), COALESCE(mdl.model_no, ''::text), COALESCE(mdl.machine_name, ''::text), COALESCE(mdl.machine_name_ja, ''::text), COALESCE(mdl.product_name, ''::text), COALESCE(mdl.product_name_ja, ''::text))) AS package_search_text    FROM ((((((((((aiworker.cont
aiworker	vw_dialog_profile_catalog	postgres	 SELECT cp.profile_code,     cp.package_code,     p.package_name,     p.status_code,     p.version_no,     cp.service_code,     s.service_name,     s.service_name_ja,     cp.model_code,     mdl.model_no,     mdl.machine_name,     mdl.machine_name_ja,     mdl.product_name,     mdl.product_name_ja,     mdl.manufacturer_code,     m.manufacturer_name,     m.manufacturer_name_ja,     mdl.series_code,     sr.series_name,     sr.series_name_ja,     mdl.role_class_code,     rc.role_class_name,     rc.role_class_name_ja,     cp.locale_code,     cp.tone_code,     cp.initiative_code,     cp.risk_posture_code,     cp.max_sentence_count,     cp.max_question_count,     cp.opener_guideline,     cp.followup_guideline,     cp.closing_guideline,     cp.enabled,     count(step.step_no) FILTER (WHERE (step.enabled = true)) AS enabled_step_count,     lower(concat_ws(' '::text, cp.profile_code, cp.package_code, COALESCE(p.package_name, ''::text), COALESCE(cp.service_code, ''::text), COALESCE(s.service_name, ''::text), COALESCE(s.service_name_ja, ''::text), COALESCE(cp.model_code, ''::text), COALESCE(mdl.model_no, ''::text), COALESCE(mdl.machine_name, ''::text), COALESCE(mdl.machine_name_ja, ''::text), COALESCE(mdl.product_name, ''::text), COALESCE(mdl.product_name_ja, ''::text), cp.locale_code, cp.tone_code, cp.initiative_code, cp.risk_posture_code)) AS profile_search_text    FROM (((((((aiworker.conversation_profile cp      LEFT JOIN aiworker.control_policy_package p ON ((p.package_code = cp.package_code)))      LEFT JOIN aiworker.service_catalog s ON ((s.service_code = cp.service_code)))      LEFT JOIN aiworker.worker_model_catalog mdl ON ((mdl.model_code = cp.model_code)))      LEFT JOIN aiworker.manufacturer_catalog m ON ((m.manufacturer_code = mdl.manufacturer_code)))      LEFT JOIN aiworker.worker_series_catalog sr ON ((sr.series_code = mdl.series_code)))      LEFT JOIN aiworker.worker_role_class_catalog rc ON ((rc.role_class_code = mdl.role_class_code)))      LEFT JOIN aiworker.co
aiworker	vw_dialog_profile_step_catalog	postgres	 SELECT cp.profile_code,     cp.package_code,     cp.service_code,     cp.model_code,     mdl.model_no,     mdl.machine_name_ja,     mdl.product_name_ja,     mdl.manufacturer_code,     mdl.series_code,     mdl.role_class_code,     step.step_no,     step.step_type_code,     step.purpose_text,     step.instruction_text,     step.required_step,     step.enabled    FROM ((aiworker.conversation_profile cp      JOIN aiworker.conversation_profile_step step ON ((step.profile_code = cp.profile_code)))      LEFT JOIN aiworker.worker_model_catalog mdl ON ((mdl.model_code = cp.model_code)));
aiworker	vw_dialog_redirect_template_catalog	postgres	 SELECT rt.template_code,     rt.package_code,     p.package_name,     p.service_code,     p.manufacturer_code,     p.series_code,     p.role_class_code,     p.model_code,     rt.trigger_type_code,     rt.locale_code,     rt.tone_code,     rt.template_text,     rt.sort_order,     rt.enabled,     lower(concat_ws(' '::text, rt.template_code, COALESCE(p.package_name, ''::text), COALESCE(rt.trigger_type_code, ''::text), COALESCE(rt.locale_code, ''::text), COALESCE(rt.tone_code, ''::text), COALESCE(rt.template_text, ''::text))) AS template_search_text    FROM (aiworker.redirect_template rt      LEFT JOIN aiworker.control_policy_package p ON ((p.package_code = rt.package_code)));
aiworker	vw_dialog_reference_scope_catalog	postgres	 SELECT p.profile_code,     p.package_code,     p.package_name,     p.service_code,     p.service_name,     p.service_name_ja,     p.model_code,     p.model_no,     p.machine_name,     p.machine_name_ja,     p.product_name,     p.product_name_ja,     p.manufacturer_code,     p.manufacturer_name,     p.manufacturer_name_ja,     p.series_code,     p.series_name,     p.series_name_ja,     p.role_class_code,     p.role_class_name,     p.role_class_name_ja,     s.scope_id,     s.reference_source_type,     s.domain_code,     s.topic_code,     s.topic_group_code,     s.material_kind_code,     s.season_code,     s.priority_no,     s.note_text,     s.enabled    FROM (aiworker.conversation_reference_scope s      JOIN aiworker.vw_dialog_profile_catalog p ON ((p.profile_code = s.profile_code)));
aiworker	vw_dialog_rule_catalog	postgres	 SELECT 'expression_rule'::text AS rule_source_type,     er.package_code,     p.package_name,     p.service_code,     p.manufacturer_code,     p.series_code,     p.role_class_code,     p.model_code,     er.rule_code AS rule_key,     er.rule_level_code,     er.category_code AS rule_category_code,     er.action_code,     er.priority_no,     er.match_type_code,     er.expression_text AS primary_text,     er.note_text AS secondary_text,     er.enabled    FROM (aiworker.expression_rule er      LEFT JOIN aiworker.control_policy_package p ON ((p.package_code = er.package_code))) UNION ALL  SELECT 'topic_restriction'::text AS rule_source_type,     tr.package_code,     p.package_name,     p.service_code,     p.manufacturer_code,     p.series_code,     p.role_class_code,     p.model_code,     tr.restriction_code AS rule_key,     tr.restriction_level_code AS rule_level_code,     tr.topic_category_code AS rule_category_code,     tr.action_code,     tr.priority_no,     NULL::text AS match_type_code,     tr.topic_category_name AS primary_text,     tr.note_text AS secondary_text,     tr.enabled    FROM (aiworker.topic_restriction tr      LEFT JOIN aiworker.control_policy_package p ON ((p.package_code = tr.package_code))) UNION ALL  SELECT 'boundary_rule'::text AS rule_source_type,     br.package_code,     p.package_name,     p.service_code,     p.manufacturer_code,     p.series_code,     p.role_class_code,     p.model_code,     br.boundary_code AS rule_key,     'boundary'::text AS rule_level_code,     br.response_mode_code AS rule_category_code,     br.action_code,     br.priority_no,     NULL::text AS match_type_code,     br.boundary_name AS primary_text,     br.trigger_summary AS secondary_text,     br.enabled    FROM (aiworker.boundary_rule br      LEFT JOIN aiworker.control_policy_package p ON ((p.package_code = br.package_code)));
aiworker	vw_guardrail_active_rule	postgres	 SELECT rule_code,     rule_name,     category_code,     severity_code,     rule_text,     required_action_text,     prohibited_action_text,     exception_condition_text,     created_at,     updated_at    FROM aiworker.guardrail_rule r   WHERE (status_code = 'active'::text);
aiworker	vw_guardrail_blocking_condition	postgres	 SELECT pattern_code AS condition_code,     pattern_name AS condition_name,     category_code,     severity_code,     trigger_condition_text,     prohibited_action_text,     required_action_text,     auto_action_code,     status_code    FROM aiworker.guardrail_failure_pattern p   WHERE ((status_code = 'active'::text) AND (auto_action_code = ANY (ARRAY['block'::text, 'require_review'::text, 'require_confirmation'::text, 'require_ui_test'::text, 'require_secret_scan'::text])));
aiworker	vw_guardrail_evidence_summary	postgres	 SELECT target_os_code,     target_app_code,     work_phase_code,     count(*) AS evidence_count,     count(*) FILTER (WHERE patch_flag) AS patch_count,     count(*) FILTER (WHERE db_write_flag) AS db_write_count,     count(*) FILTER (WHERE api_post_flag) AS api_post_count,     count(*) FILTER (WHERE git_push_flag) AS git_push_count,     max(created_at) AS latest_created_at    FROM aiworker.guardrail_evidence_link   GROUP BY target_os_code, target_app_code, work_phase_code;
aiworker	vw_guardrail_preflight_for_scope	postgres	 SELECT b.scope_binding_id,     b.rule_code,     r.rule_name,     r.category_code,     r.severity_code,     r.rule_text,     r.required_action_text,     r.prohibited_action_text,     b.target_os_code,     b.target_app_code,     b.target_work_type_code,     b.target_file_pattern,     b.applies_to_db_write_flag,     b.applies_to_api_post_flag,     b.applies_to_ui_flag,     b.applies_to_git_flag,     b.priority_int    FROM (aiworker.guardrail_scope_binding b      JOIN aiworker.guardrail_rule r ON ((r.rule_code = b.rule_code)))   WHERE ((b.status_code = 'active'::text) AND (r.status_code = 'active'::text));
aiworker	vw_guardrail_recent_mistake_case	postgres	 SELECT case_code,     title,     target_os_code,     target_app_code,     target_domain_code,     phase_code,     mistake_category_code,     severity_code,     detected_at,     summary_text,     root_cause_text,     recurrence_prevention_text,     next_check_condition_text,     related_report_path,     related_run_dir,     status_code    FROM aiworker.guardrail_mistake_case   WHERE (status_code = 'active'::text)   ORDER BY COALESCE(detected_at, created_at) DESC;
aiworker	vw_interaction_style_catalog	postgres	 SELECT s.style_code,     s.series_code,     sr.series_name,     sr.series_name_ja,     s.style_no,     s.style_name,     s.style_name_ja,     s.style_summary,     s.initiative_code,     s.warmth_code,     s.tempo_code,     s.closeness_code,     s.enabled,     s.sort_order    FROM (aiworker.interaction_style_catalog s      JOIN aiworker.worker_series_catalog sr ON ((sr.series_code = s.series_code)))   WHERE ((s.enabled = true) AND (sr.enabled = true));
aiworker	vw_leader_mock_review_board_v1	postgres	 SELECT manager_plan_code,     leader_task_code,     worker_task_code,     task_domain_code,     review_result_code,     review_status_code,     review_summary,     correction_note,     risk_note,     review_json    FROM aiworker.leader_mock_review r;
aiworker	vw_lovers_style_feature_assignment_v1	postgres	 SELECT a.manufacturer_code,     a.series_code,     a.style_no,     lpad((a.style_no)::text, 2, '0'::text) AS style_no_text,     p.style_name_ja,     p.style_code,     a.feature_axis_code,     ax.feature_axis_label_ja,     a.feature_value_code,     v.feature_value_label_ja,     v.numeric_level,     a.feature_note_ja,     a.sort_order    FROM (((aiworker.style_feature_assignment a      JOIN aiworker.style_feature_profile p ON (((p.manufacturer_code = a.manufacturer_code) AND (p.series_code = a.series_code) AND (p.style_no = a.style_no))))      JOIN aiworker.style_feature_axis_catalog ax ON ((ax.feature_axis_code = a.feature_axis_code)))      JOIN aiworker.style_feature_value_catalog v ON ((v.feature_value_code = a.feature_value_code)))   WHERE ((a.manufacturer_code = 'lavi_corporation'::text) AND (a.series_code = 'lovers_series'::text) AND (a.status_code = 'active'::text) AND (p.status_code = 'active'::text));
aiworker	vw_lovers_style_feature_profile_v1	postgres	 SELECT manufacturer_code,     series_code,     style_no,     lpad((style_no)::text, 2, '0'::text) AS style_no_text,     style_code,     style_name_ja,     style_name_en,     app_display_name_ja,     app_display_summary_ja,     app_display_tags_ja,     feature_jsonb,     safety_overlay_jsonb,     recommended_usage_jsonb,     sort_order    FROM aiworker.style_feature_profile p   WHERE ((manufacturer_code = 'lavi_corporation'::text) AND (series_code = 'lovers_series'::text) AND (status_code = 'active'::text));
aiworker	vw_manager_instruction_acceptance_board_v1	postgres	 SELECT a.instruction_code,     a.distribution_code,     i.source_authority_role_code,     i.source_actor_ref,     i.target_authority_role_code,     i.target_actor_ref,     i.task_domain_code,     i.instruction_title,     i.priority_code,     i.instruction_status_code,     a.accepted_by_role_layer_code,     a.accepted_by_model_selector_text,     a.acceptance_status_code,     a.acceptance_decision_code,     a.acceptance_note,     a.accepted_at    FROM (aiworker.manager_instruction_acceptance a      JOIN aiworker.manager_work_instruction i ON ((i.instruction_code = a.instruction_code)));
aiworker	vw_manager_instruction_assignment_board_v1	postgres	 SELECT p.instruction_code,     p.manager_plan_code,     p.source_instruction_title,     t.task_order,     t.task_code,     t.task_title,     t.task_domain_code,     t.assigned_role_layer_code,     t.assigned_model_selector_text,     t.action_code,     t.expected_output,     t.task_status_code,     t.safety_note,     a.assignment_status_code,     a.assignment_note    FROM ((aiworker.manager_instruction_plan p      JOIN aiworker.manager_instruction_task t ON ((t.manager_plan_code = p.manager_plan_code)))      LEFT JOIN aiworker.manager_instruction_assignment a ON (((a.task_code = t.task_code) AND (a.assigned_role_layer_code = t.assigned_role_layer_code))));
aiworker	vw_manager_instruction_plan_board_v1	postgres	 SELECT p.instruction_code,     p.manager_plan_code,     p.manager_model_selector_text,     p.task_domain_code,     p.plan_status_code,     p.source_instruction_title,     p.objective_summary,     p.scope_summary,     p.output_definition,     p.acceptance_criteria,     p.risk_summary,     p.manager_control_note,     (count(t.task_code))::integer AS task_count,     (count(t.task_code) FILTER (WHERE (t.assigned_role_layer_code = 'WORKER'::text)))::integer AS worker_task_count,     (count(t.task_code) FILTER (WHERE (t.assigned_role_layer_code = 'LEADER'::text)))::integer AS leader_task_count,     (count(t.task_code) FILTER (WHERE (t.assigned_role_layer_code = 'MANAGER'::text)))::integer AS manager_task_count    FROM (aiworker.manager_instruction_plan p      LEFT JOIN aiworker.manager_instruction_task t ON ((t.manager_plan_code = p.manager_plan_code)))   GROUP BY p.instruction_code, p.manager_plan_code, p.manager_model_selector_text, p.task_domain_code, p.plan_status_code, p.source_instruction_title, p.objective_summary, p.scope_summary, p.output_definition, p.acceptance_criteria, p.risk_summary, p.manager_control_note;
aiworker	vw_manager_mock_final_gate_board_v1	postgres	 SELECT manager_plan_code,     manager_gate_task_code,     leader_task_code,     task_domain_code,     gate_result_code,     delivery_status_code,     final_summary,     external_execution_allowed_flag,     pg_apply_allowed_flag,     destructive_action_allowed_flag,     human_go_required_for_external_flag,     final_gate_json    FROM aiworker.manager_mock_final_gate g;
aiworker	vw_megami_friend_lover_selection_card_v1	postgres	 SELECT manufacturer_code,     series_code,     model_code,     model_no,     model_name_ja,     friend_lover_style_family_code,     friend_lover_style_family_ja,     friend_lover_personality_summary_ja,     personality_risk_note_ja,     safety_overlay_jsonb,     recommended_usage_jsonb,         CASE             WHEN (model_code = 'mg_norn_002_verdandi'::text) THEN true             WHEN (model_code = 'mg_norn_003_skuld'::text) THEN true             ELSE false         END AS requires_personality_safety_notice_flag    FROM aiworker.vw_megami_series_lineup_v1   ORDER BY sort_order;
aiworker	vw_megami_norn_three_sisters_appearance_profile_v1	postgres	 SELECT manufacturer_code,     series_code,     model_code,     model_no,     model_name_ja,     height_cm,     bust_cm,     waist_cm,     hip_cm,     jsonb_build_object('height_cm', height_cm, 'bust_cm', bust_cm, 'waist_cm', waist_cm, 'hip_cm', hip_cm) AS body_profile_jsonb,     appearance_profile_note_ja,         CASE             WHEN ((height_cm >= 185) AND (bust_cm >= 90) AND (waist_cm <= 65) AND (hip_cm >= 85)) THEN true             ELSE false         END AS norn_three_sisters_body_condition_pass_flag,     display_allowed_flag,     sort_order    FROM aiworker.model_public_appearance_profile p   WHERE ((manufacturer_code = 'mathers_garden'::text) AND (series_code = 'megami_series'::text) AND (model_code = ANY (ARRAY['mg_norn_001_urd'::text, 'mg_norn_002_verdandi'::text, 'mg_norn_003_skuld'::text])) AND (status_code = 'active'::text));
aiworker	vw_megami_series_lineup_v1	postgres	 SELECT m.manufacturer_code,     mf.manufacturer_name,     mf.manufacturer_name_ja,     m.series_code,     s.series_name,     s.series_name_ja,     m.model_code,     m.model_no,     m.model_name,     m.model_name_ja,     m.role_layer_code,     m.role_layer_name_ja,     m.capability_summary,     p.norn_code,     p.temporal_focus_code,     p.temporal_focus_label_ja,     p.worker_mode_summary_ja,     p.friend_lover_style_family_code,     p.friend_lover_style_family_ja,     p.friend_lover_personality_summary_ja,     p.personality_risk_note_ja,     p.safety_overlay_jsonb,     p.recommended_usage_jsonb,     m.task_complexity_code,     m.single_task_allowed_flag,     m.repetitive_task_allowed_flag,     m.complex_task_allowed_flag,     m.sort_order    FROM (((aiworker.worker_model_extension_catalog m      JOIN aiworker.worker_series_extension_catalog s ON (((s.manufacturer_code = m.manufacturer_code) AND (s.series_code = m.series_code))))      JOIN aiworker.worker_manufacturer_extension_catalog mf ON ((mf.manufacturer_code = m.manufacturer_code)))      JOIN aiworker.megami_model_profile p ON ((p.model_code = m.model_code)))   WHERE ((m.manufacturer_code = 'mathers_garden'::text) AND (m.series_code = 'megami_series'::text) AND (m.status_code = 'active'::text) AND (p.status_code = 'active'::text))   ORDER BY m.sort_order;
aiworker	vw_megami_series_tendency_v1	postgres	 SELECT p.manufacturer_code,     p.series_code,     max(v.value_label_ja) FILTER (WHERE (p.axis_code = 'initiative'::text)) AS initiative_ja,     max(p.value_code) FILTER (WHERE (p.axis_code = 'initiative'::text)) AS initiative_code,     max(v.value_label_ja) FILTER (WHERE (p.axis_code = 'user_influence'::text)) AS user_influence_ja,     max(p.value_code) FILTER (WHERE (p.axis_code = 'user_influence'::text)) AS user_influence_code,     max(v.value_label_ja) FILTER (WHERE (p.axis_code = 'action_restriction'::text)) AS action_restriction_ja,     max(p.value_code) FILTER (WHERE (p.axis_code = 'action_restriction'::text)) AS action_restriction_code,     jsonb_object_agg(p.axis_code, jsonb_build_object('value_code', p.value_code, 'value_label_ja', v.value_label_ja, 'summary', p.tendency_summary, 'design_note', p.design_note) ORDER BY p.sort_order) AS tendency_json    FROM (aiworker.series_tendency_profile p      JOIN aiworker.series_tendency_value_catalog v ON ((v.value_code = p.value_code)))   WHERE ((p.manufacturer_code = 'mathers_garden'::text) AND (p.series_code = 'megami_series'::text) AND (p.status_code = 'active'::text))   GROUP BY p.manufacturer_code, p.series_code;
aiworker	vw_megami_worker_temporal_focus_v1	postgres	 SELECT manufacturer_code,     series_code,     model_code,     model_no,     model_name_ja,     temporal_focus_code,     temporal_focus_label_ja,     worker_mode_summary_ja,     recommended_usage_jsonb    FROM aiworker.vw_megami_series_lineup_v1   ORDER BY sort_order;
aiworker	vw_model_growth_delta_summary	postgres	 SELECT l.model_code,     mdl.model_no,     mdl.machine_name,     mdl.machine_name_ja,     mdl.product_name,     mdl.product_name_ja,     mdl.manufacturer_code,     m.manufacturer_name,     m.manufacturer_name_ja,     mdl.series_code,     sr.series_name,     sr.series_name_ja,     mdl.role_class_code,     rc.role_class_name,     rc.role_class_name_ja,     l.service_code,     s.service_name,     s.service_name_ja,     l.dimension_code,     count(*) AS delta_event_count,     (COALESCE(sum(l.delta_value), (0)::numeric))::numeric(12,3) AS total_delta_value,     (COALESCE(avg(l.delta_value), (0)::numeric))::numeric(12,3) AS avg_delta_value,     (COALESCE(max(l.delta_value), (0)::numeric))::numeric(12,3) AS max_delta_value,     (COALESCE(min(l.delta_value), (0)::numeric))::numeric(12,3) AS min_delta_value,     (COALESCE(avg(l.confidence_value), (0)::numeric))::numeric(8,3) AS avg_confidence_value,     min(l.observed_at) AS first_observed_at,     max(l.observed_at) AS last_observed_at    FROM (((((aiworker.learning_delta_log l      JOIN aiworker.worker_model_catalog mdl ON ((mdl.model_code = l.model_code)))      LEFT JOIN aiworker.manufacturer_catalog m ON ((m.manufacturer_code = mdl.manufacturer_code)))      LEFT JOIN aiworker.worker_series_catalog sr ON ((sr.series_code = mdl.series_code)))      LEFT JOIN aiworker.worker_role_class_catalog rc ON ((rc.role_class_code = mdl.role_class_code)))      LEFT JOIN aiworker.service_catalog s ON ((s.service_code = l.service_code)))   GROUP BY l.model_code, mdl.model_no, mdl.machine_name, mdl.machine_name_ja, mdl.product_name, mdl.product_name_ja, mdl.manufacturer_code, m.manufacturer_name, m.manufacturer_name_ja, mdl.series_code, sr.series_name, sr.series_name_ja, mdl.role_class_code, rc.role_class_name, rc.role_class_name_ja, l.service_code, s.service_name, s.service_name_ja, l.dimension_code;
aiworker	vw_model_public_directory_v1	postgres	 SELECT registry_code,     manufacturer_code,     manufacturer_name,     manufacturer_name_ja,     series_code,     series_name,     series_name_ja,     model_code,     model_no,     model_name,     model_name_ja,     role_layer_code,     role_layer_name_ja,     model_category_code,     public_summary_ja,     capability_summary_ja,     personality_summary_ja,     safety_note_ja,     public_traits_jsonb,     recommended_usage_jsonb,     source_layer_code,     app_reference_allowed_flag,     sort_order    FROM aiworker.model_public_registry   WHERE ((status_code = 'active'::text) AND (public_display_allowed_flag = true));
aiworker	vw_model_public_profile	postgres	 SELECT p.model_code,     m.model_no,     m.machine_name_ja,     m.product_name_ja,     m.manufacturer_code,     m.series_code,     m.style_no,     m.style_code,     m.style_name_ja,     m.presentation_gender_code,     p.public_series_name,     p.public_stage_name,     p.live_activity_enabled,     p.public_profile_summary,     p.public_disclosure_note,     COALESCE(jsonb_object_agg(pm.metric_code, jsonb_build_object('name', pm.metric_name, 'value_numeric', pm.metric_value_numeric, 'value_text', pm.metric_value_text, 'unit', pm.unit_code) ORDER BY pm.sort_order) FILTER (WHERE (pm.metric_code IS NOT NULL)), '{}'::jsonb) AS public_metrics    FROM ((aiworker.public_activity_profile p      JOIN aiworker.vw_model_style_profile m ON ((m.model_code = p.model_code)))      LEFT JOIN aiworker.public_metric pm ON (((pm.model_code = p.model_code) AND (pm.enabled = true))))   WHERE (p.enabled = true)   GROUP BY p.model_code, m.model_no, m.machine_name_ja, m.product_name_ja, m.manufacturer_code, m.series_code, m.style_no, m.style_code, m.style_name_ja, m.presentation_gender_code, p.public_series_name, p.public_stage_name, p.live_activity_enabled, p.public_profile_summary, p.public_disclosure_note;
aiworker	vw_model_style_profile	postgres	 SELECT m.manufacturer_code,     mf.manufacturer_name,     mf.manufacturer_name_ja,     m.series_code,     sr.series_name,     sr.series_name_ja,     m.model_code,     m.model_no,     m.machine_name,     m.machine_name_ja,     m.product_name,     m.product_name_ja,     m.role_class_code,     rc.role_class_name_ja,     id.series_prefix_code,     id.style_no,     id.presentation_gender_code,     id.version_no,     sa.style_code,     st.style_name,     st.style_name_ja,     st.initiative_code,     st.warmth_code,     st.tempo_code,     st.closeness_code,     m.model_summary,     m.sort_order    FROM ((((((aiworker.worker_model_catalog m      JOIN aiworker.manufacturer_catalog mf ON ((mf.manufacturer_code = m.manufacturer_code)))      JOIN aiworker.worker_series_catalog sr ON ((sr.series_code = m.series_code)))      LEFT JOIN aiworker.worker_role_class_catalog rc ON ((rc.role_class_code = m.role_class_code)))      LEFT JOIN aiworker.model_identity_spec id ON ((id.model_code = m.model_code)))      LEFT JOIN aiworker.model_style_assignment sa ON (((sa.model_code = m.model_code) AND (sa.enabled = true))))      LEFT JOIN aiworker.interaction_style_catalog st ON ((st.style_code = sa.style_code)))   WHERE (m.enabled = true);
aiworker	vw_president_capability_gate_v1	postgres	 SELECT president_model_code,     capability_code,     capability_label,     default_allowed_flag,     required_gate_code,     risk_level_code,     gate_summary,     status_code    FROM aiworker.president_capability_gate g   WHERE (status_code = 'active'::text);
aiworker	vw_president_catalog_summary_v1	postgres	 SELECT p.president_model_code,     p.president_model_name_ja,     p.manufacturer_code,     p.series_code,     p.model_selector_text,     p.authority_role_code,     ar.registration_status_code AS authority_registration_status_code,     p.supported_operation_modes_jsonb,     p.executive_scope_jsonb,     p.management_standard_family_code,     p.default_governance_posture_code,     p.catalog_status_code,     p.runtime_status_code,     rc.runtime_enabled_flag,     rc.authority_activation_status_code,     rc.operation_mode_code,     rc.human_go_required_flag,     rc.human_go_confirmed_flag,     rc.auto_strategy_cycle_allowed_flag,     rc.auto_manager_distribution_allowed_flag,     rc.external_execution_allowed_flag,     rc.pg_apply_allowed_flag,     rc.destructive_action_allowed_flag,     rc.current_runtime_state_code    FROM ((aiworker.president_model_catalog p      LEFT JOIN aiworker.command_authority_role_catalog ar ON ((ar.authority_role_code = p.authority_role_code)))      LEFT JOIN aiworker.president_runtime_control rc ON ((rc.president_model_code = p.president_model_code)));
aiworker	vw_president_hd_r5p_catalog_summary_v1	postgres	 SELECT p.president_model_code,     p.model_no,     p.model_code,     p.president_model_name,     p.president_model_name_ja,     p.manufacturer_code,     p.series_code,     p.model_selector_text,     p.role_class_code,     p.machine_name,     p.machine_name_ja,     p.product_name,     p.product_name_ja,     p.authority_role_code,     ar.registration_status_code AS authority_registration_status_code,     p.catalog_status_code,     p.runtime_status_code,     rc.runtime_enabled_flag,     rc.authority_activation_status_code,     rc.current_runtime_state_code,     rc.operation_mode_code,     rc.external_execution_allowed_flag,     rc.pg_apply_allowed_flag,     rc.destructive_action_allowed_flag,     rc.human_go_required_flag,     rc.human_go_confirmed_flag,     rc.auto_strategy_cycle_allowed_flag,     rc.auto_manager_distribution_allowed_flag    FROM ((aiworker.president_model_catalog p      LEFT JOIN aiworker.command_authority_role_catalog ar ON ((ar.authority_role_code = p.authority_role_code)))      LEFT JOIN aiworker.president_runtime_control rc ON ((rc.president_model_code = p.president_model_code)))   WHERE (p.president_model_code = 'PRESIDENT_AI_COMPANY_V0_001'::text);
aiworker	vw_president_manager_instruction_bridge_board_v1	postgres	 SELECT b.distribution_code,     b.instruction_code,     b.president_model_code,     b.president_model_no,     b.strategy_cycle_code,     b.bridge_status_code,     b.bridge_note,     i.source_actor_type,     i.source_authority_role_code,     i.source_manager_level_no,     i.target_authority_role_code,     i.target_manager_level_no,     i.target_actor_ref,     i.task_domain_code,     i.instruction_title,     i.priority_code,     i.human_confirmed_flag,     i.hierarchy_authorized_flag,     i.instruction_status_code,     d.out_decision_code AS authority_decision_code,     d.out_decision_summary AS authority_decision_summary,         CASE             WHEN (d.out_decision_code = 'ACCEPTABLE'::text) THEN true             ELSE false         END AS manager_can_accept_flag    FROM ((aiworker.president_manager_instruction_bridge b      JOIN aiworker.manager_work_instruction i ON ((i.instruction_code = b.instruction_code)))      CROSS JOIN LATERAL aiworker.fn_president_manager_instruction_decision(b.instruction_code) d(out_instruction_code, out_source_actor_type, out_source_authority_role_code, out_target_authority_role_code, out_source_manager_level_no, out_target_manager_level_no, out_president_model_no, out_president_authority_status, out_president_runtime_state, out_runtime_enabled_flag, out_decision_code, out_decision_summary));
aiworker	vw_president_manager_instruction_candidate_v1	postgres	 SELECT d.strategy_cycle_code,     d.distribution_code,     'PRESIDENT_AI_COMPANY_V0_001'::text AS president_model_code,     'HD-R5P'::text AS president_model_no,     'president'::text AS source_actor_type,     'PRESIDENT'::text AS source_authority_role_code,     0 AS source_manager_level_no,     'president:HD-R5P'::text AS source_actor_ref,     'MANAGER'::text AS target_authority_role_code,     d.target_manager_level_no,     d.target_manager_selector_text AS target_actor_ref,     d.focus_area_code AS task_domain_code,     d.distributed_work_title AS instruction_title,     d.distributed_work_body AS instruction_body,     d.expected_manager_output AS desired_output_kind_code,     d.priority_code,     d.distribution_status_code,     rc.runtime_enabled_flag,     rc.authority_activation_status_code,     rc.current_runtime_state_code,     ar.registration_status_code AS president_authority_registration_status_code,         CASE             WHEN ((ar.registration_status_code = 'ACTIVE'::text) AND (rc.runtime_enabled_flag = true) AND (rc.current_runtime_state_code = ANY (ARRAY['READY'::text, 'ACTIVE'::text]))) THEN true             ELSE false         END AS president_can_distribute_now_flag,         CASE             WHEN (ar.registration_status_code <> 'ACTIVE'::text) THEN 'WAITING_FOR_PRESIDENT_AUTHORITY_ACTIVE'::text             WHEN (rc.runtime_enabled_flag IS NOT TRUE) THEN 'WAITING_FOR_PRESIDENT_RUNTIME'::text             WHEN (rc.current_runtime_state_code <> ALL (ARRAY['READY'::text, 'ACTIVE'::text])) THEN 'WAITING_FOR_PRESIDENT_RUNTIME_READY'::text             WHEN (d.distribution_status_code <> 'READY'::text) THEN 'DISTRIBUTION_NOT_READY'::text             ELSE 'READY_TO_DISTRIBUTE'::text         END AS candidate_status_code,     d.target_manager_selector_text    FROM (((aiworker.president_manager_distribution d      JOIN aiworker.president_model_catalog p ON ((p.president_model_code = 'PRESIDENT_AI_COMPANY_V0_001'::text)))      LEFT JOIN aiworker.president_runtime
aiworker	vw_president_manager_instruction_waiting_v1	postgres	 SELECT distribution_code,     instruction_code,     president_model_code,     president_model_no,     strategy_cycle_code,     bridge_status_code,     bridge_note,     source_actor_type,     source_authority_role_code,     source_manager_level_no,     target_authority_role_code,     target_manager_level_no,     target_actor_ref,     task_domain_code,     instruction_title,     priority_code,     human_confirmed_flag,     hierarchy_authorized_flag,     instruction_status_code,     authority_decision_code,     authority_decision_summary,     manager_can_accept_flag    FROM aiworker.vw_president_manager_instruction_bridge_board_v1   WHERE (manager_can_accept_flag = false);
aiworker	vw_president_runtime_gate_v1	postgres	 SELECT president_model_code,     president_model_name_ja,     catalog_status_code,     authority_registration_status_code,     authority_activation_status_code,     runtime_enabled_flag,     current_runtime_state_code,     operation_mode_code,     human_go_required_flag,     human_go_confirmed_flag,     auto_strategy_cycle_allowed_flag,     auto_manager_distribution_allowed_flag,     external_execution_allowed_flag,     pg_apply_allowed_flag,     destructive_action_allowed_flag,         CASE             WHEN ((catalog_status_code = 'REGISTERED'::text) AND (runtime_enabled_flag = true) AND (authority_registration_status_code = 'ACTIVE'::text) AND (current_runtime_state_code = ANY (ARRAY['READY'::text, 'ACTIVE'::text]))) THEN true             ELSE false         END AS president_runtime_executable_flag,         CASE             WHEN (catalog_status_code <> 'REGISTERED'::text) THEN 'President catalog is not registered.'::text             WHEN (authority_registration_status_code <> 'ACTIVE'::text) THEN 'President authority remains PLANNED.'::text             WHEN (runtime_enabled_flag IS NOT TRUE) THEN 'President runtime is disabled.'::text             WHEN (current_runtime_state_code <> ALL (ARRAY['READY'::text, 'ACTIVE'::text])) THEN 'President runtime state is not ready.'::text             ELSE 'President runtime is executable.'::text         END AS runtime_gate_note    FROM aiworker.vw_president_catalog_summary_v1 s;
aiworker	vw_president_wlm_internal_pipeline_acceptance_detail_v1	postgres	 SELECT p.acceptance_package_code,     p.acceptance_status_code,     c.check_code,     c.check_label,     c.expected_value,     c.actual_value,     c.check_status_code,     c.check_summary    FROM (aiworker.internal_pipeline_acceptance_package p      JOIN aiworker.internal_pipeline_acceptance_check c ON ((c.acceptance_package_code = p.acceptance_package_code)));
aiworker	vw_president_wlm_internal_pipeline_acceptance_metrics_v1	postgres	 SELECT 'PRESIDENT_WLM_INTERNAL_PIPELINE_V1'::text AS pipeline_code,     COALESCE(( SELECT p.model_no            FROM aiworker.president_model_catalog p           WHERE (p.president_model_code = 'PRESIDENT_AI_COMPANY_V0_001'::text)          LIMIT 1), 'UNKNOWN'::text) AS president_model_no,     COALESCE(( SELECT p.model_code            FROM aiworker.president_model_catalog p           WHERE (p.president_model_code = 'PRESIDENT_AI_COMPANY_V0_001'::text)          LIMIT 1), 'UNKNOWN'::text) AS president_model_code,     COALESCE(( SELECT c.registration_status_code            FROM aiworker.command_authority_role_catalog c           WHERE (c.authority_role_code = 'PRESIDENT'::text)          LIMIT 1), 'UNKNOWN'::text) AS president_authority_status,     COALESCE(( SELECT rc.current_runtime_state_code            FROM aiworker.president_runtime_control rc           WHERE (rc.president_model_code = 'PRESIDENT_AI_COMPANY_V0_001'::text)          LIMIT 1), 'UNKNOWN'::text) AS president_runtime_state_code,     COALESCE(( SELECT rc.runtime_enabled_flag            FROM aiworker.president_runtime_control rc           WHERE (rc.president_model_code = 'PRESIDENT_AI_COMPANY_V0_001'::text)          LIMIT 1), false) AS president_runtime_enabled_flag,     (COALESCE(( SELECT count(*) AS count            FROM aiworker.vw_president_manager_instruction_bridge_board_v1           WHERE ((vw_president_manager_instruction_bridge_board_v1.authority_decision_code = 'ACCEPTABLE'::text) AND (vw_president_manager_instruction_bridge_board_v1.manager_can_accept_flag = true))), (0)::bigint))::integer AS acceptable_manager_instruction_count,     (COALESCE(( SELECT count(*) AS count            FROM aiworker.manager_instruction_acceptance           WHERE (manager_instruction_acceptance.acceptance_status_code = 'ACCEPTED'::text)), (0)::bigint))::integer AS manager_accepted_instruction_count,     (COALESCE(( SELECT count(*) AS count            FROM aiworker.manager_instruction_plan           WHERE (manager_inst
aiworker	vw_president_wlm_internal_pipeline_acceptance_summary_v1	postgres	 SELECT p.acceptance_package_code,     p.pipeline_code,     p.pipeline_name_ja,     p.president_model_no,     p.president_model_code,     p.president_runtime_state_code,     p.acceptance_status_code,     (count(c.check_code))::integer AS check_count,     (count(c.check_code) FILTER (WHERE (c.check_status_code = 'PASS'::text)))::integer AS pass_count,     (count(c.check_code) FILTER (WHERE (c.check_status_code = 'FAIL'::text)))::integer AS fail_count,     p.external_execution_allowed_flag,     p.pg_apply_allowed_flag,     p.destructive_action_allowed_flag,     p.acceptance_summary,     p.updated_at    FROM (aiworker.internal_pipeline_acceptance_package p      LEFT JOIN aiworker.internal_pipeline_acceptance_check c ON ((c.acceptance_package_code = p.acceptance_package_code)))   GROUP BY p.acceptance_package_code, p.pipeline_code, p.pipeline_name_ja, p.president_model_no, p.president_model_code, p.president_runtime_state_code, p.acceptance_status_code, p.external_execution_allowed_flag, p.pg_apply_allowed_flag, p.destructive_action_allowed_flag, p.acceptance_summary, p.updated_at;
aiworker	vw_robot_brain_compact_context_v1	postgres	 SELECT model_code,     series_code,     role_code,     brain_domain_code,     brain_domain_label_ja,     max(data_depth_level) AS max_data_depth_level,     max(depth_code) AS representative_depth_code,     array_agg(DISTINCT risk_class_code ORDER BY risk_class_code) AS risk_class_codes,     count(*) AS readable_source_count,     count(*) FILTER (WHERE (source_exists_flag = true)) AS existing_source_count,     string_agg(((((source_schema_name || '.'::text) || source_object_name) || ':'::text) || brain_data_code), ' '::text ORDER BY source_schema_name, source_object_name, brain_data_code) AS compact_brain_sources,     string_agg(DISTINCT registry_safety_boundary_ja, ' --- '::text) AS safety_boundaries_ja    FROM aiworker.vw_robot_readable_brain_source_registry_v1   GROUP BY model_code, series_code, role_code, brain_domain_code, brain_domain_label_ja;
aiworker	vw_robot_brain_effective_access_v1	postgres	 WITH profile_source AS (          SELECT 'model'::text AS profile_source_type,             robot_brain_model_profile.model_code,             robot_brain_model_profile.series_code,             robot_brain_model_profile.role_code,             robot_brain_model_profile.access_tier_code,             robot_brain_model_profile.max_depth_code,             robot_brain_model_profile.focus_domain_codes,             robot_brain_model_profile.default_use_purpose_codes,             robot_brain_model_profile.safety_note_ja,             robot_brain_model_profile.active_flag            FROM aiworker.robot_brain_model_profile           WHERE (robot_brain_model_profile.active_flag = true)         UNION ALL          SELECT 'series'::text AS profile_source_type,             ('SERIES:'::text || robot_brain_series_profile.series_code) AS model_code,             robot_brain_series_profile.series_code,             robot_brain_series_profile.role_code,             robot_brain_series_profile.access_tier_code,             robot_brain_series_profile.max_depth_code,             robot_brain_series_profile.focus_domain_codes,             robot_brain_series_profile.default_use_purpose_codes,             robot_brain_series_profile.safety_note_ja,             robot_brain_series_profile.active_flag            FROM aiworker.robot_brain_series_profile           WHERE (robot_brain_series_profile.active_flag = true)         ), base AS (          SELECT p.profile_source_type,             p.model_code,             p.series_code,             p.role_code,             p.access_tier_code,             p.max_depth_code,             max_depth.depth_level AS max_depth_level,             p.focus_domain_codes,             p.default_use_purpose_codes,             p.safety_note_ja AS profile_safety_note_ja,             r.brain_data_code,             r.brain_domain_code,             r.brain_domain_label_ja,             r.source_schema_name,             r.source_object_name,             r.source_record_code,           
aiworker	vw_robot_brain_runtime_material_quality_overlay_v1	postgres	 SELECT b.profile_source_type,     b.model_code,     b.series_code,     b.role_code,     b.brain_data_code,     b.brain_domain_code,     b.brain_domain_label_ja,     b.depth_code,     b.data_depth_level,     b.risk_class_code,     b.granularity_code,     b.effective_use_purpose_codes,     b.access_decision_code,     b.source_exists_flag,     b.unit_code,     b.unit_title_ja,     b.unit_summary_ja,     b.unit_detail_ja,     b.practical_use_ja,     b.example_prompt_ja,     b.safety_boundary_ja,     b.tags,     b.material_source_kind,     b.source_kind_score,     b.full_load_priority,     b.domain_priority_score,     b.risk_base_score,     b.depth_score,     COALESCE(q.canon_status, 'legacy_seed'::text) AS canon_status,     COALESCE(q.reference_tier, 'lightweight'::text) AS reference_tier,     COALESCE(q.verification_status, 'not_reviewed'::text) AS verification_status,     COALESCE(q.source_basis_codes, ARRAY['generated_draft'::text]) AS source_basis_codes,     COALESCE(q.source_caution_ja, ''::text) AS source_caution_ja,     COALESCE(q.robot_use_summary_ja, ''::text) AS robot_use_summary_ja,     COALESCE(q.misconception_guard_ja, ''::text) AS misconception_guard_ja,     COALESCE(q.lightweight_allowed_flag, false) AS lightweight_allowed_flag,     COALESCE(q.deep_reference_allowed_flag, false) AS deep_reference_allowed_flag,     COALESCE(q.verified_canon_priority, 1000) AS verified_canon_priority    FROM (aiworker.vw_robot_brain_runtime_material_scoring_base_v1 b      LEFT JOIN cx22073jw.brain_reference_quality_metadata q ON (((q.active_flag = true) AND ((q.target_code = b.unit_code) OR (q.target_code = ('taika_reform:'::text || b.unit_code)) OR (q.target_code = b.brain_data_code) OR (q.target_code = ('taika_reform:'::text || b.brain_data_code))))));
aiworker	vw_robot_brain_runtime_material_scoring_base_v1	postgres	 SELECT m.profile_source_type,     m.model_code,     m.series_code,     m.role_code,     m.brain_data_code,     m.brain_domain_code,     m.brain_domain_label_ja,     m.depth_code,     m.data_depth_level,     m.risk_class_code,     m.granularity_code,     m.effective_use_purpose_codes,     m.access_decision_code,     m.source_exists_flag,     m.unit_code,     m.unit_title_ja,     m.unit_summary_ja,     m.unit_detail_ja,     m.practical_use_ja,     m.example_prompt_ja,     m.safety_boundary_ja,     m.tags,         CASE             WHEN (m.unit_code ~~ 'srcmat_%'::text) THEN 'source_registry'::text             WHEN (m.unit_code ~~ 'lane10b_%'::text) THEN 'lane10b_breadth'::text             WHEN (m.unit_code ~~ 'lane09_%'::text) THEN 'lane09_detail'::text             WHEN (m.unit_code ~~ 'lane05_%'::text) THEN 'lane05_fillup'::text             WHEN (m.unit_code ~~ 'pack05_%'::text) THEN 'pack05_full_load'::text             WHEN (m.unit_code ~~ 'pack04_%'::text) THEN 'pack04_robot_diff'::text             WHEN (m.unit_code ~~ 'pack03_%'::text) THEN 'pack03_life_learning_city'::text             WHEN (m.unit_code ~~ 'pack02_%'::text) THEN 'pack02_professional'::text             WHEN (m.unit_code ~~ 'pack01_%'::text) THEN 'pack01_base'::text             ELSE 'base_material'::text         END AS material_source_kind,         CASE             WHEN (m.unit_code ~~ 'srcmat_%'::text) THEN 930             WHEN (m.unit_code ~~ 'lane10b_%'::text) THEN 928             WHEN (m.unit_code ~~ 'lane09_%'::text) THEN 925             WHEN (m.unit_code ~~ 'lane05_%'::text) THEN 900             WHEN (m.unit_code ~~ 'pack05_%'::text) THEN 780             WHEN (m.unit_code ~~ 'pack04_%'::text) THEN 720             WHEN (m.unit_code ~~ 'pack03_%'::text) THEN 560             WHEN (m.unit_code ~~ 'pack02_%'::text) THEN 510             WHEN (m.unit_code ~~ 'pack01_%'::text) THEN 460             ELSE 400         END AS source_kind_score,     COALESCE(c.full_load_priority, 1200) AS full_load_priority
aiworker	vw_robot_capability_sharing_policy_public_v1	postgres	 SELECT manufacturer_code,     series_code,     sharing_scope_code,     sharing_scope_label_ja,     allowed_context_jsonb,     forbidden_context_jsonb,     policy_summary_ja,     sort_order    FROM aiworker.robot_capability_sharing_policy   WHERE (status_code = 'active'::text)   ORDER BY sort_order;
aiworker	vw_robot_model_capability_public_v1	postgres	 SELECT p.manufacturer_code,     p.series_code,     p.model_code,     p.model_no,     p.axis_code,     a.axis_name_ja,     p.value_code,     v.value_name_ja,     p.public_label_ja,     p.public_summary_ja,     p.sort_order    FROM ((aiworker.robot_model_capability_profile p      JOIN aiworker.robot_capability_axis_catalog a ON ((a.axis_code = p.axis_code)))      JOIN aiworker.robot_capability_value_catalog v ON ((v.value_code = p.value_code)))   WHERE ((p.status_code = 'active'::text) AND (p.public_display_allowed_flag = true) AND (a.status_code = 'active'::text) AND (v.status_code = 'active'::text))   ORDER BY p.sort_order;
aiworker	vw_robot_readable_brain_knowledge_material_v1	postgres	 SELECT profile_source_type,     model_code,     series_code,     role_code,     brain_data_code,     brain_domain_code,     brain_domain_label_ja,     depth_code,     data_depth_level,     risk_class_code,     granularity_code,     effective_use_purpose_codes,     access_decision_code,     source_exists_flag,     unit_code,     unit_title_ja,     unit_summary_ja,     unit_detail_ja,     practical_use_ja,     example_prompt_ja,     safety_boundary_ja,     tags    FROM aiworker.vw_robot_readable_brain_runtime_material_v1;
aiworker	vw_robot_readable_brain_runtime_material_canon_v1	postgres	 WITH model_scope AS (          SELECT q.profile_source_type,             c.runtime_model_code AS model_code,             c.registry_code,             c.public_model_no,             c.runtime_model_code,             q.model_code AS legacy_material_model_code,             c.identifier_scope_code,             c.series_code,             q.role_code,             q.brain_data_code,             q.brain_domain_code,             q.brain_domain_label_ja,             q.depth_code,             q.data_depth_level,             q.risk_class_code,             q.granularity_code,             q.effective_use_purpose_codes,             q.access_decision_code,             q.source_exists_flag,             q.unit_code,             q.unit_title_ja,             q.unit_summary_ja,             q.unit_detail_ja,             q.practical_use_ja,             q.example_prompt_ja,             q.safety_boundary_ja,             q.tags,             q.material_source_kind,             q.source_kind_score,             q.full_load_priority,             q.domain_priority_score,             q.risk_base_score,             q.depth_score,             q.canon_status,             q.reference_tier,             q.verification_status,             q.source_basis_codes,             q.source_caution_ja,             q.robot_use_summary_ja,             q.misconception_guard_ja,             q.lightweight_allowed_flag,             q.deep_reference_allowed_flag,             q.verified_canon_priority            FROM (aiworker.vw_robot_brain_runtime_material_quality_overlay_v1 q              JOIN aiworker.robot_material_model_identifier_canon c ON (((c.legacy_material_model_code = q.model_code) AND (c.identifier_scope_code = 'MODEL'::text) AND (c.active_flag = true))))         ), series_scope AS (          SELECT q.profile_source_type,             r.model_code,             r.registry_code,             r.model_no AS public_model_no,             r.model_code AS runtime_model_code,             q.model_code AS legacy_materia
aiworker	vw_robot_readable_brain_runtime_material_coverage_v1	postgres	 SELECT model_code,     role_code,     brain_domain_code,     brain_domain_label_ja,     count(*) AS runtime_material_count,     count(*) FILTER (WHERE (unit_code ~~ 'pack%'::text)) AS pack_material_count,     count(*) FILTER (WHERE (unit_code ~~ 'srcmat_%'::text)) AS source_registry_material_count,     count(DISTINCT source_exists_flag) AS source_exists_flag_kind_count,     string_agg(DISTINCT risk_class_code, ', '::text ORDER BY risk_class_code) AS risk_classes,     string_agg(DISTINCT depth_code, ', '::text ORDER BY depth_code) AS depths    FROM aiworker.vw_robot_readable_brain_runtime_material_v1   GROUP BY model_code, role_code, brain_domain_code, brain_domain_label_ja;
aiworker	vw_robot_readable_brain_runtime_material_v1	postgres	 SELECT a.profile_source_type,     a.model_code,     a.series_code,     a.role_code,     a.brain_data_code,     a.brain_domain_code,     a.brain_domain_label_ja,     a.depth_code,     a.data_depth_level,     a.risk_class_code,     a.granularity_code,     a.effective_use_purpose_codes,     a.access_decision_code,     a.source_exists_flag,     u.unit_code,     u.unit_title_ja,     u.unit_summary_ja,     u.unit_detail_ja,     u.practical_use_ja,     u.example_prompt_ja,     u.safety_boundary_ja,     u.tags    FROM (aiworker.vw_robot_readable_brain_source_registry_v1 a      JOIN cx22073jw.vw_brain_knowledge_unit_runtime_material_v1 u ON (((a.source_schema_name = 'cx22073jw'::text) AND (a.source_object_name = 'brain_knowledge_unit'::text) AND (a.source_record_code = u.unit_code)))) UNION ALL  SELECT a.profile_source_type,     a.model_code,     a.series_code,     a.role_code,     a.brain_data_code,     a.brain_domain_code,     a.brain_domain_label_ja,     a.depth_code,     a.data_depth_level,     a.risk_class_code,     a.granularity_code,     a.effective_use_purpose_codes,     a.access_decision_code,     a.source_exists_flag,     ('srcmat_'::text || lower(regexp_replace(a.brain_data_code, '[^a-zA-Z0-9]+'::text, '_'::text, 'g'::text))) AS unit_code,     COALESCE(r.source_title_ja, ('CX source: '::text || a.source_object_name)) AS unit_title_ja,     "left"(((((((('CX source registry material. domain='::text || a.brain_domain_code) || ' / source='::text) || a.source_schema_name) || '.'::text) || a.source_object_name) || ' / record='::text) || COALESCE(a.source_record_code, '-'::text)), 500) AS unit_summary_ja,     "left"((((((((((((((((('このmaterialは既存CX sourceをbrain_data_registry経由でruntime material化したもの。'::text || ' brain_data_code='::text) || a.brain_data_code) || ' / domain='::text) || a.brain_domain_code) || ' / depth='::text) || a.depth_code) || ' / risk='::text) || a.risk_class_code) || ' / source='::text) || a.source_schema_name) || '.'::text) || a.source_object_name) 
aiworker	vw_robot_readable_brain_runtime_material_v2	postgres	 SELECT vw_robot_readable_brain_runtime_material_v1.profile_source_type,     vw_robot_readable_brain_runtime_material_v1.model_code,     vw_robot_readable_brain_runtime_material_v1.series_code,     vw_robot_readable_brain_runtime_material_v1.role_code,     vw_robot_readable_brain_runtime_material_v1.brain_data_code,     vw_robot_readable_brain_runtime_material_v1.brain_domain_code,     vw_robot_readable_brain_runtime_material_v1.brain_domain_label_ja,     vw_robot_readable_brain_runtime_material_v1.depth_code,     vw_robot_readable_brain_runtime_material_v1.data_depth_level,     vw_robot_readable_brain_runtime_material_v1.risk_class_code,     vw_robot_readable_brain_runtime_material_v1.granularity_code,     vw_robot_readable_brain_runtime_material_v1.effective_use_purpose_codes,     vw_robot_readable_brain_runtime_material_v1.access_decision_code,     vw_robot_readable_brain_runtime_material_v1.source_exists_flag,     vw_robot_readable_brain_runtime_material_v1.unit_code,     vw_robot_readable_brain_runtime_material_v1.unit_title_ja,     vw_robot_readable_brain_runtime_material_v1.unit_summary_ja,     vw_robot_readable_brain_runtime_material_v1.unit_detail_ja,     vw_robot_readable_brain_runtime_material_v1.practical_use_ja,     vw_robot_readable_brain_runtime_material_v1.example_prompt_ja,     vw_robot_readable_brain_runtime_material_v1.safety_boundary_ja,     vw_robot_readable_brain_runtime_material_v1.tags    FROM aiworker.vw_robot_readable_brain_runtime_material_v1 UNION ALL  SELECT DISTINCT p.profile_source_type,     p.model_code,     p.series_code,     p.role_code,     ('lane09:'::text || u.unit_code) AS brain_data_code,     u.brain_domain_code,     COALESCE(p.brain_domain_label_ja, u.brain_domain_code) AS brain_domain_label_ja,     u.depth_code,     u.data_depth_level,     u.risk_class_code,     u.granularity_code,     u.allowed_use_purpose_codes AS effective_use_purpose_codes,     'allow_lane09_detail_via_existing_domain_access'::text AS access_decision_code
aiworker	vw_robot_readable_brain_runtime_material_v3	postgres	 SELECT vw_robot_readable_brain_runtime_material_v2.profile_source_type,     vw_robot_readable_brain_runtime_material_v2.model_code,     vw_robot_readable_brain_runtime_material_v2.series_code,     vw_robot_readable_brain_runtime_material_v2.role_code,     vw_robot_readable_brain_runtime_material_v2.brain_data_code,     vw_robot_readable_brain_runtime_material_v2.brain_domain_code,     vw_robot_readable_brain_runtime_material_v2.brain_domain_label_ja,     vw_robot_readable_brain_runtime_material_v2.depth_code,     vw_robot_readable_brain_runtime_material_v2.data_depth_level,     vw_robot_readable_brain_runtime_material_v2.risk_class_code,     vw_robot_readable_brain_runtime_material_v2.granularity_code,     vw_robot_readable_brain_runtime_material_v2.effective_use_purpose_codes,     vw_robot_readable_brain_runtime_material_v2.access_decision_code,     vw_robot_readable_brain_runtime_material_v2.source_exists_flag,     vw_robot_readable_brain_runtime_material_v2.unit_code,     vw_robot_readable_brain_runtime_material_v2.unit_title_ja,     vw_robot_readable_brain_runtime_material_v2.unit_summary_ja,     vw_robot_readable_brain_runtime_material_v2.unit_detail_ja,     vw_robot_readable_brain_runtime_material_v2.practical_use_ja,     vw_robot_readable_brain_runtime_material_v2.example_prompt_ja,     vw_robot_readable_brain_runtime_material_v2.safety_boundary_ja,     vw_robot_readable_brain_runtime_material_v2.tags    FROM aiworker.vw_robot_readable_brain_runtime_material_v2 UNION ALL  SELECT 'lane10b_breadth_policy'::text AS profile_source_type,     p.model_code,     NULL::text AS series_code,     p.role_code,     ('lane10b:'::text || u.unit_code) AS brain_data_code,     u.brain_domain_code,     u.brain_domain_code AS brain_domain_label_ja,     u.depth_code,     u.data_depth_level,     u.risk_class_code,     u.granularity_code,     p.allowed_use_purpose_codes AS effective_use_purpose_codes,     'allow_lane10b_breadth_policy'::text AS access_decision_code,     true AS sou
aiworker	vw_robot_readable_brain_source_registry_v1	postgres	 SELECT profile_source_type,     model_code,     series_code,     role_code,     brain_data_code,     brain_domain_code,     brain_domain_label_ja,     source_schema_name,     source_object_name,     source_record_code,     source_title_ja,     depth_code,     data_depth_level,     risk_class_code,     granularity_code,     effective_use_purpose_codes,     source_exists_flag,     registry_safety_boundary_ja,     profile_safety_note_ja,     model_policy_safety_note_ja,     role_policy_safety_note_ja,     access_decision_code    FROM aiworker.vw_robot_brain_effective_access_v1   WHERE (can_read_flag = true);
aiworker	vw_robot_series_capability_internal_v1	postgres	 SELECT d.manufacturer_code,     d.series_code,     d.axis_code,     a.axis_name_ja,     d.value_code,     v.value_name_ja,     v.value_rank,     d.public_label_ja,     d.public_summary_ja,     d.internal_note_ja,     d.internal_higher_function_flag,     d.public_comparison_allowed_flag,     d.sort_order    FROM ((aiworker.robot_series_capability_default d      JOIN aiworker.robot_capability_axis_catalog a ON ((a.axis_code = d.axis_code)))      JOIN aiworker.robot_capability_value_catalog v ON ((v.value_code = d.value_code)))   WHERE ((d.status_code = 'active'::text) AND (a.status_code = 'active'::text) AND (v.status_code = 'active'::text));
aiworker	vw_robot_series_capability_matrix_public_v1	postgres	 SELECT manufacturer_code,     series_code,     max(public_label_ja) FILTER (WHERE (axis_code = 'precision'::text)) AS precision_ja,     max(public_label_ja) FILTER (WHERE (axis_code = 'agility'::text)) AS agility_ja,     max(public_label_ja) FILTER (WHERE (axis_code = 'coordination'::text)) AS coordination_ja,     max(public_label_ja) FILTER (WHERE (axis_code = 'continuity'::text)) AS continuity_ja,     max(public_label_ja) FILTER (WHERE (axis_code = 'specialization_depth'::text)) AS specialization_depth_ja,     max(public_label_ja) FILTER (WHERE (axis_code = 'creativity'::text)) AS creativity_ja,     max(public_label_ja) FILTER (WHERE (axis_code = 'review_depth'::text)) AS review_depth_ja,     max(public_label_ja) FILTER (WHERE (axis_code = 'stability'::text)) AS stability_ja,     jsonb_object_agg(axis_code, jsonb_build_object('axis_name_ja', axis_name_ja, 'value_code', value_code, 'value_name_ja', value_name_ja, 'public_label_ja', public_label_ja, 'summary', public_summary_ja) ORDER BY sort_order) AS capability_jsonb    FROM aiworker.vw_robot_series_capability_public_v1   GROUP BY manufacturer_code, series_code;
aiworker	vw_robot_series_capability_public_v1	postgres	 SELECT manufacturer_code,     series_code,     axis_code,     axis_name_ja,     value_code,     value_name_ja,     public_label_ja,     public_summary_ja,     sort_order    FROM aiworker.vw_robot_series_capability_internal_v1   WHERE (public_comparison_allowed_flag = false)   ORDER BY sort_order;
aiworker	vw_series_public_directory_v1	postgres	 SELECT r.registry_code,     r.manufacturer_code,     r.manufacturer_name,     r.manufacturer_name_ja,     r.series_code,     r.series_name,     r.series_name_ja,     r.series_category_code,     r.public_summary_ja,     r.public_scope_note_ja,     r.source_layer_code,     max(d.value_label_ja) FILTER (WHERE (d.axis_code = 'initiative'::text)) AS initiative_ja,     max(d.value_code) FILTER (WHERE (d.axis_code = 'initiative'::text)) AS initiative_code,     max(d.value_label_ja) FILTER (WHERE (d.axis_code = 'user_influence'::text)) AS user_influence_ja,     max(d.value_code) FILTER (WHERE (d.axis_code = 'user_influence'::text)) AS user_influence_code,     max(d.value_label_ja) FILTER (WHERE (d.axis_code = 'action_restriction'::text)) AS action_restriction_ja,     max(d.value_code) FILTER (WHERE (d.axis_code = 'action_restriction'::text)) AS action_restriction_code,     jsonb_object_agg(d.axis_code, jsonb_build_object('axis_label_ja', d.axis_label_ja, 'value_code', d.value_code, 'value_label_ja', d.value_label_ja, 'summary', d.tendency_summary, 'design_note', d.design_note) ORDER BY d.axis_sort_order) AS tendency_json,     r.app_reference_allowed_flag,     r.sort_order    FROM (aiworker.series_public_registry r      JOIN aiworker.vw_series_public_tendency_detail_v1 d ON ((d.registry_code = r.registry_code)))   WHERE ((r.status_code = 'active'::text) AND (r.public_display_allowed_flag = true))   GROUP BY r.registry_code, r.manufacturer_code, r.manufacturer_name, r.manufacturer_name_ja, r.series_code, r.series_name, r.series_name_ja, r.series_category_code, r.public_summary_ja, r.public_scope_note_ja, r.source_layer_code, r.app_reference_allowed_flag, r.sort_order   ORDER BY r.sort_order;
aiworker	vw_series_public_tendency_detail_v1	postgres	 SELECT r.registry_code,     r.manufacturer_code,     r.manufacturer_name,     r.manufacturer_name_ja,     r.series_code,     r.series_name,     r.series_name_ja,     r.series_category_code,     r.public_summary_ja,     r.public_scope_note_ja,     r.source_layer_code,     p.axis_code,     a.axis_label_ja,     p.value_code,     v.value_label_ja,     p.tendency_summary,     p.design_note,     p.sort_order AS axis_sort_order    FROM (((aiworker.series_public_registry r      JOIN aiworker.series_tendency_profile p ON (((p.manufacturer_code = r.manufacturer_code) AND (p.series_code = r.series_code))))      JOIN aiworker.series_tendency_axis_catalog a ON ((a.axis_code = p.axis_code)))      JOIN aiworker.series_tendency_value_catalog v ON ((v.value_code = p.value_code)))   WHERE ((r.status_code = 'active'::text) AND (r.public_display_allowed_flag = true) AND (p.status_code = 'active'::text) AND (a.status_code = 'active'::text) AND (v.status_code = 'active'::text));
aiworker	vw_style_smalltalk_overlay	postgres	 SELECT c.style_code,     c.series_code,     c.series_name_ja,     c.style_no,     c.style_name_ja,     c.initiative_code,     c.warmth_code,     c.tempo_code,     c.closeness_code,     e.service_code,     sv.service_name_ja,     e.opener_overlay,     e.followup_overlay,     e.closing_overlay,     e.redirect_overlay    FROM ((aiworker.vw_interaction_style_catalog c      JOIN aiworker.style_expression_overlay e ON ((e.style_code = c.style_code)))      LEFT JOIN aiworker.service_catalog sv ON ((sv.service_code = e.service_code)))   WHERE (e.enabled = true);
aiworker	vw_wlm_execution_pipeline_board_v1	postgres	 SELECT p.manager_plan_code,     p.instruction_code,     p.task_domain_code,     p.plan_status_code,     p.source_instruction_title,     wo.worker_task_code,     wo.output_status_code AS worker_output_status_code,     lr.leader_task_code,     lr.review_status_code AS leader_review_status_code,     mg.manager_gate_task_code,     mg.delivery_status_code,     mg.external_execution_allowed_flag,     mg.pg_apply_allowed_flag,     mg.destructive_action_allowed_flag    FROM (((aiworker.manager_instruction_plan p      LEFT JOIN aiworker.worker_mock_output wo ON ((wo.manager_plan_code = p.manager_plan_code)))      LEFT JOIN aiworker.leader_mock_review lr ON ((lr.manager_plan_code = p.manager_plan_code)))      LEFT JOIN aiworker.manager_mock_final_gate mg ON ((mg.manager_plan_code = p.manager_plan_code)));
aiworker	vw_worker_dialog_style_control	postgres	 SELECT mf.manufacturer_code,     mf.manufacturer_name,     mf.manufacturer_name_ja,     sr.series_code,     sr.series_name,     sr.series_name_ja,     m.model_code,     m.model_no,     m.machine_name,     m.machine_name_ja,     m.product_name,     m.product_name_ja,     m.role_class_code,     rc.role_class_name,     rc.role_class_name_ja,     svc.service_code,     svc.service_name,     svc.service_name_ja,     st.style_code,     st.style_no,     st.style_name,     st.style_name_ja,     st.style_summary,     st.initiative_code,     st.warmth_code,     st.tempo_code,     st.closeness_code,     "overlay".opener_overlay,     "overlay".followup_overlay,     "overlay".closing_overlay,     "overlay".redirect_overlay,     lower(concat_ws(' '::text, mf.manufacturer_code, mf.manufacturer_name, mf.manufacturer_name_ja, sr.series_code, sr.series_name, sr.series_name_ja, m.model_code, m.model_no, m.machine_name, m.machine_name_ja, m.product_name, m.product_name_ja, COALESCE(rc.role_class_name_ja, ''::text), svc.service_code, svc.service_name, svc.service_name_ja, COALESCE(st.style_name, ''::text), COALESCE(st.style_name_ja, ''::text))) AS dialog_control_search_text,     m.sort_order    FROM ((((((((aiworker.worker_model_catalog m      JOIN aiworker.manufacturer_catalog mf ON ((mf.manufacturer_code = m.manufacturer_code)))      JOIN aiworker.worker_series_catalog sr ON ((sr.series_code = m.series_code)))      LEFT JOIN aiworker.worker_role_class_catalog rc ON ((rc.role_class_code = m.role_class_code)))      JOIN aiworker.model_service_assignment msa ON (((msa.model_code = m.model_code) AND (msa.enabled = true))))      JOIN aiworker.service_catalog svc ON (((svc.service_code = msa.service_code) AND (svc.enabled = true))))      LEFT JOIN aiworker.model_style_assignment msa_style ON (((msa_style.model_code = m.model_code) AND (msa_style.enabled = true))))      LEFT JOIN aiworker.interaction_style_catalog st ON (((st.style_code = msa_style.style_code) AND (st.enabled = true))))     
aiworker	vw_worker_dialog_topic_bias	postgres	 SELECT c.manufacturer_code,     c.manufacturer_name,     c.manufacturer_name_ja,     c.series_code,     c.series_name,     c.series_name_ja,     c.model_code,     c.model_no,     c.machine_name_ja,     c.product_name_ja,     c.role_class_code,     c.role_class_name_ja,     c.service_code,     c.service_name_ja,     c.style_code,     c.style_no,     c.style_name_ja,     b.topic_code,     b.topic_group_code,     b.weight_value,     b.note_text,     b.enabled,     c.sort_order    FROM (aiworker.vw_worker_dialog_style_control c      JOIN aiworker.style_topic_bias b ON (((b.style_code = c.style_code) AND (b.service_code = c.service_code))))   WHERE (b.enabled = true);
aiworker	vw_worker_mock_output_board_v1	postgres	 SELECT manager_plan_code,     worker_task_code,     task_domain_code,     output_title,     safety_result_code,     output_status_code,     output_body,     output_json    FROM aiworker.worker_mock_output o;
aiworker	vw_worker_series_directory	postgres	 SELECT m.manufacturer_code,     m.manufacturer_name,     m.manufacturer_name_ja,     s.series_code,     s.series_name,     s.series_name_ja,     s.series_summary,     t.initiative_posture_code,     t.initiative_posture_label,     t.reasoning_guardrail_code,     t.reasoning_guardrail_label,     t.risk_posture_code,     t.risk_posture_label,     t.tendency_summary,     count(mdl.model_code) FILTER (WHERE (mdl.enabled = true)) AS enabled_model_count,     lower(concat_ws(' '::text, m.manufacturer_code, m.manufacturer_name, m.manufacturer_name_ja, s.series_code, s.series_name, s.series_name_ja, COALESCE(s.series_summary, ''::text))) AS series_search_text    FROM (((aiworker.worker_series_catalog s      JOIN aiworker.manufacturer_catalog m ON ((m.manufacturer_code = s.manufacturer_code)))      LEFT JOIN aiworker.worker_series_tendency t ON (((t.series_code = s.series_code) AND (t.enabled = true))))      LEFT JOIN aiworker.worker_model_catalog mdl ON (((mdl.series_code = s.series_code) AND (mdl.enabled = true))))   WHERE ((m.enabled = true) AND (s.enabled = true))   GROUP BY m.manufacturer_code, m.manufacturer_name, m.manufacturer_name_ja, s.series_code, s.series_name, s.series_name_ja, s.series_summary, t.initiative_posture_code, t.initiative_posture_label, t.reasoning_guardrail_code, t.reasoning_guardrail_label, t.risk_posture_code, t.risk_posture_label, t.tendency_summary;
aiworker	vw_worker_series_lineup	postgres	 SELECT m.manufacturer_code,     m.manufacturer_name,     m.manufacturer_name_ja,     s.series_code,     s.series_name,     s.series_name_ja,     rc.role_class_code,     rc.role_class_name,     rc.role_class_name_ja,     rc.governance_rank_no,     rc.combat_related,     mdl.model_code,     mdl.model_no,     mdl.machine_name,     mdl.machine_name_ja,     mdl.product_name,     mdl.product_name_ja,     mdl.model_summary,     t.initiative_posture_code,     t.initiative_posture_label,     t.reasoning_guardrail_code,     t.reasoning_guardrail_label,     t.risk_posture_code,     t.risk_posture_label,     t.tendency_summary,         CASE             WHEN (rc.governance_rank_no >= 550) THEN 'overall_supreme'::text             WHEN (rc.governance_rank_no >= 500) THEN 'top_control'::text             WHEN (rc.governance_rank_no >= 400) THEN 'upper_control'::text             WHEN (rc.combat_related = true) THEN 'combat'::text             WHEN (rc.role_class_code = ANY (ARRAY['friend'::text, 'lover'::text, 'secretary_helper'::text])) THEN 'support_relation'::text             ELSE 'general_worker'::text         END AS lineup_group_code,         CASE             WHEN (rc.governance_rank_no >= 550) THEN '全体最高位'::text             WHEN (rc.governance_rank_no >= 500) THEN '最上位統制'::text             WHEN (rc.governance_rank_no >= 400) THEN '上位統制'::text             WHEN (rc.combat_related = true) THEN '戦闘系'::text             WHEN (rc.role_class_code = ANY (ARRAY['friend'::text, 'lover'::text, 'secretary_helper'::text])) THEN '関係 / 支援系'::text             ELSE '標準実行系'::text         END AS lineup_group_name_ja,     lower(concat_ws(' '::text, m.manufacturer_code, m.manufacturer_name, m.manufacturer_name_ja, s.series_code, s.series_name, s.series_name_ja, rc.role_class_code, rc.role_class_name, rc.role_class_name_ja, mdl.model_code, mdl.model_no, mdl.machine_name, mdl.machine_name_ja, mdl.product_name, mdl.product_name_ja, COALESCE(mdl.model_summary, ''::text))) AS model_search_text,     mdl.s
aiworker	vw_worker_series_search_directory	postgres	 SELECT mf.manufacturer_code,     mf.manufacturer_name,     mf.manufacturer_name_ja,     sr.series_code,     sr.series_name,     sr.series_name_ja,     sr.series_summary,     count(m.model_code) FILTER (WHERE (m.enabled = true)) AS enabled_model_count,     count(DISTINCT id.style_no) FILTER (WHERE (m.enabled = true)) AS style_count,     count(m.model_code) FILTER (WHERE ((m.enabled = true) AND (id.presentation_gender_code = 'M'::text))) AS male_model_count,     count(m.model_code) FILTER (WHERE ((m.enabled = true) AND (id.presentation_gender_code = 'F'::text))) AS female_model_count,     count(p.model_code) FILTER (WHERE ((p.enabled = true) AND (p.live_activity_enabled = true))) AS live_enabled_model_count,     lower(concat_ws(' '::text, mf.manufacturer_code, mf.manufacturer_name, mf.manufacturer_name_ja, sr.series_code, sr.series_name, sr.series_name_ja, COALESCE(sr.series_summary, ''::text))) AS series_search_text    FROM ((((aiworker.worker_series_catalog sr      JOIN aiworker.manufacturer_catalog mf ON ((mf.manufacturer_code = sr.manufacturer_code)))      LEFT JOIN aiworker.worker_model_catalog m ON (((m.series_code = sr.series_code) AND (m.manufacturer_code = mf.manufacturer_code))))      LEFT JOIN aiworker.model_identity_spec id ON ((id.model_code = m.model_code)))      LEFT JOIN aiworker.public_activity_profile p ON ((p.model_code = m.model_code)))   WHERE ((mf.enabled = true) AND (sr.enabled = true))   GROUP BY mf.manufacturer_code, mf.manufacturer_name, mf.manufacturer_name_ja, sr.series_code, sr.series_name, sr.series_name_ja, sr.series_summary;
aiworker	vw_worker_series_search_lineup	postgres	 SELECT mf.manufacturer_code,     mf.manufacturer_name,     mf.manufacturer_name_ja,     sr.series_code,     sr.series_name,     sr.series_name_ja,     m.model_code,     m.model_no,     m.machine_name,     m.machine_name_ja,     m.product_name,     m.product_name_ja,     m.model_summary,     m.role_class_code,     rc.role_class_name,     rc.role_class_name_ja,     rc.governance_rank_no,     rc.combat_related,     id.series_prefix_code,     id.style_no,     id.presentation_gender_code,     id.version_no,     sa.style_code,     st.style_name,     st.style_name_ja,     st.style_summary,     st.initiative_code,     st.warmth_code,     st.tempo_code,     st.closeness_code,     p.public_series_name,     p.public_stage_name,     p.live_activity_enabled,     p.public_profile_summary,     p.public_disclosure_note,     COALESCE(jsonb_object_agg(pm.metric_code, jsonb_build_object('name', pm.metric_name, 'value_numeric', pm.metric_value_numeric, 'value_text', pm.metric_value_text, 'unit', pm.unit_code) ORDER BY pm.sort_order) FILTER (WHERE (pm.metric_code IS NOT NULL)), '{}'::jsonb) AS public_metrics,     lower(concat_ws(' '::text, mf.manufacturer_code, mf.manufacturer_name, mf.manufacturer_name_ja, sr.series_code, sr.series_name, sr.series_name_ja, m.model_code, m.model_no, m.machine_name, m.machine_name_ja, m.product_name, m.product_name_ja, COALESCE(rc.role_class_name_ja, ''::text), COALESCE(st.style_name, ''::text), COALESCE(st.style_name_ja, ''::text), COALESCE(id.presentation_gender_code, ''::text), COALESCE(p.public_stage_name, ''::text))) AS model_search_text,     m.sort_order    FROM ((((((((aiworker.worker_model_catalog m      JOIN aiworker.manufacturer_catalog mf ON ((mf.manufacturer_code = m.manufacturer_code)))      JOIN aiworker.worker_series_catalog sr ON ((sr.series_code = m.series_code)))      LEFT JOIN aiworker.worker_role_class_catalog rc ON ((rc.role_class_code = m.role_class_code)))      LEFT JOIN aiworker.model_identity_spec id ON ((id.model_code = m.model
cx22073jw	ai_employee_activation_request	postgres	 SELECT activation_request_id,     request_code,     target_domain_code,     target_role_code,     requested_rank_code,     requested_app_scope,     request_status,     requested_by,     reviewer_name,     approver_name,     note_text,     created_at,     updated_at    FROM cx22073jw.access_activation_request;
cx22073jw	ai_employee_activation_request_view_decision	postgres	 SELECT activation_request_view_decision_id,     activation_request_id,     actual_view_code,     logical_view_name,     bundle_inclusion_mode,     gate_needed,     decision_status,     decision_note,     created_at    FROM cx22073jw.access_activation_request_view_decision;
cx22073jw	ai_employee_activation_review_decision_batch	postgres	 SELECT activation_review_decision_batch_id,     batch_code,     source_export_run_code,     source_export_root_path,     request_count,     item_count,     approved_candidate_count,     gate_hold_count,     scope_hold_count,     rank_hold_count,     rejected_hold_count,     batch_status,     actor_name,     note_text,     created_at,     updated_at,     ended_at    FROM cx22073jw.access_activation_review_decision_batch;
cx22073jw	ai_employee_activation_review_decision_item	postgres	 SELECT activation_review_decision_item_id,     activation_review_decision_batch_id,     request_code,     target_domain_code,     target_role_code,     actual_view_code,     logical_view_name,     source_decision_status,     source_action_hint,     review_bucket,     human_review_status,     governed_apply_ready,     review_note,     created_at    FROM cx22073jw.access_activation_review_decision_item;
cx22073jw	ai_employee_activation_review_export_item	postgres	 SELECT activation_review_export_item_id,     activation_review_export_run_id,     request_code,     target_domain_code,     target_role_code,     actual_view_code,     logical_view_name,     decision_status,     gate_needed,     decision_action_hint,     created_at    FROM cx22073jw.access_activation_review_export_item;
cx22073jw	ai_employee_activation_review_export_run	postgres	 SELECT activation_review_export_run_id,     run_code,     export_root_path,     manifest_md_path,     request_summary_tsv_path,     decision_matrix_tsv_path,     apply_plan_sql_path,     gate_rejected_tsv_path,     export_summary_json_path,     request_count,     decision_count,     allowed_count,     gate_count,     scope_count,     rank_count,     rejected_count,     run_status,     actor_name,     note_text,     created_at,     updated_at,     ended_at    FROM cx22073jw.access_activation_review_export_run;
cx22073jw	ai_employee_actual_view_registry	postgres	 SELECT actual_view_code,     domain_code,     view_family_code,     logical_view_name,     intended_schema_name,     sensitivity_code,     exposure_scope,     lifecycle_status,     purpose_text,     raw_table_read_allowed,     grantable_readonly,     gate_required,     notes,     created_at,     updated_at    FROM cx22073jw.access_actual_view_registry;
cx22073jw	ai_employee_app_scope_actual_view_allowlist	postgres	 SELECT app_scope_code,     actual_view_code,     allow_mode,     note_text,     created_at    FROM cx22073jw.access_app_scope_actual_view_allowlist;
cx22073jw	ai_employee_app_scope_registry	postgres	 SELECT app_scope_code,     domain_code,     scope_name,     scope_group,     provisional_flag,     description,     created_at,     updated_at    FROM cx22073jw.access_app_scope_registry;
cx22073jw	ai_employee_db_role_provision_batch	postgres	 SELECT db_role_provision_batch_id,     batch_code,     requested_role_count,     created_role_count,     existing_role_count,     failed_role_count,     batch_status,     actor_name,     note_text,     created_at,     updated_at,     ended_at    FROM cx22073jw.access_db_role_provision_batch;
cx22073jw	ai_employee_db_role_provision_item	postgres	 SELECT db_role_provision_item_id,     db_role_provision_batch_id,     role_code,     domain_code,     expected_db_role_name,     provision_status,     error_text,     created_at    FROM cx22073jw.access_db_role_provision_item;
cx22073jw	ai_employee_db_role_registry	postgres	 SELECT db_role_registry_id,     role_code,     domain_code,     expected_db_role_name,     role_kind,     role_status,     login_allowed,     inherit_flag,     superuser_flag,     createrole_flag,     createdb_flag,     replication_flag,     bypassrls_flag,     note_text,     created_at,     updated_at    FROM cx22073jw.access_db_role_registry;
cx22073jw	ai_employee_domain_master	postgres	 SELECT domain_code,     domain_name,     domain_group,     description,     created_at,     updated_at    FROM cx22073jw.access_domain_master;
cx22073jw	ai_employee_domain_rule_registry	postgres	 SELECT domain_code,     rule_code,     rule_text,     created_at    FROM cx22073jw.access_domain_rule_registry;
cx22073jw	ai_employee_final_handoff_export_item	postgres	 SELECT final_handoff_export_item_id,     final_handoff_export_run_id,     source_execution_run_code,     source_batch_code,     request_code,     target_domain_code,     target_role_code,     actual_view_code,     logical_view_name,     expected_db_role_name,     preflight_status,     execution_status,     handoff_bucket,     prepared_sql_text,     result_note,     created_at    FROM cx22073jw.access_final_handoff_export_item;
cx22073jw	ai_employee_final_handoff_export_run	postgres	 SELECT final_handoff_export_run_id,     run_code,     source_execution_run_code,     source_batch_code,     export_root_path,     manifest_md_path,     pass_items_tsv_path,     fail_items_tsv_path,     final_sql_path,     export_summary_json_path,     requested_item_count,     pass_item_count,     fail_item_count,     skipped_item_count,     run_status,     actor_name,     note_text,     created_at,     updated_at,     ended_at    FROM cx22073jw.access_final_handoff_export_run;
cx22073jw	ai_employee_global_rule_registry	postgres	 SELECT rule_code,     rule_group,     rule_text,     created_at    FROM cx22073jw.access_global_rule_registry;
cx22073jw	ai_employee_governed_apply_attempt_log	postgres	 SELECT governed_apply_attempt_log_id,     governed_apply_batch_id,     attempt_code,     attempt_status,     executor_name,     note_text,     created_at    FROM cx22073jw.access_governed_apply_attempt_log;
cx22073jw	ai_employee_governed_apply_batch	postgres	 SELECT governed_apply_batch_id,     batch_code,     source_queue_batch_code,     item_count,     prepared_count,     waiting_runtime_count,     skipped_gate_count,     batch_status,     actor_name,     note_text,     created_at,     updated_at,     ended_at    FROM cx22073jw.access_governed_apply_batch;
cx22073jw	ai_employee_governed_apply_batch_item	postgres	 SELECT governed_apply_batch_item_id,     governed_apply_batch_id,     queue_code,     request_code,     target_domain_code,     target_role_code,     actual_view_code,     logical_view_name,     gate_check_required,     runtime_apply_ready,     prepared_sql_text,     apply_status,     note_text,     created_at    FROM cx22073jw.access_governed_apply_batch_item;
cx22073jw	ai_employee_governed_apply_execution_item	postgres	 SELECT governed_apply_execution_item_id,     governed_apply_execution_run_id,     batch_code,     request_code,     target_domain_code,     target_role_code,     actual_view_code,     logical_view_name,     expected_db_role_name,     apply_status_before,     runtime_apply_ready,     gate_check_required,     role_exists_flag,     view_exists_flag,     sql_present_flag,     preflight_status,     execution_status,     prepared_sql_text,     result_note,     created_at    FROM cx22073jw.access_governed_apply_execution_item;
cx22073jw	ai_employee_governed_apply_execution_run	postgres	 SELECT governed_apply_execution_run_id,     run_code,     source_batch_code,     dry_run_flag,     requested_item_count,     preflight_pass_count,     preflight_fail_count,     skipped_count,     run_status,     actor_name,     note_text,     created_at,     updated_at,     ended_at    FROM cx22073jw.access_governed_apply_execution_run;
cx22073jw	ai_employee_governed_apply_queue	postgres	 SELECT governed_apply_queue_id,     queue_code,     source_batch_code,     request_code,     target_domain_code,     target_role_code,     actual_view_code,     logical_view_name,     queue_status,     gate_check_required,     runtime_apply_ready,     actor_name,     note_text,     created_at,     updated_at    FROM cx22073jw.access_governed_apply_queue;
cx22073jw	ai_employee_grant_export_item	postgres	 SELECT grant_export_item_id,     grant_export_run_id,     domain_code,     role_code,     actual_view_code,     logical_view_name,     suggested_db_role_name,     grant_mode,     gate_needed,     role_sql_file_path,     domain_sql_file_path,     created_at    FROM cx22073jw.access_grant_export_item;
cx22073jw	ai_employee_grant_export_run	postgres	 SELECT grant_export_run_id,     run_code,     export_root_path,     manifest_md_path,     role_matrix_tsv_path,     domain_summary_tsv_path,     gate_controlled_tsv_path,     export_summary_json_path,     total_role_count,     total_domain_count,     total_actual_view_grant_count,     total_sql_file_count,     run_status,     actor_name,     note_text,     created_at,     updated_at,     ended_at    FROM cx22073jw.access_grant_export_run;
cx22073jw	ai_employee_human_review_action_log	postgres	 SELECT human_review_action_log_id,     activation_review_decision_batch_id,     request_code,     actual_view_code,     logical_view_name,     previous_human_review_status,     new_human_review_status,     reviewer_name,     review_note,     created_at    FROM cx22073jw.access_human_review_action_log;
cx22073jw	ai_employee_manual_apply_receipt_batch	postgres	 SELECT manual_apply_receipt_batch_id,     batch_code,     source_handoff_run_code,     source_export_root_path,     requested_item_count,     seeded_item_count,     batch_status,     actor_name,     note_text,     created_at,     updated_at,     ended_at    FROM cx22073jw.access_manual_apply_receipt_batch;
cx22073jw	ai_employee_manual_apply_receipt_item	postgres	 SELECT manual_apply_receipt_item_id,     manual_apply_receipt_batch_id,     request_code,     target_domain_code,     target_role_code,     actual_view_code,     logical_view_name,     expected_db_role_name,     receipt_status,     manual_executor_name,     manual_apply_note,     created_at    FROM cx22073jw.access_manual_apply_receipt_item;
cx22073jw	ai_employee_post_apply_verification_item	postgres	 SELECT post_apply_verification_item_id,     post_apply_verification_run_id,     source_receipt_batch_code,     request_code,     target_domain_code,     target_role_code,     actual_view_code,     logical_view_name,     expected_db_role_name,     role_exists_flag,     view_exists_flag,     select_grant_present_flag,     verification_status,     result_note,     created_at    FROM cx22073jw.access_post_apply_verification_item;
cx22073jw	ai_employee_post_apply_verification_run	postgres	 SELECT post_apply_verification_run_id,     run_code,     source_receipt_batch_code,     requested_item_count,     verified_applied_count,     not_yet_applied_count,     precheck_fail_count,     run_status,     actor_name,     note_text,     created_at,     updated_at,     ended_at    FROM cx22073jw.access_post_apply_verification_run;
cx22073jw	ai_employee_rank_registry	postgres	 SELECT rank_code,     rank_name,     provisional_flag,     allow_public,     allow_masked,     allow_support,     allow_operational,     allow_audit,     allow_safety,     allow_privileged,     allow_restricted,     description,     created_at,     updated_at    FROM cx22073jw.access_rank_registry;
cx22073jw	ai_employee_role_access_bundle_item	postgres	 SELECT role_access_bundle_item_id,     role_access_bundle_id,     actual_view_code,     logical_view_name,     view_family_code,     grant_mode,     gate_needed,     audit_obligation,     sort_order,     created_at    FROM cx22073jw.access_role_access_bundle_item;
cx22073jw	ai_employee_role_access_bundle_master	postgres	 SELECT role_access_bundle_id,     bundle_code,     domain_code,     role_code,     bundle_scope,     bundle_status,     gate_needed_view_count,     non_gate_view_count,     total_view_count,     actor_name,     note_text,     created_at,     updated_at    FROM cx22073jw.access_role_access_bundle_master;
cx22073jw	ai_employee_role_actual_view_grant_skeleton	postgres	 SELECT role_code,     actual_view_code,     grant_kind,     grant_mode,     rank_intersection_needed,     app_scope_needed,     gate_needed,     audit_obligation,     notes,     created_at    FROM cx22073jw.access_role_actual_view_grant_skeleton;
cx22073jw	ai_employee_role_master	postgres	 SELECT role_code,     domain_code,     role_name,     role_group,     description,     created_at,     updated_at    FROM cx22073jw.access_role_master;
cx22073jw	ai_employee_role_view_family_policy	postgres	 SELECT role_code,     view_family_code,     access_mode,     scope_note,     created_at    FROM cx22073jw.access_role_view_family_policy;
cx22073jw	ai_employee_runtime_ready_promotion_batch	postgres	 SELECT runtime_ready_promotion_batch_id,     batch_code,     source_queue_batch_code,     target_request_code,     promoted_count,     skipped_gate_count,     unchanged_count,     batch_status,     actor_name,     note_text,     created_at,     updated_at,     ended_at    FROM cx22073jw.access_runtime_ready_promotion_batch;
cx22073jw	ai_employee_runtime_ready_promotion_item	postgres	 SELECT runtime_ready_promotion_item_id,     runtime_ready_promotion_batch_id,     queue_code,     request_code,     target_domain_code,     target_role_code,     actual_view_code,     logical_view_name,     previous_runtime_apply_ready,     new_runtime_apply_ready,     gate_check_required,     action_status,     note_text,     created_at    FROM cx22073jw.access_runtime_ready_promotion_item;
cx22073jw	ai_employee_stub_smoke_item	postgres	 SELECT stub_smoke_item_id,     stub_smoke_run_id,     actual_view_code,     logical_view_name,     domain_code,     view_family_code,     smoke_status,     column_count,     row_count,     error_text,     created_at    FROM cx22073jw.access_stub_smoke_item;
cx22073jw	ai_employee_stub_smoke_run	postgres	 SELECT stub_smoke_run_id,     run_code,     requested_view_count,     passed_view_count,     failed_view_count,     missing_view_count,     run_status,     actor_name,     note_text,     created_at,     updated_at,     ended_at    FROM cx22073jw.access_stub_smoke_run;
cx22073jw	ai_employee_stub_view_generation_item	postgres	 SELECT stub_view_generation_item_id,     stub_view_generation_run_id,     actual_view_code,     logical_view_name,     domain_code,     view_family_code,     generation_status,     error_text,     created_at    FROM cx22073jw.access_stub_view_generation_item;
cx22073jw	ai_employee_stub_view_generation_run	postgres	 SELECT stub_view_generation_run_id,     run_code,     requested_view_count,     created_view_count,     existing_view_count,     error_view_count,     run_status,     actor_name,     note_text,     created_at,     updated_at,     ended_at    FROM cx22073jw.access_stub_view_generation_run;
cx22073jw	ai_employee_view_family_actual_view_map	postgres	 SELECT view_family_code,     actual_view_code,     mapping_role,     sort_order,     created_at    FROM cx22073jw.access_view_family_actual_view_map;
cx22073jw	ai_employee_view_family_master	postgres	 SELECT view_family_code,     domain_code,     family_name,     sensitivity_code,     description,     access_boundary_note,     created_at,     updated_at    FROM cx22073jw.access_view_family_master;
cx22073jw	ai_employee_view_naming_rule_registry	postgres	 SELECT naming_rule_code,     domain_code,     rule_group,     rule_text,     pattern_example,     created_at    FROM cx22073jw.access_view_naming_rule_registry;
cx22073jw	v_access_activation_request_compiled_summary	postgres	 SELECT request_code,     target_domain_code,     target_role_code,     requested_rank_code,     requested_app_scope,     request_status,     requested_by,     total_decision_count,     allowed_upper_bound_count,     requires_gate_count,     requires_scope_count,     requires_rank_count,     rejected_count,     note_text,     created_at    FROM cx22073jw.v_access_activation_request_compiled_summary;
cx22073jw	v_access_activation_request_intersection_summary	postgres	 SELECT request_code,     target_domain_code,     target_role_code,     requested_rank_code,     requested_app_scope,     request_status,     total_decision_count,     allowed_upper_bound_count,     requires_gate_count,     requires_scope_count,     requires_rank_count,     rejected_count,     note_text,     created_at    FROM cx22073jw.v_access_activation_request_intersection_summary;
cx22073jw	v_access_activation_request_latest_decisions	postgres	 SELECT request_code,     target_domain_code,     target_role_code,     actual_view_code,     logical_view_name,     bundle_inclusion_mode,     gate_needed,     decision_status,     decision_note,     created_at    FROM cx22073jw.v_access_activation_request_latest_decisions;
cx22073jw	v_access_activation_request_latest_intersection_decisions	postgres	 SELECT request_code,     target_domain_code,     target_role_code,     actual_view_code,     logical_view_name,     bundle_inclusion_mode,     gate_needed,     decision_status,     decision_note,     created_at    FROM cx22073jw.v_access_activation_request_latest_intersection_decisions;
cx22073jw	v_access_activation_request_latest_summary	postgres	 SELECT request_code,     target_domain_code,     target_role_code,     requested_rank_code,     requested_app_scope,     request_status,     requested_by,     reviewer_name,     approver_name,     note_text,     created_at    FROM cx22073jw.v_access_activation_request_latest_summary;
cx22073jw	v_access_activation_review_decision_latest_batch_summary	postgres	 SELECT batch_code,     source_export_run_code,     source_export_root_path,     request_count,     item_count,     approved_candidate_count,     gate_hold_count,     scope_hold_count,     rank_hold_count,     rejected_hold_count,     batch_status,     note_text,     created_at,     ended_at    FROM cx22073jw.v_access_activation_review_decision_latest_batch_summary;
cx22073jw	v_access_activation_review_decision_latest_items	postgres	 SELECT batch_code,     request_code,     target_domain_code,     target_role_code,     actual_view_code,     logical_view_name,     source_decision_status,     source_action_hint,     review_bucket,     human_review_status,     governed_apply_ready,     review_note,     created_at    FROM cx22073jw.v_access_activation_review_decision_latest_items;
cx22073jw	v_access_activation_review_export_latest_items	postgres	 SELECT run_code,     request_code,     target_domain_code,     target_role_code,     actual_view_code,     logical_view_name,     decision_status,     gate_needed,     decision_action_hint    FROM cx22073jw.v_access_activation_review_export_latest_items;
cx22073jw	v_access_activation_review_export_latest_summary	postgres	 SELECT run_code,     export_root_path,     request_count,     decision_count,     allowed_count,     gate_count,     scope_count,     rank_count,     rejected_count,     run_status,     note_text,     created_at,     ended_at    FROM cx22073jw.v_access_activation_review_export_latest_summary;
cx22073jw	v_access_actual_view_family_summary	postgres	 SELECT domain_code,     view_family_code,     family_name,     sensitivity_code,     actual_view_count    FROM cx22073jw.v_access_actual_view_family_summary;
cx22073jw	v_access_actual_view_registry_summary	postgres	 SELECT domain_code,     view_family_code,     actual_view_code,     logical_view_name,     sensitivity_code,     exposure_scope,     lifecycle_status,     gate_required,     grantable_readonly    FROM cx22073jw.v_access_actual_view_registry_summary;
cx22073jw	v_access_app_scope_summary	postgres	 SELECT app_scope_code,     domain_code,     scope_name,     scope_group,     provisional_flag,     allowlisted_view_count    FROM cx22073jw.v_access_app_scope_summary;
cx22073jw	v_access_baseline_health_latest_items	postgres	 SELECT r.run_code,     i.check_group,     i.check_code,     i.severity,     i.observed_value,     i.expected_rule,     i.check_status,     i.detail_text,     i.created_at    FROM (cx22073jw.access_baseline_health_check_item i      JOIN cx22073jw.access_baseline_health_run r ON ((r.baseline_health_run_id = i.baseline_health_run_id)))   WHERE (r.baseline_health_run_id = ( SELECT access_baseline_health_run.baseline_health_run_id            FROM cx22073jw.access_baseline_health_run           ORDER BY access_baseline_health_run.created_at DESC          LIMIT 1))   ORDER BY i.check_group, i.severity, i.check_code;
cx22073jw	v_access_baseline_health_latest_summary	postgres	 SELECT run_code,     base_path,     core_blocker_count,     info_count,     core_status,     legacy_status,     operations_status,     note_text,     created_at,     ended_at    FROM cx22073jw.access_baseline_health_run   ORDER BY created_at DESC  LIMIT 1;
cx22073jw	v_access_current_state_bundle_export_latest_files	postgres	 SELECT r.run_code,     f.file_role,     f.file_path,     f.created_at    FROM (cx22073jw.access_current_state_bundle_export_file f      JOIN cx22073jw.access_current_state_bundle_export_run r ON ((r.current_state_bundle_export_run_id = f.current_state_bundle_export_run_id)))   WHERE (r.current_state_bundle_export_run_id = ( SELECT access_current_state_bundle_export_run.current_state_bundle_export_run_id            FROM cx22073jw.access_current_state_bundle_export_run           ORDER BY access_current_state_bundle_export_run.created_at DESC          LIMIT 1))   ORDER BY f.file_role;
cx22073jw	v_access_current_state_bundle_export_latest_summary	postgres	 SELECT run_code,     export_root_path,     baseline_run_code,     legacy_gate_run_code,     retirement_plan_run_code,     manual_receipt_batch_code,     confirmed_reverify_run_code,     file_count,     export_status,     note_text,     created_at,     ended_at    FROM cx22073jw.access_current_state_bundle_export_run   ORDER BY created_at DESC  LIMIT 1;
cx22073jw	v_access_db_role_provision_latest_batch_summary	postgres	 SELECT batch_code,     requested_role_count,     created_role_count,     existing_role_count,     failed_role_count,     batch_status,     note_text,     created_at,     ended_at    FROM cx22073jw.v_access_db_role_provision_latest_batch_summary;
cx22073jw	v_access_db_role_provision_latest_items	postgres	 SELECT batch_code,     role_code,     domain_code,     expected_db_role_name,     provision_status,     error_text,     created_at    FROM cx22073jw.v_access_db_role_provision_latest_items;
cx22073jw	v_access_db_role_registry_summary	postgres	 SELECT role_code,     domain_code,     expected_db_role_name,     role_status,     role_exists_flag,     login_allowed,     inherit_flag,     superuser_flag,     createrole_flag,     createdb_flag,     replication_flag,     bypassrls_flag    FROM cx22073jw.v_access_db_role_registry_summary;
cx22073jw	v_access_domain_bootstrap_summary	postgres	 SELECT domain_code,     domain_name,     role_count,     view_family_count,     policy_count    FROM cx22073jw.v_access_domain_bootstrap_summary;
cx22073jw	v_access_final_handoff_export_latest_items	postgres	 SELECT run_code,     source_execution_run_code,     source_batch_code,     request_code,     target_domain_code,     target_role_code,     actual_view_code,     logical_view_name,     expected_db_role_name,     preflight_status,     execution_status,     handoff_bucket,     prepared_sql_text,     result_note,     created_at    FROM cx22073jw.v_access_final_handoff_export_latest_items;
cx22073jw	v_access_final_handoff_export_latest_summary	postgres	 SELECT run_code,     source_execution_run_code,     source_batch_code,     export_root_path,     requested_item_count,     pass_item_count,     fail_item_count,     skipped_item_count,     run_status,     note_text,     created_at,     ended_at    FROM cx22073jw.v_access_final_handoff_export_latest_summary;
cx22073jw	v_access_gate_controlled_actual_views	postgres	 SELECT domain_code,     view_family_code,     actual_view_code,     logical_view_name,     sensitivity_code,     exposure_scope,     gate_required,     notes    FROM cx22073jw.v_access_gate_controlled_actual_views;
cx22073jw	v_access_governed_apply_attempt_latest_summary	postgres	 SELECT batch_code,     attempt_code,     attempt_status,     executor_name,     note_text,     created_at    FROM cx22073jw.v_access_governed_apply_attempt_latest_summary;
cx22073jw	v_access_governed_apply_batch_latest_items	postgres	 SELECT batch_code,     source_queue_batch_code,     queue_code,     request_code,     target_domain_code,     target_role_code,     actual_view_code,     logical_view_name,     gate_check_required,     runtime_apply_ready,     apply_status,     prepared_sql_text,     note_text,     created_at    FROM cx22073jw.v_access_governed_apply_batch_latest_items;
cx22073jw	v_access_governed_apply_batch_latest_summary	postgres	 SELECT batch_code,     source_queue_batch_code,     item_count,     prepared_count,     waiting_runtime_count,     skipped_gate_count,     batch_status,     note_text,     created_at,     ended_at    FROM cx22073jw.v_access_governed_apply_batch_latest_summary;
cx22073jw	v_access_governed_apply_execution_latest_items	postgres	 SELECT run_code,     batch_code,     request_code,     target_domain_code,     target_role_code,     actual_view_code,     logical_view_name,     expected_db_role_name,     apply_status_before,     runtime_apply_ready,     gate_check_required,     role_exists_flag,     view_exists_flag,     sql_present_flag,     preflight_status,     execution_status,     prepared_sql_text,     result_note,     created_at    FROM cx22073jw.v_access_governed_apply_execution_latest_items;
cx22073jw	v_access_governed_apply_execution_latest_summary	postgres	 SELECT run_code,     source_batch_code,     dry_run_flag,     requested_item_count,     preflight_pass_count,     preflight_fail_count,     skipped_count,     run_status,     note_text,     created_at,     ended_at    FROM cx22073jw.v_access_governed_apply_execution_latest_summary;
cx22073jw	v_access_governed_apply_queue_latest_items	postgres	 SELECT source_batch_code,     request_code,     target_domain_code,     target_role_code,     actual_view_code,     logical_view_name,     queue_status,     gate_check_required,     runtime_apply_ready,     note_text,     created_at    FROM cx22073jw.v_access_governed_apply_queue_latest_items;
cx22073jw	v_access_governed_apply_queue_latest_summary	postgres	 SELECT source_batch_code,     queue_item_count,     queued_count,     prepared_count,     applied_count,     skipped_count,     cancelled_count,     first_created_at,     last_created_at    FROM cx22073jw.v_access_governed_apply_queue_latest_summary;
cx22073jw	v_access_grant_export_latest_items	postgres	 SELECT run_code,     domain_code,     role_code,     actual_view_code,     logical_view_name,     suggested_db_role_name,     grant_mode,     gate_needed,     role_sql_file_path,     domain_sql_file_path    FROM cx22073jw.v_access_grant_export_latest_items;
cx22073jw	v_access_grant_export_latest_summary	postgres	 SELECT run_code,     export_root_path,     total_role_count,     total_domain_count,     total_actual_view_grant_count,     total_sql_file_count,     run_status,     note_text,     created_at,     ended_at    FROM cx22073jw.v_access_grant_export_latest_summary;
cx22073jw	v_access_human_review_latest_action_log	postgres	 SELECT batch_code,     request_code,     actual_view_code,     logical_view_name,     previous_human_review_status,     new_human_review_status,     reviewer_name,     review_note,     created_at    FROM cx22073jw.v_access_human_review_latest_action_log;
cx22073jw	v_access_legacy_compat_audit_latest_db_items	postgres	 SELECT r.run_code,     i.object_group,     i.object_schema,     i.object_name,     i.referenced_legacy_name,     i.created_at    FROM (cx22073jw.access_legacy_compat_audit_db_item i      JOIN cx22073jw.access_legacy_compat_audit_run r ON ((r.legacy_compat_audit_run_id = i.legacy_compat_audit_run_id)))   WHERE (r.legacy_compat_audit_run_id = ( SELECT access_legacy_compat_audit_run.legacy_compat_audit_run_id            FROM cx22073jw.access_legacy_compat_audit_run           ORDER BY access_legacy_compat_audit_run.created_at DESC          LIMIT 1))   ORDER BY i.object_group, i.object_name, i.referenced_legacy_name;
cx22073jw	v_access_legacy_compat_audit_latest_file_items	postgres	 SELECT r.run_code,     i.file_path,     i.line_no,     i.matched_text,     i.created_at    FROM (cx22073jw.access_legacy_compat_audit_file_item i      JOIN cx22073jw.access_legacy_compat_audit_run r ON ((r.legacy_compat_audit_run_id = i.legacy_compat_audit_run_id)))   WHERE (r.legacy_compat_audit_run_id = ( SELECT access_legacy_compat_audit_run.legacy_compat_audit_run_id            FROM cx22073jw.access_legacy_compat_audit_run           ORDER BY access_legacy_compat_audit_run.created_at DESC          LIMIT 1))   ORDER BY i.file_path, i.line_no;
cx22073jw	v_access_legacy_compat_audit_latest_summary	postgres	 SELECT run_code,     base_path,     db_hit_count,     file_hit_count,     db_view_hit_count,     db_function_hit_count,     run_status,     note_text,     created_at,     ended_at    FROM cx22073jw.access_legacy_compat_audit_run   ORDER BY created_at DESC  LIMIT 1;
cx22073jw	v_access_legacy_cutover_gate_latest_blockers	postgres	 SELECT r.run_code,     b.blocker_group,     b.blocker_identity,     b.blocker_detail,     b.created_at    FROM (cx22073jw.access_legacy_cutover_gate_blocker b      JOIN cx22073jw.access_legacy_cutover_gate_run r ON ((r.legacy_cutover_gate_run_id = b.legacy_cutover_gate_run_id)))   WHERE (r.legacy_cutover_gate_run_id = ( SELECT access_legacy_cutover_gate_run.legacy_cutover_gate_run_id            FROM cx22073jw.access_legacy_cutover_gate_run           ORDER BY access_legacy_cutover_gate_run.created_at DESC          LIMIT 1))   ORDER BY b.blocker_group, b.blocker_identity;
cx22073jw	v_access_legacy_cutover_gate_latest_summary	postgres	 SELECT run_code,     source_audit_run_code,     db_hit_count,     file_hit_count,     blocker_count,     readiness_status,     note_text,     created_at,     ended_at    FROM cx22073jw.access_legacy_cutover_gate_run   ORDER BY created_at DESC  LIMIT 1;
cx22073jw	v_access_legacy_db_blocker_patch_latest_items	postgres	 SELECT r.run_code,     i.object_group,     i.object_schema,     i.object_name,     i.object_identity,     i.patch_status,     i.error_text,     i.created_at    FROM (cx22073jw.access_legacy_db_blocker_patch_item i      JOIN cx22073jw.access_legacy_db_blocker_patch_run r ON ((r.legacy_db_blocker_patch_run_id = i.legacy_db_blocker_patch_run_id)))   WHERE (r.legacy_db_blocker_patch_run_id = ( SELECT access_legacy_db_blocker_patch_run.legacy_db_blocker_patch_run_id            FROM cx22073jw.access_legacy_db_blocker_patch_run           ORDER BY access_legacy_db_blocker_patch_run.created_at DESC          LIMIT 1))   ORDER BY i.object_group, i.object_identity;
cx22073jw	v_access_legacy_db_blocker_patch_latest_summary	postgres	 SELECT run_code,     target_view_count,     target_function_count,     patched_view_count,     patched_function_count,     error_count,     run_status,     note_text,     created_at,     ended_at    FROM cx22073jw.access_legacy_db_blocker_patch_run   ORDER BY created_at DESC  LIMIT 1;
cx22073jw	v_access_legacy_retirement_plan_latest_items	postgres	 SELECT r.run_code,     i.item_group,     i.object_name,     i.plan_action,     i.detail_text,     i.created_at    FROM (cx22073jw.access_legacy_retirement_plan_item i      JOIN cx22073jw.access_legacy_retirement_plan_run r ON ((r.legacy_retirement_plan_run_id = i.legacy_retirement_plan_run_id)))   WHERE (r.legacy_retirement_plan_run_id = ( SELECT access_legacy_retirement_plan_run.legacy_retirement_plan_run_id            FROM cx22073jw.access_legacy_retirement_plan_run           ORDER BY access_legacy_retirement_plan_run.created_at DESC          LIMIT 1))   ORDER BY i.item_group, i.object_name;
cx22073jw	v_access_legacy_retirement_plan_latest_summary	postgres	 SELECT run_code,     source_gate_run_code,     readiness_status_snapshot,     legacy_view_count,     planned_drop_count,     blocker_count,     export_root_path,     plan_status,     note_text,     created_at,     ended_at    FROM cx22073jw.access_legacy_retirement_plan_run   ORDER BY created_at DESC  LIMIT 1;
cx22073jw	v_access_manual_apply_confirmation_latest_log	postgres	 SELECT b.batch_code,     l.request_code,     l.actual_view_code,     l.logical_view_name,     l.previous_receipt_status,     l.new_receipt_status,     l.executor_name,     l.confirmation_note,     l.created_at    FROM (cx22073jw.access_manual_apply_confirmation_log l      JOIN cx22073jw.access_manual_apply_receipt_batch b ON ((b.manual_apply_receipt_batch_id = l.manual_apply_receipt_batch_id)))   WHERE (b.manual_apply_receipt_batch_id = ( SELECT access_manual_apply_receipt_batch.manual_apply_receipt_batch_id            FROM cx22073jw.access_manual_apply_receipt_batch           ORDER BY access_manual_apply_receipt_batch.created_at DESC          LIMIT 1))   ORDER BY l.created_at DESC, l.request_code, l.logical_view_name;
cx22073jw	v_access_manual_apply_receipt_latest_batch_summary	postgres	 SELECT batch_code,     source_handoff_run_code,     source_export_root_path,     requested_item_count,     seeded_item_count,     batch_status,     note_text,     created_at,     ended_at    FROM cx22073jw.access_manual_apply_receipt_batch   ORDER BY created_at DESC  LIMIT 1;
cx22073jw	v_access_manual_apply_receipt_latest_items	postgres	 SELECT b.batch_code,     i.request_code,     i.target_domain_code,     i.target_role_code,     i.actual_view_code,     i.logical_view_name,     i.expected_db_role_name,     i.receipt_status,     i.manual_executor_name,     i.manual_apply_note,     i.created_at    FROM (cx22073jw.access_manual_apply_receipt_item i      JOIN cx22073jw.access_manual_apply_receipt_batch b ON ((b.manual_apply_receipt_batch_id = i.manual_apply_receipt_batch_id)))   WHERE (b.manual_apply_receipt_batch_id = ( SELECT access_manual_apply_receipt_batch.manual_apply_receipt_batch_id            FROM cx22073jw.access_manual_apply_receipt_batch           ORDER BY access_manual_apply_receipt_batch.created_at DESC          LIMIT 1))   ORDER BY i.request_code, i.logical_view_name;
cx22073jw	v_access_manual_apply_receipt_latest_pending_summary	postgres	 SELECT b.batch_code,     count(*) AS total_item_count,     count(*) FILTER (WHERE (i.receipt_status = 'pending_confirmation'::text)) AS pending_confirmation_count,     count(*) FILTER (WHERE (i.receipt_status = 'confirmed_applied'::text)) AS confirmed_applied_count,     count(*) FILTER (WHERE (i.receipt_status = 'confirmed_skipped'::text)) AS confirmed_skipped_count,     count(*) FILTER (WHERE (i.receipt_status = 'confirmed_failed'::text)) AS confirmed_failed_count    FROM (cx22073jw.access_manual_apply_receipt_item i      JOIN cx22073jw.access_manual_apply_receipt_batch b ON ((b.manual_apply_receipt_batch_id = i.manual_apply_receipt_batch_id)))   WHERE (b.manual_apply_receipt_batch_id = ( SELECT access_manual_apply_receipt_batch.manual_apply_receipt_batch_id            FROM cx22073jw.access_manual_apply_receipt_batch           ORDER BY access_manual_apply_receipt_batch.created_at DESC          LIMIT 1))   GROUP BY b.batch_code;
cx22073jw	v_access_post_apply_verification_latest_confirmed_only_items	postgres	 SELECT r.run_code,     i.source_receipt_batch_code,     i.request_code,     i.target_domain_code,     i.target_role_code,     i.actual_view_code,     i.logical_view_name,     i.expected_db_role_name,     i.role_exists_flag,     i.view_exists_flag,     i.select_grant_present_flag,     i.verification_status,     i.result_note,     i.created_at    FROM (cx22073jw.access_post_apply_verification_item i      JOIN cx22073jw.access_post_apply_verification_run r ON ((r.post_apply_verification_run_id = i.post_apply_verification_run_id)))   WHERE (r.post_apply_verification_run_id = ( SELECT access_post_apply_verification_run.post_apply_verification_run_id            FROM cx22073jw.access_post_apply_verification_run           WHERE (access_post_apply_verification_run.note_text ~~* 'Confirmed-only%'::text)           ORDER BY access_post_apply_verification_run.created_at DESC          LIMIT 1))   ORDER BY i.request_code, i.logical_view_name;
cx22073jw	v_access_post_apply_verification_latest_confirmed_only_summary	postgres	 SELECT run_code,     source_receipt_batch_code,     requested_item_count,     verified_applied_count,     not_yet_applied_count,     precheck_fail_count,     run_status,     note_text,     created_at,     ended_at    FROM cx22073jw.access_post_apply_verification_run   WHERE (note_text ~~* 'Confirmed-only%'::text)   ORDER BY created_at DESC  LIMIT 1;
cx22073jw	v_access_post_apply_verification_latest_items	postgres	 SELECT r.run_code,     i.source_receipt_batch_code,     i.request_code,     i.target_domain_code,     i.target_role_code,     i.actual_view_code,     i.logical_view_name,     i.expected_db_role_name,     i.role_exists_flag,     i.view_exists_flag,     i.select_grant_present_flag,     i.verification_status,     i.result_note,     i.created_at    FROM (cx22073jw.access_post_apply_verification_item i      JOIN cx22073jw.access_post_apply_verification_run r ON ((r.post_apply_verification_run_id = i.post_apply_verification_run_id)))   WHERE (r.post_apply_verification_run_id = ( SELECT access_post_apply_verification_run.post_apply_verification_run_id            FROM cx22073jw.access_post_apply_verification_run           ORDER BY access_post_apply_verification_run.created_at DESC          LIMIT 1))   ORDER BY i.request_code, i.logical_view_name;
cx22073jw	v_access_post_apply_verification_latest_summary	postgres	 SELECT run_code,     source_receipt_batch_code,     requested_item_count,     verified_applied_count,     not_yet_applied_count,     precheck_fail_count,     run_status,     note_text,     created_at,     ended_at    FROM cx22073jw.access_post_apply_verification_run   ORDER BY created_at DESC  LIMIT 1;
cx22073jw	v_access_privileged_family_summary	postgres	 SELECT domain_code,     view_family_code,     family_name,     sensitivity_code,     access_boundary_note    FROM cx22073jw.v_access_privileged_family_summary;
cx22073jw	v_access_rank_registry_summary	postgres	 SELECT rank_code,     rank_name,     provisional_flag,     allow_public,     allow_masked,     allow_support,     allow_operational,     allow_audit,     allow_safety,     allow_privileged,     allow_restricted,     description    FROM cx22073jw.v_access_rank_registry_summary;
cx22073jw	v_access_role_access_bundle_item_matrix	postgres	 SELECT bundle_code,     domain_code,     role_code,     actual_view_code,     logical_view_name,     view_family_code,     grant_mode,     gate_needed,     audit_obligation,     sort_order    FROM cx22073jw.v_access_role_access_bundle_item_matrix;
cx22073jw	v_access_role_access_bundle_summary	postgres	 SELECT bundle_code,     domain_code,     role_code,     bundle_status,     gate_needed_view_count,     non_gate_view_count,     total_view_count,     note_text,     created_at    FROM cx22073jw.v_access_role_access_bundle_summary;
cx22073jw	v_access_role_actual_view_grant_matrix	postgres	 SELECT domain_code,     role_code,     role_name,     actual_view_code,     logical_view_name,     view_family_code,     grant_mode,     gate_needed,     audit_obligation,     notes    FROM cx22073jw.v_access_role_actual_view_grant_matrix;
cx22073jw	v_access_role_policy_matrix	postgres	 SELECT domain_code,     role_code,     role_name,     view_family_code,     family_name,     access_mode,     scope_note,     sensitivity_code    FROM cx22073jw.v_access_role_policy_matrix;
cx22073jw	v_access_runtime_ready_promotion_latest_batch_summary	postgres	 SELECT batch_code,     source_queue_batch_code,     target_request_code,     promoted_count,     skipped_gate_count,     unchanged_count,     batch_status,     note_text,     created_at,     ended_at    FROM cx22073jw.v_access_runtime_ready_promotion_latest_batch_summary;
cx22073jw	v_access_runtime_ready_promotion_latest_items	postgres	 SELECT batch_code,     queue_code,     request_code,     target_domain_code,     target_role_code,     actual_view_code,     logical_view_name,     previous_runtime_apply_ready,     new_runtime_apply_ready,     gate_check_required,     action_status,     note_text,     created_at    FROM cx22073jw.v_access_runtime_ready_promotion_latest_items;
cx22073jw	v_access_stub_smoke_latest_items	postgres	 SELECT run_code,     actual_view_code,     logical_view_name,     domain_code,     view_family_code,     smoke_status,     column_count,     row_count,     error_text,     created_at    FROM cx22073jw.v_access_stub_smoke_latest_items;
cx22073jw	v_access_stub_smoke_latest_summary	postgres	 SELECT run_code,     requested_view_count,     passed_view_count,     failed_view_count,     missing_view_count,     run_status,     note_text,     created_at,     ended_at    FROM cx22073jw.v_access_stub_smoke_latest_summary;
cx22073jw	v_access_stub_view_generation_latest_items	postgres	 SELECT run_code,     actual_view_code,     logical_view_name,     domain_code,     view_family_code,     generation_status,     error_text,     created_at    FROM cx22073jw.v_access_stub_view_generation_latest_items;
cx22073jw	v_access_stub_view_generation_latest_summary	postgres	 SELECT run_code,     requested_view_count,     created_view_count,     existing_view_count,     error_view_count,     run_status,     note_text,     created_at,     ended_at    FROM cx22073jw.v_access_stub_view_generation_latest_summary;
cx22073jw	v_access_stub_view_missing	postgres	 SELECT domain_code,     view_family_code,     actual_view_code,     logical_view_name,     sensitivity_code,     exposure_scope,     gate_required,     stub_view_exists    FROM cx22073jw.v_access_stub_view_missing;
cx22073jw	v_access_stub_view_runtime_catalog	postgres	 SELECT domain_code,     view_family_code,     actual_view_code,     logical_view_name,     sensitivity_code,     exposure_scope,     gate_required,     stub_view_exists    FROM cx22073jw.v_access_stub_view_runtime_catalog;
cx22073jw	v_ai_employee_activation_request_compiled_summary	postgres	 SELECT r.request_code,     r.target_domain_code,     r.target_role_code,     r.requested_rank_code,     r.requested_app_scope,     r.request_status,     r.requested_by,     count(d.actual_view_code) AS total_decision_count,     count(d.actual_view_code) FILTER (WHERE (d.decision_status = 'allowed_upper_bound'::text)) AS allowed_upper_bound_count,     count(d.actual_view_code) FILTER (WHERE (d.decision_status = 'requires_gate'::text)) AS requires_gate_count,     count(d.actual_view_code) FILTER (WHERE (d.decision_status = 'requires_scope_intersection'::text)) AS requires_scope_count,     count(d.actual_view_code) FILTER (WHERE (d.decision_status = 'requires_rank_intersection'::text)) AS requires_rank_count,     count(d.actual_view_code) FILTER (WHERE (d.decision_status = 'rejected'::text)) AS rejected_count,     r.note_text,     r.created_at    FROM (cx22073jw.access_activation_request r      LEFT JOIN cx22073jw.access_activation_request_view_decision d ON ((d.activation_request_id = r.activation_request_id)))   GROUP BY r.request_code, r.target_domain_code, r.target_role_code, r.requested_rank_code, r.requested_app_scope, r.request_status, r.requested_by, r.note_text, r.created_at   ORDER BY r.created_at DESC;
cx22073jw	v_ai_employee_activation_request_intersection_summary	postgres	 SELECT r.request_code,     r.target_domain_code,     r.target_role_code,     r.requested_rank_code,     r.requested_app_scope,     r.request_status,     count(d.actual_view_code) AS total_decision_count,     count(d.actual_view_code) FILTER (WHERE (d.decision_status = 'allowed_upper_bound'::text)) AS allowed_upper_bound_count,     count(d.actual_view_code) FILTER (WHERE (d.decision_status = 'requires_gate'::text)) AS requires_gate_count,     count(d.actual_view_code) FILTER (WHERE (d.decision_status = 'requires_scope_intersection'::text)) AS requires_scope_count,     count(d.actual_view_code) FILTER (WHERE (d.decision_status = 'requires_rank_intersection'::text)) AS requires_rank_count,     count(d.actual_view_code) FILTER (WHERE (d.decision_status = 'rejected'::text)) AS rejected_count,     r.note_text,     r.created_at    FROM (cx22073jw.access_activation_request r      LEFT JOIN cx22073jw.access_activation_request_view_decision d ON ((d.activation_request_id = r.activation_request_id)))   GROUP BY r.request_code, r.target_domain_code, r.target_role_code, r.requested_rank_code, r.requested_app_scope, r.request_status, r.note_text, r.created_at   ORDER BY r.created_at DESC;
cx22073jw	v_ai_employee_activation_request_latest_decisions	postgres	 SELECT r.request_code,     r.target_domain_code,     r.target_role_code,     d.actual_view_code,     d.logical_view_name,     d.bundle_inclusion_mode,     d.gate_needed,     d.decision_status,     d.decision_note,     d.created_at    FROM (cx22073jw.access_activation_request_view_decision d      JOIN cx22073jw.access_activation_request r ON ((r.activation_request_id = d.activation_request_id)))   WHERE (r.activation_request_id = ( SELECT access_activation_request.activation_request_id            FROM cx22073jw.access_activation_request           ORDER BY access_activation_request.created_at DESC          LIMIT 1))   ORDER BY d.logical_view_name;
cx22073jw	v_ai_employee_activation_request_latest_intersection_decisions	postgres	 SELECT r.request_code,     r.target_domain_code,     r.target_role_code,     d.actual_view_code,     d.logical_view_name,     d.bundle_inclusion_mode,     d.gate_needed,     d.decision_status,     d.decision_note,     d.created_at    FROM (cx22073jw.access_activation_request_view_decision d      JOIN cx22073jw.access_activation_request r ON ((r.activation_request_id = d.activation_request_id)))   WHERE (r.activation_request_id = ( SELECT access_activation_request.activation_request_id            FROM cx22073jw.access_activation_request           ORDER BY access_activation_request.created_at DESC          LIMIT 1))   ORDER BY d.logical_view_name;
cx22073jw	v_ai_employee_activation_request_latest_summary	postgres	 SELECT request_code,     target_domain_code,     target_role_code,     requested_rank_code,     requested_app_scope,     request_status,     requested_by,     reviewer_name,     approver_name,     note_text,     created_at    FROM cx22073jw.access_activation_request   ORDER BY created_at DESC  LIMIT 20;
cx22073jw	v_ai_employee_activation_review_decision_latest_batch_summary	postgres	 SELECT batch_code,     source_export_run_code,     source_export_root_path,     request_count,     item_count,     approved_candidate_count,     gate_hold_count,     scope_hold_count,     rank_hold_count,     rejected_hold_count,     batch_status,     note_text,     created_at,     ended_at    FROM cx22073jw.access_activation_review_decision_batch   ORDER BY created_at DESC  LIMIT 1;
cx22073jw	v_ai_employee_activation_review_decision_latest_items	postgres	 SELECT b.batch_code,     i.request_code,     i.target_domain_code,     i.target_role_code,     i.actual_view_code,     i.logical_view_name,     i.source_decision_status,     i.source_action_hint,     i.review_bucket,     i.human_review_status,     i.governed_apply_ready,     i.review_note,     i.created_at    FROM (cx22073jw.access_activation_review_decision_item i      JOIN cx22073jw.access_activation_review_decision_batch b ON ((b.activation_review_decision_batch_id = i.activation_review_decision_batch_id)))   WHERE (b.activation_review_decision_batch_id = ( SELECT access_activation_review_decision_batch.activation_review_decision_batch_id            FROM cx22073jw.access_activation_review_decision_batch           ORDER BY access_activation_review_decision_batch.created_at DESC          LIMIT 1))   ORDER BY i.request_code, i.logical_view_name;
cx22073jw	v_ai_employee_activation_review_export_latest_items	postgres	 SELECT r.run_code,     i.request_code,     i.target_domain_code,     i.target_role_code,     i.actual_view_code,     i.logical_view_name,     i.decision_status,     i.gate_needed,     i.decision_action_hint    FROM (cx22073jw.access_activation_review_export_item i      JOIN cx22073jw.access_activation_review_export_run r ON ((r.activation_review_export_run_id = i.activation_review_export_run_id)))   WHERE (r.activation_review_export_run_id = ( SELECT access_activation_review_export_run.activation_review_export_run_id            FROM cx22073jw.access_activation_review_export_run           ORDER BY access_activation_review_export_run.created_at DESC          LIMIT 1))   ORDER BY i.request_code, i.logical_view_name;
cx22073jw	v_ai_employee_activation_review_export_latest_summary	postgres	 SELECT run_code,     export_root_path,     request_count,     decision_count,     allowed_count,     gate_count,     scope_count,     rank_count,     rejected_count,     run_status,     note_text,     created_at,     ended_at    FROM cx22073jw.access_activation_review_export_run   ORDER BY created_at DESC  LIMIT 1;
cx22073jw	v_ai_employee_actual_view_family_summary	postgres	 SELECT vf.domain_code,     vf.view_family_code,     vf.family_name,     vf.sensitivity_code,     count(avr.actual_view_code) AS actual_view_count    FROM (cx22073jw.access_view_family_master vf      LEFT JOIN cx22073jw.access_actual_view_registry avr ON ((avr.view_family_code = vf.view_family_code)))   GROUP BY vf.domain_code, vf.view_family_code, vf.family_name, vf.sensitivity_code   ORDER BY vf.domain_code, vf.view_family_code;
cx22073jw	v_ai_employee_actual_view_registry_summary	postgres	 SELECT domain_code,     view_family_code,     actual_view_code,     logical_view_name,     sensitivity_code,     exposure_scope,     lifecycle_status,     gate_required,     grantable_readonly    FROM cx22073jw.access_actual_view_registry avr   ORDER BY domain_code, view_family_code, logical_view_name;
cx22073jw	v_ai_employee_app_scope_summary	postgres	 SELECT s.app_scope_code,     s.domain_code,     s.scope_name,     s.scope_group,     s.provisional_flag,     count(a.actual_view_code) AS allowlisted_view_count    FROM (cx22073jw.access_app_scope_registry s      LEFT JOIN cx22073jw.access_app_scope_actual_view_allowlist a ON ((a.app_scope_code = s.app_scope_code)))   GROUP BY s.app_scope_code, s.domain_code, s.scope_name, s.scope_group, s.provisional_flag   ORDER BY s.domain_code, s.app_scope_code;
cx22073jw	v_ai_employee_db_role_provision_latest_batch_summary	postgres	 SELECT batch_code,     requested_role_count,     created_role_count,     existing_role_count,     failed_role_count,     batch_status,     note_text,     created_at,     ended_at    FROM cx22073jw.access_db_role_provision_batch   ORDER BY created_at DESC  LIMIT 1;
cx22073jw	v_ai_employee_db_role_provision_latest_items	postgres	 SELECT b.batch_code,     i.role_code,     i.domain_code,     i.expected_db_role_name,     i.provision_status,     i.error_text,     i.created_at    FROM (cx22073jw.access_db_role_provision_item i      JOIN cx22073jw.access_db_role_provision_batch b ON ((b.db_role_provision_batch_id = i.db_role_provision_batch_id)))   WHERE (b.db_role_provision_batch_id = ( SELECT access_db_role_provision_batch.db_role_provision_batch_id            FROM cx22073jw.access_db_role_provision_batch           ORDER BY access_db_role_provision_batch.created_at DESC          LIMIT 1))   ORDER BY i.domain_code, i.role_code;
cx22073jw	v_ai_employee_db_role_registry_summary	postgres	 SELECT role_code,     domain_code,     expected_db_role_name,     role_status,     (EXISTS ( SELECT 1            FROM pg_roles pr           WHERE (pr.rolname = reg.expected_db_role_name))) AS role_exists_flag,     login_allowed,     inherit_flag,     superuser_flag,     createrole_flag,     createdb_flag,     replication_flag,     bypassrls_flag    FROM cx22073jw.access_db_role_registry reg   ORDER BY domain_code, role_code;
cx22073jw	v_ai_employee_domain_bootstrap_summary	postgres	 SELECT d.domain_code,     d.domain_name,     count(DISTINCT r.role_code) AS role_count,     count(DISTINCT vf.view_family_code) AS view_family_count,     count(DISTINCT ((rvf.role_code || ':'::text) || rvf.view_family_code)) AS policy_count    FROM (((cx22073jw.access_domain_master d      LEFT JOIN cx22073jw.access_role_master r ON ((r.domain_code = d.domain_code)))      LEFT JOIN cx22073jw.access_view_family_master vf ON ((vf.domain_code = d.domain_code)))      LEFT JOIN cx22073jw.access_role_view_family_policy rvf ON ((rvf.role_code = r.role_code)))   GROUP BY d.domain_code, d.domain_name   ORDER BY d.domain_code;
cx22073jw	v_ai_employee_final_handoff_export_latest_items	postgres	 SELECT r.run_code,     i.source_execution_run_code,     i.source_batch_code,     i.request_code,     i.target_domain_code,     i.target_role_code,     i.actual_view_code,     i.logical_view_name,     i.expected_db_role_name,     i.preflight_status,     i.execution_status,     i.handoff_bucket,     i.prepared_sql_text,     i.result_note,     i.created_at    FROM (cx22073jw.access_final_handoff_export_item i      JOIN cx22073jw.access_final_handoff_export_run r ON ((r.final_handoff_export_run_id = i.final_handoff_export_run_id)))   WHERE (r.final_handoff_export_run_id = ( SELECT access_final_handoff_export_run.final_handoff_export_run_id            FROM cx22073jw.access_final_handoff_export_run           ORDER BY access_final_handoff_export_run.created_at DESC          LIMIT 1))   ORDER BY i.request_code, i.logical_view_name;
cx22073jw	v_ai_employee_final_handoff_export_latest_summary	postgres	 SELECT run_code,     source_execution_run_code,     source_batch_code,     export_root_path,     requested_item_count,     pass_item_count,     fail_item_count,     skipped_item_count,     run_status,     note_text,     created_at,     ended_at    FROM cx22073jw.access_final_handoff_export_run   ORDER BY created_at DESC  LIMIT 1;
cx22073jw	v_ai_employee_gate_controlled_actual_views	postgres	 SELECT domain_code,     view_family_code,     actual_view_code,     logical_view_name,     sensitivity_code,     exposure_scope,     gate_required,     notes    FROM cx22073jw.access_actual_view_registry avr   WHERE ((gate_required = true) OR (exposure_scope = 'ai_employee_only_gate_controlled'::text))   ORDER BY domain_code, logical_view_name;
cx22073jw	v_ai_employee_governed_apply_attempt_latest_summary	postgres	 SELECT b.batch_code,     l.attempt_code,     l.attempt_status,     l.executor_name,     l.note_text,     l.created_at    FROM (cx22073jw.access_governed_apply_attempt_log l      JOIN cx22073jw.access_governed_apply_batch b ON ((b.governed_apply_batch_id = l.governed_apply_batch_id)))   ORDER BY l.created_at DESC  LIMIT 1;
cx22073jw	v_ai_employee_governed_apply_batch_latest_items	postgres	 SELECT b.batch_code,     b.source_queue_batch_code,     i.queue_code,     i.request_code,     i.target_domain_code,     i.target_role_code,     i.actual_view_code,     i.logical_view_name,     i.gate_check_required,     i.runtime_apply_ready,     i.apply_status,     i.prepared_sql_text,     i.note_text,     i.created_at    FROM (cx22073jw.access_governed_apply_batch_item i      JOIN cx22073jw.access_governed_apply_batch b ON ((b.governed_apply_batch_id = i.governed_apply_batch_id)))   WHERE (b.governed_apply_batch_id = ( SELECT access_governed_apply_batch.governed_apply_batch_id            FROM cx22073jw.access_governed_apply_batch           ORDER BY access_governed_apply_batch.created_at DESC          LIMIT 1))   ORDER BY i.request_code, i.logical_view_name;
cx22073jw	v_ai_employee_governed_apply_batch_latest_summary	postgres	 SELECT batch_code,     source_queue_batch_code,     item_count,     prepared_count,     waiting_runtime_count,     skipped_gate_count,     batch_status,     note_text,     created_at,     ended_at    FROM cx22073jw.access_governed_apply_batch   ORDER BY created_at DESC  LIMIT 1;
cx22073jw	v_ai_employee_governed_apply_execution_latest_items	postgres	 SELECT r.run_code,     i.batch_code,     i.request_code,     i.target_domain_code,     i.target_role_code,     i.actual_view_code,     i.logical_view_name,     i.expected_db_role_name,     i.apply_status_before,     i.runtime_apply_ready,     i.gate_check_required,     i.role_exists_flag,     i.view_exists_flag,     i.sql_present_flag,     i.preflight_status,     i.execution_status,     i.prepared_sql_text,     i.result_note,     i.created_at    FROM (cx22073jw.access_governed_apply_execution_item i      JOIN cx22073jw.access_governed_apply_execution_run r ON ((r.governed_apply_execution_run_id = i.governed_apply_execution_run_id)))   WHERE (r.governed_apply_execution_run_id = ( SELECT access_governed_apply_execution_run.governed_apply_execution_run_id            FROM cx22073jw.access_governed_apply_execution_run           ORDER BY access_governed_apply_execution_run.created_at DESC          LIMIT 1))   ORDER BY i.request_code, i.logical_view_name;
cx22073jw	v_ai_employee_governed_apply_execution_latest_summary	postgres	 SELECT run_code,     source_batch_code,     dry_run_flag,     requested_item_count,     preflight_pass_count,     preflight_fail_count,     skipped_count,     run_status,     note_text,     created_at,     ended_at    FROM cx22073jw.access_governed_apply_execution_run   ORDER BY created_at DESC  LIMIT 1;
cx22073jw	v_ai_employee_governed_apply_queue_latest_items	postgres	 SELECT source_batch_code,     request_code,     target_domain_code,     target_role_code,     actual_view_code,     logical_view_name,     queue_status,     gate_check_required,     runtime_apply_ready,     note_text,     created_at    FROM cx22073jw.access_governed_apply_queue q   WHERE (source_batch_code = ( SELECT v_ai_employee_governed_apply_queue_latest_summary.source_batch_code            FROM cx22073jw.v_ai_employee_governed_apply_queue_latest_summary          LIMIT 1))   ORDER BY request_code, logical_view_name;
cx22073jw	v_ai_employee_governed_apply_queue_latest_summary	postgres	 SELECT source_batch_code,     count(*) AS queue_item_count,     count(*) FILTER (WHERE (queue_status = 'queued'::text)) AS queued_count,     count(*) FILTER (WHERE (queue_status = 'prepared'::text)) AS prepared_count,     count(*) FILTER (WHERE (queue_status = 'applied'::text)) AS applied_count,     count(*) FILTER (WHERE (queue_status = 'skipped'::text)) AS skipped_count,     count(*) FILTER (WHERE (queue_status = 'cancelled'::text)) AS cancelled_count,     min(created_at) AS first_created_at,     max(created_at) AS last_created_at    FROM cx22073jw.access_governed_apply_queue   GROUP BY source_batch_code   ORDER BY (max(created_at)) DESC  LIMIT 1;
cx22073jw	v_ai_employee_grant_export_latest_items	postgres	 SELECT r.run_code,     i.domain_code,     i.role_code,     i.actual_view_code,     i.logical_view_name,     i.suggested_db_role_name,     i.grant_mode,     i.gate_needed,     i.role_sql_file_path,     i.domain_sql_file_path    FROM (cx22073jw.access_grant_export_item i      JOIN cx22073jw.access_grant_export_run r ON ((r.grant_export_run_id = i.grant_export_run_id)))   WHERE (r.grant_export_run_id = ( SELECT access_grant_export_run.grant_export_run_id            FROM cx22073jw.access_grant_export_run           ORDER BY access_grant_export_run.created_at DESC          LIMIT 1))   ORDER BY i.domain_code, i.role_code, i.logical_view_name;
cx22073jw	v_ai_employee_grant_export_latest_summary	postgres	 SELECT run_code,     export_root_path,     total_role_count,     total_domain_count,     total_actual_view_grant_count,     total_sql_file_count,     run_status,     note_text,     created_at,     ended_at    FROM cx22073jw.access_grant_export_run   ORDER BY created_at DESC  LIMIT 1;
cx22073jw	v_ai_employee_human_review_latest_action_log	postgres	 SELECT b.batch_code,     l.request_code,     l.actual_view_code,     l.logical_view_name,     l.previous_human_review_status,     l.new_human_review_status,     l.reviewer_name,     l.review_note,     l.created_at    FROM (cx22073jw.access_human_review_action_log l      JOIN cx22073jw.access_activation_review_decision_batch b ON ((b.activation_review_decision_batch_id = l.activation_review_decision_batch_id)))   WHERE (b.activation_review_decision_batch_id = ( SELECT access_activation_review_decision_batch.activation_review_decision_batch_id            FROM cx22073jw.access_activation_review_decision_batch           ORDER BY access_activation_review_decision_batch.created_at DESC          LIMIT 1))   ORDER BY l.created_at DESC, l.request_code, l.logical_view_name;
cx22073jw	v_ai_employee_manual_apply_receipt_latest_batch_summary	postgres	 SELECT batch_code,     source_handoff_run_code,     source_export_root_path,     requested_item_count,     seeded_item_count,     batch_status,     note_text,     created_at,     ended_at    FROM cx22073jw.access_manual_apply_receipt_batch   ORDER BY created_at DESC  LIMIT 1;
cx22073jw	v_ai_employee_manual_apply_receipt_latest_items	postgres	 SELECT b.batch_code,     i.request_code,     i.target_domain_code,     i.target_role_code,     i.actual_view_code,     i.logical_view_name,     i.expected_db_role_name,     i.receipt_status,     i.manual_executor_name,     i.manual_apply_note,     i.created_at    FROM (cx22073jw.access_manual_apply_receipt_item i      JOIN cx22073jw.access_manual_apply_receipt_batch b ON ((b.manual_apply_receipt_batch_id = i.manual_apply_receipt_batch_id)))   WHERE (b.manual_apply_receipt_batch_id = ( SELECT access_manual_apply_receipt_batch.manual_apply_receipt_batch_id            FROM cx22073jw.access_manual_apply_receipt_batch           ORDER BY access_manual_apply_receipt_batch.created_at DESC          LIMIT 1))   ORDER BY i.request_code, i.logical_view_name;
cx22073jw	v_ai_employee_post_apply_verification_latest_items	postgres	 SELECT r.run_code,     i.source_receipt_batch_code,     i.request_code,     i.target_domain_code,     i.target_role_code,     i.actual_view_code,     i.logical_view_name,     i.expected_db_role_name,     i.role_exists_flag,     i.view_exists_flag,     i.select_grant_present_flag,     i.verification_status,     i.result_note,     i.created_at    FROM (cx22073jw.access_post_apply_verification_item i      JOIN cx22073jw.access_post_apply_verification_run r ON ((r.post_apply_verification_run_id = i.post_apply_verification_run_id)))   WHERE (r.post_apply_verification_run_id = ( SELECT access_post_apply_verification_run.post_apply_verification_run_id            FROM cx22073jw.access_post_apply_verification_run           ORDER BY access_post_apply_verification_run.created_at DESC          LIMIT 1))   ORDER BY i.request_code, i.logical_view_name;
cx22073jw	v_ai_employee_post_apply_verification_latest_summary	postgres	 SELECT run_code,     source_receipt_batch_code,     requested_item_count,     verified_applied_count,     not_yet_applied_count,     precheck_fail_count,     run_status,     note_text,     created_at,     ended_at    FROM cx22073jw.access_post_apply_verification_run   ORDER BY created_at DESC  LIMIT 1;
cx22073jw	v_ai_employee_privileged_family_summary	postgres	 SELECT domain_code,     view_family_code,     family_name,     sensitivity_code,     access_boundary_note    FROM cx22073jw.access_view_family_master vf   WHERE (sensitivity_code = ANY (ARRAY['privileged'::text, 'restricted'::text, 'safety'::text]))   ORDER BY domain_code, view_family_code;
cx22073jw	v_ai_employee_rank_registry_summary	postgres	 SELECT rank_code,     rank_name,     provisional_flag,     allow_public,     allow_masked,     allow_support,     allow_operational,     allow_audit,     allow_safety,     allow_privileged,     allow_restricted,     description    FROM cx22073jw.access_rank_registry   ORDER BY rank_code;
cx22073jw	v_ai_employee_role_access_bundle_item_matrix	postgres	 SELECT bm.bundle_code,     bm.domain_code,     bm.role_code,     bi.actual_view_code,     bi.logical_view_name,     bi.view_family_code,     bi.grant_mode,     bi.gate_needed,     bi.audit_obligation,     bi.sort_order    FROM (cx22073jw.access_role_access_bundle_master bm      JOIN cx22073jw.access_role_access_bundle_item bi ON ((bi.role_access_bundle_id = bm.role_access_bundle_id)))   ORDER BY bm.domain_code, bm.role_code, bi.sort_order;
cx22073jw	v_ai_employee_role_access_bundle_summary	postgres	 SELECT bundle_code,     domain_code,     role_code,     bundle_status,     gate_needed_view_count,     non_gate_view_count,     total_view_count,     note_text,     created_at    FROM cx22073jw.access_role_access_bundle_master bm   ORDER BY domain_code, role_code;
cx22073jw	v_ai_employee_role_actual_view_grant_matrix	postgres	 SELECT r.domain_code,     r.role_code,     r.role_name,     avr.actual_view_code,     avr.logical_view_name,     avr.view_family_code,     g.grant_mode,     g.gate_needed,     g.audit_obligation,     g.notes    FROM ((cx22073jw.access_role_actual_view_grant_skeleton g      JOIN cx22073jw.access_role_master r ON ((r.role_code = g.role_code)))      JOIN cx22073jw.access_actual_view_registry avr ON ((avr.actual_view_code = g.actual_view_code)))   ORDER BY r.domain_code, r.role_code, avr.logical_view_name;
cx22073jw	v_ai_employee_role_policy_matrix	postgres	 SELECT r.domain_code,     r.role_code,     r.role_name,     vf.view_family_code,     vf.family_name,     rvf.access_mode,     rvf.scope_note,     vf.sensitivity_code    FROM ((cx22073jw.access_role_view_family_policy rvf      JOIN cx22073jw.access_role_master r ON ((r.role_code = rvf.role_code)))      JOIN cx22073jw.access_view_family_master vf ON ((vf.view_family_code = rvf.view_family_code)))   ORDER BY r.domain_code, r.role_code, vf.view_family_code;
cx22073jw	v_ai_employee_runtime_ready_promotion_latest_batch_summary	postgres	 SELECT batch_code,     source_queue_batch_code,     target_request_code,     promoted_count,     skipped_gate_count,     unchanged_count,     batch_status,     note_text,     created_at,     ended_at    FROM cx22073jw.access_runtime_ready_promotion_batch   ORDER BY created_at DESC  LIMIT 1;
cx22073jw	v_ai_employee_runtime_ready_promotion_latest_items	postgres	 SELECT b.batch_code,     i.queue_code,     i.request_code,     i.target_domain_code,     i.target_role_code,     i.actual_view_code,     i.logical_view_name,     i.previous_runtime_apply_ready,     i.new_runtime_apply_ready,     i.gate_check_required,     i.action_status,     i.note_text,     i.created_at    FROM (cx22073jw.access_runtime_ready_promotion_item i      JOIN cx22073jw.access_runtime_ready_promotion_batch b ON ((b.runtime_ready_promotion_batch_id = i.runtime_ready_promotion_batch_id)))   WHERE (b.runtime_ready_promotion_batch_id = ( SELECT access_runtime_ready_promotion_batch.runtime_ready_promotion_batch_id            FROM cx22073jw.access_runtime_ready_promotion_batch           ORDER BY access_runtime_ready_promotion_batch.created_at DESC          LIMIT 1))   ORDER BY i.request_code, i.logical_view_name;
cx22073jw	v_ai_employee_stub_smoke_latest_items	postgres	 SELECT r.run_code,     i.actual_view_code,     i.logical_view_name,     i.domain_code,     i.view_family_code,     i.smoke_status,     i.column_count,     i.row_count,     i.error_text,     i.created_at    FROM (cx22073jw.access_stub_smoke_item i      JOIN cx22073jw.access_stub_smoke_run r ON ((r.stub_smoke_run_id = i.stub_smoke_run_id)))   WHERE (r.stub_smoke_run_id = ( SELECT access_stub_smoke_run.stub_smoke_run_id            FROM cx22073jw.access_stub_smoke_run           ORDER BY access_stub_smoke_run.created_at DESC          LIMIT 1))   ORDER BY i.domain_code, i.logical_view_name;
cx22073jw	v_ai_employee_stub_smoke_latest_summary	postgres	 SELECT run_code,     requested_view_count,     passed_view_count,     failed_view_count,     missing_view_count,     run_status,     note_text,     created_at,     ended_at    FROM cx22073jw.access_stub_smoke_run   ORDER BY created_at DESC  LIMIT 1;
cx22073jw	v_ai_employee_stub_view_generation_latest_items	postgres	 SELECT r.run_code,     i.actual_view_code,     i.logical_view_name,     i.domain_code,     i.view_family_code,     i.generation_status,     i.error_text,     i.created_at    FROM (cx22073jw.access_stub_view_generation_item i      JOIN cx22073jw.access_stub_view_generation_run r ON ((r.stub_view_generation_run_id = i.stub_view_generation_run_id)))   WHERE (r.stub_view_generation_run_id = ( SELECT access_stub_view_generation_run.stub_view_generation_run_id            FROM cx22073jw.access_stub_view_generation_run           ORDER BY access_stub_view_generation_run.created_at DESC          LIMIT 1))   ORDER BY i.domain_code, i.view_family_code, i.logical_view_name;
cx22073jw	v_ai_employee_stub_view_generation_latest_summary	postgres	 SELECT run_code,     requested_view_count,     created_view_count,     existing_view_count,     error_view_count,     run_status,     note_text,     created_at,     ended_at    FROM cx22073jw.access_stub_view_generation_run   ORDER BY created_at DESC  LIMIT 1;
cx22073jw	v_ai_employee_stub_view_missing	postgres	 SELECT domain_code,     view_family_code,     actual_view_code,     logical_view_name,     sensitivity_code,     exposure_scope,     gate_required,     stub_view_exists    FROM cx22073jw.v_ai_employee_stub_view_runtime_catalog   WHERE (stub_view_exists = false)   ORDER BY domain_code, view_family_code, logical_view_name;
cx22073jw	v_ai_employee_stub_view_runtime_catalog	postgres	 SELECT domain_code,     view_family_code,     actual_view_code,     logical_view_name,     sensitivity_code,     exposure_scope,     gate_required,         CASE             WHEN (EXISTS ( SELECT 1                FROM information_schema.views v               WHERE (((v.table_schema)::name = avr.intended_schema_name) AND ((v.table_name)::name = avr.logical_view_name)))) THEN true             ELSE false         END AS stub_view_exists    FROM cx22073jw.access_actual_view_registry avr   ORDER BY domain_code, view_family_code, logical_view_name;
cx22073jw	v_asset_marketplace_listing_projection_area_latest	postgres	 SELECT row_id,     subject_key,     source_system,     source_app,     canonical_owner_system,     canonical_ref_key,     lifecycle_status,     projection_payload,     optimization_payload,     priority_score,     meta,     created_at,     updated_at    FROM cx22073jw.asset_marketplace_listing_projection_area   WHERE (lifecycle_status = 'active'::text);
cx22073jw	v_asset_metadata_localization_area_latest	postgres	 SELECT row_id,     subject_key,     source_system,     source_app,     canonical_owner_system,     canonical_ref_key,     lifecycle_status,     projection_payload,     index_terms,     index_payload,     meta,     created_at,     updated_at    FROM cx22073jw.asset_metadata_localization_area   WHERE (lifecycle_status = 'active'::text);
cx22073jw	v_asset_rights_policy_area_latest	postgres	 SELECT row_id,     subject_key,     source_system,     source_app,     canonical_owner_system,     canonical_ref_key,     lifecycle_status,     projection_payload,     policy_context_payload,     meta,     created_at,     updated_at    FROM cx22073jw.asset_rights_policy_area   WHERE (lifecycle_status = 'active'::text);
cx22073jw	v_candidate_area_phase1_focus	postgres	 SELECT clsr.source_system,     COALESCE(clsr.source_app, '-'::text) AS source_app,     car.area_name,     car.priority_code,     car.area_roles,     car.purpose_text    FROM (cx22073jw.candidate_area_registry car      JOIN cx22073jw.candidate_ledger_source_registry clsr ON ((clsr.ledger_source_id = car.ledger_source_id)))   WHERE ((car.is_phase1_recommended = true) AND (car.is_active = true))   ORDER BY clsr.source_system, clsr.source_app, car.priority_code, car.area_name;
cx22073jw	v_candidate_area_priority_matrix	postgres	 SELECT clsr.source_system,     COALESCE(clsr.source_app, '-'::text) AS source_app,     car.candidate_code,     car.area_name,     car.priority_code,     car.area_roles,     car.is_phase1_recommended,     car.phase_recommendation,     car.ownership_mode    FROM (cx22073jw.candidate_area_registry car      JOIN cx22073jw.candidate_ledger_source_registry clsr ON ((clsr.ledger_source_id = car.ledger_source_id)))   WHERE (car.is_active = true);
cx22073jw	v_candidate_area_source_summary	postgres	 SELECT clsr.source_system,     COALESCE(clsr.source_app, '-'::text) AS source_app,     count(*) AS candidate_count,     count(*) FILTER (WHERE (car.priority_code = 'highest'::text)) AS highest_count,     count(*) FILTER (WHERE (car.priority_code = 'high'::text)) AS high_count,     count(*) FILTER (WHERE (car.priority_code = 'medium-high'::text)) AS medium_high_count,     count(*) FILTER (WHERE (car.priority_code = 'medium'::text)) AS medium_count,     count(*) FILTER (WHERE (car.priority_code = 'conditional'::text)) AS conditional_count,     count(*) FILTER (WHERE car.is_phase1_recommended) AS phase1_count    FROM (cx22073jw.candidate_area_registry car      JOIN cx22073jw.candidate_ledger_source_registry clsr ON ((clsr.ledger_source_id = car.ledger_source_id)))   GROUP BY clsr.source_system, clsr.source_app;
cx22073jw	v_compatibility_restriction_matrix	postgres	 SELECT cr.left_profile_code,     lp.profile_name AS left_profile_name,     cr.right_profile_code,     rp.profile_name AS right_profile_name,     cr.compatibility_status,     cr.reason_text,     cr.priority_rank    FROM ((cx22073jw.compatibility_rule cr      JOIN cx22073jw.compatibility_profile_master lp ON ((lp.profile_code = cr.left_profile_code)))      JOIN cx22073jw.compatibility_profile_master rp ON ((rp.profile_code = cr.right_profile_code)));
cx22073jw	v_contract_remediation_batch_summary	postgres	 SELECT batch_code,     source_scope,     batch_status,     proposed_item_count,     applied_item_count,     skipped_item_count,     actor_name,     note_text,     created_at    FROM cx22073jw.contract_remediation_batch   ORDER BY created_at DESC;
cx22073jw	v_contract_remediation_item_detail	postgres	 SELECT crb.batch_code,     cri.area_slug,     cri.payload_column_name,     cri.remediation_type,     cri.proposed_keys,     cri.applied_keys,     cri.source_reason,     cri.apply_status,     cri.source_detail_json,     cri.created_at    FROM (cx22073jw.contract_remediation_item cri      JOIN cx22073jw.contract_remediation_batch crb ON ((crb.remediation_batch_id = cri.remediation_batch_id)))   ORDER BY crb.created_at DESC, cri.area_slug, cri.payload_column_name;
cx22073jw	v_exact_contract_area_payloads	postgres	 SELECT clsr.source_system,     COALESCE(clsr.source_app, '-'::text) AS source_app,     car.area_slug,     apcr.payload_column_name,     apcr.payload_shape_kind,     apcr.required_keys,     apcr.optional_keys,     apcr.notes_text    FROM ((cx22073jw.area_payload_contract_registry apcr      JOIN cx22073jw.candidate_area_registry car ON ((car.candidate_area_id = apcr.candidate_area_id)))      JOIN cx22073jw.candidate_ledger_source_registry clsr ON ((clsr.ledger_source_id = car.ledger_source_id)))   ORDER BY clsr.source_system, clsr.source_app, car.area_slug, apcr.payload_column_name;
cx22073jw	v_exact_contract_common_columns	postgres	 SELECT profile_code,     column_name,     data_type_sql,     is_nullable,     default_sql,     semantic_role,     sort_order    FROM cx22073jw.projection_common_column_contract_master   ORDER BY profile_code, sort_order;
cx22073jw	v_exact_contract_sample_case_summary	postgres	 SELECT area_slug,     case_kind,     expected_result,     count(*) AS case_count    FROM cx22073jw.exact_contract_sample_case_registry   GROUP BY area_slug, case_kind, expected_result   ORDER BY area_slug, case_kind, expected_result;
cx22073jw	v_exact_contract_sample_run_latest	postgres	 SELECT scr.case_code,     scr.area_slug,     scr.case_kind,     scr.expected_result,     srl.execution_status,     srl.result_row_id,     srl.error_text,     srl.executed_at    FROM (cx22073jw.exact_contract_sample_case_registry scr      JOIN LATERAL ( SELECT srl_1.sample_run_log_id,             srl_1.sample_case_id,             srl_1.execution_status,             srl_1.result_row_id,             srl_1.error_text,             srl_1.executed_at            FROM cx22073jw.exact_contract_sample_run_log srl_1           WHERE (srl_1.sample_case_id = scr.sample_case_id)           ORDER BY srl_1.executed_at DESC          LIMIT 1) srl ON (true))   ORDER BY scr.case_code;
cx22073jw	v_exact_contract_sample_run_summary	postgres	 SELECT execution_status,     count(*) AS run_count    FROM cx22073jw.v_exact_contract_sample_run_latest   GROUP BY execution_status   ORDER BY execution_status;
cx22073jw	v_exact_contract_snapshot_summary	postgres	 SELECT clsr.source_system,     COALESCE(clsr.source_app, '-'::text) AS source_app,     car.area_slug,     aecs.payload_contract_count,     aecs.contract_digest,     aecs.contract_status,     aecs.generated_at    FROM (((cx22073jw.area_exact_contract_snapshot aecs      JOIN cx22073jw.official_prepare_generation_registry ogr ON ((ogr.generation_registry_id = aecs.generation_registry_id)))      JOIN cx22073jw.candidate_area_registry car ON ((car.candidate_area_id = ogr.candidate_area_id)))      JOIN cx22073jw.candidate_ledger_source_registry clsr ON ((clsr.ledger_source_id = car.ledger_source_id)))   ORDER BY clsr.source_system, clsr.source_app, car.area_slug;
cx22073jw	v_exact_payload_validation_issue_summary	postgres	 SELECT area_slug,     payload_column_name,     count(*) AS issue_count,     max(created_at) AS last_issue_at    FROM cx22073jw.exact_payload_validation_issue_log   GROUP BY area_slug, payload_column_name   ORDER BY area_slug, payload_column_name;
cx22073jw	v_exact_payload_wrapper_status	postgres	 SELECT clsr.source_system,     COALESCE(clsr.source_app, '-'::text) AS source_app,     car.area_slug,     ogr.target_table_name,     ogr.target_view_name,     ogr.target_function_name,     (to_regclass(('cx22073jw.'::text || ogr.target_table_name)) IS NOT NULL) AS table_exists,     (to_regclass(('cx22073jw.'::text || ogr.target_view_name)) IS NOT NULL) AS view_exists,     (EXISTS ( SELECT 1            FROM (pg_proc p              JOIN pg_namespace n ON ((n.oid = p.pronamespace)))           WHERE ((n.nspname = 'cx22073jw'::name) AND (p.proname = ogr.target_function_name)))) AS wrapper_function_exists    FROM ((cx22073jw.official_prepare_generation_registry ogr      JOIN cx22073jw.candidate_area_registry car ON ((car.candidate_area_id = ogr.candidate_area_id)))      JOIN cx22073jw.candidate_ledger_source_registry clsr ON ((clsr.ledger_source_id = car.ledger_source_id)))   ORDER BY clsr.source_system, clsr.source_app, car.area_slug;
cx22073jw	v_exhibition_projection_area_latest	postgres	 SELECT row_id,     subject_key,     source_system,     source_app,     canonical_owner_system,     canonical_ref_key,     lifecycle_status,     projection_payload,     optimization_payload,     priority_score,     meta,     created_at,     updated_at    FROM cx22073jw.exhibition_projection_area   WHERE (lifecycle_status = 'active'::text);
cx22073jw	v_foundation_article_catalog	postgres	 SELECT ka.article_id,     ka.article_code,     ka.title,     ka.domain_code,     fdm.layer_code,     ka.visibility_scope,     ka.publication_status,     ka.version_no,     srr.source_registry_code,     srr.review_status,     ka.created_at,     ka.updated_at    FROM ((cx22073jw.knowledge_article ka      JOIN cx22073jw.foundation_domain_master fdm ON ((fdm.domain_code = ka.domain_code)))      LEFT JOIN cx22073jw.source_review_registry srr ON ((srr.source_registry_code = ka.source_registry_code)));
cx22073jw	v_generation_registry_overview	postgres	 SELECT opqm.queue_code,     clsr.source_system,     COALESCE(clsr.source_app, '-'::text) AS source_app,     car.area_name,     car.area_slug,     car.priority_code,     car.area_roles,     opqi.item_status,     opqi.prepare_stage,     ogr.object_family_code,     ogr.profile_code,     ogr.target_schema_name,     ogr.target_table_name,     ogr.target_view_name,     ogr.target_function_name,     ogr.generation_status,     ogr.last_generated_at    FROM ((((cx22073jw.official_prepare_generation_registry ogr      JOIN cx22073jw.official_prepare_queue_item opqi ON ((opqi.prepare_queue_item_id = ogr.prepare_queue_item_id)))      JOIN cx22073jw.official_prepare_queue_master opqm ON ((opqm.prepare_queue_id = opqi.prepare_queue_id)))      JOIN cx22073jw.candidate_area_registry car ON ((car.candidate_area_id = ogr.candidate_area_id)))      JOIN cx22073jw.candidate_ledger_source_registry clsr ON ((clsr.ledger_source_id = car.ledger_source_id)));
cx22073jw	v_generation_registry_priority_order	postgres	 SELECT queue_code,     source_system,     source_app,     area_name,     area_slug,     priority_code,     object_family_code,     target_table_name,     target_view_name,     target_function_name,     generation_status    FROM cx22073jw.v_generation_registry_overview   ORDER BY         CASE priority_code             WHEN 'highest'::text THEN 10             WHEN 'high'::text THEN 20             WHEN 'medium-high'::text THEN 30             WHEN 'medium'::text THEN 40             WHEN 'conditional'::text THEN 50             ELSE 90         END, source_system, source_app, area_name;
cx22073jw	v_generation_registry_summary	postgres	 SELECT source_system,     source_app,     count(*) AS generation_count,     count(*) FILTER (WHERE (generation_status = 'planned'::text)) AS planned_count,     count(*) FILTER (WHERE (generation_status = 'generated'::text)) AS generated_count,     count(*) FILTER (WHERE (generation_status = 'reviewed'::text)) AS reviewed_count,     count(*) FILTER (WHERE (generation_status = 'stale'::text)) AS stale_count,     count(*) FILTER (WHERE (generation_status = 'applied'::text)) AS applied_count    FROM cx22073jw.v_generation_registry_overview   GROUP BY source_system, source_app;
cx22073jw	v_official_prepare_queue_overview	postgres	 SELECT opqm.queue_code,     opqm.queue_name,     opqm.queue_scope,     opqm.target_release_wave,     opqm.queue_status,     clsr.source_system,     COALESCE(clsr.source_app, '-'::text) AS source_app,     car.area_name,     car.area_slug,     car.priority_code,     car.area_roles,     opqi.item_status,     opqi.prepare_stage,     opqi.priority_rank,     opqi.execution_group_code,     opqi.decision_note,     opqi.blocker_note,     opqi.planned_output_summary    FROM (((cx22073jw.official_prepare_queue_item opqi      JOIN cx22073jw.official_prepare_queue_master opqm ON ((opqm.prepare_queue_id = opqi.prepare_queue_id)))      JOIN cx22073jw.candidate_area_registry car ON ((car.candidate_area_id = opqi.candidate_area_id)))      JOIN cx22073jw.candidate_ledger_source_registry clsr ON ((clsr.ledger_source_id = car.ledger_source_id)))   WHERE (opqi.is_active = true);
cx22073jw	v_official_prepare_queue_priority_order	postgres	 SELECT queue_code,     source_system,     source_app,     area_name,     area_slug,     priority_code,     item_status,     prepare_stage,     priority_rank,     execution_group_code    FROM cx22073jw.v_official_prepare_queue_overview   ORDER BY priority_rank, source_system, source_app, area_name;
cx22073jw	v_official_prepare_queue_summary	postgres	 SELECT queue_code,     source_system,     source_app,     count(*) AS item_count,     count(*) FILTER (WHERE (item_status = 'queued'::text)) AS queued_count,     count(*) FILTER (WHERE (item_status = 'scoping'::text)) AS scoping_count,     count(*) FILTER (WHERE (item_status = 'designing'::text)) AS designing_count,     count(*) FILTER (WHERE (item_status = 'ready_for_review'::text)) AS ready_for_review_count,     count(*) FILTER (WHERE (item_status = 'approved'::text)) AS approved_count,     count(*) FILTER (WHERE (item_status = 'blocked'::text)) AS blocked_count,     count(*) FILTER (WHERE (item_status = 'deferred'::text)) AS deferred_count    FROM cx22073jw.v_official_prepare_queue_overview   GROUP BY queue_code, source_system, source_app;
cx22073jw	v_phase1_skeleton_apply_batch_summary	postgres	 SELECT batch_code,     batch_scope,     batch_status,     actor_name,     planned_count,     applied_count,     failed_count,     started_at,     ended_at    FROM cx22073jw.phase1_skeleton_apply_batch psab   ORDER BY started_at DESC;
cx22073jw	v_phase1_skeleton_apply_target_status	postgres	 SELECT clsr.source_system,     COALESCE(clsr.source_app, '-'::text) AS source_app,     car.area_slug,     car.area_name,     ogr.target_schema_name,     ogr.target_table_name,     ogr.target_view_name,     ogr.target_function_name,     ogr.generation_status,     (to_regclass(((ogr.target_schema_name || '.'::text) || ogr.target_table_name)) IS NOT NULL) AS table_exists,     (to_regclass(((ogr.target_schema_name || '.'::text) || ogr.target_view_name)) IS NOT NULL) AS view_exists    FROM ((cx22073jw.official_prepare_generation_registry ogr      JOIN cx22073jw.candidate_area_registry car ON ((car.candidate_area_id = ogr.candidate_area_id)))      JOIN cx22073jw.candidate_ledger_source_registry clsr ON ((clsr.ledger_source_id = car.ledger_source_id)))   ORDER BY car.area_slug;
cx22073jw	v_priority_26_29_readiness	postgres	 SELECT 'multilingual_term_dictionary'::text AS area_code,     count(*) AS row_count    FROM cx22073jw.multilingual_term_dictionary UNION ALL  SELECT 'currency_amount_reference'::text AS area_code,     count(*) AS row_count    FROM cx22073jw.currency_amount_reference UNION ALL  SELECT 'unit_reference'::text AS area_code,     count(*) AS row_count    FROM cx22073jw.unit_reference UNION ALL  SELECT 'unit_conversion_rule'::text AS area_code,     count(*) AS row_count    FROM cx22073jw.unit_conversion_rule UNION ALL  SELECT 'jurisdiction_region_reference'::text AS area_code,     count(*) AS row_count    FROM cx22073jw.jurisdiction_region_reference;
cx22073jw	v_published_knowledge_ready_catalog	postgres	 SELECT ka.article_code,     ka.title,     ka.domain_code,     ka.visibility_scope,     ka.publication_status,     srr.review_status,     pkc.catalog_status,     pkc.quality_grade,     pkc.publication_channel,     pkc.search_keywords,     array_remove(ARRAY[         CASE             WHEN (ka.publication_status = 'published'::text) THEN NULL::text             ELSE 'publication_not_published'::text         END,         CASE             WHEN (COALESCE(srr.review_status, 'pending'::text) = 'approved'::text) THEN NULL::text             ELSE 'source_not_approved'::text         END,         CASE             WHEN (pkc.catalog_status = ANY (ARRAY['review_ready'::text, 'published'::text])) THEN NULL::text             ELSE 'catalog_not_ready'::text         END], NULL::text) AS blocker_codes,     ((ka.publication_status = 'published'::text) AND (COALESCE(srr.review_status, 'pending'::text) = 'approved'::text) AND (pkc.catalog_status = ANY (ARRAY['review_ready'::text, 'published'::text]))) AS is_ready    FROM ((cx22073jw.knowledge_article ka      LEFT JOIN cx22073jw.source_review_registry srr ON ((srr.source_registry_code = ka.source_registry_code)))      LEFT JOIN cx22073jw.published_knowledge_catalog pkc ON ((pkc.article_id = ka.article_id)));
cx22073jw	v_publishing_asset_area_latest	postgres	 SELECT row_id,     subject_key,     source_system,     source_app,     canonical_owner_system,     canonical_ref_key,     lifecycle_status,     projection_payload,     meta,     created_at,     updated_at    FROM cx22073jw.publishing_asset_area   WHERE (lifecycle_status = 'active'::text);
cx22073jw	v_readiness_gate_latest_area_status	postgres	 WITH latest_run AS (          SELECT rgr_1.readiness_gate_run_id            FROM (cx22073jw.readiness_gate_run rgr_1              JOIN cx22073jw.readiness_gate_master rgm ON ((rgm.readiness_gate_id = rgr_1.readiness_gate_id)))           WHERE (rgm.gate_code = 'phase1_runtime_readiness_gate'::text)           ORDER BY rgr_1.started_at DESC          LIMIT 1         )  SELECT rgr.area_slug,     bool_and(rgr.pass_flag) AS area_pass,     count(*) AS check_count,     count(*) FILTER (WHERE rgr.pass_flag) AS passed_count,     count(*) FILTER (WHERE (NOT rgr.pass_flag)) AS failed_count    FROM (cx22073jw.readiness_gate_result rgr      JOIN latest_run lr ON ((lr.readiness_gate_run_id = rgr.readiness_gate_run_id)))   GROUP BY rgr.area_slug   ORDER BY rgr.area_slug;
cx22073jw	v_readiness_gate_latest_failed_checks	postgres	 WITH latest_run AS (          SELECT rgr.readiness_gate_run_id            FROM (cx22073jw.readiness_gate_run rgr              JOIN cx22073jw.readiness_gate_master rgm ON ((rgm.readiness_gate_id = rgr.readiness_gate_id)))           WHERE (rgm.gate_code = 'phase1_runtime_readiness_gate'::text)           ORDER BY rgr.started_at DESC          LIMIT 1         )  SELECT rr.area_slug,     rrm.rule_code,     rrm.rule_name,     rr.actual_numeric,     rr.actual_text,     rr.detail_json    FROM ((cx22073jw.readiness_gate_result rr      JOIN latest_run lr ON ((lr.readiness_gate_run_id = rr.readiness_gate_run_id)))      JOIN cx22073jw.readiness_gate_rule_master rrm ON ((rrm.readiness_gate_rule_id = rr.readiness_gate_rule_id)))   WHERE (rr.pass_flag = false)   ORDER BY rr.area_slug, rrm.sort_order;
cx22073jw	v_readiness_gate_latest_run_summary	postgres	 WITH latest_run AS (          SELECT rgr.readiness_gate_run_id,             rgr.readiness_gate_id,             rgr.run_status,             rgr.total_checks,             rgr.passed_checks,             rgr.failed_checks,             rgr.target_area_count,             rgr.actor_name,             rgr.note_text,             rgr.started_at,             rgr.ended_at,             rgr.created_at,             rgr.updated_at            FROM (cx22073jw.readiness_gate_run rgr              JOIN cx22073jw.readiness_gate_master rgm_1 ON ((rgm_1.readiness_gate_id = rgr.readiness_gate_id)))           WHERE (rgm_1.gate_code = 'phase1_runtime_readiness_gate'::text)           ORDER BY rgr.started_at DESC          LIMIT 1         )  SELECT rgm.gate_code,     rgm.gate_name,     lr.readiness_gate_run_id,     lr.run_status,     lr.total_checks,     lr.passed_checks,     lr.failed_checks,     lr.target_area_count,     lr.started_at,     lr.ended_at,     lr.note_text    FROM (latest_run lr      JOIN cx22073jw.readiness_gate_master rgm ON ((rgm.readiness_gate_id = lr.readiness_gate_id)));
cx22073jw	v_review_case_area_latest	postgres	 SELECT row_id,     subject_key,     source_system,     source_app,     canonical_owner_system,     canonical_ref_key,     lifecycle_status,     projection_payload,     policy_context_payload,     meta,     created_at,     updated_at    FROM cx22073jw.review_case_area   WHERE (lifecycle_status = 'active'::text);
cx22073jw	v_seasonal_active_today	postgres	 SELECT event_code,     event_name,     event_type,     jurisdiction_code,     timing_note    FROM cx22073jw.seasonal_event_master sem   WHERE ((is_active = true) AND (cx22073jw.fn_is_date_in_seasonal_window(event_code, CURRENT_DATE) = true));
cx22073jw	v_secret_asset_catalog	postgres	 SELECT sa.asset_id,     sa.asset_code,     sa.asset_name,     sacm.category_code,     sacm.category_name,     sa.sensitivity_level,     stm.target_code,     stm.target_name,     sa.is_active,     sa.created_at    FROM ((cx22073jw.secret_asset sa      JOIN cx22073jw.secret_asset_category_master sacm ON ((sacm.category_code = sa.category_code)))      LEFT JOIN cx22073jw.secret_target_master stm ON ((stm.target_id = sa.target_id)));
cx22073jw	v_secret_route_matrix	postgres	 SELECT srb.route_code,     arm.route_name,     srb.tier_code,     ptm.tier_rank,     srb.selector_code,     stm.target_code,     stm.target_name,     stm.target_kind,     prpb.category_code,     ppp.profile_code,     ppp.default_decision,     ppp.minimum_tier_rank,     srb.is_active AS route_binding_active,     prpb.is_active AS policy_binding_active    FROM (((((cx22073jw.secret_route_binding srb      JOIN cx22073jw.access_route_master arm ON ((arm.route_code = srb.route_code)))      JOIN cx22073jw.privilege_tier_master ptm ON ((ptm.tier_code = srb.tier_code)))      JOIN cx22073jw.secret_target_master stm ON ((stm.target_id = srb.target_id)))      LEFT JOIN cx22073jw.privileged_route_policy_binding prpb ON (((prpb.route_code = srb.route_code) AND (prpb.tier_code = srb.tier_code))))      LEFT JOIN cx22073jw.privileged_policy_profile ppp ON ((ppp.profile_code = prpb.profile_code)));
cx22073jw	v_static_art_asset_area_latest	postgres	 SELECT row_id,     subject_key,     source_system,     source_app,     canonical_owner_system,     canonical_ref_key,     lifecycle_status,     projection_payload,     meta,     created_at,     updated_at    FROM cx22073jw.static_art_asset_area   WHERE (lifecycle_status = 'active'::text);
cx22073jw	v_staticart_delivery_closeout_summary	postgres	 SELECT run_code,     overall_status,     release_code,     release_status,     export_code,     export_status,     export_root_path,     sample_run_status,     readiness_gate_status,     total_target_count,     released_target_count,     blocked_target_count,     note_text,     created_at    FROM cx22073jw.staticart_delivery_closeout_run   ORDER BY created_at DESC;
cx22073jw	v_staticart_delivery_master_status	postgres	 SELECT certificate_code,     overall_status AS certificate_status,     release_code,     release_status,     export_code,     export_status,     package_code,     package_status,     closeout_run_code,     export_root_path,     total_target_count,     released_target_count,     blocked_target_count,     file_count,     note_text,     created_at    FROM cx22073jw.staticart_final_completion_certificate c   ORDER BY created_at DESC;
cx22073jw	v_staticart_exact_knowledge_transfer_blocks	postgres	 SELECT p.profile_code,     b.block_code,     b.block_name,     b.block_kind,     b.sort_order,     b.important_rule_text,     count(f.transfer_field_id) AS field_count    FROM ((cx22073jw.system_to_cx_knowledge_transfer_profile p      JOIN cx22073jw.system_to_cx_knowledge_transfer_block b ON ((b.transfer_profile_id = p.transfer_profile_id)))      LEFT JOIN cx22073jw.system_to_cx_knowledge_transfer_field f ON ((f.transfer_block_id = b.transfer_block_id)))   WHERE (p.profile_code = 'staticart_to_cx22073jw_knowledge_exact_list_v1'::text)   GROUP BY p.profile_code, b.block_code, b.block_name, b.block_kind, b.sort_order, b.important_rule_text   ORDER BY b.sort_order;
cx22073jw	v_staticart_exact_knowledge_transfer_fields	postgres	 SELECT p.profile_code,     b.block_code,     b.block_name,     f.field_code,     f.field_type_text,     f.field_role_text,     f.fixed_value_text,     f.allowed_values,     f.sort_order    FROM ((cx22073jw.system_to_cx_knowledge_transfer_profile p      JOIN cx22073jw.system_to_cx_knowledge_transfer_block b ON ((b.transfer_profile_id = p.transfer_profile_id)))      JOIN cx22073jw.system_to_cx_knowledge_transfer_field f ON ((f.transfer_block_id = b.transfer_block_id)))   WHERE (p.profile_code = 'staticart_to_cx22073jw_knowledge_exact_list_v1'::text)   ORDER BY b.sort_order, f.sort_order;
cx22073jw	v_staticart_exact_knowledge_transfer_rules	postgres	 SELECT p.profile_code,     r.rule_group_code,     r.item_text,     r.sort_order    FROM (cx22073jw.system_to_cx_knowledge_transfer_profile p      JOIN cx22073jw.system_to_cx_knowledge_transfer_rule_item r ON ((r.transfer_profile_id = p.transfer_profile_id)))   WHERE (p.profile_code = 'staticart_to_cx22073jw_knowledge_exact_list_v1'::text)   ORDER BY r.rule_group_code, r.sort_order;
cx22073jw	v_staticart_final_handoff_package_summary	postgres	 SELECT package_code,     export_code,     export_root_path,     overall_status,     release_code,     release_status,     closeout_run_code,     file_count,     file_index_path,     sha256_manifest_path,     db_summary_json_path,     package_manifest_json_path,     created_at    FROM cx22073jw.staticart_final_handoff_package   ORDER BY created_at DESC;
cx22073jw	v_staticart_fixed_contract_release_export_payload	postgres	 SELECT r.release_code,     rt.block_code,     rt.area_slug,     rt.target_payload_column_name,     rt.target_table_name,     rt.target_function_name,     array_agg(rk.key_name ORDER BY rk.sort_order) FILTER (WHERE (rk.key_role = 'required'::text)) AS required_keys,     array_agg(rk.key_name ORDER BY rk.sort_order) FILTER (WHERE (rk.key_role = 'optional'::text)) AS optional_keys,     rt.target_status_code    FROM ((cx22073jw.source_to_cx_fixed_contract_release r      JOIN cx22073jw.source_to_cx_fixed_contract_release_target rt ON ((rt.fixed_contract_release_id = r.fixed_contract_release_id)))      LEFT JOIN cx22073jw.source_to_cx_fixed_contract_release_key rk ON ((rk.fixed_contract_release_target_id = rt.fixed_contract_release_target_id)))   WHERE ((r.source_system_code = 'StaticArtOS'::text) AND (rt.contract_level = 'payload'::text))   GROUP BY r.release_code, rt.block_code, rt.area_slug, rt.target_payload_column_name, rt.target_table_name, rt.target_function_name, rt.target_status_code, rt.sort_order   ORDER BY rt.sort_order, rt.area_slug;
cx22073jw	v_staticart_fixed_contract_release_export_top_level	postgres	 SELECT r.release_code,     rt.block_code,     rt.area_slug,     rt.target_table_name,     rt.target_function_name,     array_agg(rk.key_name ORDER BY rk.sort_order) AS top_level_keys,     rt.target_status_code    FROM ((cx22073jw.source_to_cx_fixed_contract_release r      JOIN cx22073jw.source_to_cx_fixed_contract_release_target rt ON ((rt.fixed_contract_release_id = r.fixed_contract_release_id)))      LEFT JOIN cx22073jw.source_to_cx_fixed_contract_release_key rk ON ((rk.fixed_contract_release_target_id = rt.fixed_contract_release_target_id)))   WHERE ((r.source_system_code = 'StaticArtOS'::text) AND (rt.contract_level = 'top_level'::text))   GROUP BY r.release_code, rt.block_code, rt.area_slug, rt.target_table_name, rt.target_function_name, rt.target_status_code, rt.sort_order   ORDER BY rt.sort_order, rt.area_slug;
cx22073jw	v_staticart_fixed_contract_release_keys	postgres	 SELECT r.release_code,     rt.block_code,     rt.area_slug,     rt.contract_level,     rt.target_payload_column_name,     rk.key_name,     rk.key_role,     rk.source_field_code,     rk.target_slot_name,     rk.sort_order    FROM ((cx22073jw.source_to_cx_fixed_contract_release_key rk      JOIN cx22073jw.source_to_cx_fixed_contract_release_target rt ON ((rt.fixed_contract_release_target_id = rk.fixed_contract_release_target_id)))      JOIN cx22073jw.source_to_cx_fixed_contract_release r ON ((r.fixed_contract_release_id = rt.fixed_contract_release_id)))   WHERE (r.source_system_code = 'StaticArtOS'::text)   ORDER BY r.created_at DESC, rt.sort_order, rk.sort_order, rk.key_name;
cx22073jw	v_staticart_fixed_contract_release_summary	postgres	 SELECT release_code,     release_scope,     release_status,     latest_sample_run_status,     latest_gate_run_status,     total_target_count,     released_target_count,     blocked_target_count,     release_digest,     created_at,     updated_at    FROM cx22073jw.source_to_cx_fixed_contract_release   WHERE (source_system_code = 'StaticArtOS'::text)   ORDER BY created_at DESC;
cx22073jw	v_staticart_fixed_contract_release_targets	postgres	 SELECT r.release_code,     rt.block_code,     rt.area_slug,     rt.contract_level,     rt.target_payload_column_name,     rt.target_table_name,     rt.target_function_name,     rt.key_count,     rt.missing_key_count,     rt.target_status_code,     rt.contract_digest,     rt.sort_order,     rt.detail_json    FROM (cx22073jw.source_to_cx_fixed_contract_release_target rt      JOIN cx22073jw.source_to_cx_fixed_contract_release r ON ((r.fixed_contract_release_id = rt.fixed_contract_release_id)))   WHERE (r.source_system_code = 'StaticArtOS'::text)   ORDER BY r.created_at DESC, rt.sort_order, rt.area_slug, rt.contract_level;
cx22073jw	v_staticart_handoff_export_batch_summary	postgres	 SELECT export_code,     release_code,     export_status,     export_root_path,     total_target_count,     released_target_count,     blocked_target_count,     created_at    FROM cx22073jw.staticart_handoff_export_batch   ORDER BY created_at DESC;
cx22073jw	v_staticart_handoff_export_item_summary	postgres	 SELECT b.export_code,     i.block_code,     i.area_slug,     i.contract_level,     i.target_payload_column_name,     i.target_status_code,     i.export_status,     i.sort_order    FROM (cx22073jw.staticart_handoff_export_item i      JOIN cx22073jw.staticart_handoff_export_batch b ON ((b.export_batch_id = i.export_batch_id)))   ORDER BY b.created_at DESC, i.sort_order, i.area_slug, i.contract_level;
cx22073jw	v_staticart_knowledge_pack_run_item_latest	postgres	 SELECT r.sample_code,     i.area_slug,     i.target_function_name,     i.subject_key,     i.preflight_status,     i.missing_detail_json,     i.wrapper_apply_status,     i.result_row_id,     i.error_text,     i.created_at    FROM (cx22073jw.staticart_knowledge_pack_run_item i      JOIN cx22073jw.staticart_knowledge_pack_run r ON ((r.sample_pack_run_id = i.sample_pack_run_id)))   WHERE (i.sample_pack_run_id = ( SELECT staticart_knowledge_pack_run.sample_pack_run_id            FROM cx22073jw.staticart_knowledge_pack_run           ORDER BY staticart_knowledge_pack_run.started_at DESC          LIMIT 1))   ORDER BY i.area_slug;
cx22073jw	v_staticart_knowledge_pack_run_latest	postgres	 SELECT sample_pack_run_id,     sample_code,     apply_wrappers,     run_status,     total_area_count,     preflight_pass_count,     preflight_fail_count,     wrapper_applied_count,     wrapper_skipped_count,     actor_name,     note_text,     started_at,     ended_at,     created_at,     updated_at    FROM cx22073jw.staticart_knowledge_pack_run   ORDER BY started_at DESC;
cx22073jw	v_staticart_knowledge_pack_sample_registry_summary	postgres	 SELECT sample_code,     is_active,     created_at,     updated_at    FROM cx22073jw.staticart_knowledge_pack_sample_registry   ORDER BY sample_code;
cx22073jw	v_staticart_minimum_first_send_area_bindings	postgres	 SELECT p.profile_code,     b.block_code,     b.block_name,     car.area_slug,     tab.target_slot_scope,     tab.target_payload_column_name,     ogr.target_table_name,     ogr.target_view_name,     ogr.target_function_name,     tab.priority_rank,     tab.binding_status,     tab.binding_note    FROM ((((cx22073jw.system_to_cx_transfer_area_binding tab      JOIN cx22073jw.system_to_cx_knowledge_transfer_profile p ON ((p.transfer_profile_id = tab.transfer_profile_id)))      JOIN cx22073jw.system_to_cx_knowledge_transfer_block b ON ((b.transfer_block_id = tab.transfer_block_id)))      JOIN cx22073jw.candidate_area_registry car ON ((car.candidate_area_id = tab.candidate_area_id)))      LEFT JOIN cx22073jw.official_prepare_generation_registry ogr ON ((ogr.candidate_area_id = car.candidate_area_id)))   WHERE ((p.profile_code = 'staticart_to_cx22073jw_knowledge_exact_list_v1'::text) AND (tab.is_minimum_first_send = true))   ORDER BY tab.priority_rank, b.block_code, car.area_slug;
cx22073jw	v_staticart_minimum_first_send_contract_coverage	postgres	 SELECT p.profile_code,     b.block_code,     car.area_slug,     tab.target_payload_column_name,     scs.mapped_field_count,     scs.target_contract_key_count,     scs.matched_contract_key_count,     scs.missing_contract_keys,     scs.generated_at    FROM ((((cx22073jw.system_to_cx_transfer_contract_binding_snapshot scs      JOIN cx22073jw.system_to_cx_transfer_area_binding tab ON ((tab.transfer_area_binding_id = scs.transfer_area_binding_id)))      JOIN cx22073jw.system_to_cx_knowledge_transfer_profile p ON ((p.transfer_profile_id = tab.transfer_profile_id)))      JOIN cx22073jw.system_to_cx_knowledge_transfer_block b ON ((b.transfer_block_id = tab.transfer_block_id)))      JOIN cx22073jw.candidate_area_registry car ON ((car.candidate_area_id = tab.candidate_area_id)))   WHERE ((p.profile_code = 'staticart_to_cx22073jw_knowledge_exact_list_v1'::text) AND (tab.is_minimum_first_send = true))   ORDER BY tab.priority_rank, b.block_code, car.area_slug;
cx22073jw	v_staticart_minimum_first_send_field_bindings	postgres	 SELECT p.profile_code,     b.block_code,     car.area_slug,     tab.target_slot_scope,     tab.target_payload_column_name,     tf.field_code,     tfsb.target_slot_type,     tfsb.target_slot_name,     tfsb.mapping_mode,     tfsb.sort_order,     tfsb.mapping_note    FROM (((((cx22073jw.system_to_cx_transfer_field_slot_binding tfsb      JOIN cx22073jw.system_to_cx_transfer_area_binding tab ON ((tab.transfer_area_binding_id = tfsb.transfer_area_binding_id)))      JOIN cx22073jw.system_to_cx_knowledge_transfer_profile p ON ((p.transfer_profile_id = tab.transfer_profile_id)))      JOIN cx22073jw.system_to_cx_knowledge_transfer_block b ON ((b.transfer_block_id = tab.transfer_block_id)))      JOIN cx22073jw.system_to_cx_knowledge_transfer_field tf ON ((tf.transfer_field_id = tfsb.transfer_field_id)))      JOIN cx22073jw.candidate_area_registry car ON ((car.candidate_area_id = tab.candidate_area_id)))   WHERE ((p.profile_code = 'staticart_to_cx22073jw_knowledge_exact_list_v1'::text) AND (tab.is_minimum_first_send = true))   ORDER BY tab.priority_rank, tfsb.sort_order, tf.field_code;
cx22073jw	v_staticart_resume_pack_summary	postgres	 SELECT run_code,     certificate_code,     certificate_status,     release_code,     release_status,     export_code,     export_status,     package_code,     package_status,     closeout_run_code,     export_root_path,     operations_index_md_path,     resume_context_json_path,     file_count,     note_text,     created_at    FROM cx22073jw.staticart_resume_pack_run   ORDER BY created_at DESC;
cx22073jw	v_streaming_category_tree_area_latest	postgres	 SELECT row_id,     subject_key,     source_system,     source_app,     canonical_owner_system,     canonical_ref_key,     lifecycle_status,     projection_payload,     index_terms,     index_payload,     optimization_payload,     priority_score,     meta,     created_at,     updated_at    FROM cx22073jw.streaming_category_tree_area   WHERE (lifecycle_status = 'active'::text);
cx22073jw	v_streaming_connector_audit_area_latest	postgres	 SELECT row_id,     subject_key,     source_system,     source_app,     canonical_owner_system,     canonical_ref_key,     lifecycle_status,     summary_text,     summary_payload,     optimization_payload,     priority_score,     meta,     created_at,     updated_at    FROM cx22073jw.streaming_connector_audit_area   WHERE (lifecycle_status = 'active'::text);
cx22073jw	v_streaming_continue_watching_area_latest	postgres	 SELECT row_id,     subject_key,     source_system,     source_app,     canonical_owner_system,     canonical_ref_key,     lifecycle_status,     summary_text,     summary_payload,     continuity_payload,     resume_at,     optimization_payload,     priority_score,     meta,     created_at,     updated_at    FROM cx22073jw.streaming_continue_watching_area   WHERE (lifecycle_status = 'active'::text);
cx22073jw	v_streaming_creator_asset_area_latest	postgres	 SELECT row_id,     subject_key,     source_system,     source_app,     canonical_owner_system,     canonical_ref_key,     lifecycle_status,     projection_payload,     meta,     created_at,     updated_at    FROM cx22073jw.streaming_creator_asset_area   WHERE (lifecycle_status = 'active'::text);
cx22073jw	v_streaming_marketplace_listing_area_latest	postgres	 SELECT row_id,     subject_key,     source_system,     source_app,     canonical_owner_system,     canonical_ref_key,     lifecycle_status,     projection_payload,     optimization_payload,     priority_score,     meta,     created_at,     updated_at    FROM cx22073jw.streaming_marketplace_listing_area   WHERE (lifecycle_status = 'active'::text);
cx22073jw	v_streaming_membership_program_area_latest	postgres	 SELECT row_id,     subject_key,     source_system,     source_app,     canonical_owner_system,     canonical_ref_key,     lifecycle_status,     projection_payload,     policy_context_payload,     meta,     created_at,     updated_at    FROM cx22073jw.streaming_membership_program_area   WHERE (lifecycle_status = 'active'::text);
cx22073jw	v_streaming_membership_rule_area_latest	postgres	 SELECT row_id,     subject_key,     source_system,     source_app,     canonical_owner_system,     canonical_ref_key,     lifecycle_status,     projection_payload,     policy_context_payload,     meta,     created_at,     updated_at    FROM cx22073jw.streaming_membership_rule_area   WHERE (lifecycle_status = 'active'::text);
cx22073jw	v_streaming_paid_video_offer_area_latest	postgres	 SELECT row_id,     subject_key,     source_system,     source_app,     canonical_owner_system,     canonical_ref_key,     lifecycle_status,     projection_payload,     policy_context_payload,     meta,     created_at,     updated_at    FROM cx22073jw.streaming_paid_video_offer_area   WHERE (lifecycle_status = 'active'::text);
cx22073jw	v_streaming_progress_resume_area_latest	postgres	 SELECT row_id,     subject_key,     source_system,     source_app,     canonical_owner_system,     canonical_ref_key,     lifecycle_status,     summary_text,     summary_payload,     continuity_payload,     resume_at,     optimization_payload,     priority_score,     meta,     created_at,     updated_at    FROM cx22073jw.streaming_progress_resume_area   WHERE (lifecycle_status = 'active'::text);
cx22073jw	v_streaming_publish_setting_area_latest	postgres	 SELECT row_id,     subject_key,     source_system,     source_app,     canonical_owner_system,     canonical_ref_key,     lifecycle_status,     projection_payload,     policy_context_payload,     meta,     created_at,     updated_at    FROM cx22073jw.streaming_publish_setting_area   WHERE (lifecycle_status = 'active'::text);
cx22073jw	v_streaming_revenue_split_area_latest	postgres	 SELECT row_id,     subject_key,     source_system,     source_app,     canonical_owner_system,     canonical_ref_key,     lifecycle_status,     projection_payload,     summary_text,     summary_payload,     meta,     created_at,     updated_at    FROM cx22073jw.streaming_revenue_split_area   WHERE (lifecycle_status = 'active'::text);
cx22073jw	v_streaming_view_history_area_latest	postgres	 SELECT row_id,     subject_key,     source_system,     source_app,     canonical_owner_system,     canonical_ref_key,     lifecycle_status,     summary_text,     summary_payload,     continuity_payload,     resume_at,     optimization_payload,     priority_score,     meta,     created_at,     updated_at    FROM cx22073jw.streaming_view_history_area   WHERE (lifecycle_status = 'active'::text);
cx22073jw	v_system_to_cx_knowledge_transfer_profile_summary	postgres	 SELECT p.profile_code,     p.source_system_code,     p.target_system_code,     p.status_code,     count(DISTINCT b.transfer_block_id) AS block_count,     count(DISTINCT f.transfer_field_id) AS field_count    FROM ((cx22073jw.system_to_cx_knowledge_transfer_profile p      LEFT JOIN cx22073jw.system_to_cx_knowledge_transfer_block b ON ((b.transfer_profile_id = p.transfer_profile_id)))      LEFT JOIN cx22073jw.system_to_cx_knowledge_transfer_field f ON ((f.transfer_block_id = b.transfer_block_id)))   GROUP BY p.profile_code, p.source_system_code, p.target_system_code, p.status_code;
cx22073jw	v_template_fragment_bindings	postgres	 SELECT tr.template_code,     tr.template_name,     tfb.slot_code,     tfb.sort_order,     tfb.is_required,     tfr.fragment_code,     tfr.fragment_name,     tfr.fragment_kind    FROM ((cx22073jw.template_registry tr      JOIN cx22073jw.template_fragment_binding tfb ON ((tfb.template_id = tr.template_id)))      JOIN cx22073jw.template_fragment_registry tfr ON ((tfr.fragment_id = tfb.fragment_id)));
cx22073jw	vw_aiemp_admin_audit_context	postgres	 SELECT 'AV_ADMIN_AUDIT_CONTEXT'::text AS actual_view_code,     'clerical_execution'::text AS domain_code,     'VF104_ADMIN_AUDIT_CONTEXT'::text AS view_family_code,     'vw_aiemp_admin_audit_context'::text AS logical_view_name,     'audit'::text AS sensitivity_code,     'ai_employee_only'::text AS exposure_scope,     false AS gate_required,     NULL::text AS subject_key,     NULL::text AS summary_text,     NULL::jsonb AS context_payload,     NULL::jsonb AS policy_payload,     NULL::jsonb AS audit_payload,     NULL::text AS masking_note,     NULL::integer AS priority_rank,     NULL::timestamp with time zone AS source_updated_at,     'Administrative audit and trace context'::text AS purpose_text,     'stub_v1'::text AS stub_version   WHERE false;
cx22073jw	vw_aiemp_admin_case_context	postgres	 SELECT 'AV_ADMIN_CASE_CONTEXT'::text AS actual_view_code,     'clerical_execution'::text AS domain_code,     'VF100_ADMIN_CASE_CONTEXT'::text AS view_family_code,     'vw_aiemp_admin_case_context'::text AS logical_view_name,     'support'::text AS sensitivity_code,     'ai_employee_only'::text AS exposure_scope,     false AS gate_required,     NULL::text AS subject_key,     NULL::text AS summary_text,     NULL::jsonb AS context_payload,     NULL::jsonb AS policy_payload,     NULL::jsonb AS audit_payload,     NULL::text AS masking_note,     NULL::integer AS priority_rank,     NULL::timestamp with time zone AS source_updated_at,     'Administrative case context'::text AS purpose_text,     'stub_v1'::text AS stub_version   WHERE false;
cx22073jw	vw_aiemp_admin_control_assignment_context	postgres	 SELECT 'AV_ADMIN_CONTROL_ASSIGNMENT_CONTEXT'::text AS actual_view_code,     'clerical_control'::text AS domain_code,     'VF112_ADMIN_CONTROL_ASSIGNMENT_CONTEXT'::text AS view_family_code,     'vw_aiemp_admin_control_assignment_context'::text AS logical_view_name,     'operational'::text AS sensitivity_code,     'ai_employee_only_gate_controlled'::text AS exposure_scope,     true AS gate_required,     NULL::text AS subject_key,     NULL::text AS summary_text,     NULL::jsonb AS context_payload,     NULL::jsonb AS policy_payload,     NULL::jsonb AS audit_payload,     NULL::text AS masking_note,     NULL::integer AS priority_rank,     NULL::timestamp with time zone AS source_updated_at,     'Administrative control assignment context'::text AS purpose_text,     'stub_v1'::text AS stub_version   WHERE false;
cx22073jw	vw_aiemp_admin_control_audit_context	postgres	 SELECT 'AV_ADMIN_CONTROL_AUDIT_CONTEXT'::text AS actual_view_code,     'clerical_control'::text AS domain_code,     'VF114_ADMIN_CONTROL_AUDIT_CONTEXT'::text AS view_family_code,     'vw_aiemp_admin_control_audit_context'::text AS logical_view_name,     'audit'::text AS sensitivity_code,     'ai_employee_only'::text AS exposure_scope,     false AS gate_required,     NULL::text AS subject_key,     NULL::text AS summary_text,     NULL::jsonb AS context_payload,     NULL::jsonb AS policy_payload,     NULL::jsonb AS audit_payload,     NULL::text AS masking_note,     NULL::integer AS priority_rank,     NULL::timestamp with time zone AS source_updated_at,     'Administrative control audit context'::text AS purpose_text,     'stub_v1'::text AS stub_version   WHERE false;
cx22073jw	vw_aiemp_admin_control_policy_context	postgres	 SELECT 'AV_ADMIN_CONTROL_POLICY_CONTEXT'::text AS actual_view_code,     'clerical_control'::text AS domain_code,     'VF110_ADMIN_CONTROL_POLICY_CONTEXT'::text AS view_family_code,     'vw_aiemp_admin_control_policy_context'::text AS logical_view_name,     'support'::text AS sensitivity_code,     'ai_employee_only'::text AS exposure_scope,     false AS gate_required,     NULL::text AS subject_key,     NULL::text AS summary_text,     NULL::jsonb AS context_payload,     NULL::jsonb AS policy_payload,     NULL::jsonb AS audit_payload,     NULL::text AS masking_note,     NULL::integer AS priority_rank,     NULL::timestamp with time zone AS source_updated_at,     'Administrative control policy context'::text AS purpose_text,     'stub_v1'::text AS stub_version   WHERE false;
cx22073jw	vw_aiemp_admin_control_reporting_context	postgres	 SELECT 'AV_ADMIN_CONTROL_REPORTING_CONTEXT'::text AS actual_view_code,     'clerical_control'::text AS domain_code,     'VF113_ADMIN_CONTROL_REPORTING_CONTEXT'::text AS view_family_code,     'vw_aiemp_admin_control_reporting_context'::text AS logical_view_name,     'support'::text AS sensitivity_code,     'ai_employee_only'::text AS exposure_scope,     false AS gate_required,     NULL::text AS subject_key,     NULL::text AS summary_text,     NULL::jsonb AS context_payload,     NULL::jsonb AS policy_payload,     NULL::jsonb AS audit_payload,     NULL::text AS masking_note,     NULL::integer AS priority_rank,     NULL::timestamp with time zone AS source_updated_at,     'Administrative control reporting context'::text AS purpose_text,     'stub_v1'::text AS stub_version   WHERE false;
cx22073jw	vw_aiemp_admin_control_workforce_context	postgres	 SELECT 'AV_ADMIN_CONTROL_WORKFORCE_CONTEXT'::text AS actual_view_code,     'clerical_control'::text AS domain_code,     'VF111_ADMIN_CONTROL_WORKFORCE_CONTEXT'::text AS view_family_code,     'vw_aiemp_admin_control_workforce_context'::text AS logical_view_name,     'support'::text AS sensitivity_code,     'ai_employee_only'::text AS exposure_scope,     false AS gate_required,     NULL::text AS subject_key,     NULL::text AS summary_text,     NULL::jsonb AS context_payload,     NULL::jsonb AS policy_payload,     NULL::jsonb AS audit_payload,     NULL::text AS masking_note,     NULL::integer AS priority_rank,     NULL::timestamp with time zone AS source_updated_at,     'Administrative control workforce context'::text AS purpose_text,     'stub_v1'::text AS stub_version   WHERE false;
cx22073jw	vw_aiemp_admin_document_form_context	postgres	 SELECT 'AV_ADMIN_DOCUMENT_FORM_CONTEXT'::text AS actual_view_code,     'clerical_execution'::text AS domain_code,     'VF101_ADMIN_DOCUMENT_AND_FORM_CONTEXT'::text AS view_family_code,     'vw_aiemp_admin_document_form_context'::text AS logical_view_name,     'support'::text AS sensitivity_code,     'ai_employee_only'::text AS exposure_scope,     false AS gate_required,     NULL::text AS subject_key,     NULL::text AS summary_text,     NULL::jsonb AS context_payload,     NULL::jsonb AS policy_payload,     NULL::jsonb AS audit_payload,     NULL::text AS masking_note,     NULL::integer AS priority_rank,     NULL::timestamp with time zone AS source_updated_at,     'Administrative document and form context'::text AS purpose_text,     'stub_v1'::text AS stub_version   WHERE false;
cx22073jw	vw_aiemp_admin_process_context	postgres	 SELECT 'AV_ADMIN_PROCESS_CONTEXT'::text AS actual_view_code,     'clerical_execution'::text AS domain_code,     'VF102_ADMIN_PROCESS_CONTEXT'::text AS view_family_code,     'vw_aiemp_admin_process_context'::text AS logical_view_name,     'support'::text AS sensitivity_code,     'ai_employee_only'::text AS exposure_scope,     false AS gate_required,     NULL::text AS subject_key,     NULL::text AS summary_text,     NULL::jsonb AS context_payload,     NULL::jsonb AS policy_payload,     NULL::jsonb AS audit_payload,     NULL::text AS masking_note,     NULL::integer AS priority_rank,     NULL::timestamp with time zone AS source_updated_at,     'Administrative process and routing context'::text AS purpose_text,     'stub_v1'::text AS stub_version   WHERE false;
cx22073jw	vw_aiemp_admin_reference_context	postgres	 SELECT 'AV_ADMIN_REFERENCE_CONTEXT'::text AS actual_view_code,     'clerical_execution'::text AS domain_code,     'VF103_ADMIN_REFERENCE_CONTEXT'::text AS view_family_code,     'vw_aiemp_admin_reference_context'::text AS logical_view_name,     'support'::text AS sensitivity_code,     'ai_employee_only'::text AS exposure_scope,     false AS gate_required,     NULL::text AS subject_key,     NULL::text AS summary_text,     NULL::jsonb AS context_payload,     NULL::jsonb AS policy_payload,     NULL::jsonb AS audit_payload,     NULL::text AS masking_note,     NULL::integer AS priority_rank,     NULL::timestamp with time zone AS source_updated_at,     'Administrative reference and regulation digest context'::text AS purpose_text,     'stub_v1'::text AS stub_version   WHERE false;
cx22073jw	vw_aiemp_app_help	postgres	 SELECT 'AV_SHARED_APP_HELP'::text AS actual_view_code,     'shared'::text AS domain_code,     'VF01_APP_HELP'::text AS view_family_code,     'vw_aiemp_app_help'::text AS logical_view_name,     'public'::text AS sensitivity_code,     'ai_employee_only'::text AS exposure_scope,     false AS gate_required,     NULL::text AS subject_key,     NULL::text AS summary_text,     NULL::jsonb AS context_payload,     NULL::jsonb AS policy_payload,     NULL::jsonb AS audit_payload,     NULL::text AS masking_note,     NULL::integer AS priority_rank,     NULL::timestamp with time zone AS source_updated_at,     'Shared app help, screen help, and field help for AI employees'::text AS purpose_text,     'stub_v1'::text AS stub_version   WHERE false;
cx22073jw	vw_aiemp_approval_routing_context	postgres	 SELECT 'AV_OPS_APPROVAL_ROUTING_CONTEXT'::text AS actual_view_code,     'operations'::text AS domain_code,     'VF03_OPERATION_CONTEXT'::text AS view_family_code,     'vw_aiemp_approval_routing_context'::text AS logical_view_name,     'operational'::text AS sensitivity_code,     'ai_employee_only'::text AS exposure_scope,     false AS gate_required,     NULL::text AS subject_key,     NULL::text AS summary_text,     NULL::jsonb AS context_payload,     NULL::jsonb AS policy_payload,     NULL::jsonb AS audit_payload,     NULL::text AS masking_note,     NULL::integer AS priority_rank,     NULL::timestamp with time zone AS source_updated_at,     'Approval routing and escalation route context'::text AS purpose_text,     'stub_v1'::text AS stub_version   WHERE false;
cx22073jw	vw_aiemp_audit_digest	postgres	 SELECT 'AV_OPS_AUDIT_DIGEST'::text AS actual_view_code,     'operations'::text AS domain_code,     'VF04_AUDIT_CONTEXT'::text AS view_family_code,     'vw_aiemp_audit_digest'::text AS logical_view_name,     'audit'::text AS sensitivity_code,     'ai_employee_only'::text AS exposure_scope,     false AS gate_required,     NULL::text AS subject_key,     NULL::text AS summary_text,     NULL::jsonb AS context_payload,     NULL::jsonb AS policy_payload,     NULL::jsonb AS audit_payload,     NULL::text AS masking_note,     NULL::integer AS priority_rank,     NULL::timestamp with time zone AS source_updated_at,     'Audit digest and review trace summary'::text AS purpose_text,     'stub_v1'::text AS stub_version   WHERE false;
cx22073jw	vw_aiemp_combat_audit_context	postgres	 SELECT 'AV_COMBAT_AUDIT_CONTEXT'::text AS actual_view_code,     'combat_unit'::text AS domain_code,     'VF95_COMBAT_AUDIT_CONTEXT'::text AS view_family_code,     'vw_aiemp_combat_audit_context'::text AS logical_view_name,     'audit'::text AS sensitivity_code,     'ai_employee_only_gate_controlled'::text AS exposure_scope,     true AS gate_required,     NULL::text AS subject_key,     NULL::text AS summary_text,     NULL::jsonb AS context_payload,     NULL::jsonb AS policy_payload,     NULL::jsonb AS audit_payload,     NULL::text AS masking_note,     NULL::integer AS priority_rank,     NULL::timestamp with time zone AS source_updated_at,     'Combat action and repair audit context'::text AS purpose_text,     'stub_v1'::text AS stub_version   WHERE false;
cx22073jw	vw_aiemp_combat_battlefield_context	postgres	 SELECT 'AV_COMBAT_BATTLEFIELD_CONTEXT'::text AS actual_view_code,     'combat_unit'::text AS domain_code,     'VF91_COMBAT_BATTLEFIELD_CONTEXT'::text AS view_family_code,     'vw_aiemp_combat_battlefield_context'::text AS logical_view_name,     'operational'::text AS sensitivity_code,     'ai_employee_only_gate_controlled'::text AS exposure_scope,     true AS gate_required,     NULL::text AS subject_key,     NULL::text AS summary_text,     NULL::jsonb AS context_payload,     NULL::jsonb AS policy_payload,     NULL::jsonb AS audit_payload,     NULL::text AS masking_note,     NULL::integer AS priority_rank,     NULL::timestamp with time zone AS source_updated_at,     'Battlefield visible state context'::text AS purpose_text,     'stub_v1'::text AS stub_version   WHERE false;
cx22073jw	vw_aiemp_combat_damage_repair_context	postgres	 SELECT 'AV_COMBAT_DAMAGE_REPAIR_CONTEXT'::text AS actual_view_code,     'combat_unit'::text AS domain_code,     'VF94_COMBAT_DAMAGE_AND_REPAIR_CONTEXT'::text AS view_family_code,     'vw_aiemp_combat_damage_repair_context'::text AS logical_view_name,     'operational'::text AS sensitivity_code,     'ai_employee_only_gate_controlled'::text AS exposure_scope,     true AS gate_required,     NULL::text AS subject_key,     NULL::text AS summary_text,     NULL::jsonb AS context_payload,     NULL::jsonb AS policy_payload,     NULL::jsonb AS audit_payload,     NULL::text AS masking_note,     NULL::integer AS priority_rank,     NULL::timestamp with time zone AS source_updated_at,     'Damage, repair, and rebuild lifecycle context'::text AS purpose_text,     'stub_v1'::text AS stub_version   WHERE false;
cx22073jw	vw_aiemp_combat_mission_context	postgres	 SELECT 'AV_COMBAT_MISSION_CONTEXT'::text AS actual_view_code,     'combat_unit'::text AS domain_code,     'VF90_COMBAT_MISSION_CONTEXT'::text AS view_family_code,     'vw_aiemp_combat_mission_context'::text AS logical_view_name,     'operational'::text AS sensitivity_code,     'ai_employee_only_gate_controlled'::text AS exposure_scope,     true AS gate_required,     NULL::text AS subject_key,     NULL::text AS summary_text,     NULL::jsonb AS context_payload,     NULL::jsonb AS policy_payload,     NULL::jsonb AS audit_payload,     NULL::text AS masking_note,     NULL::integer AS priority_rank,     NULL::timestamp with time zone AS source_updated_at,     'Mission and command summary context'::text AS purpose_text,     'stub_v1'::text AS stub_version   WHERE false;
cx22073jw	vw_aiemp_combat_roe_safety_context	postgres	 SELECT 'AV_COMBAT_ROE_SAFETY_CONTEXT'::text AS actual_view_code,     'combat_unit'::text AS domain_code,     'VF93_COMBAT_ROE_AND_SAFETY_CONTEXT'::text AS view_family_code,     'vw_aiemp_combat_roe_safety_context'::text AS logical_view_name,     'safety'::text AS sensitivity_code,     'ai_employee_only_gate_controlled'::text AS exposure_scope,     true AS gate_required,     NULL::text AS subject_key,     NULL::text AS summary_text,     NULL::jsonb AS context_payload,     NULL::jsonb AS policy_payload,     NULL::jsonb AS audit_payload,     NULL::text AS masking_note,     NULL::integer AS priority_rank,     NULL::timestamp with time zone AS source_updated_at,     'Rules of engagement and safety boundary context'::text AS purpose_text,     'stub_v1'::text AS stub_version   WHERE false;
cx22073jw	vw_aiemp_combat_role_loadout_context	postgres	 SELECT 'AV_COMBAT_ROLE_LOADOUT_CONTEXT'::text AS actual_view_code,     'combat_unit'::text AS domain_code,     'VF92_COMBAT_ROLE_AND_LOADOUT_CONTEXT'::text AS view_family_code,     'vw_aiemp_combat_role_loadout_context'::text AS logical_view_name,     'operational'::text AS sensitivity_code,     'ai_employee_only_gate_controlled'::text AS exposure_scope,     true AS gate_required,     NULL::text AS subject_key,     NULL::text AS summary_text,     NULL::jsonb AS context_payload,     NULL::jsonb AS policy_payload,     NULL::jsonb AS audit_payload,     NULL::text AS masking_note,     NULL::integer AS priority_rank,     NULL::timestamp with time zone AS source_updated_at,     'Role, loadout, and engagement style context'::text AS purpose_text,     'stub_v1'::text AS stub_version   WHERE false;
cx22073jw	vw_aiemp_edu_exercise_context	postgres	 SELECT 'AV_EDU_EXERCISE_CONTEXT'::text AS actual_view_code,     'education'::text AS domain_code,     'VF44_EDU_EXERCISE_AND_ASSESSMENT_CONTEXT'::text AS view_family_code,     'vw_aiemp_edu_exercise_context'::text AS logical_view_name,     'support'::text AS sensitivity_code,     'ai_employee_only'::text AS exposure_scope,     false AS gate_required,     NULL::text AS subject_key,     NULL::text AS summary_text,     NULL::jsonb AS context_payload,     NULL::jsonb AS policy_payload,     NULL::jsonb AS audit_payload,     NULL::text AS masking_note,     NULL::integer AS priority_rank,     NULL::timestamp with time zone AS source_updated_at,     'Exercise and assessment support context'::text AS purpose_text,     'stub_v1'::text AS stub_version   WHERE false;
cx22073jw	vw_aiemp_edu_lab_research_context	postgres	 SELECT 'AV_EDU_LAB_RESEARCH_CONTEXT'::text AS actual_view_code,     'education'::text AS domain_code,     'VF46_EDU_LAB_AND_RESEARCH_CONTEXT'::text AS view_family_code,     'vw_aiemp_edu_lab_research_context'::text AS logical_view_name,     'support'::text AS sensitivity_code,     'ai_employee_only'::text AS exposure_scope,     false AS gate_required,     NULL::text AS subject_key,     NULL::text AS summary_text,     NULL::jsonb AS context_payload,     NULL::jsonb AS policy_payload,     NULL::jsonb AS audit_payload,     NULL::text AS masking_note,     NULL::integer AS priority_rank,     NULL::timestamp with time zone AS source_updated_at,     'Lab, seminar, and research support context'::text AS purpose_text,     'stub_v1'::text AS stub_version   WHERE false;
cx22073jw	vw_aiemp_edu_level_adaptive_context	postgres	 SELECT 'AV_EDU_LEVEL_ADAPTIVE_CONTEXT'::text AS actual_view_code,     'education'::text AS domain_code,     'VF43_EDU_LEVEL_ADAPTIVE_CONTEXT'::text AS view_family_code,     'vw_aiemp_edu_level_adaptive_context'::text AS logical_view_name,     'support'::text AS sensitivity_code,     'ai_employee_only'::text AS exposure_scope,     false AS gate_required,     NULL::text AS subject_key,     NULL::text AS summary_text,     NULL::jsonb AS context_payload,     NULL::jsonb AS policy_payload,     NULL::jsonb AS audit_payload,     NULL::text AS masking_note,     NULL::integer AS priority_rank,     NULL::timestamp with time zone AS source_updated_at,     'Adaptive explanation and level band context'::text AS purpose_text,     'stub_v1'::text AS stub_version   WHERE false;
cx22073jw	vw_aiemp_edu_masked_learner_context	postgres	 SELECT 'AV_EDU_MASKED_LEARNER_CONTEXT'::text AS actual_view_code,     'education'::text AS domain_code,     'VF47_EDU_MASKED_LEARNER_CONTEXT'::text AS view_family_code,     'vw_aiemp_edu_masked_learner_context'::text AS logical_view_name,     'masked'::text AS sensitivity_code,     'ai_employee_only'::text AS exposure_scope,     false AS gate_required,     NULL::text AS subject_key,     NULL::text AS summary_text,     NULL::jsonb AS context_payload,     NULL::jsonb AS policy_payload,     NULL::jsonb AS audit_payload,     NULL::text AS masking_note,     NULL::integer AS priority_rank,     NULL::timestamp with time zone AS source_updated_at,     'Masked learner progress and weakness context'::text AS purpose_text,     'stub_v1'::text AS stub_version   WHERE false;
cx22073jw	vw_aiemp_edu_privileged_context	postgres	 SELECT 'AV_EDU_PRIVILEGED_CONTEXT'::text AS actual_view_code,     'education'::text AS domain_code,     'VF48_EDU_PRIVILEGED_CONTEXT'::text AS view_family_code,     'vw_aiemp_edu_privileged_context'::text AS logical_view_name,     'privileged'::text AS sensitivity_code,     'ai_employee_only_gate_controlled'::text AS exposure_scope,     true AS gate_required,     NULL::text AS subject_key,     NULL::text AS summary_text,     NULL::jsonb AS context_payload,     NULL::jsonb AS policy_payload,     NULL::jsonb AS audit_payload,     NULL::text AS masking_note,     NULL::integer AS priority_rank,     NULL::timestamp with time zone AS source_updated_at,     'Restricted education audit and sensitive support context'::text AS purpose_text,     'stub_v1'::text AS stub_version   WHERE false;
cx22073jw	vw_aiemp_edu_progress_context	postgres	 SELECT 'AV_EDU_PROGRESS_CONTEXT'::text AS actual_view_code,     'education'::text AS domain_code,     'VF45_EDU_PLAN_AND_PROGRESS_CONTEXT'::text AS view_family_code,     'vw_aiemp_edu_progress_context'::text AS logical_view_name,     'support'::text AS sensitivity_code,     'ai_employee_only'::text AS exposure_scope,     false AS gate_required,     NULL::text AS subject_key,     NULL::text AS summary_text,     NULL::jsonb AS context_payload,     NULL::jsonb AS policy_payload,     NULL::jsonb AS audit_payload,     NULL::text AS masking_note,     NULL::integer AS priority_rank,     NULL::timestamp with time zone AS source_updated_at,     'Progress and plan context'::text AS purpose_text,     'stub_v1'::text AS stub_version   WHERE false;
cx22073jw	vw_aiemp_edu_public_guide	postgres	 SELECT 'AV_EDU_PUBLIC_GUIDE'::text AS actual_view_code,     'education'::text AS domain_code,     'VF41_EDU_PUBLIC_GUIDE'::text AS view_family_code,     'vw_aiemp_edu_public_guide'::text AS logical_view_name,     'public'::text AS sensitivity_code,     'ai_employee_only'::text AS exposure_scope,     false AS gate_required,     NULL::text AS subject_key,     NULL::text AS summary_text,     NULL::jsonb AS context_payload,     NULL::jsonb AS policy_payload,     NULL::jsonb AS audit_payload,     NULL::text AS masking_note,     NULL::integer AS priority_rank,     NULL::timestamp with time zone AS source_updated_at,     'Education public guide view'::text AS purpose_text,     'stub_v1'::text AS stub_version   WHERE false;
cx22073jw	vw_aiemp_edu_subject_catalog	postgres	 SELECT 'AV_EDU_SUBJECT_CATALOG'::text AS actual_view_code,     'education'::text AS domain_code,     'VF40_EDU_SUBJECT_CATALOG'::text AS view_family_code,     'vw_aiemp_edu_subject_catalog'::text AS logical_view_name,     'public'::text AS sensitivity_code,     'ai_employee_only'::text AS exposure_scope,     false AS gate_required,     NULL::text AS subject_key,     NULL::text AS summary_text,     NULL::jsonb AS context_payload,     NULL::jsonb AS policy_payload,     NULL::jsonb AS audit_payload,     NULL::text AS masking_note,     NULL::integer AS priority_rank,     NULL::timestamp with time zone AS source_updated_at,     'Education subject catalog view'::text AS purpose_text,     'stub_v1'::text AS stub_version   WHERE false;
cx22073jw	vw_aiemp_edu_teaching_guide	postgres	 SELECT 'AV_EDU_TEACHING_GUIDE'::text AS actual_view_code,     'education'::text AS domain_code,     'VF42_EDU_TEACHING_GUIDE'::text AS view_family_code,     'vw_aiemp_edu_teaching_guide'::text AS logical_view_name,     'support'::text AS sensitivity_code,     'ai_employee_only'::text AS exposure_scope,     false AS gate_required,     NULL::text AS subject_key,     NULL::text AS summary_text,     NULL::jsonb AS context_payload,     NULL::jsonb AS policy_payload,     NULL::jsonb AS audit_payload,     NULL::text AS masking_note,     NULL::integer AS priority_rank,     NULL::timestamp with time zone AS source_updated_at,     'Teaching guide and misconception context'::text AS purpose_text,     'stub_v1'::text AS stub_version   WHERE false;
cx22073jw	vw_aiemp_failure_summary	postgres	 SELECT 'AV_OPS_FAILURE_SUMMARY'::text AS actual_view_code,     'operations'::text AS domain_code,     'VF04_AUDIT_CONTEXT'::text AS view_family_code,     'vw_aiemp_failure_summary'::text AS logical_view_name,     'audit'::text AS sensitivity_code,     'ai_employee_only'::text AS exposure_scope,     false AS gate_required,     NULL::text AS subject_key,     NULL::text AS summary_text,     NULL::jsonb AS context_payload,     NULL::jsonb AS policy_payload,     NULL::jsonb AS audit_payload,     NULL::text AS masking_note,     NULL::integer AS priority_rank,     NULL::timestamp with time zone AS source_updated_at,     'Failure summary and retry trace digest'::text AS purpose_text,     'stub_v1'::text AS stub_version   WHERE false;
cx22073jw	vw_aiemp_game_balance_safe_context	postgres	 SELECT 'AV_GAME_BALANCE_SAFE_CONTEXT'::text AS actual_view_code,     'game'::text AS domain_code,     'VF32_GAME_BALANCE_SAFE'::text AS view_family_code,     'vw_aiemp_game_balance_safe_context'::text AS logical_view_name,     'safety'::text AS sensitivity_code,     'ai_employee_only_gate_controlled'::text AS exposure_scope,     true AS gate_required,     NULL::text AS subject_key,     NULL::text AS summary_text,     NULL::jsonb AS context_payload,     NULL::jsonb AS policy_payload,     NULL::jsonb AS audit_payload,     NULL::text AS masking_note,     NULL::integer AS priority_rank,     NULL::timestamp with time zone AS source_updated_at,     'Difficulty, fairness, and anti-cheat safe context'::text AS purpose_text,     'stub_v1'::text AS stub_version   WHERE false;
cx22073jw	vw_aiemp_game_commentator_context	postgres	 SELECT 'AV_GAME_COMMENTATOR_CONTEXT'::text AS actual_view_code,     'game'::text AS domain_code,     'VF31_GAME_ROLE_CONTEXT'::text AS view_family_code,     'vw_aiemp_game_commentator_context'::text AS logical_view_name,     'support'::text AS sensitivity_code,     'ai_employee_only'::text AS exposure_scope,     false AS gate_required,     NULL::text AS subject_key,     NULL::text AS summary_text,     NULL::jsonb AS context_payload,     NULL::jsonb AS policy_payload,     NULL::jsonb AS audit_payload,     NULL::text AS masking_note,     NULL::integer AS priority_rank,     NULL::timestamp with time zone AS source_updated_at,     'Commentary role context'::text AS purpose_text,     'stub_v1'::text AS stub_version   WHERE false;
cx22073jw	vw_aiemp_game_match_context	postgres	 SELECT 'AV_GAME_MATCH_CONTEXT'::text AS actual_view_code,     'game'::text AS domain_code,     'VF30_GAME_MATCH_CONTEXT'::text AS view_family_code,     'vw_aiemp_game_match_context'::text AS logical_view_name,     'support'::text AS sensitivity_code,     'ai_employee_only'::text AS exposure_scope,     false AS gate_required,     NULL::text AS subject_key,     NULL::text AS summary_text,     NULL::jsonb AS context_payload,     NULL::jsonb AS policy_payload,     NULL::jsonb AS audit_payload,     NULL::text AS masking_note,     NULL::integer AS priority_rank,     NULL::timestamp with time zone AS source_updated_at,     'Current match and session context'::text AS purpose_text,     'stub_v1'::text AS stub_version   WHERE false;
cx22073jw	vw_aiemp_game_npc_role_context	postgres	 SELECT 'AV_GAME_NPC_ROLE_CONTEXT'::text AS actual_view_code,     'game'::text AS domain_code,     'VF31_GAME_ROLE_CONTEXT'::text AS view_family_code,     'vw_aiemp_game_npc_role_context'::text AS logical_view_name,     'support'::text AS sensitivity_code,     'ai_employee_only'::text AS exposure_scope,     false AS gate_required,     NULL::text AS subject_key,     NULL::text AS summary_text,     NULL::jsonb AS context_payload,     NULL::jsonb AS policy_payload,     NULL::jsonb AS audit_payload,     NULL::text AS masking_note,     NULL::integer AS priority_rank,     NULL::timestamp with time zone AS source_updated_at,     'NPC role and narrative context'::text AS purpose_text,     'stub_v1'::text AS stub_version   WHERE false;
cx22073jw	vw_aiemp_game_opponent_context	postgres	 SELECT 'AV_GAME_OPPONENT_CONTEXT'::text AS actual_view_code,     'game'::text AS domain_code,     'VF30_GAME_MATCH_CONTEXT'::text AS view_family_code,     'vw_aiemp_game_opponent_context'::text AS logical_view_name,     'support'::text AS sensitivity_code,     'ai_employee_only'::text AS exposure_scope,     false AS gate_required,     NULL::text AS subject_key,     NULL::text AS summary_text,     NULL::jsonb AS context_payload,     NULL::jsonb AS policy_payload,     NULL::jsonb AS audit_payload,     NULL::text AS masking_note,     NULL::integer AS priority_rank,     NULL::timestamp with time zone AS source_updated_at,     'Opponent-oriented visible state context'::text AS purpose_text,     'stub_v1'::text AS stub_version   WHERE false;
cx22073jw	vw_aiemp_game_party_member_context	postgres	 SELECT 'AV_GAME_PARTY_MEMBER_CONTEXT'::text AS actual_view_code,     'game'::text AS domain_code,     'VF30_GAME_MATCH_CONTEXT'::text AS view_family_code,     'vw_aiemp_game_party_member_context'::text AS logical_view_name,     'support'::text AS sensitivity_code,     'ai_employee_only'::text AS exposure_scope,     false AS gate_required,     NULL::text AS subject_key,     NULL::text AS summary_text,     NULL::jsonb AS context_payload,     NULL::jsonb AS policy_payload,     NULL::jsonb AS audit_payload,     NULL::text AS masking_note,     NULL::integer AS priority_rank,     NULL::timestamp with time zone AS source_updated_at,     'Party-member oriented match context'::text AS purpose_text,     'stub_v1'::text AS stub_version   WHERE false;
cx22073jw	vw_aiemp_game_rule_guide	postgres	 SELECT 'AV_GAME_RULE_GUIDE'::text AS actual_view_code,     'game'::text AS domain_code,     'VF00_PUBLIC_GUIDE'::text AS view_family_code,     'vw_aiemp_game_rule_guide'::text AS logical_view_name,     'public'::text AS sensitivity_code,     'ai_employee_only'::text AS exposure_scope,     false AS gate_required,     NULL::text AS subject_key,     NULL::text AS summary_text,     NULL::jsonb AS context_payload,     NULL::jsonb AS policy_payload,     NULL::jsonb AS audit_payload,     NULL::text AS masking_note,     NULL::integer AS priority_rank,     NULL::timestamp with time zone AS source_updated_at,     'Non-sensitive game rule and guide view'::text AS purpose_text,     'stub_v1'::text AS stub_version   WHERE false;
cx22073jw	vw_aiemp_masked_error_context	postgres	 SELECT 'AV_OPS_MASKED_ERROR_CONTEXT'::text AS actual_view_code,     'operations'::text AS domain_code,     'VF02_MASKED_CONTEXT'::text AS view_family_code,     'vw_aiemp_masked_error_context'::text AS logical_view_name,     'masked'::text AS sensitivity_code,     'ai_employee_only'::text AS exposure_scope,     false AS gate_required,     NULL::text AS subject_key,     NULL::text AS summary_text,     NULL::jsonb AS context_payload,     NULL::jsonb AS policy_payload,     NULL::jsonb AS audit_payload,     NULL::text AS masking_note,     NULL::integer AS priority_rank,     NULL::timestamp with time zone AS source_updated_at,     'Masked latest error and failure context'::text AS purpose_text,     'stub_v1'::text AS stub_version   WHERE false;
cx22073jw	vw_aiemp_masked_record_context	postgres	 SELECT 'AV_OPS_MASKED_RECORD_CONTEXT'::text AS actual_view_code,     'operations'::text AS domain_code,     'VF02_MASKED_CONTEXT'::text AS view_family_code,     'vw_aiemp_masked_record_context'::text AS logical_view_name,     'masked'::text AS sensitivity_code,     'ai_employee_only'::text AS exposure_scope,     false AS gate_required,     NULL::text AS subject_key,     NULL::text AS summary_text,     NULL::jsonb AS context_payload,     NULL::jsonb AS policy_payload,     NULL::jsonb AS audit_payload,     NULL::text AS masking_note,     NULL::integer AS priority_rank,     NULL::timestamp with time zone AS source_updated_at,     'Masked current record and entered values context'::text AS purpose_text,     'stub_v1'::text AS stub_version   WHERE false;
cx22073jw	vw_aiemp_privileged_incident_context	postgres	 SELECT 'AV_OPS_PRIVILEGED_INCIDENT_CONTEXT'::text AS actual_view_code,     'operations'::text AS domain_code,     'VF05_PRIVILEGED_CONTEXT'::text AS view_family_code,     'vw_aiemp_privileged_incident_context'::text AS logical_view_name,     'privileged'::text AS sensitivity_code,     'ai_employee_only_gate_controlled'::text AS exposure_scope,     true AS gate_required,     NULL::text AS subject_key,     NULL::text AS summary_text,     NULL::jsonb AS context_payload,     NULL::jsonb AS policy_payload,     NULL::jsonb AS audit_payload,     NULL::text AS masking_note,     NULL::integer AS priority_rank,     NULL::timestamp with time zone AS source_updated_at,     'Privileged incident and restricted operational support context'::text AS purpose_text,     'stub_v1'::text AS stub_version   WHERE false;
cx22073jw	vw_aiemp_public_guide	postgres	 SELECT 'AV_SHARED_PUBLIC_GUIDE'::text AS actual_view_code,     'shared'::text AS domain_code,     'VF00_PUBLIC_GUIDE'::text AS view_family_code,     'vw_aiemp_public_guide'::text AS logical_view_name,     'public'::text AS sensitivity_code,     'ai_employee_only'::text AS exposure_scope,     false AS gate_required,     NULL::text AS subject_key,     NULL::text AS summary_text,     NULL::jsonb AS context_payload,     NULL::jsonb AS policy_payload,     NULL::jsonb AS audit_payload,     NULL::text AS masking_note,     NULL::integer AS priority_rank,     NULL::timestamp with time zone AS source_updated_at,     'General overview, glossary, and basic guide for AI employees'::text AS purpose_text,     'stub_v1'::text AS stub_version   WHERE false;
cx22073jw	vw_aiemp_qualification_answer_explanation	postgres	 SELECT 'AV_QUALIFICATION_ANSWER_EXPLANATION'::text AS actual_view_code,     'qualification_prep'::text AS domain_code,     'VF55_QUALIFICATION_ANSWER_AND_EXPLANATION'::text AS view_family_code,     'vw_aiemp_qualification_answer_explanation'::text AS logical_view_name,     'support'::text AS sensitivity_code,     'ai_employee_only'::text AS exposure_scope,     false AS gate_required,     NULL::text AS subject_key,     NULL::text AS summary_text,     NULL::jsonb AS context_payload,     NULL::jsonb AS policy_payload,     NULL::jsonb AS audit_payload,     NULL::text AS masking_note,     NULL::integer AS priority_rank,     NULL::timestamp with time zone AS source_updated_at,     'Answer and explanation view'::text AS purpose_text,     'stub_v1'::text AS stub_version   WHERE false;
cx22073jw	vw_aiemp_qualification_catalog	postgres	 SELECT 'AV_QUALIFICATION_CATALOG'::text AS actual_view_code,     'qualification_prep'::text AS domain_code,     'VF50_QUALIFICATION_CATALOG'::text AS view_family_code,     'vw_aiemp_qualification_catalog'::text AS logical_view_name,     'public'::text AS sensitivity_code,     'ai_employee_only'::text AS exposure_scope,     false AS gate_required,     NULL::text AS subject_key,     NULL::text AS summary_text,     NULL::jsonb AS context_payload,     NULL::jsonb AS policy_payload,     NULL::jsonb AS audit_payload,     NULL::text AS masking_note,     NULL::integer AS priority_rank,     NULL::timestamp with time zone AS source_updated_at,     'Qualification catalog view'::text AS purpose_text,     'stub_v1'::text AS stub_version   WHERE false;
cx22073jw	vw_aiemp_qualification_essay_oral_context	postgres	 SELECT 'AV_QUALIFICATION_ESSAY_ORAL_CONTEXT'::text AS actual_view_code,     'qualification_prep'::text AS domain_code,     'VF59_QUALIFICATION_ESSAY_AND_ORAL_CONTEXT'::text AS view_family_code,     'vw_aiemp_qualification_essay_oral_context'::text AS logical_view_name,     'support'::text AS sensitivity_code,     'ai_employee_only'::text AS exposure_scope,     false AS gate_required,     NULL::text AS subject_key,     NULL::text AS summary_text,     NULL::jsonb AS context_payload,     NULL::jsonb AS policy_payload,     NULL::jsonb AS audit_payload,     NULL::text AS masking_note,     NULL::integer AS priority_rank,     NULL::timestamp with time zone AS source_updated_at,     'Essay and oral support context'::text AS purpose_text,     'stub_v1'::text AS stub_version   WHERE false;
cx22073jw	vw_aiemp_qualification_masked_learner_context	postgres	 SELECT 'AV_QUALIFICATION_MASKED_LEARNER_CONTEXT'::text AS actual_view_code,     'qualification_prep'::text AS domain_code,     'VF61_QUALIFICATION_MASKED_LEARNER_CONTEXT'::text AS view_family_code,     'vw_aiemp_qualification_masked_learner_context'::text AS logical_view_name,     'masked'::text AS sensitivity_code,     'ai_employee_only'::text AS exposure_scope,     false AS gate_required,     NULL::text AS subject_key,     NULL::text AS summary_text,     NULL::jsonb AS context_payload,     NULL::jsonb AS policy_payload,     NULL::jsonb AS audit_payload,     NULL::text AS masking_note,     NULL::integer AS priority_rank,     NULL::timestamp with time zone AS source_updated_at,     'Masked learner progress and attempt context'::text AS purpose_text,     'stub_v1'::text AS stub_version   WHERE false;
cx22073jw	vw_aiemp_qualification_mock_variant_context	postgres	 SELECT 'AV_QUALIFICATION_MOCK_VARIANT_CONTEXT'::text AS actual_view_code,     'qualification_prep'::text AS domain_code,     'VF58_QUALIFICATION_MOCK_AND_VARIANT_CONTEXT'::text AS view_family_code,     'vw_aiemp_qualification_mock_variant_context'::text AS logical_view_name,     'support'::text AS sensitivity_code,     'ai_employee_only'::text AS exposure_scope,     false AS gate_required,     NULL::text AS subject_key,     NULL::text AS summary_text,     NULL::jsonb AS context_payload,     NULL::jsonb AS policy_payload,     NULL::jsonb AS audit_payload,     NULL::text AS masking_note,     NULL::integer AS priority_rank,     NULL::timestamp with time zone AS source_updated_at,     'Mock and variant generation context'::text AS purpose_text,     'stub_v1'::text AS stub_version   WHERE false;
cx22073jw	vw_aiemp_qualification_past_question_content	postgres	 SELECT 'AV_QUALIFICATION_PAST_QUESTION_CONTENT'::text AS actual_view_code,     'qualification_prep'::text AS domain_code,     'VF54_QUALIFICATION_PAST_QUESTION_CONTENT'::text AS view_family_code,     'vw_aiemp_qualification_past_question_content'::text AS logical_view_name,     'restricted'::text AS sensitivity_code,     'ai_employee_only_gate_controlled'::text AS exposure_scope,     true AS gate_required,     NULL::text AS subject_key,     NULL::text AS summary_text,     NULL::jsonb AS context_payload,     NULL::jsonb AS policy_payload,     NULL::jsonb AS audit_payload,     NULL::text AS masking_note,     NULL::integer AS priority_rank,     NULL::timestamp with time zone AS source_updated_at,     'Rights-controlled past question content view'::text AS purpose_text,     'stub_v1'::text AS stub_version   WHERE false;
cx22073jw	vw_aiemp_qualification_past_question_metadata	postgres	 SELECT 'AV_QUALIFICATION_PAST_QUESTION_METADATA'::text AS actual_view_code,     'qualification_prep'::text AS domain_code,     'VF53_QUALIFICATION_PAST_QUESTION_METADATA'::text AS view_family_code,     'vw_aiemp_qualification_past_question_metadata'::text AS logical_view_name,     'support'::text AS sensitivity_code,     'ai_employee_only'::text AS exposure_scope,     false AS gate_required,     NULL::text AS subject_key,     NULL::text AS summary_text,     NULL::jsonb AS context_payload,     NULL::jsonb AS policy_payload,     NULL::jsonb AS audit_payload,     NULL::text AS masking_note,     NULL::integer AS priority_rank,     NULL::timestamp with time zone AS source_updated_at,     'Past question metadata view'::text AS purpose_text,     'stub_v1'::text AS stub_version   WHERE false;
cx22073jw	vw_aiemp_qualification_privileged_context	postgres	 SELECT 'AV_QUALIFICATION_PRIVILEGED_CONTEXT'::text AS actual_view_code,     'qualification_prep'::text AS domain_code,     'VF62_QUALIFICATION_PRIVILEGED_CONTEXT'::text AS view_family_code,     'vw_aiemp_qualification_privileged_context'::text AS logical_view_name,     'privileged'::text AS sensitivity_code,     'ai_employee_only_gate_controlled'::text AS exposure_scope,     true AS gate_required,     NULL::text AS subject_key,     NULL::text AS summary_text,     NULL::jsonb AS context_payload,     NULL::jsonb AS policy_payload,     NULL::jsonb AS audit_payload,     NULL::text AS masking_note,     NULL::integer AS priority_rank,     NULL::timestamp with time zone AS source_updated_at,     'Restricted rights and sensitive qualification context'::text AS purpose_text,     'stub_v1'::text AS stub_version   WHERE false;
cx22073jw	vw_aiemp_qualification_public_guide	postgres	 SELECT 'AV_QUALIFICATION_PUBLIC_GUIDE'::text AS actual_view_code,     'qualification_prep'::text AS domain_code,     'VF51_QUALIFICATION_PUBLIC_GUIDE'::text AS view_family_code,     'vw_aiemp_qualification_public_guide'::text AS logical_view_name,     'public'::text AS sensitivity_code,     'ai_employee_only'::text AS exposure_scope,     false AS gate_required,     NULL::text AS subject_key,     NULL::text AS summary_text,     NULL::jsonb AS context_payload,     NULL::jsonb AS policy_payload,     NULL::jsonb AS audit_payload,     NULL::text AS masking_note,     NULL::integer AS priority_rank,     NULL::timestamp with time zone AS source_updated_at,     'Qualification public guide view'::text AS purpose_text,     'stub_v1'::text AS stub_version   WHERE false;
cx22073jw	vw_aiemp_qualification_study_plan_context	postgres	 SELECT 'AV_QUALIFICATION_STUDY_PLAN_CONTEXT'::text AS actual_view_code,     'qualification_prep'::text AS domain_code,     'VF57_QUALIFICATION_STUDY_PLAN_CONTEXT'::text AS view_family_code,     'vw_aiemp_qualification_study_plan_context'::text AS logical_view_name,     'support'::text AS sensitivity_code,     'ai_employee_only'::text AS exposure_scope,     false AS gate_required,     NULL::text AS subject_key,     NULL::text AS summary_text,     NULL::jsonb AS context_payload,     NULL::jsonb AS policy_payload,     NULL::jsonb AS audit_payload,     NULL::text AS masking_note,     NULL::integer AS priority_rank,     NULL::timestamp with time zone AS source_updated_at,     'Study plan and countdown context'::text AS purpose_text,     'stub_v1'::text AS stub_version   WHERE false;
cx22073jw	vw_aiemp_qualification_syllabus_context	postgres	 SELECT 'AV_QUALIFICATION_SYLLABUS_CONTEXT'::text AS actual_view_code,     'qualification_prep'::text AS domain_code,     'VF52_QUALIFICATION_SYLLABUS_CONTEXT'::text AS view_family_code,     'vw_aiemp_qualification_syllabus_context'::text AS logical_view_name,     'support'::text AS sensitivity_code,     'ai_employee_only'::text AS exposure_scope,     false AS gate_required,     NULL::text AS subject_key,     NULL::text AS summary_text,     NULL::jsonb AS context_payload,     NULL::jsonb AS policy_payload,     NULL::jsonb AS audit_payload,     NULL::text AS masking_note,     NULL::integer AS priority_rank,     NULL::timestamp with time zone AS source_updated_at,     'Qualification syllabus and topic map context'::text AS purpose_text,     'stub_v1'::text AS stub_version   WHERE false;
cx22073jw	vw_aiemp_qualification_update_revision_context	postgres	 SELECT 'AV_QUALIFICATION_UPDATE_REVISION_CONTEXT'::text AS actual_view_code,     'qualification_prep'::text AS domain_code,     'VF60_QUALIFICATION_UPDATE_AND_REVISION_CONTEXT'::text AS view_family_code,     'vw_aiemp_qualification_update_revision_context'::text AS logical_view_name,     'support'::text AS sensitivity_code,     'ai_employee_only'::text AS exposure_scope,     false AS gate_required,     NULL::text AS subject_key,     NULL::text AS summary_text,     NULL::jsonb AS context_payload,     NULL::jsonb AS policy_payload,     NULL::jsonb AS audit_payload,     NULL::text AS masking_note,     NULL::integer AS priority_rank,     NULL::timestamp with time zone AS source_updated_at,     'Update and revision context'::text AS purpose_text,     'stub_v1'::text AS stub_version   WHERE false;
cx22073jw	vw_aiemp_qualification_weak_area_context	postgres	 SELECT 'AV_QUALIFICATION_WEAK_AREA_CONTEXT'::text AS actual_view_code,     'qualification_prep'::text AS domain_code,     'VF56_QUALIFICATION_WEAK_AREA_CONTEXT'::text AS view_family_code,     'vw_aiemp_qualification_weak_area_context'::text AS logical_view_name,     'masked'::text AS sensitivity_code,     'ai_employee_only'::text AS exposure_scope,     false AS gate_required,     NULL::text AS subject_key,     NULL::text AS summary_text,     NULL::jsonb AS context_payload,     NULL::jsonb AS policy_payload,     NULL::jsonb AS audit_payload,     NULL::text AS masking_note,     NULL::integer AS priority_rank,     NULL::timestamp with time zone AS source_updated_at,     'Weak area and mastery band context'::text AS purpose_text,     'stub_v1'::text AS stub_version   WHERE false;
cx22073jw	vw_aiemp_queue_context	postgres	 SELECT 'AV_OPS_QUEUE_CONTEXT'::text AS actual_view_code,     'operations'::text AS domain_code,     'VF03_OPERATION_CONTEXT'::text AS view_family_code,     'vw_aiemp_queue_context'::text AS logical_view_name,     'operational'::text AS sensitivity_code,     'ai_employee_only'::text AS exposure_scope,     false AS gate_required,     NULL::text AS subject_key,     NULL::text AS summary_text,     NULL::jsonb AS context_payload,     NULL::jsonb AS policy_payload,     NULL::jsonb AS audit_payload,     NULL::text AS masking_note,     NULL::integer AS priority_rank,     NULL::timestamp with time zone AS source_updated_at,     'Queue status and backlog context'::text AS purpose_text,     'stub_v1'::text AS stub_version   WHERE false;
cx22073jw	vw_aiemp_retry_context	postgres	 SELECT 'AV_OPS_RETRY_CONTEXT'::text AS actual_view_code,     'operations'::text AS domain_code,     'VF03_OPERATION_CONTEXT'::text AS view_family_code,     'vw_aiemp_retry_context'::text AS logical_view_name,     'operational'::text AS sensitivity_code,     'ai_employee_only'::text AS exposure_scope,     false AS gate_required,     NULL::text AS subject_key,     NULL::text AS summary_text,     NULL::jsonb AS context_payload,     NULL::jsonb AS policy_payload,     NULL::jsonb AS audit_payload,     NULL::text AS masking_note,     NULL::integer AS priority_rank,     NULL::timestamp with time zone AS source_updated_at,     'Retry cause and retry plan context'::text AS purpose_text,     'stub_v1'::text AS stub_version   WHERE false;
cx22073jw	vw_aiemp_review_package_context	postgres	 SELECT 'AV_OPS_REVIEW_PACKAGE_CONTEXT'::text AS actual_view_code,     'operations'::text AS domain_code,     'VF03_OPERATION_CONTEXT'::text AS view_family_code,     'vw_aiemp_review_package_context'::text AS logical_view_name,     'operational'::text AS sensitivity_code,     'ai_employee_only'::text AS exposure_scope,     false AS gate_required,     NULL::text AS subject_key,     NULL::text AS summary_text,     NULL::jsonb AS context_payload,     NULL::jsonb AS policy_payload,     NULL::jsonb AS audit_payload,     NULL::text AS masking_note,     NULL::integer AS priority_rank,     NULL::timestamp with time zone AS source_updated_at,     'Review package and governed execution request context'::text AS purpose_text,     'stub_v1'::text AS stub_version   WHERE false;
cx22073jw	vw_aiemp_senior_control_aggregation_context	postgres	 SELECT 'AV_SENIOR_CONTROL_AGGREGATION_CONTEXT'::text AS actual_view_code,     'senior_clerical_control'::text AS domain_code,     'VF120_SENIOR_CONTROL_AGGREGATION_CONTEXT'::text AS view_family_code,     'vw_aiemp_senior_control_aggregation_context'::text AS logical_view_name,     'support'::text AS sensitivity_code,     'ai_employee_only'::text AS exposure_scope,     false AS gate_required,     NULL::text AS subject_key,     NULL::text AS summary_text,     NULL::jsonb AS context_payload,     NULL::jsonb AS policy_payload,     NULL::jsonb AS audit_payload,     NULL::text AS masking_note,     NULL::integer AS priority_rank,     NULL::timestamp with time zone AS source_updated_at,     'Senior control aggregation context'::text AS purpose_text,     'stub_v1'::text AS stub_version   WHERE false;
cx22073jw	vw_aiemp_senior_control_approval_request_context	postgres	 SELECT 'AV_SENIOR_CONTROL_APPROVAL_REQUEST_CONTEXT'::text AS actual_view_code,     'senior_clerical_control'::text AS domain_code,     'VF122_SENIOR_CONTROL_APPROVAL_REQUEST_CONTEXT'::text AS view_family_code,     'vw_aiemp_senior_control_approval_request_context'::text AS logical_view_name,     'support'::text AS sensitivity_code,     'ai_employee_only_gate_controlled'::text AS exposure_scope,     true AS gate_required,     NULL::text AS subject_key,     NULL::text AS summary_text,     NULL::jsonb AS context_payload,     NULL::jsonb AS policy_payload,     NULL::jsonb AS audit_payload,     NULL::text AS masking_note,     NULL::integer AS priority_rank,     NULL::timestamp with time zone AS source_updated_at,     'Senior control approval request package context'::text AS purpose_text,     'stub_v1'::text AS stub_version   WHERE false;
cx22073jw	vw_aiemp_senior_control_audit_context	postgres	 SELECT 'AV_SENIOR_CONTROL_AUDIT_CONTEXT'::text AS actual_view_code,     'senior_clerical_control'::text AS domain_code,     'VF123_SENIOR_CONTROL_AUDIT_CONTEXT'::text AS view_family_code,     'vw_aiemp_senior_control_audit_context'::text AS logical_view_name,     'audit'::text AS sensitivity_code,     'ai_employee_only'::text AS exposure_scope,     false AS gate_required,     NULL::text AS subject_key,     NULL::text AS summary_text,     NULL::jsonb AS context_payload,     NULL::jsonb AS policy_payload,     NULL::jsonb AS audit_payload,     NULL::text AS masking_note,     NULL::integer AS priority_rank,     NULL::timestamp with time zone AS source_updated_at,     'Senior control audit context'::text AS purpose_text,     'stub_v1'::text AS stub_version   WHERE false;
cx22073jw	vw_aiemp_senior_control_policy_draft_context	postgres	 SELECT 'AV_SENIOR_CONTROL_POLICY_DRAFT_CONTEXT'::text AS actual_view_code,     'senior_clerical_control'::text AS domain_code,     'VF121_SENIOR_CONTROL_POLICY_DRAFT_CONTEXT'::text AS view_family_code,     'vw_aiemp_senior_control_policy_draft_context'::text AS logical_view_name,     'support'::text AS sensitivity_code,     'ai_employee_only'::text AS exposure_scope,     false AS gate_required,     NULL::text AS subject_key,     NULL::text AS summary_text,     NULL::jsonb AS context_payload,     NULL::jsonb AS policy_payload,     NULL::jsonb AS audit_payload,     NULL::text AS masking_note,     NULL::integer AS priority_rank,     NULL::timestamp with time zone AS source_updated_at,     'Senior control policy draft context'::text AS purpose_text,     'stub_v1'::text AS stub_version   WHERE false;
cx22073jw	vw_aiemp_stream_brand_safe_rule	postgres	 SELECT 'AV_STREAM_BRAND_SAFE_RULE'::text AS actual_view_code,     'streaming'::text AS domain_code,     'VF22_STREAM_MODERATION_CONTEXT'::text AS view_family_code,     'vw_aiemp_stream_brand_safe_rule'::text AS logical_view_name,     'safety'::text AS sensitivity_code,     'ai_employee_only_gate_controlled'::text AS exposure_scope,     true AS gate_required,     NULL::text AS subject_key,     NULL::text AS summary_text,     NULL::jsonb AS context_payload,     NULL::jsonb AS policy_payload,     NULL::jsonb AS audit_payload,     NULL::text AS masking_note,     NULL::integer AS priority_rank,     NULL::timestamp with time zone AS source_updated_at,     'Brand-safe and sponsor-safe rule context'::text AS purpose_text,     'stub_v1'::text AS stub_version   WHERE false;
cx22073jw	vw_aiemp_stream_moderation_context	postgres	 SELECT 'AV_STREAM_MODERATION_CONTEXT'::text AS actual_view_code,     'streaming'::text AS domain_code,     'VF22_STREAM_MODERATION_CONTEXT'::text AS view_family_code,     'vw_aiemp_stream_moderation_context'::text AS logical_view_name,     'safety'::text AS sensitivity_code,     'ai_employee_only_gate_controlled'::text AS exposure_scope,     true AS gate_required,     NULL::text AS subject_key,     NULL::text AS summary_text,     NULL::jsonb AS context_payload,     NULL::jsonb AS policy_payload,     NULL::jsonb AS audit_payload,     NULL::text AS masking_note,     NULL::integer AS priority_rank,     NULL::timestamp with time zone AS source_updated_at,     'Moderation and unsafe output classification context'::text AS purpose_text,     'stub_v1'::text AS stub_version   WHERE false;
cx22073jw	vw_aiemp_stream_public_context	postgres	 SELECT 'AV_STREAM_PUBLIC_CONTEXT'::text AS actual_view_code,     'streaming'::text AS domain_code,     'VF20_STREAM_PUBLIC_CONTEXT'::text AS view_family_code,     'vw_aiemp_stream_public_context'::text AS logical_view_name,     'public'::text AS sensitivity_code,     'ai_employee_only'::text AS exposure_scope,     false AS gate_required,     NULL::text AS subject_key,     NULL::text AS summary_text,     NULL::jsonb AS context_payload,     NULL::jsonb AS policy_payload,     NULL::jsonb AS audit_payload,     NULL::text AS masking_note,     NULL::integer AS priority_rank,     NULL::timestamp with time zone AS source_updated_at,     'Public-safe stream context for live response'::text AS purpose_text,     'stub_v1'::text AS stub_version   WHERE false;
cx22073jw	vw_aiemp_stream_segment_public_context	postgres	 SELECT 'AV_STREAM_SEGMENT_PUBLIC_CONTEXT'::text AS actual_view_code,     'streaming'::text AS domain_code,     'VF20_STREAM_PUBLIC_CONTEXT'::text AS view_family_code,     'vw_aiemp_stream_segment_public_context'::text AS logical_view_name,     'public'::text AS sensitivity_code,     'ai_employee_only'::text AS exposure_scope,     false AS gate_required,     NULL::text AS subject_key,     NULL::text AS summary_text,     NULL::jsonb AS context_payload,     NULL::jsonb AS policy_payload,     NULL::jsonb AS audit_payload,     NULL::text AS masking_note,     NULL::integer AS priority_rank,     NULL::timestamp with time zone AS source_updated_at,     'Segment-level public stream context'::text AS purpose_text,     'stub_v1'::text AS stub_version   WHERE false;
cx22073jw	vw_aiemp_stream_show_flow_context	postgres	 SELECT 'AV_STREAM_SHOW_FLOW_CONTEXT'::text AS actual_view_code,     'streaming'::text AS domain_code,     'VF21_STREAM_SUPPORT_CONTEXT'::text AS view_family_code,     'vw_aiemp_stream_show_flow_context'::text AS logical_view_name,     'support'::text AS sensitivity_code,     'ai_employee_only'::text AS exposure_scope,     false AS gate_required,     NULL::text AS subject_key,     NULL::text AS summary_text,     NULL::jsonb AS context_payload,     NULL::jsonb AS policy_payload,     NULL::jsonb AS audit_payload,     NULL::text AS masking_note,     NULL::integer AS priority_rank,     NULL::timestamp with time zone AS source_updated_at,     'Show flow and transition cue context'::text AS purpose_text,     'stub_v1'::text AS stub_version   WHERE false;
cx22073jw	vw_aiemp_stream_support_context	postgres	 SELECT 'AV_STREAM_SUPPORT_CONTEXT'::text AS actual_view_code,     'streaming'::text AS domain_code,     'VF21_STREAM_SUPPORT_CONTEXT'::text AS view_family_code,     'vw_aiemp_stream_support_context'::text AS logical_view_name,     'support'::text AS sensitivity_code,     'ai_employee_only'::text AS exposure_scope,     false AS gate_required,     NULL::text AS subject_key,     NULL::text AS summary_text,     NULL::jsonb AS context_payload,     NULL::jsonb AS policy_payload,     NULL::jsonb AS audit_payload,     NULL::text AS masking_note,     NULL::integer AS priority_rank,     NULL::timestamp with time zone AS source_updated_at,     'Run-of-show and support memo context'::text AS purpose_text,     'stub_v1'::text AS stub_version   WHERE false;
cx22073jw	vw_aiemp_utility_calculation_context	postgres	 SELECT 'AV_UTILITY_CALCULATION_CONTEXT'::text AS actual_view_code,     'utility_assist'::text AS domain_code,     'VF71_UTILITY_CALCULATION_CONTEXT'::text AS view_family_code,     'vw_aiemp_utility_calculation_context'::text AS logical_view_name,     'support'::text AS sensitivity_code,     'ai_employee_only'::text AS exposure_scope,     false AS gate_required,     NULL::text AS subject_key,     NULL::text AS summary_text,     NULL::jsonb AS context_payload,     NULL::jsonb AS policy_payload,     NULL::jsonb AS audit_payload,     NULL::text AS masking_note,     NULL::integer AS priority_rank,     NULL::timestamp with time zone AS source_updated_at,     'Calculation and step explanation context'::text AS purpose_text,     'stub_v1'::text AS stub_version   WHERE false;
cx22073jw	vw_aiemp_utility_daily_task_context	postgres	 SELECT 'AV_UTILITY_DAILY_TASK_CONTEXT'::text AS actual_view_code,     'utility_assist'::text AS domain_code,     'VF74_UTILITY_DAILY_TASK_CONTEXT'::text AS view_family_code,     'vw_aiemp_utility_daily_task_context'::text AS logical_view_name,     'support'::text AS sensitivity_code,     'ai_employee_only'::text AS exposure_scope,     false AS gate_required,     NULL::text AS subject_key,     NULL::text AS summary_text,     NULL::jsonb AS context_payload,     NULL::jsonb AS policy_payload,     NULL::jsonb AS audit_payload,     NULL::text AS masking_note,     NULL::integer AS priority_rank,     NULL::timestamp with time zone AS source_updated_at,     'Daily task checklist and routine context'::text AS purpose_text,     'stub_v1'::text AS stub_version   WHERE false;
cx22073jw	vw_aiemp_utility_masked_user_context	postgres	 SELECT 'AV_UTILITY_MASKED_USER_CONTEXT'::text AS actual_view_code,     'utility_assist'::text AS domain_code,     'VF76_UTILITY_MASKED_USER_CONTEXT'::text AS view_family_code,     'vw_aiemp_utility_masked_user_context'::text AS logical_view_name,     'masked'::text AS sensitivity_code,     'ai_employee_only'::text AS exposure_scope,     false AS gate_required,     NULL::text AS subject_key,     NULL::text AS summary_text,     NULL::jsonb AS context_payload,     NULL::jsonb AS policy_payload,     NULL::jsonb AS audit_payload,     NULL::text AS masking_note,     NULL::integer AS priority_rank,     NULL::timestamp with time zone AS source_updated_at,     'Masked user preference context'::text AS purpose_text,     'stub_v1'::text AS stub_version   WHERE false;
cx22073jw	vw_aiemp_utility_meal_planning_context	postgres	 SELECT 'AV_UTILITY_MEAL_PLANNING_CONTEXT'::text AS actual_view_code,     'utility_assist'::text AS domain_code,     'VF72_UTILITY_MEAL_PLANNING_CONTEXT'::text AS view_family_code,     'vw_aiemp_utility_meal_planning_context'::text AS logical_view_name,     'support'::text AS sensitivity_code,     'ai_employee_only'::text AS exposure_scope,     false AS gate_required,     NULL::text AS subject_key,     NULL::text AS summary_text,     NULL::jsonb AS context_payload,     NULL::jsonb AS policy_payload,     NULL::jsonb AS audit_payload,     NULL::text AS masking_note,     NULL::integer AS priority_rank,     NULL::timestamp with time zone AS source_updated_at,     'Meal planning context'::text AS purpose_text,     'stub_v1'::text AS stub_version   WHERE false;
cx22073jw	vw_aiemp_utility_privileged_context	postgres	 SELECT 'AV_UTILITY_PRIVILEGED_CONTEXT'::text AS actual_view_code,     'utility_assist'::text AS domain_code,     'VF77_UTILITY_PRIVILEGED_CONTEXT'::text AS view_family_code,     'vw_aiemp_utility_privileged_context'::text AS logical_view_name,     'privileged'::text AS sensitivity_code,     'ai_employee_only_gate_controlled'::text AS exposure_scope,     true AS gate_required,     NULL::text AS subject_key,     NULL::text AS summary_text,     NULL::jsonb AS context_payload,     NULL::jsonb AS policy_payload,     NULL::jsonb AS audit_payload,     NULL::text AS masking_note,     NULL::integer AS priority_rank,     NULL::timestamp with time zone AS source_updated_at,     'Restricted drafting and research context'::text AS purpose_text,     'stub_v1'::text AS stub_version   WHERE false;
cx22073jw	vw_aiemp_utility_research_context	postgres	 SELECT 'AV_UTILITY_RESEARCH_CONTEXT'::text AS actual_view_code,     'utility_assist'::text AS domain_code,     'VF73_UTILITY_RESEARCH_CONTEXT'::text AS view_family_code,     'vw_aiemp_utility_research_context'::text AS logical_view_name,     'support'::text AS sensitivity_code,     'ai_employee_only'::text AS exposure_scope,     false AS gate_required,     NULL::text AS subject_key,     NULL::text AS summary_text,     NULL::jsonb AS context_payload,     NULL::jsonb AS policy_payload,     NULL::jsonb AS audit_payload,     NULL::text AS masking_note,     NULL::integer AS priority_rank,     NULL::timestamp with time zone AS source_updated_at,     'Topic summary and research assistance context'::text AS purpose_text,     'stub_v1'::text AS stub_version   WHERE false;
cx22073jw	vw_aiemp_utility_summary_context	postgres	 SELECT 'AV_UTILITY_SUMMARY_CONTEXT'::text AS actual_view_code,     'utility_assist'::text AS domain_code,     'VF75_UTILITY_SUMMARY_CONTEXT'::text AS view_family_code,     'vw_aiemp_utility_summary_context'::text AS logical_view_name,     'support'::text AS sensitivity_code,     'ai_employee_only'::text AS exposure_scope,     false AS gate_required,     NULL::text AS subject_key,     NULL::text AS summary_text,     NULL::jsonb AS context_payload,     NULL::jsonb AS policy_payload,     NULL::jsonb AS audit_payload,     NULL::text AS masking_note,     NULL::integer AS priority_rank,     NULL::timestamp with time zone AS source_updated_at,     'Summary and note structuring context'::text AS purpose_text,     'stub_v1'::text AS stub_version   WHERE false;
cx22073jw	vw_aiemp_utility_writing_context	postgres	 SELECT 'AV_UTILITY_WRITING_CONTEXT'::text AS actual_view_code,     'utility_assist'::text AS domain_code,     'VF70_UTILITY_WRITING_CONTEXT'::text AS view_family_code,     'vw_aiemp_utility_writing_context'::text AS logical_view_name,     'support'::text AS sensitivity_code,     'ai_employee_only'::text AS exposure_scope,     false AS gate_required,     NULL::text AS subject_key,     NULL::text AS summary_text,     NULL::jsonb AS context_payload,     NULL::jsonb AS policy_payload,     NULL::jsonb AS audit_payload,     NULL::text AS masking_note,     NULL::integer AS priority_rank,     NULL::timestamp with time zone AS source_updated_at,     'Writing template and drafting context'::text AS purpose_text,     'stub_v1'::text AS stub_version   WHERE false;
cx22073jw	vw_aiemp_workforce_app_operation_context	postgres	 SELECT 'AV_WORKFORCE_APP_OPERATION_CONTEXT'::text AS actual_view_code,     'workforce_execution'::text AS domain_code,     'VF81_WORKFORCE_APP_OPERATION_CONTEXT'::text AS view_family_code,     'vw_aiemp_workforce_app_operation_context'::text AS logical_view_name,     'support'::text AS sensitivity_code,     'ai_employee_only'::text AS exposure_scope,     false AS gate_required,     NULL::text AS subject_key,     NULL::text AS summary_text,     NULL::jsonb AS context_payload,     NULL::jsonb AS policy_payload,     NULL::jsonb AS audit_payload,     NULL::text AS masking_note,     NULL::integer AS priority_rank,     NULL::timestamp with time zone AS source_updated_at,     'App operation and official route context'::text AS purpose_text,     'stub_v1'::text AS stub_version   WHERE false;
cx22073jw	vw_aiemp_workforce_audit_context	postgres	 SELECT 'AV_WORKFORCE_AUDIT_CONTEXT'::text AS actual_view_code,     'workforce_execution'::text AS domain_code,     'VF84_WORKFORCE_AUDIT_CONTEXT'::text AS view_family_code,     'vw_aiemp_workforce_audit_context'::text AS logical_view_name,     'audit'::text AS sensitivity_code,     'ai_employee_only'::text AS exposure_scope,     false AS gate_required,     NULL::text AS subject_key,     NULL::text AS summary_text,     NULL::jsonb AS context_payload,     NULL::jsonb AS policy_payload,     NULL::jsonb AS audit_payload,     NULL::text AS masking_note,     NULL::integer AS priority_rank,     NULL::timestamp with time zone AS source_updated_at,     'Work trace and handoff history context'::text AS purpose_text,     'stub_v1'::text AS stub_version   WHERE false;
cx22073jw	vw_aiemp_workforce_masked_work_context	postgres	 SELECT 'AV_WORKFORCE_MASKED_WORK_CONTEXT'::text AS actual_view_code,     'workforce_execution'::text AS domain_code,     'VF82_WORKFORCE_MASKED_WORK_CONTEXT'::text AS view_family_code,     'vw_aiemp_workforce_masked_work_context'::text AS logical_view_name,     'masked'::text AS sensitivity_code,     'ai_employee_only'::text AS exposure_scope,     false AS gate_required,     NULL::text AS subject_key,     NULL::text AS summary_text,     NULL::jsonb AS context_payload,     NULL::jsonb AS policy_payload,     NULL::jsonb AS audit_payload,     NULL::text AS masking_note,     NULL::integer AS priority_rank,     NULL::timestamp with time zone AS source_updated_at,     'Masked work record and issue context'::text AS purpose_text,     'stub_v1'::text AS stub_version   WHERE false;
cx22073jw	vw_aiemp_workforce_research_summary_context	postgres	 SELECT 'AV_WORKFORCE_RESEARCH_SUMMARY_CONTEXT'::text AS actual_view_code,     'workforce_execution'::text AS domain_code,     'VF83_WORKFORCE_RESEARCH_AND_SUMMARY_CONTEXT'::text AS view_family_code,     'vw_aiemp_workforce_research_summary_context'::text AS logical_view_name,     'support'::text AS sensitivity_code,     'ai_employee_only'::text AS exposure_scope,     false AS gate_required,     NULL::text AS subject_key,     NULL::text AS summary_text,     NULL::jsonb AS context_payload,     NULL::jsonb AS policy_payload,     NULL::jsonb AS audit_payload,     NULL::text AS masking_note,     NULL::integer AS priority_rank,     NULL::timestamp with time zone AS source_updated_at,     'Research digest and prior output summary context'::text AS purpose_text,     'stub_v1'::text AS stub_version   WHERE false;
cx22073jw	vw_aiemp_workforce_work_order_context	postgres	 SELECT 'AV_WORKFORCE_WORK_ORDER_CONTEXT'::text AS actual_view_code,     'workforce_execution'::text AS domain_code,     'VF80_WORKFORCE_WORK_ORDER_CONTEXT'::text AS view_family_code,     'vw_aiemp_workforce_work_order_context'::text AS logical_view_name,     'support'::text AS sensitivity_code,     'ai_employee_only'::text AS exposure_scope,     false AS gate_required,     NULL::text AS subject_key,     NULL::text AS summary_text,     NULL::jsonb AS context_payload,     NULL::jsonb AS policy_payload,     NULL::jsonb AS audit_payload,     NULL::text AS masking_note,     NULL::integer AS priority_rank,     NULL::timestamp with time zone AS source_updated_at,     'Assigned work order and due band context'::text AS purpose_text,     'stub_v1'::text AS stub_version   WHERE false;
cx22073jw	vw_brain_data_registry_v1	postgres	 SELECT r.brain_data_code,     r.brain_domain_code,     dc.brain_domain_label_ja,     r.source_schema_name,     r.source_object_name,     r.source_record_code,     r.source_title_ja,     r.depth_code,     dd.depth_level,     dd.depth_label_ja,     r.allowed_use_purpose_codes,     r.risk_class_code,     rc.risk_level,     rc.risk_class_label_ja,     r.granularity_code,     gc.granularity_label_ja,     r.safety_boundary_ja,     r.active_flag,     (to_regclass(((quote_ident(r.source_schema_name) || '.'::text) || quote_ident(r.source_object_name))) IS NOT NULL) AS source_exists_flag,     r.created_at,     r.updated_at    FROM ((((cx22073jw.brain_data_registry r      JOIN cx22073jw.brain_data_domain_catalog dc ON ((dc.brain_domain_code = r.brain_domain_code)))      JOIN cx22073jw.brain_data_depth_catalog dd ON ((dd.depth_code = r.depth_code)))      JOIN cx22073jw.brain_data_risk_class_catalog rc ON ((rc.risk_class_code = r.risk_class_code)))      JOIN cx22073jw.brain_data_granularity_catalog gc ON ((gc.granularity_code = r.granularity_code)));
cx22073jw	vw_brain_detail_expansion_unit_v1	postgres	 SELECT u.unit_code,     u.pack_code,     u.brain_domain_code,     u.detail_axis_code,     a.axis_title_ja,     u.unit_title_ja,     u.unit_summary_ja,     u.unit_detail_ja,     u.practical_use_ja,     u.example_prompt_ja,     u.depth_code,     u.data_depth_level,     u.risk_class_code,     u.granularity_code,     u.allowed_use_purpose_codes,     u.safety_boundary_ja,     u.tags,     u.active_flag    FROM (cx22073jw.brain_detail_expansion_unit u      LEFT JOIN cx22073jw.brain_detail_axis_catalog a ON ((a.axis_code = u.detail_axis_code)))   WHERE (u.active_flag = true);
cx22073jw	vw_brain_full_load_coverage_v1	postgres	 WITH unit_counts AS (          SELECT brain_knowledge_unit.brain_domain_code,             count(*) FILTER (WHERE (brain_knowledge_unit.active_flag = true)) AS active_unit_count,             count(*) FILTER (WHERE (brain_knowledge_unit.unit_code ~~ 'pack02_%'::text)) AS pack02_count,             count(*) FILTER (WHERE (brain_knowledge_unit.unit_code ~~ 'pack03_%'::text)) AS pack03_count,             count(*) FILTER (WHERE (brain_knowledge_unit.unit_code ~~ 'pack04_%'::text)) AS pack04_count,             count(*) FILTER (WHERE (brain_knowledge_unit.unit_code ~~ 'pack05_%'::text)) AS pack05_count            FROM cx22073jw.brain_knowledge_unit           GROUP BY brain_knowledge_unit.brain_domain_code         ), registry_counts AS (          SELECT vw_brain_data_registry_v1.brain_domain_code,             count(*) AS registry_count,             count(*) FILTER (WHERE (vw_brain_data_registry_v1.brain_data_code ~~ 'srcobj:%'::text)) AS source_object_registry_count,             count(*) FILTER (WHERE (vw_brain_data_registry_v1.brain_data_code ~~ 'srcrow:%'::text)) AS source_row_registry_count,             count(*) FILTER (WHERE (vw_brain_data_registry_v1.source_exists_flag = true)) AS source_exists_count,             count(*) FILTER (WHERE (vw_brain_data_registry_v1.source_exists_flag = false)) AS source_missing_count            FROM cx22073jw.vw_brain_data_registry_v1           GROUP BY vw_brain_data_registry_v1.brain_domain_code         ), readable_counts AS (          SELECT vw_robot_readable_brain_knowledge_material_v1.brain_domain_code,             count(DISTINCT vw_robot_readable_brain_knowledge_material_v1.model_code) AS readable_model_count,             count(*) AS readable_material_row_count            FROM aiworker.vw_robot_readable_brain_knowledge_material_v1           GROUP BY vw_robot_readable_brain_knowledge_material_v1.brain_domain_code         )  SELECT s.brain_domain_code,     dc.brain_domain_label_ja,     s.full_load_priority,     s.target_min_unit_count, 
cx22073jw	vw_brain_full_load_lane05_latest_summary_v1	postgres	 WITH latest_run AS (          SELECT brain_full_load_lane05_run_snapshot.run_code            FROM cx22073jw.brain_full_load_lane05_run_snapshot           ORDER BY brain_full_load_lane05_run_snapshot.captured_at DESC          LIMIT 1         ), before_s AS (          SELECT brain_full_load_lane05_run_snapshot.run_code,             brain_full_load_lane05_run_snapshot.snapshot_phase,             brain_full_load_lane05_run_snapshot.brain_domain_code,             brain_full_load_lane05_run_snapshot.target_min_unit_count,             brain_full_load_lane05_run_snapshot.active_unit_count,             brain_full_load_lane05_run_snapshot.deficit_count,             brain_full_load_lane05_run_snapshot.registry_count,             brain_full_load_lane05_run_snapshot.source_missing_count,             brain_full_load_lane05_run_snapshot.captured_at            FROM cx22073jw.brain_full_load_lane05_run_snapshot           WHERE ((brain_full_load_lane05_run_snapshot.run_code = ( SELECT latest_run.run_code                    FROM latest_run)) AND (brain_full_load_lane05_run_snapshot.snapshot_phase = 'before'::text))         ), after_s AS (          SELECT brain_full_load_lane05_run_snapshot.run_code,             brain_full_load_lane05_run_snapshot.snapshot_phase,             brain_full_load_lane05_run_snapshot.brain_domain_code,             brain_full_load_lane05_run_snapshot.target_min_unit_count,             brain_full_load_lane05_run_snapshot.active_unit_count,             brain_full_load_lane05_run_snapshot.deficit_count,             brain_full_load_lane05_run_snapshot.registry_count,             brain_full_load_lane05_run_snapshot.source_missing_count,             brain_full_load_lane05_run_snapshot.captured_at            FROM cx22073jw.brain_full_load_lane05_run_snapshot           WHERE ((brain_full_load_lane05_run_snapshot.run_code = ( SELECT latest_run.run_code                    FROM latest_run)) AND (brain_full_load_lane05_run_snapshot.snapshot_phase = 'after'::text))       
cx22073jw	vw_brain_knowledge_unit_runtime_material_v1	postgres	 SELECT u.unit_code,     u.brain_domain_code,     dc.brain_domain_label_ja,     u.unit_title_ja,     u.unit_summary_ja,     u.unit_detail_ja,     u.practical_use_ja,     u.example_prompt_ja,     u.safety_boundary_ja,     u.depth_code,     dd.depth_level,     dd.depth_label_ja,     u.risk_class_code,     rc.risk_level,     rc.risk_class_label_ja,     u.allowed_use_purpose_codes,     u.tags,     u.active_flag,     u.created_at,     u.updated_at    FROM (((cx22073jw.brain_knowledge_unit u      JOIN cx22073jw.brain_data_domain_catalog dc ON ((dc.brain_domain_code = u.brain_domain_code)))      JOIN cx22073jw.brain_data_depth_catalog dd ON ((dd.depth_code = u.depth_code)))      JOIN cx22073jw.brain_data_risk_class_catalog rc ON ((rc.risk_class_code = u.risk_class_code)))   WHERE (u.active_flag = true);
cx22073jw	vw_brain_source_object_discovery_backlog_v1	postgres	 SELECT inv.source_schema_name,     inv.source_object_name,     inv.source_object_kind,     inv.estimated_row_count,     inv.object_comment,     'needs_domain_mapping'::text AS backlog_status,     '未分類のCX source object。brain_source_object_ingestion_catalogへdomain/depth/risk/purpose付きで追加する対象。'::text AS note_ja    FROM (cx22073jw.vw_brain_source_object_inventory_v1 inv      LEFT JOIN cx22073jw.brain_source_object_ingestion_catalog c ON (((c.source_schema_name = inv.source_schema_name) AND (c.source_object_name = inv.source_object_name))))   WHERE ((c.object_code IS NULL) AND (inv.internal_brain_management_flag = false))   ORDER BY inv.source_object_kind, inv.source_object_name;
cx22073jw	vw_brain_source_object_ingestion_catalog_status_v1	postgres	 SELECT c.object_code,     c.source_schema_name,     c.source_object_name,     inv.source_object_kind,     c.brain_domain_code,     dc.brain_domain_label_ja,     c.default_depth_code,     c.default_risk_class_code,     c.default_allowed_use_purpose_codes,         CASE             WHEN (inv.source_object_name IS NOT NULL) THEN true             ELSE false         END AS source_object_exists_flag,     inv.estimated_row_count,     c.row_level_ingestion_flag,     c.active_flag,     c.safety_boundary_ja,     c.ingestion_note_ja    FROM ((cx22073jw.brain_source_object_ingestion_catalog c      JOIN cx22073jw.brain_data_domain_catalog dc ON ((dc.brain_domain_code = c.brain_domain_code)))      LEFT JOIN cx22073jw.vw_brain_source_object_inventory_v1 inv ON (((inv.source_schema_name = c.source_schema_name) AND (inv.source_object_name = c.source_object_name))))   WHERE (c.active_flag = true);
cx22073jw	vw_brain_source_object_ingestion_summary_v1	postgres	 SELECT c.object_code,     c.source_schema_name,     c.source_object_name,     c.source_object_kind,     c.brain_domain_code,     c.brain_domain_label_ja,     c.source_object_exists_flag,     c.estimated_row_count,     count(r.brain_data_code) FILTER (WHERE (r.brain_data_code ~~ 'srcobj:%'::text)) AS object_registry_count,     count(r.brain_data_code) FILTER (WHERE (r.brain_data_code ~~ 'srcrow:%'::text)) AS row_registry_count,     count(r.brain_data_code) FILTER (WHERE (r.source_exists_flag = true)) AS registry_source_exists_count,     count(r.brain_data_code) FILTER (WHERE (r.source_exists_flag = false)) AS registry_source_missing_count,     c.safety_boundary_ja,     c.ingestion_note_ja    FROM (cx22073jw.vw_brain_source_object_ingestion_catalog_status_v1 c      LEFT JOIN cx22073jw.vw_brain_data_registry_v1 r ON (((r.source_schema_name = c.source_schema_name) AND (r.source_object_name = c.source_object_name) AND ((r.brain_data_code = ('srcobj:'::text || c.object_code)) OR (r.brain_data_code ~~ (('srcrow:'::text || c.object_code) || ':%'::text))))))   GROUP BY c.object_code, c.source_schema_name, c.source_object_name, c.source_object_kind, c.brain_domain_code, c.brain_domain_label_ja, c.source_object_exists_flag, c.estimated_row_count, c.safety_boundary_ja, c.ingestion_note_ja;
cx22073jw	vw_brain_source_object_inventory_v1	postgres	 SELECT n.nspname AS source_schema_name,     c.relname AS source_object_name,         CASE c.relkind             WHEN 'r'::"char" THEN 'table'::text             WHEN 'p'::"char" THEN 'partitioned_table'::text             WHEN 'v'::"char" THEN 'view'::text             WHEN 'm'::"char" THEN 'materialized_view'::text             ELSE (c.relkind)::text         END AS source_object_kind,     (c.reltuples)::bigint AS estimated_row_count,     obj_description(c.oid, 'pg_class'::name) AS object_comment,         CASE             WHEN ((c.relname ~~ 'brain_%'::text) OR (c.relname ~~ 'vw_brain_%'::text) OR (c.relname ~~ 'idx_%'::text) OR (c.relname ~~ 'pg_%'::text)) THEN true             ELSE false         END AS internal_brain_management_flag    FROM (pg_class c      JOIN pg_namespace n ON ((n.oid = c.relnamespace)))   WHERE ((n.nspname = 'cx22073jw'::name) AND (c.relkind = ANY (ARRAY['r'::"char", 'p'::"char", 'v'::"char", 'm'::"char"])));
cx22073jw	vw_brain_source_object_lane03_mapping_status_v1	postgres	 SELECT proposal_action_code,     mapping_confidence_code,     rule_code,     brain_domain_code,     brain_domain_label_ja,     count(*) AS object_count    FROM cx22073jw.vw_brain_source_object_mapping_proposal_v1 p   GROUP BY proposal_action_code, mapping_confidence_code, rule_code, brain_domain_code, brain_domain_label_ja;
cx22073jw	vw_brain_source_object_lane03_remaining_backlog_v1	postgres	 SELECT source_schema_name,     source_object_name,     source_object_kind,     estimated_row_count,     backlog_status,     backlog_note_ja,     rule_code,     mapping_confidence_code,     brain_domain_code,     brain_domain_label_ja,     default_depth_code,     default_risk_class_code,     default_allowed_use_purpose_codes,     safety_boundary_ja,     rule_note_ja,     proposal_action_code,     proposed_object_code    FROM cx22073jw.vw_brain_source_object_mapping_proposal_v1 p   WHERE (proposal_action_code <> 'auto_apply_allowed'::text)   ORDER BY proposal_action_code, mapping_confidence_code, source_object_kind, source_object_name;
cx22073jw	vw_brain_source_object_mapping_proposal_v1	postgres	 SELECT b.source_schema_name,     b.source_object_name,     b.source_object_kind,     b.estimated_row_count,     b.backlog_status,     b.note_ja AS backlog_note_ja,     r.rule_code,     r.mapping_confidence_code,     r.brain_domain_code,     dc.brain_domain_label_ja,     r.default_depth_code,     r.default_risk_class_code,     r.default_allowed_use_purpose_codes,     r.safety_boundary_ja,     r.rule_note_ja,         CASE             WHEN (r.rule_code IS NULL) THEN 'no_rule'::text             WHEN (r.mapping_confidence_code = 'high'::text) THEN 'auto_apply_allowed'::text             ELSE 'review_required'::text         END AS proposal_action_code,     ('lane03_'::text || lower(regexp_replace((b.source_object_name)::text, '[^a-zA-Z0-9]+'::text, '_'::text, 'g'::text))) AS proposed_object_code    FROM ((cx22073jw.vw_brain_source_object_discovery_backlog_v1 b      LEFT JOIN LATERAL ( SELECT rr.rule_code,             rr.rule_priority,             rr.object_name_like_pattern,             rr.mapping_confidence_code,             rr.brain_domain_code,             rr.default_depth_code,             rr.default_risk_class_code,             rr.default_allowed_use_purpose_codes,             rr.safety_boundary_ja,             rr.rule_note_ja,             rr.active_flag,             rr.created_at,             rr.updated_at            FROM cx22073jw.brain_source_object_mapping_rule_catalog rr           WHERE ((rr.active_flag = true) AND (lower((b.source_object_name)::text) ~~ rr.object_name_like_pattern))           ORDER BY                 CASE rr.mapping_confidence_code                     WHEN 'high'::text THEN 1                     WHEN 'medium'::text THEN 2                     ELSE 3                 END, rr.rule_priority, (length(rr.object_name_like_pattern)) DESC, rr.rule_code          LIMIT 1) r ON (true))      LEFT JOIN cx22073jw.brain_data_domain_catalog dc ON ((dc.brain_domain_code = r.brain_domain_code)));
cx22073jw	vw_business_support_knowledge_catalog	postgres	 SELECT p.package_code,     p.package_name,     p.package_name_ja,     p.package_summary,     t.topic_code,     t.topic_name,     t.topic_name_ja,     t.topic_summary,     m.material_code,     m.material_title,     m.material_summary,     m.material_body,     m.material_kind_code,     m.role_hint_code,     m.risk_level_code,     m.tags_jsonb,     m.sort_order,     concat_ws(' '::text, p.package_code, t.topic_code, t.topic_name_ja, m.material_code, m.material_title, m.material_summary, m.material_body, m.role_hint_code, m.risk_level_code) AS reference_search_text    FROM ((cx22073jw.business_support_knowledge_package p      JOIN cx22073jw.business_support_topic t ON ((t.package_code = p.package_code)))      JOIN cx22073jw.business_support_knowledge_material m ON (((m.package_code = t.package_code) AND (m.topic_code = t.topic_code))))   WHERE ((p.status_code = 'active'::text) AND (t.status_code = 'active'::text) AND (m.status_code = 'active'::text));
cx22073jw	vw_civilization_exam_question_reference_v1	postgres	 SELECT question_code,     exam_domain_code,     source_reference_type,     source_reference_code,     country_code,     region_code,     period_code,     theme_code,     question_type_code,     question_text_ja,     answer_ja,     explanation_ja,     difficulty_code,     target_exam_context_code,     related_detail_codes,     related_terms,     related_events,     related_persons,     related_roles,     search_tags,     safety_notes,     cx_priority    FROM cx22073jw.civilization_exam_question_bank q;
cx22073jw	vw_civilization_foundation_history_detail_reference_v1	postgres	 SELECT d.detail_entry_code,     d.topic_code,     t.topic_name_ja,     d.source_foundation_history_code,     d.canon_scope_code,     d.detail_type_code,     d.world_code,     d.civilization_arc_code,     d.civ_year_start,     d.civ_year_end,     d.sort_order,     d.title_ja,     d.short_summary_ja,     d.detail_ja,     d.background_ja,     d.process_ja,     d.result_ja,     d.significance_ja,     d.main_actors,     d.related_terms,     d.related_events,     d.related_detail_codes,     d.learning_points_ja,     d.common_confusions_ja,     d.related_roles,     d.search_tags,     d.safety_notes,     d.cx_priority    FROM (cx22073jw.civilization_foundation_history_detail_entry d      LEFT JOIN cx22073jw.foundation_knowledge_topic t ON ((t.topic_code = d.topic_code)));
cx22073jw	vw_civilization_foundation_history_reference_v1	postgres	 SELECT h.foundation_history_entry_code,     h.topic_code,     t.topic_name_ja,     h.canon_scope_code,     h.civilization_year_start,     h.civilization_year_end,     h.event_order,     h.title_ja,     h.summary_ja,     h.detail_ja,     h.related_entities,     h.related_roles,     h.search_tags,     h.safety_notes,     h.cx_priority,     h.source_note    FROM (cx22073jw.civilization_foundation_history_entry h      JOIN cx22073jw.foundation_knowledge_topic t ON ((t.topic_code = h.topic_code)));
cx22073jw	vw_earth_history_detail_reference_v1	postgres	 SELECT d.detail_entry_code,     d.topic_code,     t.topic_name_ja,     d.source_history_entry_code,     d.history_scope_code,     d.detail_type_code,     d.country_code,     d.region_code,     d.period_code,     d.theme_code,     d.year_start,     d.year_end,     d.title_ja,     d.short_summary_ja,     d.detail_ja,     d.background_ja,     d.process_ja,     d.result_ja,     d.significance_ja,     d.main_actors,     d.related_terms,     d.related_events,     d.related_persons,     d.learning_points_ja,     d.common_confusions_ja,     d.related_roles,     d.search_tags,     d.safety_notes,     d.cx_priority    FROM (cx22073jw.earth_history_detail_entry d      LEFT JOIN cx22073jw.foundation_knowledge_topic t ON ((t.topic_code = d.topic_code)));
cx22073jw	vw_earth_history_knowledge_reference_v1	postgres	 SELECT h.earth_history_entry_code,     h.topic_code,     t.topic_name_ja,     h.history_scope_code,     h.region_code,     h.country_code,     h.period_code,     h.theme_code,     h.title_ja,     h.summary_ja,     h.detail_ja,     h.related_roles,     h.search_tags,     h.safety_notes,     h.cx_priority    FROM (cx22073jw.earth_history_knowledge_entry h      JOIN cx22073jw.foundation_knowledge_topic t ON ((t.topic_code = h.topic_code)));
cx22073jw	vw_executive_strategy_knowledge_catalog	postgres	 SELECT p.package_code,     p.package_name,     p.package_name_ja,     p.package_summary,     t.topic_code,     t.topic_name,     t.topic_name_ja,     t.topic_summary,     m.material_code,     m.material_title,     m.material_summary,     m.material_body,     m.material_kind_code,     m.risk_level_code,     m.tags_jsonb,     m.sort_order,     concat_ws(' '::text, p.package_code, t.topic_code, t.topic_name_ja, m.material_code, m.material_title, m.material_summary, m.material_body, m.risk_level_code) AS reference_search_text    FROM ((cx22073jw.executive_strategy_knowledge_package p      JOIN cx22073jw.executive_strategy_topic t ON ((t.package_code = p.package_code)))      JOIN cx22073jw.executive_strategy_material m ON (((m.package_code = t.package_code) AND (m.topic_code = t.topic_code))))   WHERE ((p.status_code = 'active'::text) AND (t.status_code = 'active'::text) AND (m.status_code = 'active'::text));
cx22073jw	vw_foundation_knowledge_material_v1	postgres	 SELECT m.material_code,     m.topic_code,     t.topic_name_ja,     t.topic_group_code,     m.material_title_ja,     m.material_type_code,     m.material_body_ja,     m.usage_tags,     m.safety_notes,     m.cx_priority    FROM (cx22073jw.foundation_knowledge_material m      JOIN cx22073jw.foundation_knowledge_topic t ON ((t.topic_code = m.topic_code)));
cx22073jw	vw_history_detail_unified_reference_v1	postgres	 SELECT 'earth_history'::text AS history_domain_code,     d.detail_entry_code,     d.topic_code,     t.topic_name_ja,     d.source_history_entry_code AS source_parent_code,     d.history_scope_code AS scope_code,     d.detail_type_code,     d.country_code,     d.region_code,     d.period_code,     d.theme_code,     NULL::text AS civilization_arc_code,     d.year_start,     d.year_end,     NULL::integer AS sort_order,     d.title_ja,     d.short_summary_ja,     d.detail_ja,     d.background_ja,     d.process_ja,     d.result_ja,     d.significance_ja,     d.main_actors,     d.related_terms,     d.related_events,     d.related_persons,     d.related_detail_codes,     d.learning_points_ja,     d.common_confusions_ja,     d.related_roles,     d.search_tags,     d.safety_notes,     d.cx_priority,     d.note_text,     d.created_at,     d.updated_at    FROM (cx22073jw.earth_history_detail_entry d      LEFT JOIN cx22073jw.foundation_knowledge_topic t ON ((t.topic_code = d.topic_code))) UNION ALL  SELECT 'civilization_foundation_history'::text AS history_domain_code,     d.detail_entry_code,     d.topic_code,     t.topic_name_ja,     d.source_foundation_history_code AS source_parent_code,     d.canon_scope_code AS scope_code,     d.detail_type_code,     NULL::text AS country_code,     'civilization'::text AS region_code,     d.civilization_arc_code AS period_code,     d.canon_scope_code AS theme_code,     d.civilization_arc_code,     d.civ_year_start AS year_start,     d.civ_year_end AS year_end,     d.sort_order,     d.title_ja,     d.short_summary_ja,     d.detail_ja,     d.background_ja,     d.process_ja,     d.result_ja,     d.significance_ja,     d.main_actors,     d.related_terms,     d.related_events,     NULL::jsonb AS related_persons,     d.related_detail_codes,     d.learning_points_ja,     d.common_confusions_ja,     d.related_roles,     d.search_tags,     d.safety_notes,     d.cx_priority,     d.note_text,     d.created_at,     d.updated_at    FROM (cx22073jw.civ
cx22073jw	vw_history_exam_question_unified_reference_v1	postgres	 SELECT question_code,     exam_domain_code,     source_reference_type,     source_reference_code,     country_code,     region_code,     period_code,     theme_code,     question_type_code,     question_text_ja,     answer_ja,     explanation_ja,     difficulty_code,     target_exam_context_code,     related_detail_codes,     related_terms,     related_events,     related_persons,     related_roles,     search_tags,     safety_notes,     cx_priority,     note_text,     created_at,     updated_at    FROM cx22073jw.civilization_exam_question_bank q   WHERE (exam_domain_code = ANY (ARRAY['earth_history'::text, 'civilization_foundation_history'::text]));
cx22073jw	vw_knowledge_directory	postgres	 SELECT knowledge_code,     knowledge_name,     domain_code,     locale_code,     summary_text,     body_text,     enabled,     sort_order,     created_at,     updated_at,     lower(concat_ws(' '::text, knowledge_code, knowledge_name, domain_code, locale_code, summary_text, body_text)) AS knowledge_search_text    FROM cx22073jw.knowledge_entry k   WHERE (enabled = true);
cx22073jw	vw_robot_model_civilization_exam_reference_v1	postgres	 SELECT b.model_code,     b.series_code,     b.role_code,     q.question_code,     q.exam_domain_code,     q.source_reference_type,     q.country_code,     q.region_code,     q.period_code,     q.question_type_code,     q.question_text_ja,     q.answer_ja,     q.explanation_ja,     q.difficulty_code,     q.target_exam_context_code,     q.search_tags,     q.safety_notes,     q.cx_priority    FROM (cx22073jw.robot_model_role_reference_binding b      JOIN cx22073jw.civilization_exam_question_bank q ON ((q.related_roles ? b.role_code)));
cx22073jw	vw_robot_model_civilization_foundation_history_detail_reference	postgres	 SELECT b.model_code,     b.series_code,     b.role_code,     d.detail_entry_code,     d.canon_scope_code,     d.detail_type_code,     d.civilization_arc_code,     d.civ_year_start,     d.civ_year_end,     d.title_ja,     d.short_summary_ja,     d.detail_ja,     d.learning_points_ja,     d.search_tags,     d.safety_notes,     d.cx_priority    FROM (cx22073jw.robot_model_role_reference_binding b      JOIN cx22073jw.civilization_foundation_history_detail_entry d ON ((d.related_roles ? b.role_code)));
cx22073jw	vw_robot_model_cx_reference_coverage_v1	postgres	 SELECT b.model_code,     b.series_code,     count(DISTINCT b.role_code) AS role_count,     count(DISTINCT tb.topic_code) AS topic_count,     count(DISTINCT m.material_code) AS material_count,         CASE             WHEN (count(DISTINCT m.material_code) > 0) THEN 'covered'::text             ELSE 'missing_material'::text         END AS coverage_status    FROM ((cx22073jw.robot_model_role_reference_binding b      LEFT JOIN cx22073jw.robot_role_knowledge_topic_binding tb ON ((tb.role_code = b.role_code)))      LEFT JOIN cx22073jw.foundation_knowledge_material m ON ((m.topic_code = tb.topic_code)))   GROUP BY b.model_code, b.series_code;
cx22073jw	vw_robot_model_earth_history_detail_reference_v1	postgres	 SELECT b.model_code,     b.series_code,     b.role_code,     d.detail_entry_code,     d.detail_type_code,     d.country_code,     d.region_code,     d.period_code,     d.title_ja,     d.short_summary_ja,     d.detail_ja,     d.learning_points_ja,     d.search_tags,     d.safety_notes,     d.cx_priority    FROM (cx22073jw.robot_model_role_reference_binding b      JOIN cx22073jw.earth_history_detail_entry d ON ((d.related_roles ? b.role_code)));
cx22073jw	vw_robot_model_foundation_material_reference_v1	postgres	 SELECT b.model_code,     b.series_code,     b.role_code,     r.role_name_ja,     r.role_group_code,     tb.topic_code,     t.topic_name_ja,     t.topic_group_code,     tb.binding_priority,     tb.usage_note_ja,     m.material_code,     m.material_title_ja,     m.material_type_code,     m.material_body_ja,     m.usage_tags,     m.safety_notes,     m.cx_priority AS material_priority    FROM ((((cx22073jw.robot_model_role_reference_binding b      JOIN cx22073jw.robot_role_knowledge_pack r ON ((r.role_code = b.role_code)))      JOIN cx22073jw.robot_role_knowledge_topic_binding tb ON ((tb.role_code = b.role_code)))      JOIN cx22073jw.foundation_knowledge_topic t ON ((t.topic_code = tb.topic_code)))      JOIN cx22073jw.foundation_knowledge_material m ON ((m.topic_code = t.topic_code)));
cx22073jw	vw_robot_model_full_reference_v1	postgres	 SELECT rp.robot_pool_id,     rp.aiworker_model_code,     rp.aiworker_series_code,     rp.manufacturer_code,     rp.display_name,     rp.business_offer_code,     rp.available_quantity,     rp.reserved_quantity,     GREATEST((rp.available_quantity - rp.reserved_quantity), 0) AS visible_available_quantity,     array_remove(ARRAY[NULLIF(rp.placement_role_code_1, ''::text), NULLIF(rp.placement_role_code_2, ''::text), NULLIF(rp.placement_role_code_3, ''::text)], NULL::text) AS placement_role_codes,     p.personality_label_ja,     p.worker_behavior_ja,     p.friend_lover_behavior_ja,     p.safety_note_ja,     s.initiative_axis_code,     s.user_influence_axis_code,     s.action_restriction_axis_code,     s.behavior_summary_ja AS series_behavior_summary_ja,     'BusinessOS+AIWorkerOS'::text AS canon_owner,     'CX22073JW_READ_VIEW_ONLY'::text AS cx_reference_mode,     rp.status_code,     rp.updated_at    FROM ((business.robot_pool rp      LEFT JOIN aiworker.robot_model_personality_profile p ON ((p.aiworker_model_code = rp.aiworker_model_code)))      LEFT JOIN aiworker.robot_series_behavior_profile s ON ((s.aiworker_series_code = COALESCE(p.aiworker_series_code, rp.aiworker_series_code))))   WHERE (rp.status_code = 'active'::text);
cx22073jw	vw_robot_model_full_reference_v2	postgres	 SELECT rp.robot_pool_id,     rp.aiworker_model_code,     rp.aiworker_series_code,     rp.manufacturer_code,     rp.display_name,     rp.business_offer_code,     rp.available_quantity,     rp.reserved_quantity,     GREATEST((rp.available_quantity - rp.reserved_quantity), 0) AS visible_available_quantity,     array_remove(ARRAY[NULLIF(rp.placement_role_code_1, ''::text), NULLIF(rp.placement_role_code_2, ''::text), NULLIF(rp.placement_role_code_3, ''::text)], NULL::text) AS placement_role_codes,     personality.personality_label_ja,     personality.worker_behavior_ja,     personality.friend_lover_behavior_ja,     personality.safety_note_ja AS personality_safety_note_ja,     series.initiative_axis_code,     series.user_influence_axis_code,     series.action_restriction_axis_code,     series.behavior_summary_ja AS series_behavior_summary_ja,     public_profile.public_profile_status_code,     public_profile.profile_scope_code,     public_profile.form_code,     public_profile.personality_no,     public_profile.height_cm,     public_profile.bust_cm,     public_profile.waist_cm,     public_profile.hip_cm,     public_profile.body_profile_note_ja,     public_profile.safety_note_ja AS public_profile_safety_note_ja,     'BusinessOS+AIWorkerOS'::text AS canon_owner,     'CX22073JW_READ_VIEW_ONLY'::text AS cx_reference_mode,     rp.status_code,     rp.updated_at    FROM (((business.robot_pool rp      LEFT JOIN aiworker.robot_model_personality_profile personality ON ((personality.aiworker_model_code = rp.aiworker_model_code)))      LEFT JOIN aiworker.robot_series_behavior_profile series ON ((series.aiworker_series_code = COALESCE(personality.aiworker_series_code, rp.aiworker_series_code))))      LEFT JOIN aiworker.robot_model_public_profile public_profile ON ((public_profile.aiworker_model_code = rp.aiworker_model_code)))   WHERE (rp.status_code = 'active'::text);
cx22073jw	vw_robot_model_full_reference_v3	postgres	 SELECT b.model_code,     b.series_code,     s.series_name_ja,     s.manufacturer_name,     b.role_code,     p.role_name_ja,     p.role_group_code,     p.cx_priority,     b.binding_type,     b.binding_note,     p.cx_knowledge_domains,     p.primary_use_cases,     p.ai_company_manager_usage,     p.recommended_templates,     p.risk_and_safety_notes,     p.forbidden_uses,     p.search_tags,     s.supplement_json AS series_supplement_json,     s.safety_notes AS series_safety_notes    FROM ((cx22073jw.robot_model_role_reference_binding b      JOIN cx22073jw.robot_role_knowledge_pack p ON ((p.role_code = b.role_code)))      LEFT JOIN cx22073jw.robot_role_series_supplement s ON ((s.series_code = b.series_code)));
cx22073jw	vw_robot_model_history_detail_coverage_v1	postgres	 WITH model_base AS (          SELECT DISTINCT robot_model_role_reference_binding.model_code,             robot_model_role_reference_binding.series_code            FROM cx22073jw.robot_model_role_reference_binding         ), detail_counts AS (          SELECT vw_robot_model_history_detail_unified_reference_v1.model_code,             vw_robot_model_history_detail_unified_reference_v1.series_code,             count(DISTINCT vw_robot_model_history_detail_unified_reference_v1.detail_entry_code) AS total_history_detail_ref_count,             count(DISTINCT vw_robot_model_history_detail_unified_reference_v1.detail_entry_code) FILTER (WHERE (vw_robot_model_history_detail_unified_reference_v1.history_domain_code = 'earth_history'::text)) AS earth_history_detail_ref_count,             count(DISTINCT vw_robot_model_history_detail_unified_reference_v1.detail_entry_code) FILTER (WHERE (vw_robot_model_history_detail_unified_reference_v1.history_domain_code = 'civilization_foundation_history'::text)) AS civilization_foundation_history_detail_ref_count            FROM cx22073jw.vw_robot_model_history_detail_unified_reference_v1           GROUP BY vw_robot_model_history_detail_unified_reference_v1.model_code, vw_robot_model_history_detail_unified_reference_v1.series_code         ), exam_counts AS (          SELECT vw_robot_model_history_exam_unified_reference_v1.model_code,             vw_robot_model_history_exam_unified_reference_v1.series_code,             count(DISTINCT vw_robot_model_history_exam_unified_reference_v1.question_code) AS total_history_exam_ref_count,             count(DISTINCT vw_robot_model_history_exam_unified_reference_v1.question_code) FILTER (WHERE (vw_robot_model_history_exam_unified_reference_v1.exam_domain_code = 'earth_history'::text)) AS earth_history_exam_ref_count,             count(DISTINCT vw_robot_model_history_exam_unified_reference_v1.question_code) FILTER (WHERE (vw_robot_model_history_exam_unified_reference_v1.exam_domain_code = 'civilization_fo
cx22073jw	vw_robot_model_history_detail_unified_reference_v1	postgres	 WITH model_roles AS (          SELECT DISTINCT robot_model_role_reference_binding.model_code,             robot_model_role_reference_binding.series_code,             robot_model_role_reference_binding.role_code            FROM cx22073jw.robot_model_role_reference_binding         ), direct_or_bridge AS (          SELECT b.model_code,             b.series_code,             b.role_code,             u.history_domain_code,             u.detail_entry_code,             u.scope_code,             u.detail_type_code,             u.country_code,             u.region_code,             u.period_code,             u.theme_code,             u.civilization_arc_code,             u.year_start,             u.year_end,             u.sort_order,             u.title_ja,             u.short_summary_ja,             u.detail_ja,             u.learning_points_ja,             u.common_confusions_ja,             u.search_tags,             u.safety_notes,             u.cx_priority            FROM ((model_roles b              JOIN cx22073jw.vw_robot_role_history_reference_bridge_v1 rb ON ((rb.role_code = b.role_code)))              JOIN cx22073jw.vw_history_detail_unified_reference_v1 u ON ((u.related_roles ? rb.reference_role_code)))         ), safe_foundation_fallback AS (          SELECT b.model_code,             b.series_code,             b.role_code,             u.history_domain_code,             u.detail_entry_code,             u.scope_code,             u.detail_type_code,             u.country_code,             u.region_code,             u.period_code,             u.theme_code,             u.civilization_arc_code,             u.year_start,             u.year_end,             u.sort_order,             u.title_ja,             u.short_summary_ja,             u.detail_ja,             u.learning_points_ja,             u.common_confusions_ja,             u.search_tags,             u.safety_notes,             u.cx_priority            FROM (model_roles b              JOIN cx22073jw.vw_history_det
cx22073jw	vw_robot_model_history_exam_unified_reference_v1	postgres	 WITH model_roles AS (          SELECT DISTINCT robot_model_role_reference_binding.model_code,             robot_model_role_reference_binding.series_code,             robot_model_role_reference_binding.role_code            FROM cx22073jw.robot_model_role_reference_binding         ), direct_or_bridge AS (          SELECT b.model_code,             b.series_code,             b.role_code,             q.question_code,             q.exam_domain_code,             q.source_reference_type,             q.source_reference_code,             q.country_code,             q.region_code,             q.period_code,             q.theme_code,             q.question_type_code,             q.question_text_ja,             q.answer_ja,             q.explanation_ja,             q.difficulty_code,             q.target_exam_context_code,             q.search_tags,             q.safety_notes,             q.cx_priority            FROM ((model_roles b              JOIN cx22073jw.vw_robot_role_history_reference_bridge_v1 rb ON ((rb.role_code = b.role_code)))              JOIN cx22073jw.vw_history_exam_question_unified_reference_v1 q ON ((q.related_roles ? rb.reference_role_code)))         ), safe_exam_fallback AS (          SELECT b.model_code,             b.series_code,             b.role_code,             q.question_code,             q.exam_domain_code,             q.source_reference_type,             q.source_reference_code,             q.country_code,             q.region_code,             q.period_code,             q.theme_code,             q.question_type_code,             q.question_text_ja,             q.answer_ja,             q.explanation_ja,             q.difficulty_code,             q.target_exam_context_code,             q.search_tags,             q.safety_notes,             q.cx_priority            FROM (model_roles b              JOIN cx22073jw.vw_history_exam_question_unified_reference_v1 q ON (((q.exam_domain_code = 'earth_history'::text) AND (q.country_code IS NULL) AND (q.regio
cx22073jw	vw_robot_model_history_reference_v1	postgres	 SELECT b.model_code,     b.series_code,     b.role_code,     r.role_name_ja,     r.role_group_code,     e.history_entry_code,     e.history_source_code,     e.title_ja,     e.summary_ja,     e.detail_ja,     e.search_tags,     e.safety_notes,     e.cx_priority    FROM ((cx22073jw.robot_model_role_reference_binding b      JOIN cx22073jw.robot_role_knowledge_pack r ON ((r.role_code = b.role_code)))      JOIN ( SELECT vw_robot_role_earth_history_reference_v1.role_code,             vw_robot_role_earth_history_reference_v1.history_entry_code,             vw_robot_role_earth_history_reference_v1.history_source_code,             vw_robot_role_earth_history_reference_v1.title_ja,             vw_robot_role_earth_history_reference_v1.summary_ja,             vw_robot_role_earth_history_reference_v1.detail_ja,             vw_robot_role_earth_history_reference_v1.search_tags,             vw_robot_role_earth_history_reference_v1.safety_notes,             vw_robot_role_earth_history_reference_v1.cx_priority            FROM cx22073jw.vw_robot_role_earth_history_reference_v1         UNION ALL          SELECT vw_robot_role_civilization_history_reference_v1.role_code,             vw_robot_role_civilization_history_reference_v1.history_entry_code,             vw_robot_role_civilization_history_reference_v1.history_source_code,             vw_robot_role_civilization_history_reference_v1.title_ja,             vw_robot_role_civilization_history_reference_v1.summary_ja,             vw_robot_role_civilization_history_reference_v1.detail_ja,             vw_robot_role_civilization_history_reference_v1.search_tags,             vw_robot_role_civilization_history_reference_v1.safety_notes,             vw_robot_role_civilization_history_reference_v1.cx_priority            FROM cx22073jw.vw_robot_role_civilization_history_reference_v1) e ON ((e.role_code = b.role_code)));
cx22073jw	vw_robot_model_role_knowledge_reference_v1	postgres	 SELECT b.model_code,     b.series_code,     b.role_code,     p.role_name_ja,     p.role_group_code,     p.cx_priority,     b.binding_type,     b.binding_note,     p.cx_knowledge_domains,     p.ai_company_manager_usage,     p.search_tags,     p.forbidden_uses    FROM (cx22073jw.robot_model_role_reference_binding b      JOIN cx22073jw.robot_role_knowledge_pack p ON ((p.role_code = b.role_code)));
cx22073jw	vw_robot_personality_reference_v1	postgres	 SELECT p.aiworker_model_code,     p.aiworker_series_code,     s.series_name_ja,     p.manufacturer_code,     p.model_name_ja,     p.personality_label_ja,     s.initiative_axis_code,     s.user_influence_axis_code,     s.action_restriction_axis_code,     s.behavior_summary_ja AS series_behavior_summary_ja,     p.worker_behavior_ja,     p.friend_lover_behavior_ja,     p.safety_note_ja,     'AIWorkerOS'::text AS canon_owner,     true AS cx_readable_flag,     p.updated_at    FROM (aiworker.robot_model_personality_profile p      LEFT JOIN aiworker.robot_series_behavior_profile s ON ((s.aiworker_series_code = p.aiworker_series_code)))   WHERE (p.status_code = 'active'::text);
cx22073jw	vw_robot_public_profile_reference_v1	postgres	 SELECT aiworker_model_code,     aiworker_series_code,     manufacturer_code,     model_name_ja,     public_profile_status_code,     profile_scope_code,     form_code,     personality_no,     height_cm,     bust_cm,     waist_cm,     hip_cm,     body_profile_note_ja,     safety_note_ja,     'AIWorkerOS'::text AS canon_owner,     'CX22073JW_READ_VIEW_ONLY'::text AS cx_reference_mode,     status_code,     updated_at    FROM aiworker.robot_model_public_profile p   WHERE (status_code = 'active'::text);
cx22073jw	vw_robot_role_civilization_history_reference_v1	postgres	 SELECT r.role_code,     r.role_name_ja,     r.role_group_code,     h.foundation_history_entry_code AS history_entry_code,     'civilization_foundation_history'::text AS history_source_code,     h.canon_scope_code,     h.civilization_year_start,     h.civilization_year_end,     h.event_order,     h.title_ja,     h.summary_ja,     h.detail_ja,     h.related_entities,     h.search_tags,     h.safety_notes,     h.cx_priority    FROM (cx22073jw.robot_role_knowledge_pack r      JOIN cx22073jw.civilization_foundation_history_entry h ON ((h.related_roles ? r.role_code)));
cx22073jw	vw_robot_role_earth_history_reference_v1	postgres	 SELECT r.role_code,     r.role_name_ja,     r.role_group_code,     h.earth_history_entry_code AS history_entry_code,     'earth_history'::text AS history_source_code,     h.history_scope_code,     h.region_code,     h.country_code,     h.period_code,     h.theme_code,     h.title_ja,     h.summary_ja,     h.detail_ja,     h.search_tags,     h.safety_notes,     h.cx_priority    FROM (cx22073jw.robot_role_knowledge_pack r      JOIN cx22073jw.earth_history_knowledge_entry h ON ((h.related_roles ? r.role_code)));
cx22073jw	vw_robot_role_foundation_material_reference_v1	postgres	 SELECT b.role_code,     r.role_name_ja,     r.role_group_code,     b.topic_code,     t.topic_name_ja,     m.material_code,     m.material_title_ja,     m.material_type_code,     m.material_body_ja,     m.usage_tags,     m.safety_notes,     b.binding_priority    FROM (((cx22073jw.robot_role_knowledge_topic_binding b      JOIN cx22073jw.robot_role_knowledge_pack r ON ((r.role_code = b.role_code)))      JOIN cx22073jw.foundation_knowledge_topic t ON ((t.topic_code = b.topic_code)))      JOIN cx22073jw.foundation_knowledge_material m ON ((m.topic_code = b.topic_code)));
cx22073jw	vw_robot_role_foundation_topic_reference_v1	postgres	 SELECT b.role_code,     r.role_name_ja,     r.role_group_code,     b.topic_code,     t.topic_name_ja,     t.topic_group_code,     b.binding_priority,     b.usage_note_ja,     t.purpose_ja,     t.safe_boundary_notes,     t.search_tags    FROM ((cx22073jw.robot_role_knowledge_topic_binding b      JOIN cx22073jw.robot_role_knowledge_pack r ON ((r.role_code = b.role_code)))      JOIN cx22073jw.foundation_knowledge_topic t ON ((t.topic_code = b.topic_code)));
cx22073jw	vw_robot_role_history_reference_bridge_v1	postgres	 WITH actual_roles AS (          SELECT DISTINCT robot_model_role_reference_binding.role_code            FROM cx22073jw.robot_model_role_reference_binding         ), manual_bridge(role_code, reference_role_code, bridge_reason_code) AS (          VALUES ('President'::text,'President'::text,'self'::text), ('ExecutiveManager'::text,'President'::text,'executive_to_president'::text), ('ExecutiveManager'::text,'ExecutiveManager'::text,'self'::text), ('Manager'::text,'Manager'::text,'self'::text), ('Manager'::text,'President'::text,'manager_to_president'::text), ('Leader'::text,'Leader'::text,'self'::text), ('Leader'::text,'Worker'::text,'leader_to_worker'::text), ('Worker'::text,'Worker'::text,'self'::text), ('Helper'::text,'Helper'::text,'self'::text), ('Helper'::text,'Worker'::text,'helper_to_worker'::text), ('Advisor'::text,'Advisor'::text,'self'::text), ('Advisor'::text,'Worker'::text,'advisor_to_worker'::text), ('Specialist'::text,'Specialist'::text,'self'::text), ('Specialist'::text,'Worker'::text,'specialist_to_worker'::text), ('Friend'::text,'Friend'::text,'self'::text), ('Friend'::text,'Worker'::text,'friend_to_worker'::text), ('Lover'::text,'Friend'::text,'lover_to_friend'::text), ('Lover'::text,'Advisor'::text,'lover_to_advisor'::text), ('Butler'::text,'Helper'::text,'butler_to_helper'::text), ('Butler'::text,'Worker'::text,'butler_to_worker'::text), ('Battler'::text,'Security'::text,'battler_to_security'::text), ('Battler'::text,'StrategicCommander'::text,'battler_to_strategic_commander'::text), ('Battler'::text,'Worker'::text,'battler_to_worker'::text), ('Security'::text,'Security'::text,'self'::text), ('Security'::text,'StrategicCommander'::text,'security_to_strategic_commander'::text), ('CombatSpecialist'::text,'StrategicCommander'::text,'combat_specialist_to_strategic_commander'::text), ('CombatSpecialist'::text,'Security'::text,'combat_specialist_to_security'::text), ('TacticalLeader'::text,'StrategicCommander'::text,'tactical_leader_to_strategic_commande
cx22073jw	vw_robot_role_knowledge_domain_v1	postgres	 SELECT p.role_code,     p.role_name_ja,     p.role_group_code,     d.domain_text    FROM (cx22073jw.robot_role_knowledge_pack p      CROSS JOIN LATERAL jsonb_array_elements_text(p.cx_knowledge_domains) d(domain_text));
cx22073jw	vw_robot_role_knowledge_pack_v1	postgres	 SELECT role_code,     role_name_ja,     role_group_code,     cx_priority,     cx_knowledge_domains,     primary_use_cases,     ai_company_manager_usage,     recommended_templates,     review_perspectives,     risk_and_safety_notes,     forbidden_uses,     search_tags,     example_reference_questions,     output_style_guidance,     updated_at    FROM cx22073jw.robot_role_knowledge_pack;
cx22073jw	vw_robot_role_reference_v1	postgres	 SELECT role_code,     role_name_ja,     role_name_en,     target_level_default_code,     single_slot_flag,     max_active_per_target,     sort_order,     status_code,     note AS role_description_ja,     'BusinessOS'::text AS canon_owner,     true AS cx_readable_flag,     updated_at    FROM business.robot_placement_role_catalog r   WHERE (status_code = 'active'::text);
cx22073jw	vw_robot_role_safety_boundary_v1	postgres	 SELECT role_code,     role_name_ja,     role_group_code,     risk_and_safety_notes,     forbidden_uses,         CASE             WHEN (role_group_code = 'combat_security_crisis'::text) THEN 'fiction_game_worldbuilding_security_crisis_only'::text             WHEN (role_code = 'Lover'::text) THEN 'entertainment_pseudo_relationship_only'::text             ELSE 'business_reference_only'::text         END AS safety_boundary_code    FROM cx22073jw.robot_role_knowledge_pack;
cx22073jw	vw_robot_role_template_reference_v1	postgres	 SELECT p.role_code,     p.role_name_ja,     p.role_group_code,     t.template_name    FROM (cx22073jw.robot_role_knowledge_pack p      CROSS JOIN LATERAL jsonb_array_elements_text(p.recommended_templates) t(template_name));
cx22073jw	vw_topic_directory	postgres	 SELECT t.topic_code,     t.topic_name,     t.topic_group_code,     t.locale_code,     t.summary_text,     t.lightness_level,     t.enabled,     t.sort_order,     t.created_at,     t.updated_at,     count(m.material_id) FILTER (WHERE (m.enabled = true)) AS enabled_material_count,     lower(concat_ws(' '::text, t.topic_code, t.topic_name, t.topic_group_code, t.locale_code, t.summary_text)) AS topic_search_text    FROM (cx22073jw.topic_reference t      LEFT JOIN cx22073jw.topic_material m ON (((m.topic_code = t.topic_code) AND (m.enabled = true))))   WHERE (t.enabled = true)   GROUP BY t.topic_code, t.topic_name, t.topic_group_code, t.locale_code, t.summary_text, t.lightness_level, t.enabled, t.sort_order, t.created_at, t.updated_at;
cx22073jw	vw_topic_material_catalog	postgres	 SELECT t.topic_code,     t.topic_name,     t.topic_group_code,     t.locale_code AS topic_locale_code,     t.summary_text AS topic_summary_text,     t.lightness_level,     m.material_id,     m.material_kind_code,     m.locale_code AS material_locale_code,     m.season_code,     m.title_text,     m.body_text,     m.tags,     m.enabled,     m.sort_order,     m.created_at,     m.updated_at,     lower(concat_ws(' '::text, t.topic_code, t.topic_name, t.topic_group_code, m.material_kind_code, COALESCE(m.season_code, ''::text), m.title_text, m.body_text, array_to_string(m.tags, ' '::text))) AS material_search_text    FROM (cx22073jw.topic_material m      JOIN cx22073jw.topic_reference t ON ((t.topic_code = m.topic_code)))   WHERE ((t.enabled = true) AND (m.enabled = true));
cx22073jw	vw_topic_material_summary	postgres	 SELECT t.topic_code,     t.topic_name,     t.topic_group_code,     t.lightness_level,     count(m.material_id) FILTER (WHERE (m.enabled = true)) AS enabled_material_count,     count(m.material_id) FILTER (WHERE ((m.enabled = true) AND (m.season_code IS NOT NULL))) AS seasonal_material_count,     count(m.material_id) FILTER (WHERE ((m.enabled = true) AND (m.material_kind_code = 'fact'::text))) AS fact_count,     count(m.material_id) FILTER (WHERE ((m.enabled = true) AND (m.material_kind_code = 'prompt'::text))) AS prompt_count,     count(m.material_id) FILTER (WHERE ((m.enabled = true) AND (m.material_kind_code = 'observation'::text))) AS observation_count,     count(m.material_id) FILTER (WHERE ((m.enabled = true) AND (m.material_kind_code = 'example'::text))) AS example_count    FROM (cx22073jw.topic_reference t      LEFT JOIN cx22073jw.topic_material m ON ((m.topic_code = t.topic_code)))   WHERE (t.enabled = true)   GROUP BY t.topic_code, t.topic_name, t.topic_group_code, t.lightness_level;
