Unstaged changes after reset:
D	01.civilization-os/08.civilization-portal-site/civilization-portal-site-web/.backup/20260416_183910_phase_p0_p4/app/access-denied/page.tsx
D	01.civilization-os/08.civilization-portal-site/civilization-portal-site-web/.backup/20260416_183910_phase_p0_p4/app/admin/page.tsx
D	01.civilization-os/08.civilization-portal-site/civilization-portal-site-web/.backup/20260416_183910_phase_p0_p4/app/auth/return/page.tsx
D	01.civilization-os/08.civilization-portal-site/civilization-portal-site-web/.backup/20260416_183910_phase_p0_p4/app/civilization/page.tsx
D	01.civilization-os/08.civilization-portal-site/civilization-portal-site-web/.backup/20260416_183910_phase_p0_p4/app/error/page.tsx
D	01.civilization-os/08.civilization-portal-site/civilization-portal-site-web/.backup/20260416_183910_phase_p0_p4/app/favicon.ico
D	01.civilization-os/08.civilization-portal-site/civilization-portal-site-web/.backup/20260416_183910_phase_p0_p4/app/globals.css
D	01.civilization-os/08.civilization-portal-site/civilization-portal-site-web/.backup/20260416_183910_phase_p0_p4/app/guide/page.tsx
D	01.civilization-os/08.civilization-portal-site/civilization-portal-site-web/.backup/20260416_183910_phase_p0_p4/app/layout.tsx
D	01.civilization-os/08.civilization-portal-site/civilization-portal-site-web/.backup/20260416_183910_phase_p0_p4/app/login/page.tsx
D	01.civilization-os/08.civilization-portal-site/civilization-portal-site-web/.backup/20260416_183910_phase_p0_p4/app/maintenance/page.tsx
D	01.civilization-os/08.civilization-portal-site/civilization-portal-site-web/.backup/20260416_183910_phase_p0_p4/app/me/launcher/page.tsx
D	01.civilization-os/08.civilization-portal-site/civilization-portal-site-web/.backup/20260416_183910_phase_p0_p4/app/os/[os_code]/page.tsx
D	01.civilization-os/08.civilization-portal-site/civilization-portal-site-web/.backup/20260416_183910_phase_p0_p4/app/os/page.tsx
D	01.civilization-os/08.civilization-portal-site/civilization-portal-site-web/.backup/20260416_183910_phase_p0_p4/app/page.tsx
D	01.civilization-os/08.civilization-portal-site/civilization-portal-site-web/.backup/20260416_183910_phase_p0_p4/app/signup/page.tsx
D	01.civilization-os/08.civilization-portal-site/civilization-portal-site-web/.backup/20260416_183910_phase_p0_p4/components/common/page-title-block.tsx
D	01.civilization-os/08.civilization-portal-site/civilization-portal-site-web/.backup/20260416_183910_phase_p0_p4/components/feedback/status-message.tsx
D	01.civilization-os/08.civilization-portal-site/civilization-portal-site-web/.backup/20260416_183910_phase_p0_p4/components/layout/global-footer.tsx
D	01.civilization-os/08.civilization-portal-site/civilization-portal-site-web/.backup/20260416_183910_phase_p0_p4/components/navigation/global-header.tsx
D	01.civilization-os/08.civilization-portal-site/civilization-portal-site-web/.backup/20260416_183910_phase_p0_p4/lib/routing/routes.ts
D	01.civilization-os/08.civilization-portal-site/civilization-portal-site-web/.backup/20260416_183910_phase_p0_p4/mocks/os/catalog.ts
D	01.civilization-os/08.civilization-portal-site/civilization-portal-site-web/.backup/20260416_183910_phase_p0_p4/types/decision/entry-decision.ts
D	01.civilization-os/08.civilization-portal-site/civilization-portal-site-web/.backup/20260416_183910_phase_p0_p4/types/os/os-catalog.ts
D	01.civilization-os/08.civilization-portal-site/civilization-portal-site-web/.backup/20260416_203412_phase_p5_exact_payload/features/auth-entry/auth-return-page.tsx
D	01.civilization-os/08.civilization-portal-site/civilization-portal-site-web/.backup/20260416_203412_phase_p5_exact_payload/features/auth-entry/login-entry-page.tsx
D	01.civilization-os/08.civilization-portal-site/civilization-portal-site-web/.backup/20260416_203412_phase_p5_exact_payload/features/auth-entry/signup-entry-page.tsx
D	01.civilization-os/08.civilization-portal-site/civilization-portal-site-web/.backup/20260416_203412_phase_p5_exact_payload/features/launcher/launcher-page.tsx
D	01.civilization-os/08.civilization-portal-site/civilization-portal-site-web/.backup/20260416_203412_phase_p5_exact_payload/features/os-catalog/os-detail-page.tsx
D	01.civilization-os/08.civilization-portal-site/civilization-portal-site-web/.backup/20260416_203412_phase_p5_exact_payload/lib/routing/routes.ts
D	01.civilization-os/08.civilization-portal-site/civilization-portal-site-web/.backup/20260416_203412_phase_p5_exact_payload/services/civilization-auth/mock-session.ts
D	01.civilization-os/08.civilization-portal-site/civilization-portal-site-web/.backup/20260416_203412_phase_p5_exact_payload/types/auth.ts
D	01.civilization-os/08.civilization-portal-site/civilization-portal-site-web/.backup/20260416_203412_phase_p5_exact_payload/types/decision.ts
D	01.civilization-os/08.civilization-portal-site/civilization-portal-site-web/.backup/20260416_203412_phase_p5_exact_payload/types/decision/entry-decision.ts
D	01.civilization-os/08.civilization-portal-site/civilization-portal-site-web/.backup/20260416_203412_phase_p5_exact_payload/types/os.ts
D	01.civilization-os/08.civilization-portal-site/civilization-portal-site-web/.backup/20260416_203412_phase_p5_exact_payload/types/os/os-catalog.ts
D	01.civilization-os/08.civilization-portal-site/civilization-portal-site-web/.backup/20260416_204655_phase_p6_auth_bridge/config/site.ts
D	01.civilization-os/08.civilization-portal-site/civilization-portal-site-web/.backup/20260416_204655_phase_p6_auth_bridge/features/auth-entry/auth-return-page.tsx
D	01.civilization-os/08.civilization-portal-site/civilization-portal-site-web/.backup/20260416_204655_phase_p6_auth_bridge/features/auth-entry/login-entry-page.tsx
D	01.civilization-os/08.civilization-portal-site/civilization-portal-site-web/.backup/20260416_204655_phase_p6_auth_bridge/features/auth-entry/signup-entry-page.tsx
D	01.civilization-os/08.civilization-portal-site/civilization-portal-site-web/.backup/20260416_204655_phase_p6_auth_bridge/features/launcher/launcher-page.tsx
D	01.civilization-os/08.civilization-portal-site/civilization-portal-site-web/.backup/20260416_204655_phase_p6_auth_bridge/features/os-catalog/os-detail-page.tsx
D	01.civilization-os/08.civilization-portal-site/civilization-portal-site-web/.backup/20260416_204655_phase_p6_auth_bridge/services/civilization-auth/mock-session.ts
D	01.civilization-os/08.civilization-portal-site/civilization-portal-site-web/.backup/20260416_204655_phase_p6_auth_bridge/types/auth.ts
D	01.civilization-os/08.civilization-portal-site/civilization-portal-site-web/.backup/20260416_204655_phase_p6_auth_bridge/types/decision.ts
D	01.civilization-os/08.civilization-portal-site/civilization-portal-site-web/.backup/20260416_204655_phase_p6_auth_bridge/types/decision/entry-decision.ts
D	01.civilization-os/08.civilization-portal-site/civilization-portal-site-web/.backup/20260416_204655_phase_p6_auth_bridge/types/os.ts
D	01.civilization-os/08.civilization-portal-site/civilization-portal-site-web/.backup/20260416_204655_phase_p6_auth_bridge/types/os/os-catalog.ts
D	01.civilization-os/08.civilization-portal-site/civilization-portal-site-web/.backup/20260416_204655_phase_p6_auth_bridge/types/portal-api.ts
D	01.civilization-os/08.civilization-portal-site/civilization-portal-site-web/.backup/20260416_210013_phase_p7_notice_maintenance_listing/app/admin/page.tsx
D	01.civilization-os/08.civilization-portal-site/civilization-portal-site-web/.backup/20260416_210013_phase_p7_notice_maintenance_listing/app/api/v1/portal/auth/login/route.ts
D	01.civilization-os/08.civilization-portal-site/civilization-portal-site-web/.backup/20260416_210013_phase_p7_notice_maintenance_listing/app/api/v1/portal/auth/signup/route.ts
D	01.civilization-os/08.civilization-portal-site/civilization-portal-site-web/.backup/20260416_210013_phase_p7_notice_maintenance_listing/app/api/v1/portal/launch/evaluate/route.ts
D	01.civilization-os/08.civilization-portal-site/civilization-portal-site-web/.backup/20260416_210013_phase_p7_notice_maintenance_listing/app/api/v1/portal/launch/matrix/route.ts
D	01.civilization-os/08.civilization-portal-site/civilization-portal-site-web/.backup/20260416_210013_phase_p7_notice_maintenance_listing/app/globals.css
D	01.civilization-os/08.civilization-portal-site/civilization-portal-site-web/.backup/20260416_210013_phase_p7_notice_maintenance_listing/app/maintenance/page.tsx
D	01.civilization-os/08.civilization-portal-site/civilization-portal-site-web/.backup/20260416_210013_phase_p7_notice_maintenance_listing/features/os-catalog/os-list-page.tsx
D	01.civilization-os/08.civilization-portal-site/civilization-portal-site-web/.backup/20260416_210013_phase_p7_notice_maintenance_listing/features/public-home/home-page.tsx
D	01.civilization-os/08.civilization-portal-site/civilization-portal-site-web/.backup/20260416_210013_phase_p7_notice_maintenance_listing/lib/routing/routes.ts
D	01.civilization-os/08.civilization-portal-site/civilization-portal-site-web/.backup/20260416_210013_phase_p7_notice_maintenance_listing/services/mock-server/api-meta.ts
D	01.civilization-os/08.civilization-portal-site/civilization-portal-site-web/.backup/20260416_210013_phase_p7_notice_maintenance_listing/services/mock-server/auth-mock.ts
D	01.civilization-os/08.civilization-portal-site/civilization-portal-site-web/.backup/20260416_210013_phase_p7_notice_maintenance_listing/services/mock-server/launch-mock.ts
D	01.civilization-os/08.civilization-portal-site/civilization-portal-site-web/.backup/20260416_210013_phase_p7_notice_maintenance_listing/services/portal-api/auth-client.ts
D	01.civilization-os/08.civilization-portal-site/civilization-portal-site-web/.backup/20260416_210013_phase_p7_notice_maintenance_listing/services/portal-api/fetch-json.ts
D	01.civilization-os/08.civilization-portal-site/civilization-portal-site-web/.backup/20260416_210013_phase_p7_notice_maintenance_listing/services/portal-api/launch-client.ts
D	01.civilization-os/08.civilization-portal-site/civilization-portal-site-web/.backup/20260416_210013_phase_p7_notice_maintenance_listing/types/auth.ts
D	01.civilization-os/08.civilization-portal-site/civilization-portal-site-web/.backup/20260416_210013_phase_p7_notice_maintenance_listing/types/bridge.ts
D	01.civilization-os/08.civilization-portal-site/civilization-portal-site-web/.backup/20260416_210013_phase_p7_notice_maintenance_listing/types/decision.ts
D	01.civilization-os/08.civilization-portal-site/civilization-portal-site-web/.backup/20260416_210013_phase_p7_notice_maintenance_listing/types/decision/entry-decision.ts
D	01.civilization-os/08.civilization-portal-site/civilization-portal-site-web/.backup/20260416_210013_phase_p7_notice_maintenance_listing/types/os.ts
D	01.civilization-os/08.civilization-portal-site/civilization-portal-site-web/.backup/20260416_210013_phase_p7_notice_maintenance_listing/types/os/os-catalog.ts
D	01.civilization-os/08.civilization-portal-site/civilization-portal-site-web/.backup/20260416_210013_phase_p7_notice_maintenance_listing/types/portal-api.ts
D	01.civilization-os/08.civilization-portal-site/civilization-portal-site-web/.backup/20260417_045833_phase_p8_admin_gate_audit/app/admin/page.tsx
D	01.civilization-os/08.civilization-portal-site/civilization-portal-site-web/.backup/20260417_045833_phase_p8_admin_gate_audit/app/api/v1/portal/admin/listing/list/route.ts
D	01.civilization-os/08.civilization-portal-site/civilization-portal-site-web/.backup/20260417_045833_phase_p8_admin_gate_audit/app/api/v1/portal/admin/listing/upsert/route.ts
D	01.civilization-os/08.civilization-portal-site/civilization-portal-site-web/.backup/20260417_045833_phase_p8_admin_gate_audit/app/api/v1/portal/admin/maintenance/list/route.ts
D	01.civilization-os/08.civilization-portal-site/civilization-portal-site-web/.backup/20260417_045833_phase_p8_admin_gate_audit/app/api/v1/portal/admin/maintenance/upsert/route.ts
D	01.civilization-os/08.civilization-portal-site/civilization-portal-site-web/.backup/20260417_045833_phase_p8_admin_gate_audit/app/api/v1/portal/admin/notices/list/route.ts
D	01.civilization-os/08.civilization-portal-site/civilization-portal-site-web/.backup/20260417_045833_phase_p8_admin_gate_audit/app/api/v1/portal/admin/notices/publish/route.ts
D	01.civilization-os/08.civilization-portal-site/civilization-portal-site-web/.backup/20260417_045833_phase_p8_admin_gate_audit/features/admin/admin-workspace-page.tsx
D	01.civilization-os/08.civilization-portal-site/civilization-portal-site-web/.backup/20260417_045833_phase_p8_admin_gate_audit/lib/routing/routes.ts
D	01.civilization-os/08.civilization-portal-site/civilization-portal-site-web/.backup/20260417_045833_phase_p8_admin_gate_audit/services/mock-server/admin-store.ts
D	01.civilization-os/08.civilization-portal-site/civilization-portal-site-web/.backup/20260417_045833_phase_p8_admin_gate_audit/services/mock-server/api-meta.ts
D	01.civilization-os/08.civilization-portal-site/civilization-portal-site-web/.backup/20260417_045833_phase_p8_admin_gate_audit/services/mock-server/auth-mock.ts
D	01.civilization-os/08.civilization-portal-site/civilization-portal-site-web/.backup/20260417_045833_phase_p8_admin_gate_audit/services/mock-server/launch-mock.ts
D	01.civilization-os/08.civilization-portal-site/civilization-portal-site-web/.backup/20260417_045833_phase_p8_admin_gate_audit/services/portal-api/admin-client.ts
D	01.civilization-os/08.civilization-portal-site/civilization-portal-site-web/.backup/20260417_045833_phase_p8_admin_gate_audit/services/portal-api/auth-client.ts
D	01.civilization-os/08.civilization-portal-site/civilization-portal-site-web/.backup/20260417_045833_phase_p8_admin_gate_audit/services/portal-api/content-client.ts
D	01.civilization-os/08.civilization-portal-site/civilization-portal-site-web/.backup/20260417_045833_phase_p8_admin_gate_audit/services/portal-api/fetch-json.ts
D	01.civilization-os/08.civilization-portal-site/civilization-portal-site-web/.backup/20260417_045833_phase_p8_admin_gate_audit/services/portal-api/launch-client.ts
D	01.civilization-os/08.civilization-portal-site/civilization-portal-site-web/.backup/20260417_045833_phase_p8_admin_gate_audit/types/portal-admin-api.ts
D	01.civilization-os/08.civilization-portal-site/civilization-portal-site-web/.backup/20260417_050931_phase_p9_navigation_manifest/app/api/v1/portal/admin/access/check/route.ts
D	01.civilization-os/08.civilization-portal-site/civilization-portal-site-web/.backup/20260417_050931_phase_p9_navigation_manifest/app/api/v1/portal/admin/audit/append/route.ts
D	01.civilization-os/08.civilization-portal-site/civilization-portal-site-web/.backup/20260417_050931_phase_p9_navigation_manifest/app/api/v1/portal/admin/audit/list/route.ts
D	01.civilization-os/08.civilization-portal-site/civilization-portal-site-web/.backup/20260417_050931_phase_p9_navigation_manifest/app/api/v1/portal/admin/listing/list/route.ts
D	01.civilization-os/08.civilization-portal-site/civilization-portal-site-web/.backup/20260417_050931_phase_p9_navigation_manifest/app/api/v1/portal/admin/listing/upsert/route.ts
D	01.civilization-os/08.civilization-portal-site/civilization-portal-site-web/.backup/20260417_050931_phase_p9_navigation_manifest/app/api/v1/portal/admin/maintenance/list/route.ts
D	01.civilization-os/08.civilization-portal-site/civilization-portal-site-web/.backup/20260417_050931_phase_p9_navigation_manifest/app/api/v1/portal/admin/maintenance/upsert/route.ts
D	01.civilization-os/08.civilization-portal-site/civilization-portal-site-web/.backup/20260417_050931_phase_p9_navigation_manifest/app/api/v1/portal/admin/notices/list/route.ts
D	01.civilization-os/08.civilization-portal-site/civilization-portal-site-web/.backup/20260417_050931_phase_p9_navigation_manifest/app/api/v1/portal/admin/notices/publish/route.ts
D	01.civilization-os/08.civilization-portal-site/civilization-portal-site-web/.backup/20260417_050931_phase_p9_navigation_manifest/app/api/v1/portal/public/listing/list/route.ts
D	01.civilization-os/08.civilization-portal-site/civilization-portal-site-web/.backup/20260417_050931_phase_p9_navigation_manifest/app/api/v1/portal/public/maintenance/list/route.ts
D	01.civilization-os/08.civilization-portal-site/civilization-portal-site-web/.backup/20260417_050931_phase_p9_navigation_manifest/app/api/v1/portal/public/notices/list/route.ts
D	01.civilization-os/08.civilization-portal-site/civilization-portal-site-web/.backup/20260417_050931_phase_p9_navigation_manifest/components/layout/global-footer.tsx
D	01.civilization-os/08.civilization-portal-site/civilization-portal-site-web/.backup/20260417_050931_phase_p9_navigation_manifest/components/navigation/global-header.tsx
D	01.civilization-os/08.civilization-portal-site/civilization-portal-site-web/.backup/20260417_050931_phase_p9_navigation_manifest/features/admin/admin-workspace-page.tsx
D	01.civilization-os/08.civilization-portal-site/civilization-portal-site-web/.backup/20260417_050931_phase_p9_navigation_manifest/lib/routing/routes.ts
D	01.civilization-os/08.civilization-portal-site/civilization-portal-site-web/.backup/20260417_050931_phase_p9_navigation_manifest/services/mock-server/admin-access.ts
D	01.civilization-os/08.civilization-portal-site/civilization-portal-site-web/.backup/20260417_050931_phase_p9_navigation_manifest/services/mock-server/admin-store.ts
D	01.civilization-os/08.civilization-portal-site/civilization-portal-site-web/.backup/20260417_050931_phase_p9_navigation_manifest/services/mock-server/api-meta.ts
D	01.civilization-os/08.civilization-portal-site/civilization-portal-site-web/.backup/20260417_050931_phase_p9_navigation_manifest/services/mock-server/audit-store.ts
D	01.civilization-os/08.civilization-portal-site/civilization-portal-site-web/.backup/20260417_050931_phase_p9_navigation_manifest/services/mock-server/auth-mock.ts
D	01.civilization-os/08.civilization-portal-site/civilization-portal-site-web/.backup/20260417_050931_phase_p9_navigation_manifest/services/mock-server/launch-mock.ts
D	01.civilization-os/08.civilization-portal-site/civilization-portal-site-web/.backup/20260417_050931_phase_p9_navigation_manifest/services/portal-api/admin-client.ts
D	01.civilization-os/08.civilization-portal-site/civilization-portal-site-web/.backup/20260417_050931_phase_p9_navigation_manifest/services/portal-api/admin-security-client.ts
D	01.civilization-os/08.civilization-portal-site/civilization-portal-site-web/.backup/20260417_050931_phase_p9_navigation_manifest/services/portal-api/auth-client.ts
D	01.civilization-os/08.civilization-portal-site/civilization-portal-site-web/.backup/20260417_050931_phase_p9_navigation_manifest/services/portal-api/content-client.ts
D	01.civilization-os/08.civilization-portal-site/civilization-portal-site-web/.backup/20260417_050931_phase_p9_navigation_manifest/services/portal-api/fetch-json.ts
D	01.civilization-os/08.civilization-portal-site/civilization-portal-site-web/.backup/20260417_050931_phase_p9_navigation_manifest/services/portal-api/launch-client.ts
D	01.civilization-os/08.civilization-portal-site/civilization-portal-site-web/.backup/20260417_050931_phase_p9_navigation_manifest/types/portal-admin-security-api.ts
D	01.civilization-os/08.civilization-portal-site/civilization-portal-site-web/.backup/20260417_050931_phase_p9_navigation_manifest/types/types/auth.ts
D	01.civilization-os/08.civilization-portal-site/civilization-portal-site-web/.backup/20260417_050931_phase_p9_navigation_manifest/types/types/bridge.ts
D	01.civilization-os/08.civilization-portal-site/civilization-portal-site-web/.backup/20260417_050931_phase_p9_navigation_manifest/types/types/decision.ts
D	01.civilization-os/08.civilization-portal-site/civilization-portal-site-web/.backup/20260417_050931_phase_p9_navigation_manifest/types/types/decision/entry-decision.ts
D	01.civilization-os/08.civilization-portal-site/civilization-portal-site-web/.backup/20260417_050931_phase_p9_navigation_manifest/types/types/os.ts
D	01.civilization-os/08.civilization-portal-site/civilization-portal-site-web/.backup/20260417_050931_phase_p9_navigation_manifest/types/types/os/os-catalog.ts
D	01.civilization-os/08.civilization-portal-site/civilization-portal-site-web/.backup/20260417_050931_phase_p9_navigation_manifest/types/types/portal-admin-api.ts
D	01.civilization-os/08.civilization-portal-site/civilization-portal-site-web/.backup/20260417_050931_phase_p9_navigation_manifest/types/types/portal-admin-security-api.ts
D	01.civilization-os/08.civilization-portal-site/civilization-portal-site-web/.backup/20260417_050931_phase_p9_navigation_manifest/types/types/portal-api.ts
D	01.civilization-os/08.civilization-portal-site/civilization-portal-site-web/.backup/20260417_055614_phase_p10_cms_page_section_block/app/api/v1/portal/admin/access/check/route.ts
D	01.civilization-os/08.civilization-portal-site/civilization-portal-site-web/.backup/20260417_055614_phase_p10_cms_page_section_block/app/api/v1/portal/admin/audit/append/route.ts
D	01.civilization-os/08.civilization-portal-site/civilization-portal-site-web/.backup/20260417_055614_phase_p10_cms_page_section_block/app/api/v1/portal/admin/audit/list/route.ts
D	01.civilization-os/08.civilization-portal-site/civilization-portal-site-web/.backup/20260417_055614_phase_p10_cms_page_section_block/app/api/v1/portal/admin/listing/list/route.ts
D	01.civilization-os/08.civilization-portal-site/civilization-portal-site-web/.backup/20260417_055614_phase_p10_cms_page_section_block/app/api/v1/portal/admin/listing/upsert/route.ts
D	01.civilization-os/08.civilization-portal-site/civilization-portal-site-web/.backup/20260417_055614_phase_p10_cms_page_section_block/app/api/v1/portal/admin/maintenance/list/route.ts
D	01.civilization-os/08.civilization-portal-site/civilization-portal-site-web/.backup/20260417_055614_phase_p10_cms_page_section_block/app/api/v1/portal/admin/maintenance/upsert/route.ts
D	01.civilization-os/08.civilization-portal-site/civilization-portal-site-web/.backup/20260417_055614_phase_p10_cms_page_section_block/app/api/v1/portal/admin/navigation/manifest/list/route.ts
D	01.civilization-os/08.civilization-portal-site/civilization-portal-site-web/.backup/20260417_055614_phase_p10_cms_page_section_block/app/api/v1/portal/admin/navigation/manifest/upsert/route.ts
D	01.civilization-os/08.civilization-portal-site/civilization-portal-site-web/.backup/20260417_055614_phase_p10_cms_page_section_block/app/api/v1/portal/admin/notices/list/route.ts
D	01.civilization-os/08.civilization-portal-site/civilization-portal-site-web/.backup/20260417_055614_phase_p10_cms_page_section_block/app/api/v1/portal/admin/notices/publish/route.ts
D	01.civilization-os/08.civilization-portal-site/civilization-portal-site-web/.backup/20260417_055614_phase_p10_cms_page_section_block/app/api/v1/portal/public/listing/list/route.ts
D	01.civilization-os/08.civilization-portal-site/civilization-portal-site-web/.backup/20260417_055614_phase_p10_cms_page_section_block/app/api/v1/portal/public/maintenance/list/route.ts
D	01.civilization-os/08.civilization-portal-site/civilization-portal-site-web/.backup/20260417_055614_phase_p10_cms_page_section_block/app/api/v1/portal/public/navigation/manifest/list/route.ts
D	01.civilization-os/08.civilization-portal-site/civilization-portal-site-web/.backup/20260417_055614_phase_p10_cms_page_section_block/app/api/v1/portal/public/navigation/menu/resolve/route.ts
D	01.civilization-os/08.civilization-portal-site/civilization-portal-site-web/.backup/20260417_055614_phase_p10_cms_page_section_block/app/api/v1/portal/public/notices/list/route.ts
D	01.civilization-os/08.civilization-portal-site/civilization-portal-site-web/.backup/20260417_055614_phase_p10_cms_page_section_block/components/common/page-title-block.tsx
D	01.civilization-os/08.civilization-portal-site/civilization-portal-site-web/.backup/20260417_055614_phase_p10_cms_page_section_block/features/admin/admin-workspace-page.tsx
D	01.civilization-os/08.civilization-portal-site/civilization-portal-site-web/.backup/20260417_055614_phase_p10_cms_page_section_block/features/public-home/civilization-page.tsx
D	01.civilization-os/08.civilization-portal-site/civilization-portal-site-web/.backup/20260417_055614_phase_p10_cms_page_section_block/features/public-home/guide-page.tsx
D	01.civilization-os/08.civilization-portal-site/civilization-portal-site-web/.backup/20260417_055614_phase_p10_cms_page_section_block/features/public-home/home-page.tsx
D	01.civilization-os/08.civilization-portal-site/civilization-portal-site-web/.backup/20260417_055614_phase_p10_cms_page_section_block/lib/routing/routes.ts
D	01.civilization-os/08.civilization-portal-site/civilization-portal-site-web/.backup/20260417_055614_phase_p10_cms_page_section_block/services/mock-server/admin-access.ts
D	01.civilization-os/08.civilization-portal-site/civilization-portal-site-web/.backup/20260417_055614_phase_p10_cms_page_section_block/services/mock-server/admin-store.ts
D	01.civilization-os/08.civilization-portal-site/civilization-portal-site-web/.backup/20260417_055614_phase_p10_cms_page_section_block/services/mock-server/api-meta.ts
D	01.civilization-os/08.civilization-portal-site/civilization-portal-site-web/.backup/20260417_055614_phase_p10_cms_page_section_block/services/mock-server/audit-store.ts
D	01.civilization-os/08.civilization-portal-site/civilization-portal-site-web/.backup/20260417_055614_phase_p10_cms_page_section_block/services/mock-server/auth-mock.ts
D	01.civilization-os/08.civilization-portal-site/civilization-portal-site-web/.backup/20260417_055614_phase_p10_cms_page_section_block/services/mock-server/launch-mock.ts
D	01.civilization-os/08.civilization-portal-site/civilization-portal-site-web/.backup/20260417_055614_phase_p10_cms_page_section_block/services/mock-server/navigation-store.ts
D	01.civilization-os/08.civilization-portal-site/civilization-portal-site-web/.backup/20260417_055614_phase_p10_cms_page_section_block/services/portal-api/admin-client.ts
D	01.civilization-os/08.civilization-portal-site/civilization-portal-site-web/.backup/20260417_055614_phase_p10_cms_page_section_block/services/portal-api/admin-security-client.ts
D	01.civilization-os/08.civilization-portal-site/civilization-portal-site-web/.backup/20260417_055614_phase_p10_cms_page_section_block/services/portal-api/auth-client.ts
D	01.civilization-os/08.civilization-portal-site/civilization-portal-site-web/.backup/20260417_055614_phase_p10_cms_page_section_block/services/portal-api/content-client.ts
D	01.civilization-os/08.civilization-portal-site/civilization-portal-site-web/.backup/20260417_055614_phase_p10_cms_page_section_block/services/portal-api/fetch-json.ts
D	01.civilization-os/08.civilization-portal-site/civilization-portal-site-web/.backup/20260417_055614_phase_p10_cms_page_section_block/services/portal-api/launch-client.ts
D	01.civilization-os/08.civilization-portal-site/civilization-portal-site-web/.backup/20260417_055614_phase_p10_cms_page_section_block/services/portal-api/navigation-client.ts
D	01.civilization-os/08.civilization-portal-site/civilization-portal-site-web/.backup/20260417_055614_phase_p10_cms_page_section_block/types/auth.ts
D	01.civilization-os/08.civilization-portal-site/civilization-portal-site-web/.backup/20260417_055614_phase_p10_cms_page_section_block/types/bridge.ts
D	01.civilization-os/08.civilization-portal-site/civilization-portal-site-web/.backup/20260417_055614_phase_p10_cms_page_section_block/types/decision.ts
D	01.civilization-os/08.civilization-portal-site/civilization-portal-site-web/.backup/20260417_055614_phase_p10_cms_page_section_block/types/decision/entry-decision.ts
D	01.civilization-os/08.civilization-portal-site/civilization-portal-site-web/.backup/20260417_055614_phase_p10_cms_page_section_block/types/os.ts
D	01.civilization-os/08.civilization-portal-site/civilization-portal-site-web/.backup/20260417_055614_phase_p10_cms_page_section_block/types/os/os-catalog.ts
D	01.civilization-os/08.civilization-portal-site/civilization-portal-site-web/.backup/20260417_055614_phase_p10_cms_page_section_block/types/portal-admin-api.ts
D	01.civilization-os/08.civilization-portal-site/civilization-portal-site-web/.backup/20260417_055614_phase_p10_cms_page_section_block/types/portal-admin-security-api.ts
D	01.civilization-os/08.civilization-portal-site/civilization-portal-site-web/.backup/20260417_055614_phase_p10_cms_page_section_block/types/portal-api.ts
D	01.civilization-os/08.civilization-portal-site/civilization-portal-site-web/.backup/20260417_055614_phase_p10_cms_page_section_block/types/portal-navigation-api.ts
D	01.civilization-os/08.civilization-portal-site/civilization-portal-site-web/.backup/20260417_125132_phase_p11_asset_manifest/app/api/v1/portal/admin/access/check/route.ts
D	01.civilization-os/08.civilization-portal-site/civilization-portal-site-web/.backup/20260417_125132_phase_p11_asset_manifest/app/api/v1/portal/admin/audit/append/route.ts
D	01.civilization-os/08.civilization-portal-site/civilization-portal-site-web/.backup/20260417_125132_phase_p11_asset_manifest/app/api/v1/portal/admin/audit/list/route.ts
D	01.civilization-os/08.civilization-portal-site/civilization-portal-site-web/.backup/20260417_125132_phase_p11_asset_manifest/app/api/v1/portal/admin/cms/page/list/route.ts
D	01.civilization-os/08.civilization-portal-site/civilization-portal-site-web/.backup/20260417_125132_phase_p11_asset_manifest/app/api/v1/portal/admin/cms/page/upsert/route.ts
D	01.civilization-os/08.civilization-portal-site/civilization-portal-site-web/.backup/20260417_125132_phase_p11_asset_manifest/app/api/v1/portal/admin/listing/list/route.ts
D	01.civilization-os/08.civilization-portal-site/civilization-portal-site-web/.backup/20260417_125132_phase_p11_asset_manifest/app/api/v1/portal/admin/listing/upsert/route.ts
D	01.civilization-os/08.civilization-portal-site/civilization-portal-site-web/.backup/20260417_125132_phase_p11_asset_manifest/app/api/v1/portal/admin/maintenance/list/route.ts
D	01.civilization-os/08.civilization-portal-site/civilization-portal-site-web/.backup/20260417_125132_phase_p11_asset_manifest/app/api/v1/portal/admin/maintenance/upsert/route.ts
D	01.civilization-os/08.civilization-portal-site/civilization-portal-site-web/.backup/20260417_125132_phase_p11_asset_manifest/app/api/v1/portal/admin/navigation/manifest/list/route.ts
D	01.civilization-os/08.civilization-portal-site/civilization-portal-site-web/.backup/20260417_125132_phase_p11_asset_manifest/app/api/v1/portal/admin/navigation/manifest/upsert/route.ts
D	01.civilization-os/08.civilization-portal-site/civilization-portal-site-web/.backup/20260417_125132_phase_p11_asset_manifest/app/api/v1/portal/admin/notices/list/route.ts
D	01.civilization-os/08.civilization-portal-site/civilization-portal-site-web/.backup/20260417_125132_phase_p11_asset_manifest/app/api/v1/portal/admin/notices/publish/route.ts
D	01.civilization-os/08.civilization-portal-site/civilization-portal-site-web/.backup/20260417_125132_phase_p11_asset_manifest/app/api/v1/portal/public/cms/page/get/route.ts
D	01.civilization-os/08.civilization-portal-site/civilization-portal-site-web/.backup/20260417_125132_phase_p11_asset_manifest/app/api/v1/portal/public/listing/list/route.ts
D	01.civilization-os/08.civilization-portal-site/civilization-portal-site-web/.backup/20260417_125132_phase_p11_asset_manifest/app/api/v1/portal/public/maintenance/list/route.ts
D	01.civilization-os/08.civilization-portal-site/civilization-portal-site-web/.backup/20260417_125132_phase_p11_asset_manifest/app/api/v1/portal/public/navigation/manifest/list/route.ts
D	01.civilization-os/08.civilization-portal-site/civilization-portal-site-web/.backup/20260417_125132_phase_p11_asset_manifest/app/api/v1/portal/public/navigation/menu/resolve/route.ts
D	01.civilization-os/08.civilization-portal-site/civilization-portal-site-web/.backup/20260417_125132_phase_p11_asset_manifest/app/api/v1/portal/public/notices/list/route.ts
D	01.civilization-os/08.civilization-portal-site/civilization-portal-site-web/.backup/20260417_125132_phase_p11_asset_manifest/app/globals.css
D	01.civilization-os/08.civilization-portal-site/civilization-portal-site-web/.backup/20260417_125132_phase_p11_asset_manifest/components/common/cms-section-renderer.tsx
D	01.civilization-os/08.civilization-portal-site/civilization-portal-site-web/.backup/20260417_125132_phase_p11_asset_manifest/components/common/page-title-block.tsx
D	01.civilization-os/08.civilization-portal-site/civilization-portal-site-web/.backup/20260417_125132_phase_p11_asset_manifest/features/admin/admin-cms-page-panel.tsx
D	01.civilization-os/08.civilization-portal-site/civilization-portal-site-web/.backup/20260417_125132_phase_p11_asset_manifest/features/admin/admin-workspace-page.tsx
D	01.civilization-os/08.civilization-portal-site/civilization-portal-site-web/.backup/20260417_125132_phase_p11_asset_manifest/features/public-home/civilization-page.tsx
D	01.civilization-os/08.civilization-portal-site/civilization-portal-site-web/.backup/20260417_125132_phase_p11_asset_manifest/features/public-home/guide-page.tsx
D	01.civilization-os/08.civilization-portal-site/civilization-portal-site-web/.backup/20260417_125132_phase_p11_asset_manifest/features/public-home/home-page.tsx
D	01.civilization-os/08.civilization-portal-site/civilization-portal-site-web/.backup/20260417_125132_phase_p11_asset_manifest/lib/routing/routes.ts
D	01.civilization-os/08.civilization-portal-site/civilization-portal-site-web/.backup/20260417_125132_phase_p11_asset_manifest/mocks/cms/seed-pages.ts
D	01.civilization-os/08.civilization-portal-site/civilization-portal-site-web/.backup/20260417_125132_phase_p11_asset_manifest/services/mock-server/admin-access.ts
D	01.civilization-os/08.civilization-portal-site/civilization-portal-site-web/.backup/20260417_125132_phase_p11_asset_manifest/services/mock-server/admin-store.ts
D	01.civilization-os/08.civilization-portal-site/civilization-portal-site-web/.backup/20260417_125132_phase_p11_asset_manifest/services/mock-server/api-meta.ts
D	01.civilization-os/08.civilization-portal-site/civilization-portal-site-web/.backup/20260417_125132_phase_p11_asset_manifest/services/mock-server/audit-store.ts
D	01.civilization-os/08.civilization-portal-site/civilization-portal-site-web/.backup/20260417_125132_phase_p11_asset_manifest/services/mock-server/auth-mock.ts
D	01.civilization-os/08.civilization-portal-site/civilization-portal-site-web/.backup/20260417_125132_phase_p11_asset_manifest/services/mock-server/cms-store.ts
D	01.civilization-os/08.civilization-portal-site/civilization-portal-site-web/.backup/20260417_125132_phase_p11_asset_manifest/services/mock-server/launch-mock.ts
D	01.civilization-os/08.civilization-portal-site/civilization-portal-site-web/.backup/20260417_125132_phase_p11_asset_manifest/services/mock-server/navigation-store.ts
D	01.civilization-os/08.civilization-portal-site/civilization-portal-site-web/.backup/20260417_125132_phase_p11_asset_manifest/services/portal-api/admin-client.ts
D	01.civilization-os/08.civilization-portal-site/civilization-portal-site-web/.backup/20260417_125132_phase_p11_asset_manifest/services/portal-api/admin-security-client.ts
D	01.civilization-os/08.civilization-portal-site/civilization-portal-site-web/.backup/20260417_125132_phase_p11_asset_manifest/services/portal-api/auth-client.ts
D	01.civilization-os/08.civilization-portal-site/civilization-portal-site-web/.backup/20260417_125132_phase_p11_asset_manifest/services/portal-api/cms-client.ts
D	01.civilization-os/08.civilization-portal-site/civilization-portal-site-web/.backup/20260417_125132_phase_p11_asset_manifest/services/portal-api/content-client.ts
D	01.civilization-os/08.civilization-portal-site/civilization-portal-site-web/.backup/20260417_125132_phase_p11_asset_manifest/services/portal-api/fetch-json.ts
D	01.civilization-os/08.civilization-portal-site/civilization-portal-site-web/.backup/20260417_125132_phase_p11_asset_manifest/services/portal-api/launch-client.ts
D	01.civilization-os/08.civilization-portal-site/civilization-portal-site-web/.backup/20260417_125132_phase_p11_asset_manifest/services/portal-api/navigation-client.ts
D	01.civilization-os/08.civilization-portal-site/civilization-portal-site-web/.backup/20260417_125132_phase_p11_asset_manifest/types/auth.ts
D	01.civilization-os/08.civilization-portal-site/civilization-portal-site-web/.backup/20260417_125132_phase_p11_asset_manifest/types/bridge.ts
D	01.civilization-os/08.civilization-portal-site/civilization-portal-site-web/.backup/20260417_125132_phase_p11_asset_manifest/types/decision.ts
D	01.civilization-os/08.civilization-portal-site/civilization-portal-site-web/.backup/20260417_125132_phase_p11_asset_manifest/types/decision/entry-decision.ts
D	01.civilization-os/08.civilization-portal-site/civilization-portal-site-web/.backup/20260417_125132_phase_p11_asset_manifest/types/os.ts
D	01.civilization-os/08.civilization-portal-site/civilization-portal-site-web/.backup/20260417_125132_phase_p11_asset_manifest/types/os/os-catalog.ts
D	01.civilization-os/08.civilization-portal-site/civilization-portal-site-web/.backup/20260417_125132_phase_p11_asset_manifest/types/portal-admin-api.ts
D	01.civilization-os/08.civilization-portal-site/civilization-portal-site-web/.backup/20260417_125132_phase_p11_asset_manifest/types/portal-admin-security-api.ts
D	01.civilization-os/08.civilization-portal-site/civilization-portal-site-web/.backup/20260417_125132_phase_p11_asset_manifest/types/portal-api.ts
D	01.civilization-os/08.civilization-portal-site/civilization-portal-site-web/.backup/20260417_125132_phase_p11_asset_manifest/types/portal-cms-api.ts
D	01.civilization-os/08.civilization-portal-site/civilization-portal-site-web/.backup/20260417_125132_phase_p11_asset_manifest/types/portal-navigation-api.ts
D	01.civilization-os/08.civilization-portal-site/civilization-portal-site-web/.backup/20260418_073455_phase_p12_seo_metadata/app/api/v1/portal/admin/access/check/route.ts
D	01.civilization-os/08.civilization-portal-site/civilization-portal-site-web/.backup/20260418_073455_phase_p12_seo_metadata/app/api/v1/portal/admin/asset/manifest/list/route.ts
D	01.civilization-os/08.civilization-portal-site/civilization-portal-site-web/.backup/20260418_073455_phase_p12_seo_metadata/app/api/v1/portal/admin/asset/manifest/upsert/route.ts
D	01.civilization-os/08.civilization-portal-site/civilization-portal-site-web/.backup/20260418_073455_phase_p12_seo_metadata/app/api/v1/portal/admin/audit/append/route.ts
D	01.civilization-os/08.civilization-portal-site/civilization-portal-site-web/.backup/20260418_073455_phase_p12_seo_metadata/app/api/v1/portal/admin/audit/list/route.ts
D	01.civilization-os/08.civilization-portal-site/civilization-portal-site-web/.backup/20260418_073455_phase_p12_seo_metadata/app/api/v1/portal/admin/cms/page/list/route.ts
D	01.civilization-os/08.civilization-portal-site/civilization-portal-site-web/.backup/20260418_073455_phase_p12_seo_metadata/app/api/v1/portal/admin/cms/page/upsert/route.ts
D	01.civilization-os/08.civilization-portal-site/civilization-portal-site-web/.backup/20260418_073455_phase_p12_seo_metadata/app/api/v1/portal/admin/listing/list/route.ts
D	01.civilization-os/08.civilization-portal-site/civilization-portal-site-web/.backup/20260418_073455_phase_p12_seo_metadata/app/api/v1/portal/admin/listing/upsert/route.ts
D	01.civilization-os/08.civilization-portal-site/civilization-portal-site-web/.backup/20260418_073455_phase_p12_seo_metadata/app/api/v1/portal/admin/maintenance/list/route.ts
D	01.civilization-os/08.civilization-portal-site/civilization-portal-site-web/.backup/20260418_073455_phase_p12_seo_metadata/app/api/v1/portal/admin/maintenance/upsert/route.ts
D	01.civilization-os/08.civilization-portal-site/civilization-portal-site-web/.backup/20260418_073455_phase_p12_seo_metadata/app/api/v1/portal/admin/navigation/manifest/list/route.ts
D	01.civilization-os/08.civilization-portal-site/civilization-portal-site-web/.backup/20260418_073455_phase_p12_seo_metadata/app/api/v1/portal/admin/navigation/manifest/upsert/route.ts
D	01.civilization-os/08.civilization-portal-site/civilization-portal-site-web/.backup/20260418_073455_phase_p12_seo_metadata/app/api/v1/portal/admin/notices/list/route.ts
D	01.civilization-os/08.civilization-portal-site/civilization-portal-site-web/.backup/20260418_073455_phase_p12_seo_metadata/app/api/v1/portal/admin/notices/publish/route.ts
D	01.civilization-os/08.civilization-portal-site/civilization-portal-site-web/.backup/20260418_073455_phase_p12_seo_metadata/app/api/v1/portal/public/asset/manifest/list/route.ts
D	01.civilization-os/08.civilization-portal-site/civilization-portal-site-web/.backup/20260418_073455_phase_p12_seo_metadata/app/api/v1/portal/public/cms/page/get/route.ts
D	01.civilization-os/08.civilization-portal-site/civilization-portal-site-web/.backup/20260418_073455_phase_p12_seo_metadata/app/api/v1/portal/public/listing/list/route.ts
D	01.civilization-os/08.civilization-portal-site/civilization-portal-site-web/.backup/20260418_073455_phase_p12_seo_metadata/app/api/v1/portal/public/maintenance/list/route.ts
D	01.civilization-os/08.civilization-portal-site/civilization-portal-site-web/.backup/20260418_073455_phase_p12_seo_metadata/app/api/v1/portal/public/navigation/manifest/list/route.ts
D	01.civilization-os/08.civilization-portal-site/civilization-portal-site-web/.backup/20260418_073455_phase_p12_seo_metadata/app/api/v1/portal/public/navigation/menu/resolve/route.ts
D	01.civilization-os/08.civilization-portal-site/civilization-portal-site-web/.backup/20260418_073455_phase_p12_seo_metadata/app/api/v1/portal/public/notices/list/route.ts
D	01.civilization-os/08.civilization-portal-site/civilization-portal-site-web/.backup/20260418_073455_phase_p12_seo_metadata/app/civilization/page.tsx
D	01.civilization-os/08.civilization-portal-site/civilization-portal-site-web/.backup/20260418_073455_phase_p12_seo_metadata/app/guide/page.tsx
D	01.civilization-os/08.civilization-portal-site/civilization-portal-site-web/.backup/20260418_073455_phase_p12_seo_metadata/app/page.tsx
D	01.civilization-os/08.civilization-portal-site/civilization-portal-site-web/.backup/20260418_073455_phase_p12_seo_metadata/components/common/cms-section-renderer.tsx
D	01.civilization-os/08.civilization-portal-site/civilization-portal-site-web/.backup/20260418_073455_phase_p12_seo_metadata/components/common/page-title-block.tsx
D	01.civilization-os/08.civilization-portal-site/civilization-portal-site-web/.backup/20260418_073455_phase_p12_seo_metadata/features/admin/admin-workspace-page.tsx
D	01.civilization-os/08.civilization-portal-site/civilization-portal-site-web/.backup/20260418_073455_phase_p12_seo_metadata/features/public-home/civilization-page.tsx
D	01.civilization-os/08.civilization-portal-site/civilization-portal-site-web/.backup/20260418_073455_phase_p12_seo_metadata/features/public-home/guide-page.tsx
D	01.civilization-os/08.civilization-portal-site/civilization-portal-site-web/.backup/20260418_073455_phase_p12_seo_metadata/features/public-home/home-page.tsx
D	01.civilization-os/08.civilization-portal-site/civilization-portal-site-web/.backup/20260418_073455_phase_p12_seo_metadata/lib/routing/routes.ts
D	01.civilization-os/08.civilization-portal-site/civilization-portal-site-web/.backup/20260418_073455_phase_p12_seo_metadata/services/mock-server/admin-access.ts
D	01.civilization-os/08.civilization-portal-site/civilization-portal-site-web/.backup/20260418_073455_phase_p12_seo_metadata/services/mock-server/admin-store.ts
D	01.civilization-os/08.civilization-portal-site/civilization-portal-site-web/.backup/20260418_073455_phase_p12_seo_metadata/services/mock-server/api-meta.ts
D	01.civilization-os/08.civilization-portal-site/civilization-portal-site-web/.backup/20260418_073455_phase_p12_seo_metadata/services/mock-server/asset-store.ts
D	01.civilization-os/08.civilization-portal-site/civilization-portal-site-web/.backup/20260418_073455_phase_p12_seo_metadata/services/mock-server/audit-store.ts
D	01.civilization-os/08.civilization-portal-site/civilization-portal-site-web/.backup/20260418_073455_phase_p12_seo_metadata/services/mock-server/auth-mock.ts
D	01.civilization-os/08.civilization-portal-site/civilization-portal-site-web/.backup/20260418_073455_phase_p12_seo_metadata/services/mock-server/cms-store.ts
D	01.civilization-os/08.civilization-portal-site/civilization-portal-site-web/.backup/20260418_073455_phase_p12_seo_metadata/services/mock-server/launch-mock.ts
D	01.civilization-os/08.civilization-portal-site/civilization-portal-site-web/.backup/20260418_073455_phase_p12_seo_metadata/services/mock-server/navigation-store.ts
D	01.civilization-os/08.civilization-portal-site/civilization-portal-site-web/.backup/20260418_073455_phase_p12_seo_metadata/services/portal-api/admin-client.ts
D	01.civilization-os/08.civilization-portal-site/civilization-portal-site-web/.backup/20260418_073455_phase_p12_seo_metadata/services/portal-api/admin-security-client.ts
D	01.civilization-os/08.civilization-portal-site/civilization-portal-site-web/.backup/20260418_073455_phase_p12_seo_metadata/services/portal-api/asset-client.ts
D	01.civilization-os/08.civilization-portal-site/civilization-portal-site-web/.backup/20260418_073455_phase_p12_seo_metadata/services/portal-api/auth-client.ts
D	01.civilization-os/08.civilization-portal-site/civilization-portal-site-web/.backup/20260418_073455_phase_p12_seo_metadata/services/portal-api/cms-client.ts
D	01.civilization-os/08.civilization-portal-site/civilization-portal-site-web/.backup/20260418_073455_phase_p12_seo_metadata/services/portal-api/content-client.ts
D	01.civilization-os/08.civilization-portal-site/civilization-portal-site-web/.backup/20260418_073455_phase_p12_seo_metadata/services/portal-api/fetch-json.ts
D	01.civilization-os/08.civilization-portal-site/civilization-portal-site-web/.backup/20260418_073455_phase_p12_seo_metadata/services/portal-api/launch-client.ts
D	01.civilization-os/08.civilization-portal-site/civilization-portal-site-web/.backup/20260418_073455_phase_p12_seo_metadata/services/portal-api/navigation-client.ts
D	01.civilization-os/08.civilization-portal-site/civilization-portal-site-web/.backup/20260418_073455_phase_p12_seo_metadata/types/auth.ts
D	01.civilization-os/08.civilization-portal-site/civilization-portal-site-web/.backup/20260418_073455_phase_p12_seo_metadata/types/bridge.ts
D	01.civilization-os/08.civilization-portal-site/civilization-portal-site-web/.backup/20260418_073455_phase_p12_seo_metadata/types/decision.ts
D	01.civilization-os/08.civilization-portal-site/civilization-portal-site-web/.backup/20260418_073455_phase_p12_seo_metadata/types/decision/entry-decision.ts
D	01.civilization-os/08.civilization-portal-site/civilization-portal-site-web/.backup/20260418_073455_phase_p12_seo_metadata/types/os.ts
D	01.civilization-os/08.civilization-portal-site/civilization-portal-site-web/.backup/20260418_073455_phase_p12_seo_metadata/types/os/os-catalog.ts
D	01.civilization-os/08.civilization-portal-site/civilization-portal-site-web/.backup/20260418_073455_phase_p12_seo_metadata/types/portal-admin-api.ts
D	01.civilization-os/08.civilization-portal-site/civilization-portal-site-web/.backup/20260418_073455_phase_p12_seo_metadata/types/portal-admin-security-api.ts
D	01.civilization-os/08.civilization-portal-site/civilization-portal-site-web/.backup/20260418_073455_phase_p12_seo_metadata/types/portal-api.ts
D	01.civilization-os/08.civilization-portal-site/civilization-portal-site-web/.backup/20260418_073455_phase_p12_seo_metadata/types/portal-asset-api.ts
D	01.civilization-os/08.civilization-portal-site/civilization-portal-site-web/.backup/20260418_073455_phase_p12_seo_metadata/types/portal-cms-api.ts
D	01.civilization-os/08.civilization-portal-site/civilization-portal-site-web/.backup/20260418_073455_phase_p12_seo_metadata/types/portal-navigation-api.ts
D	01.civilization-os/08.civilization-portal-site/civilization-portal-site-web/.backup/20260420_175204_phase_p13_search_site_query/app/api/v1/portal/admin/access/check/route.ts
D	01.civilization-os/08.civilization-portal-site/civilization-portal-site-web/.backup/20260420_175204_phase_p13_search_site_query/app/api/v1/portal/admin/asset/manifest/list/route.ts
D	01.civilization-os/08.civilization-portal-site/civilization-portal-site-web/.backup/20260420_175204_phase_p13_search_site_query/app/api/v1/portal/admin/asset/manifest/upsert/route.ts
D	01.civilization-os/08.civilization-portal-site/civilization-portal-site-web/.backup/20260420_175204_phase_p13_search_site_query/app/api/v1/portal/admin/audit/append/route.ts
D	01.civilization-os/08.civilization-portal-site/civilization-portal-site-web/.backup/20260420_175204_phase_p13_search_site_query/app/api/v1/portal/admin/audit/list/route.ts
D	01.civilization-os/08.civilization-portal-site/civilization-portal-site-web/.backup/20260420_175204_phase_p13_search_site_query/app/api/v1/portal/admin/cms/page/list/route.ts
D	01.civilization-os/08.civilization-portal-site/civilization-portal-site-web/.backup/20260420_175204_phase_p13_search_site_query/app/api/v1/portal/admin/cms/page/upsert/route.ts
D	01.civilization-os/08.civilization-portal-site/civilization-portal-site-web/.backup/20260420_175204_phase_p13_search_site_query/app/api/v1/portal/admin/listing/list/route.ts
D	01.civilization-os/08.civilization-portal-site/civilization-portal-site-web/.backup/20260420_175204_phase_p13_search_site_query/app/api/v1/portal/admin/listing/upsert/route.ts
D	01.civilization-os/08.civilization-portal-site/civilization-portal-site-web/.backup/20260420_175204_phase_p13_search_site_query/app/api/v1/portal/admin/maintenance/list/route.ts
D	01.civilization-os/08.civilization-portal-site/civilization-portal-site-web/.backup/20260420_175204_phase_p13_search_site_query/app/api/v1/portal/admin/maintenance/upsert/route.ts
D	01.civilization-os/08.civilization-portal-site/civilization-portal-site-web/.backup/20260420_175204_phase_p13_search_site_query/app/api/v1/portal/admin/navigation/manifest/list/route.ts
D	01.civilization-os/08.civilization-portal-site/civilization-portal-site-web/.backup/20260420_175204_phase_p13_search_site_query/app/api/v1/portal/admin/navigation/manifest/upsert/route.ts
D	01.civilization-os/08.civilization-portal-site/civilization-portal-site-web/.backup/20260420_175204_phase_p13_search_site_query/app/api/v1/portal/admin/notices/list/route.ts
D	01.civilization-os/08.civilization-portal-site/civilization-portal-site-web/.backup/20260420_175204_phase_p13_search_site_query/app/api/v1/portal/admin/notices/publish/route.ts
D	01.civilization-os/08.civilization-portal-site/civilization-portal-site-web/.backup/20260420_175204_phase_p13_search_site_query/app/api/v1/portal/admin/seo/page/list/route.ts
D	01.civilization-os/08.civilization-portal-site/civilization-portal-site-web/.backup/20260420_175204_phase_p13_search_site_query/app/api/v1/portal/admin/seo/page/upsert/route.ts
D	01.civilization-os/08.civilization-portal-site/civilization-portal-site-web/.backup/20260420_175204_phase_p13_search_site_query/app/api/v1/portal/public/asset/manifest/list/route.ts
D	01.civilization-os/08.civilization-portal-site/civilization-portal-site-web/.backup/20260420_175204_phase_p13_search_site_query/app/api/v1/portal/public/cms/page/get/route.ts
D	01.civilization-os/08.civilization-portal-site/civilization-portal-site-web/.backup/20260420_175204_phase_p13_search_site_query/app/api/v1/portal/public/listing/list/route.ts
D	01.civilization-os/08.civilization-portal-site/civilization-portal-site-web/.backup/20260420_175204_phase_p13_search_site_query/app/api/v1/portal/public/maintenance/list/route.ts
D	01.civilization-os/08.civilization-portal-site/civilization-portal-site-web/.backup/20260420_175204_phase_p13_search_site_query/app/api/v1/portal/public/navigation/manifest/list/route.ts
D	01.civilization-os/08.civilization-portal-site/civilization-portal-site-web/.backup/20260420_175204_phase_p13_search_site_query/app/api/v1/portal/public/navigation/menu/resolve/route.ts
D	01.civilization-os/08.civilization-portal-site/civilization-portal-site-web/.backup/20260420_175204_phase_p13_search_site_query/app/api/v1/portal/public/notices/list/route.ts
D	01.civilization-os/08.civilization-portal-site/civilization-portal-site-web/.backup/20260420_175204_phase_p13_search_site_query/app/api/v1/portal/public/seo/page/get/route.ts
D	01.civilization-os/08.civilization-portal-site/civilization-portal-site-web/.backup/20260420_175204_phase_p13_search_site_query/components/common/cms-section-renderer.tsx
D	01.civilization-os/08.civilization-portal-site/civilization-portal-site-web/.backup/20260420_175204_phase_p13_search_site_query/components/common/page-title-block.tsx
D	01.civilization-os/08.civilization-portal-site/civilization-portal-site-web/.backup/20260420_175204_phase_p13_search_site_query/components/common/structured-data-script.tsx
D	01.civilization-os/08.civilization-portal-site/civilization-portal-site-web/.backup/20260420_175204_phase_p13_search_site_query/components/navigation/global-header.tsx
D	01.civilization-os/08.civilization-portal-site/civilization-portal-site-web/.backup/20260420_175204_phase_p13_search_site_query/features/admin/admin-workspace-page.tsx
D	01.civilization-os/08.civilization-portal-site/civilization-portal-site-web/.backup/20260420_175204_phase_p13_search_site_query/lib/routing/routes.ts
D	01.civilization-os/08.civilization-portal-site/civilization-portal-site-web/.backup/20260420_175204_phase_p13_search_site_query/services/mock-server/admin-access.ts
D	01.civilization-os/08.civilization-portal-site/civilization-portal-site-web/.backup/20260420_175204_phase_p13_search_site_query/services/mock-server/admin-store.ts
D	01.civilization-os/08.civilization-portal-site/civilization-portal-site-web/.backup/20260420_175204_phase_p13_search_site_query/services/mock-server/api-meta.ts
D	01.civilization-os/08.civilization-portal-site/civilization-portal-site-web/.backup/20260420_175204_phase_p13_search_site_query/services/mock-server/asset-store.ts
D	01.civilization-os/08.civilization-portal-site/civilization-portal-site-web/.backup/20260420_175204_phase_p13_search_site_query/services/mock-server/audit-store.ts
D	01.civilization-os/08.civilization-portal-site/civilization-portal-site-web/.backup/20260420_175204_phase_p13_search_site_query/services/mock-server/auth-mock.ts
D	01.civilization-os/08.civilization-portal-site/civilization-portal-site-web/.backup/20260420_175204_phase_p13_search_site_query/services/mock-server/cms-store.ts
D	01.civilization-os/08.civilization-portal-site/civilization-portal-site-web/.backup/20260420_175204_phase_p13_search_site_query/services/mock-server/launch-mock.ts
D	01.civilization-os/08.civilization-portal-site/civilization-portal-site-web/.backup/20260420_175204_phase_p13_search_site_query/services/mock-server/navigation-store.ts
D	01.civilization-os/08.civilization-portal-site/civilization-portal-site-web/.backup/20260420_175204_phase_p13_search_site_query/services/mock-server/seo-store.ts
D	01.civilization-os/08.civilization-portal-site/civilization-portal-site-web/.backup/20260420_175204_phase_p13_search_site_query/services/portal-api/admin-client.ts
D	01.civilization-os/08.civilization-portal-site/civilization-portal-site-web/.backup/20260420_175204_phase_p13_search_site_query/services/portal-api/admin-security-client.ts
D	01.civilization-os/08.civilization-portal-site/civilization-portal-site-web/.backup/20260420_175204_phase_p13_search_site_query/services/portal-api/asset-client.ts
D	01.civilization-os/08.civilization-portal-site/civilization-portal-site-web/.backup/20260420_175204_phase_p13_search_site_query/services/portal-api/auth-client.ts
D	01.civilization-os/08.civilization-portal-site/civilization-portal-site-web/.backup/20260420_175204_phase_p13_search_site_query/services/portal-api/cms-client.ts
D	01.civilization-os/08.civilization-portal-site/civilization-portal-site-web/.backup/20260420_175204_phase_p13_search_site_query/services/portal-api/content-client.ts
D	01.civilization-os/08.civilization-portal-site/civilization-portal-site-web/.backup/20260420_175204_phase_p13_search_site_query/services/portal-api/fetch-json.ts
D	01.civilization-os/08.civilization-portal-site/civilization-portal-site-web/.backup/20260420_175204_phase_p13_search_site_query/services/portal-api/launch-client.ts
D	01.civilization-os/08.civilization-portal-site/civilization-portal-site-web/.backup/20260420_175204_phase_p13_search_site_query/services/portal-api/navigation-client.ts
D	01.civilization-os/08.civilization-portal-site/civilization-portal-site-web/.backup/20260420_175204_phase_p13_search_site_query/services/portal-api/seo-client.ts
D	01.civilization-os/08.civilization-portal-site/civilization-portal-site-web/.backup/20260420_175204_phase_p13_search_site_query/types/auth.ts
D	01.civilization-os/08.civilization-portal-site/civilization-portal-site-web/.backup/20260420_175204_phase_p13_search_site_query/types/bridge.ts
D	01.civilization-os/08.civilization-portal-site/civilization-portal-site-web/.backup/20260420_175204_phase_p13_search_site_query/types/decision.ts
D	01.civilization-os/08.civilization-portal-site/civilization-portal-site-web/.backup/20260420_175204_phase_p13_search_site_query/types/decision/entry-decision.ts
D	01.civilization-os/08.civilization-portal-site/civilization-portal-site-web/.backup/20260420_175204_phase_p13_search_site_query/types/os.ts
D	01.civilization-os/08.civilization-portal-site/civilization-portal-site-web/.backup/20260420_175204_phase_p13_search_site_query/types/os/os-catalog.ts
D	01.civilization-os/08.civilization-portal-site/civilization-portal-site-web/.backup/20260420_175204_phase_p13_search_site_query/types/portal-admin-api.ts
D	01.civilization-os/08.civilization-portal-site/civilization-portal-site-web/.backup/20260420_175204_phase_p13_search_site_query/types/portal-admin-security-api.ts
D	01.civilization-os/08.civilization-portal-site/civilization-portal-site-web/.backup/20260420_175204_phase_p13_search_site_query/types/portal-api.ts
D	01.civilization-os/08.civilization-portal-site/civilization-portal-site-web/.backup/20260420_175204_phase_p13_search_site_query/types/portal-asset-api.ts
D	01.civilization-os/08.civilization-portal-site/civilization-portal-site-web/.backup/20260420_175204_phase_p13_search_site_query/types/portal-cms-api.ts
D	01.civilization-os/08.civilization-portal-site/civilization-portal-site-web/.backup/20260420_175204_phase_p13_search_site_query/types/portal-navigation-api.ts
D	01.civilization-os/08.civilization-portal-site/civilization-portal-site-web/.backup/20260420_175204_phase_p13_search_site_query/types/portal-seo-api.ts
D	01.civilization-os/08.civilization-portal-site/civilization-portal-site-web/.backup/20260420_190057_phase_p14_recommendation_featured_curation/app/api/v1/portal/admin/access/check/route.ts
D	01.civilization-os/08.civilization-portal-site/civilization-portal-site-web/.backup/20260420_190057_phase_p14_recommendation_featured_curation/app/api/v1/portal/admin/asset/manifest/list/route.ts
D	01.civilization-os/08.civilization-portal-site/civilization-portal-site-web/.backup/20260420_190057_phase_p14_recommendation_featured_curation/app/api/v1/portal/admin/asset/manifest/upsert/route.ts
D	01.civilization-os/08.civilization-portal-site/civilization-portal-site-web/.backup/20260420_190057_phase_p14_recommendation_featured_curation/app/api/v1/portal/admin/audit/append/route.ts
D	01.civilization-os/08.civilization-portal-site/civilization-portal-site-web/.backup/20260420_190057_phase_p14_recommendation_featured_curation/app/api/v1/portal/admin/audit/list/route.ts
D	01.civilization-os/08.civilization-portal-site/civilization-portal-site-web/.backup/20260420_190057_phase_p14_recommendation_featured_curation/app/api/v1/portal/admin/cms/page/list/route.ts
D	01.civilization-os/08.civilization-portal-site/civilization-portal-site-web/.backup/20260420_190057_phase_p14_recommendation_featured_curation/app/api/v1/portal/admin/cms/page/upsert/route.ts
D	01.civilization-os/08.civilization-portal-site/civilization-portal-site-web/.backup/20260420_190057_phase_p14_recommendation_featured_curation/app/api/v1/portal/admin/listing/list/route.ts
D	01.civilization-os/08.civilization-portal-site/civilization-portal-site-web/.backup/20260420_190057_phase_p14_recommendation_featured_curation/app/api/v1/portal/admin/listing/upsert/route.ts
D	01.civilization-os/08.civilization-portal-site/civilization-portal-site-web/.backup/20260420_190057_phase_p14_recommendation_featured_curation/app/api/v1/portal/admin/maintenance/list/route.ts
D	01.civilization-os/08.civilization-portal-site/civilization-portal-site-web/.backup/20260420_190057_phase_p14_recommendation_featured_curation/app/api/v1/portal/admin/maintenance/upsert/route.ts
D	01.civilization-os/08.civilization-portal-site/civilization-portal-site-web/.backup/20260420_190057_phase_p14_recommendation_featured_curation/app/api/v1/portal/admin/navigation/manifest/list/route.ts
D	01.civilization-os/08.civilization-portal-site/civilization-portal-site-web/.backup/20260420_190057_phase_p14_recommendation_featured_curation/app/api/v1/portal/admin/navigation/manifest/upsert/route.ts
D	01.civilization-os/08.civilization-portal-site/civilization-portal-site-web/.backup/20260420_190057_phase_p14_recommendation_featured_curation/app/api/v1/portal/admin/notices/list/route.ts
D	01.civilization-os/08.civilization-portal-site/civilization-portal-site-web/.backup/20260420_190057_phase_p14_recommendation_featured_curation/app/api/v1/portal/admin/notices/publish/route.ts
D	01.civilization-os/08.civilization-portal-site/civilization-portal-site-web/.backup/20260420_190057_phase_p14_recommendation_featured_curation/app/api/v1/portal/admin/search/index/list/route.ts
D	01.civilization-os/08.civilization-portal-site/civilization-portal-site-web/.backup/20260420_190057_phase_p14_recommendation_featured_curation/app/api/v1/portal/admin/search/index/upsert/route.ts
D	01.civilization-os/08.civilization-portal-site/civilization-portal-site-web/.backup/20260420_190057_phase_p14_recommendation_featured_curation/app/api/v1/portal/admin/seo/page/list/route.ts
D	01.civilization-os/08.civilization-portal-site/civilization-portal-site-web/.backup/20260420_190057_phase_p14_recommendation_featured_curation/app/api/v1/portal/admin/seo/page/upsert/route.ts
D	01.civilization-os/08.civilization-portal-site/civilization-portal-site-web/.backup/20260420_190057_phase_p14_recommendation_featured_curation/app/api/v1/portal/public/asset/manifest/list/route.ts
D	01.civilization-os/08.civilization-portal-site/civilization-portal-site-web/.backup/20260420_190057_phase_p14_recommendation_featured_curation/app/api/v1/portal/public/cms/page/get/route.ts
D	01.civilization-os/08.civilization-portal-site/civilization-portal-site-web/.backup/20260420_190057_phase_p14_recommendation_featured_curation/app/api/v1/portal/public/listing/list/route.ts
D	01.civilization-os/08.civilization-portal-site/civilization-portal-site-web/.backup/20260420_190057_phase_p14_recommendation_featured_curation/app/api/v1/portal/public/maintenance/list/route.ts
D	01.civilization-os/08.civilization-portal-site/civilization-portal-site-web/.backup/20260420_190057_phase_p14_recommendation_featured_curation/app/api/v1/portal/public/navigation/manifest/list/route.ts
D	01.civilization-os/08.civilization-portal-site/civilization-portal-site-web/.backup/20260420_190057_phase_p14_recommendation_featured_curation/app/api/v1/portal/public/navigation/menu/resolve/route.ts
D	01.civilization-os/08.civilization-portal-site/civilization-portal-site-web/.backup/20260420_190057_phase_p14_recommendation_featured_curation/app/api/v1/portal/public/notices/list/route.ts
D	01.civilization-os/08.civilization-portal-site/civilization-portal-site-web/.backup/20260420_190057_phase_p14_recommendation_featured_curation/app/api/v1/portal/public/search/query/route.ts
D	01.civilization-os/08.civilization-portal-site/civilization-portal-site-web/.backup/20260420_190057_phase_p14_recommendation_featured_curation/app/api/v1/portal/public/seo/page/get/route.ts
D	01.civilization-os/08.civilization-portal-site/civilization-portal-site-web/.backup/20260420_190057_phase_p14_recommendation_featured_curation/features/admin/admin-workspace-page.tsx
D	01.civilization-os/08.civilization-portal-site/civilization-portal-site-web/.backup/20260420_190057_phase_p14_recommendation_featured_curation/features/public-home/home-page.tsx
D	01.civilization-os/08.civilization-portal-site/civilization-portal-site-web/.backup/20260420_190057_phase_p14_recommendation_featured_curation/features/search/search-page.tsx
D	01.civilization-os/08.civilization-portal-site/civilization-portal-site-web/.backup/20260420_190057_phase_p14_recommendation_featured_curation/lib/routing/routes.ts
D	01.civilization-os/08.civilization-portal-site/civilization-portal-site-web/.backup/20260420_190057_phase_p14_recommendation_featured_curation/services/mock-server/admin-access.ts
D	01.civilization-os/08.civilization-portal-site/civilization-portal-site-web/.backup/20260420_190057_phase_p14_recommendation_featured_curation/services/mock-server/admin-store.ts
D	01.civilization-os/08.civilization-portal-site/civilization-portal-site-web/.backup/20260420_190057_phase_p14_recommendation_featured_curation/services/mock-server/api-meta.ts
D	01.civilization-os/08.civilization-portal-site/civilization-portal-site-web/.backup/20260420_190057_phase_p14_recommendation_featured_curation/services/mock-server/asset-store.ts
D	01.civilization-os/08.civilization-portal-site/civilization-portal-site-web/.backup/20260420_190057_phase_p14_recommendation_featured_curation/services/mock-server/audit-store.ts
D	01.civilization-os/08.civilization-portal-site/civilization-portal-site-web/.backup/20260420_190057_phase_p14_recommendation_featured_curation/services/mock-server/auth-mock.ts
D	01.civilization-os/08.civilization-portal-site/civilization-portal-site-web/.backup/20260420_190057_phase_p14_recommendation_featured_curation/services/mock-server/cms-store.ts
D	01.civilization-os/08.civilization-portal-site/civilization-portal-site-web/.backup/20260420_190057_phase_p14_recommendation_featured_curation/services/mock-server/launch-mock.ts
D	01.civilization-os/08.civilization-portal-site/civilization-portal-site-web/.backup/20260420_190057_phase_p14_recommendation_featured_curation/services/mock-server/navigation-store.ts
D	01.civilization-os/08.civilization-portal-site/civilization-portal-site-web/.backup/20260420_190057_phase_p14_recommendation_featured_curation/services/mock-server/search-store.ts
D	01.civilization-os/08.civilization-portal-site/civilization-portal-site-web/.backup/20260420_190057_phase_p14_recommendation_featured_curation/services/mock-server/seo-store.ts
D	01.civilization-os/08.civilization-portal-site/civilization-portal-site-web/.backup/20260420_190057_phase_p14_recommendation_featured_curation/services/portal-api/admin-client.ts
D	01.civilization-os/08.civilization-portal-site/civilization-portal-site-web/.backup/20260420_190057_phase_p14_recommendation_featured_curation/services/portal-api/admin-security-client.ts
D	01.civilization-os/08.civilization-portal-site/civilization-portal-site-web/.backup/20260420_190057_phase_p14_recommendation_featured_curation/services/portal-api/asset-client.ts
D	01.civilization-os/08.civilization-portal-site/civilization-portal-site-web/.backup/20260420_190057_phase_p14_recommendation_featured_curation/services/portal-api/auth-client.ts
D	01.civilization-os/08.civilization-portal-site/civilization-portal-site-web/.backup/20260420_190057_phase_p14_recommendation_featured_curation/services/portal-api/cms-client.ts
D	01.civilization-os/08.civilization-portal-site/civilization-portal-site-web/.backup/20260420_190057_phase_p14_recommendation_featured_curation/services/portal-api/content-client.ts
D	01.civilization-os/08.civilization-portal-site/civilization-portal-site-web/.backup/20260420_190057_phase_p14_recommendation_featured_curation/services/portal-api/fetch-json.ts
D	01.civilization-os/08.civilization-portal-site/civilization-portal-site-web/.backup/20260420_190057_phase_p14_recommendation_featured_curation/services/portal-api/launch-client.ts
D	01.civilization-os/08.civilization-portal-site/civilization-portal-site-web/.backup/20260420_190057_phase_p14_recommendation_featured_curation/services/portal-api/navigation-client.ts
D	01.civilization-os/08.civilization-portal-site/civilization-portal-site-web/.backup/20260420_190057_phase_p14_recommendation_featured_curation/services/portal-api/search-client.ts
D	01.civilization-os/08.civilization-portal-site/civilization-portal-site-web/.backup/20260420_190057_phase_p14_recommendation_featured_curation/services/portal-api/seo-client.ts
D	01.civilization-os/08.civilization-portal-site/civilization-portal-site-web/.backup/20260420_190057_phase_p14_recommendation_featured_curation/types/auth.ts
D	01.civilization-os/08.civilization-portal-site/civilization-portal-site-web/.backup/20260420_190057_phase_p14_recommendation_featured_curation/types/bridge.ts
D	01.civilization-os/08.civilization-portal-site/civilization-portal-site-web/.backup/20260420_190057_phase_p14_recommendation_featured_curation/types/decision.ts
D	01.civilization-os/08.civilization-portal-site/civilization-portal-site-web/.backup/20260420_190057_phase_p14_recommendation_featured_curation/types/decision/entry-decision.ts
D	01.civilization-os/08.civilization-portal-site/civilization-portal-site-web/.backup/20260420_190057_phase_p14_recommendation_featured_curation/types/os.ts
D	01.civilization-os/08.civilization-portal-site/civilization-portal-site-web/.backup/20260420_190057_phase_p14_recommendation_featured_curation/types/os/os-catalog.ts
D	01.civilization-os/08.civilization-portal-site/civilization-portal-site-web/.backup/20260420_190057_phase_p14_recommendation_featured_curation/types/portal-admin-api.ts
D	01.civilization-os/08.civilization-portal-site/civilization-portal-site-web/.backup/20260420_190057_phase_p14_recommendation_featured_curation/types/portal-admin-security-api.ts
D	01.civilization-os/08.civilization-portal-site/civilization-portal-site-web/.backup/20260420_190057_phase_p14_recommendation_featured_curation/types/portal-api.ts
D	01.civilization-os/08.civilization-portal-site/civilization-portal-site-web/.backup/20260420_190057_phase_p14_recommendation_featured_curation/types/portal-asset-api.ts
D	01.civilization-os/08.civilization-portal-site/civilization-portal-site-web/.backup/20260420_190057_phase_p14_recommendation_featured_curation/types/portal-cms-api.ts
D	01.civilization-os/08.civilization-portal-site/civilization-portal-site-web/.backup/20260420_190057_phase_p14_recommendation_featured_curation/types/portal-navigation-api.ts
D	01.civilization-os/08.civilization-portal-site/civilization-portal-site-web/.backup/20260420_190057_phase_p14_recommendation_featured_curation/types/portal-search-api.ts
D	01.civilization-os/08.civilization-portal-site/civilization-portal-site-web/.backup/20260420_190057_phase_p14_recommendation_featured_curation/types/portal-seo-api.ts
D	01.civilization-os/08.civilization-portal-site/civilization-portal-site-web/.backup/20260420_201813_phase_p15_saved_shortcut_favorite_recent/app/api/v1/portal/public/asset/manifest/list/route.ts
D	01.civilization-os/08.civilization-portal-site/civilization-portal-site-web/.backup/20260420_201813_phase_p15_saved_shortcut_favorite_recent/app/api/v1/portal/public/cms/page/get/route.ts
D	01.civilization-os/08.civilization-portal-site/civilization-portal-site-web/.backup/20260420_201813_phase_p15_saved_shortcut_favorite_recent/app/api/v1/portal/public/listing/list/route.ts
D	01.civilization-os/08.civilization-portal-site/civilization-portal-site-web/.backup/20260420_201813_phase_p15_saved_shortcut_favorite_recent/app/api/v1/portal/public/maintenance/list/route.ts
D	01.civilization-os/08.civilization-portal-site/civilization-portal-site-web/.backup/20260420_201813_phase_p15_saved_shortcut_favorite_recent/app/api/v1/portal/public/navigation/manifest/list/route.ts
D	01.civilization-os/08.civilization-portal-site/civilization-portal-site-web/.backup/20260420_201813_phase_p15_saved_shortcut_favorite_recent/app/api/v1/portal/public/navigation/menu/resolve/route.ts
D	01.civilization-os/08.civilization-portal-site/civilization-portal-site-web/.backup/20260420_201813_phase_p15_saved_shortcut_favorite_recent/app/api/v1/portal/public/notices/list/route.ts
D	01.civilization-os/08.civilization-portal-site/civilization-portal-site-web/.backup/20260420_201813_phase_p15_saved_shortcut_favorite_recent/app/api/v1/portal/public/recommendation/resolve/route.ts
D	01.civilization-os/08.civilization-portal-site/civilization-portal-site-web/.backup/20260420_201813_phase_p15_saved_shortcut_favorite_recent/app/api/v1/portal/public/search/query/route.ts
D	01.civilization-os/08.civilization-portal-site/civilization-portal-site-web/.backup/20260420_201813_phase_p15_saved_shortcut_favorite_recent/app/api/v1/portal/public/seo/page/get/route.ts
D	01.civilization-os/08.civilization-portal-site/civilization-portal-site-web/.backup/20260420_201813_phase_p15_saved_shortcut_favorite_recent/features/launcher/launcher-page.tsx
D	01.civilization-os/08.civilization-portal-site/civilization-portal-site-web/.backup/20260420_201813_phase_p15_saved_shortcut_favorite_recent/features/os-catalog/os-detail-page.tsx
D	01.civilization-os/08.civilization-portal-site/civilization-portal-site-web/.backup/20260420_201813_phase_p15_saved_shortcut_favorite_recent/lib/routing/routes.ts
D	01.civilization-os/08.civilization-portal-site/civilization-portal-site-web/.backup/20260420_201813_phase_p15_saved_shortcut_favorite_recent/services/mock-server/admin-access.ts
D	01.civilization-os/08.civilization-portal-site/civilization-portal-site-web/.backup/20260420_201813_phase_p15_saved_shortcut_favorite_recent/services/mock-server/admin-store.ts
D	01.civilization-os/08.civilization-portal-site/civilization-portal-site-web/.backup/20260420_201813_phase_p15_saved_shortcut_favorite_recent/services/mock-server/api-meta.ts
D	01.civilization-os/08.civilization-portal-site/civilization-portal-site-web/.backup/20260420_201813_phase_p15_saved_shortcut_favorite_recent/services/mock-server/asset-store.ts
D	01.civilization-os/08.civilization-portal-site/civilization-portal-site-web/.backup/20260420_201813_phase_p15_saved_shortcut_favorite_recent/services/mock-server/audit-store.ts
D	01.civilization-os/08.civilization-portal-site/civilization-portal-site-web/.backup/20260420_201813_phase_p15_saved_shortcut_favorite_recent/services/mock-server/auth-mock.ts
D	01.civilization-os/08.civilization-portal-site/civilization-portal-site-web/.backup/20260420_201813_phase_p15_saved_shortcut_favorite_recent/services/mock-server/cms-store.ts
D	01.civilization-os/08.civilization-portal-site/civilization-portal-site-web/.backup/20260420_201813_phase_p15_saved_shortcut_favorite_recent/services/mock-server/launch-mock.ts
D	01.civilization-os/08.civilization-portal-site/civilization-portal-site-web/.backup/20260420_201813_phase_p15_saved_shortcut_favorite_recent/services/mock-server/navigation-store.ts
D	01.civilization-os/08.civilization-portal-site/civilization-portal-site-web/.backup/20260420_201813_phase_p15_saved_shortcut_favorite_recent/services/mock-server/recommendation-store.ts
D	01.civilization-os/08.civilization-portal-site/civilization-portal-site-web/.backup/20260420_201813_phase_p15_saved_shortcut_favorite_recent/services/mock-server/search-store.ts
D	01.civilization-os/08.civilization-portal-site/civilization-portal-site-web/.backup/20260420_201813_phase_p15_saved_shortcut_favorite_recent/services/mock-server/seo-store.ts
D	01.civilization-os/08.civilization-portal-site/civilization-portal-site-web/.backup/20260420_201813_phase_p15_saved_shortcut_favorite_recent/services/portal-api/admin-client.ts
D	01.civilization-os/08.civilization-portal-site/civilization-portal-site-web/.backup/20260420_201813_phase_p15_saved_shortcut_favorite_recent/services/portal-api/admin-security-client.ts
D	01.civilization-os/08.civilization-portal-site/civilization-portal-site-web/.backup/20260420_201813_phase_p15_saved_shortcut_favorite_recent/services/portal-api/asset-client.ts
D	01.civilization-os/08.civilization-portal-site/civilization-portal-site-web/.backup/20260420_201813_phase_p15_saved_shortcut_favorite_recent/services/portal-api/auth-client.ts
D	01.civilization-os/08.civilization-portal-site/civilization-portal-site-web/.backup/20260420_201813_phase_p15_saved_shortcut_favorite_recent/services/portal-api/cms-client.ts
D	01.civilization-os/08.civilization-portal-site/civilization-portal-site-web/.backup/20260420_201813_phase_p15_saved_shortcut_favorite_recent/services/portal-api/content-client.ts
D	01.civilization-os/08.civilization-portal-site/civilization-portal-site-web/.backup/20260420_201813_phase_p15_saved_shortcut_favorite_recent/services/portal-api/fetch-json.ts
D	01.civilization-os/08.civilization-portal-site/civilization-portal-site-web/.backup/20260420_201813_phase_p15_saved_shortcut_favorite_recent/services/portal-api/launch-client.ts
D	01.civilization-os/08.civilization-portal-site/civilization-portal-site-web/.backup/20260420_201813_phase_p15_saved_shortcut_favorite_recent/services/portal-api/navigation-client.ts
D	01.civilization-os/08.civilization-portal-site/civilization-portal-site-web/.backup/20260420_201813_phase_p15_saved_shortcut_favorite_recent/services/portal-api/recommendation-client.ts
D	01.civilization-os/08.civilization-portal-site/civilization-portal-site-web/.backup/20260420_201813_phase_p15_saved_shortcut_favorite_recent/services/portal-api/search-client.ts
D	01.civilization-os/08.civilization-portal-site/civilization-portal-site-web/.backup/20260420_201813_phase_p15_saved_shortcut_favorite_recent/services/portal-api/seo-client.ts
D	01.civilization-os/08.civilization-portal-site/civilization-portal-site-web/.backup/20260420_201813_phase_p15_saved_shortcut_favorite_recent/types/auth.ts
D	01.civilization-os/08.civilization-portal-site/civilization-portal-site-web/.backup/20260420_201813_phase_p15_saved_shortcut_favorite_recent/types/bridge.ts
D	01.civilization-os/08.civilization-portal-site/civilization-portal-site-web/.backup/20260420_201813_phase_p15_saved_shortcut_favorite_recent/types/decision.ts
D	01.civilization-os/08.civilization-portal-site/civilization-portal-site-web/.backup/20260420_201813_phase_p15_saved_shortcut_favorite_recent/types/decision/entry-decision.ts
D	01.civilization-os/08.civilization-portal-site/civilization-portal-site-web/.backup/20260420_201813_phase_p15_saved_shortcut_favorite_recent/types/os.ts
D	01.civilization-os/08.civilization-portal-site/civilization-portal-site-web/.backup/20260420_201813_phase_p15_saved_shortcut_favorite_recent/types/os/os-catalog.ts
D	01.civilization-os/08.civilization-portal-site/civilization-portal-site-web/.backup/20260420_201813_phase_p15_saved_shortcut_favorite_recent/types/portal-admin-api.ts
D	01.civilization-os/08.civilization-portal-site/civilization-portal-site-web/.backup/20260420_201813_phase_p15_saved_shortcut_favorite_recent/types/portal-admin-security-api.ts
D	01.civilization-os/08.civilization-portal-site/civilization-portal-site-web/.backup/20260420_201813_phase_p15_saved_shortcut_favorite_recent/types/portal-api.ts
D	01.civilization-os/08.civilization-portal-site/civilization-portal-site-web/.backup/20260420_201813_phase_p15_saved_shortcut_favorite_recent/types/portal-asset-api.ts
D	01.civilization-os/08.civilization-portal-site/civilization-portal-site-web/.backup/20260420_201813_phase_p15_saved_shortcut_favorite_recent/types/portal-cms-api.ts
D	01.civilization-os/08.civilization-portal-site/civilization-portal-site-web/.backup/20260420_201813_phase_p15_saved_shortcut_favorite_recent/types/portal-navigation-api.ts
D	01.civilization-os/08.civilization-portal-site/civilization-portal-site-web/.backup/20260420_201813_phase_p15_saved_shortcut_favorite_recent/types/portal-recommendation-api.ts
D	01.civilization-os/08.civilization-portal-site/civilization-portal-site-web/.backup/20260420_201813_phase_p15_saved_shortcut_favorite_recent/types/portal-search-api.ts
D	01.civilization-os/08.civilization-portal-site/civilization-portal-site-web/.backup/20260420_201813_phase_p15_saved_shortcut_favorite_recent/types/portal-seo-api.ts
D	01.civilization-os/08.civilization-portal-site/civilization-portal-site-web/.backup/20260420_214455_endgame_e1_notification_inbox_banner_ack/app/api/v1/portal/admin/access/check/route.ts
D	01.civilization-os/08.civilization-portal-site/civilization-portal-site-web/.backup/20260420_214455_endgame_e1_notification_inbox_banner_ack/app/api/v1/portal/admin/asset/manifest/list/route.ts
D	01.civilization-os/08.civilization-portal-site/civilization-portal-site-web/.backup/20260420_214455_endgame_e1_notification_inbox_banner_ack/app/api/v1/portal/admin/asset/manifest/upsert/route.ts
D	01.civilization-os/08.civilization-portal-site/civilization-portal-site-web/.backup/20260420_214455_endgame_e1_notification_inbox_banner_ack/app/api/v1/portal/admin/audit/append/route.ts
D	01.civilization-os/08.civilization-portal-site/civilization-portal-site-web/.backup/20260420_214455_endgame_e1_notification_inbox_banner_ack/app/api/v1/portal/admin/audit/list/route.ts
D	01.civilization-os/08.civilization-portal-site/civilization-portal-site-web/.backup/20260420_214455_endgame_e1_notification_inbox_banner_ack/app/api/v1/portal/admin/cms/page/list/route.ts
D	01.civilization-os/08.civilization-portal-site/civilization-portal-site-web/.backup/20260420_214455_endgame_e1_notification_inbox_banner_ack/app/api/v1/portal/admin/cms/page/upsert/route.ts
D	01.civilization-os/08.civilization-portal-site/civilization-portal-site-web/.backup/20260420_214455_endgame_e1_notification_inbox_banner_ack/app/api/v1/portal/admin/listing/list/route.ts
D	01.civilization-os/08.civilization-portal-site/civilization-portal-site-web/.backup/20260420_214455_endgame_e1_notification_inbox_banner_ack/app/api/v1/portal/admin/listing/upsert/route.ts
D	01.civilization-os/08.civilization-portal-site/civilization-portal-site-web/.backup/20260420_214455_endgame_e1_notification_inbox_banner_ack/app/api/v1/portal/admin/maintenance/list/route.ts
D	01.civilization-os/08.civilization-portal-site/civilization-portal-site-web/.backup/20260420_214455_endgame_e1_notification_inbox_banner_ack/app/api/v1/portal/admin/maintenance/upsert/route.ts
D	01.civilization-os/08.civilization-portal-site/civilization-portal-site-web/.backup/20260420_214455_endgame_e1_notification_inbox_banner_ack/app/api/v1/portal/admin/navigation/manifest/list/route.ts
D	01.civilization-os/08.civilization-portal-site/civilization-portal-site-web/.backup/20260420_214455_endgame_e1_notification_inbox_banner_ack/app/api/v1/portal/admin/navigation/manifest/upsert/route.ts
D	01.civilization-os/08.civilization-portal-site/civilization-portal-site-web/.backup/20260420_214455_endgame_e1_notification_inbox_banner_ack/app/api/v1/portal/admin/notices/list/route.ts
D	01.civilization-os/08.civilization-portal-site/civilization-portal-site-web/.backup/20260420_214455_endgame_e1_notification_inbox_banner_ack/app/api/v1/portal/admin/notices/publish/route.ts
D	01.civilization-os/08.civilization-portal-site/civilization-portal-site-web/.backup/20260420_214455_endgame_e1_notification_inbox_banner_ack/app/api/v1/portal/admin/recommendation/rule/list/route.ts
D	01.civilization-os/08.civilization-portal-site/civilization-portal-site-web/.backup/20260420_214455_endgame_e1_notification_inbox_banner_ack/app/api/v1/portal/admin/recommendation/rule/upsert/route.ts
D	01.civilization-os/08.civilization-portal-site/civilization-portal-site-web/.backup/20260420_214455_endgame_e1_notification_inbox_banner_ack/app/api/v1/portal/admin/search/index/list/route.ts
D	01.civilization-os/08.civilization-portal-site/civilization-portal-site-web/.backup/20260420_214455_endgame_e1_notification_inbox_banner_ack/app/api/v1/portal/admin/search/index/upsert/route.ts
D	01.civilization-os/08.civilization-portal-site/civilization-portal-site-web/.backup/20260420_214455_endgame_e1_notification_inbox_banner_ack/app/api/v1/portal/admin/seo/page/list/route.ts
D	01.civilization-os/08.civilization-portal-site/civilization-portal-site-web/.backup/20260420_214455_endgame_e1_notification_inbox_banner_ack/app/api/v1/portal/admin/seo/page/upsert/route.ts
D	01.civilization-os/08.civilization-portal-site/civilization-portal-site-web/.backup/20260420_214455_endgame_e1_notification_inbox_banner_ack/app/api/v1/portal/public/asset/manifest/list/route.ts
D	01.civilization-os/08.civilization-portal-site/civilization-portal-site-web/.backup/20260420_214455_endgame_e1_notification_inbox_banner_ack/app/api/v1/portal/public/cms/page/get/route.ts
D	01.civilization-os/08.civilization-portal-site/civilization-portal-site-web/.backup/20260420_214455_endgame_e1_notification_inbox_banner_ack/app/api/v1/portal/public/listing/list/route.ts
D	01.civilization-os/08.civilization-portal-site/civilization-portal-site-web/.backup/20260420_214455_endgame_e1_notification_inbox_banner_ack/app/api/v1/portal/public/maintenance/list/route.ts
D	01.civilization-os/08.civilization-portal-site/civilization-portal-site-web/.backup/20260420_214455_endgame_e1_notification_inbox_banner_ack/app/api/v1/portal/public/navigation/manifest/list/route.ts
D	01.civilization-os/08.civilization-portal-site/civilization-portal-site-web/.backup/20260420_214455_endgame_e1_notification_inbox_banner_ack/app/api/v1/portal/public/navigation/menu/resolve/route.ts
D	01.civilization-os/08.civilization-portal-site/civilization-portal-site-web/.backup/20260420_214455_endgame_e1_notification_inbox_banner_ack/app/api/v1/portal/public/notices/list/route.ts
D	01.civilization-os/08.civilization-portal-site/civilization-portal-site-web/.backup/20260420_214455_endgame_e1_notification_inbox_banner_ack/app/api/v1/portal/public/personal/entries/get/route.ts
D	01.civilization-os/08.civilization-portal-site/civilization-portal-site-web/.backup/20260420_214455_endgame_e1_notification_inbox_banner_ack/app/api/v1/portal/public/personal/favorite/upsert/route.ts
D	01.civilization-os/08.civilization-portal-site/civilization-portal-site-web/.backup/20260420_214455_endgame_e1_notification_inbox_banner_ack/app/api/v1/portal/public/personal/recent/append/route.ts
D	01.civilization-os/08.civilization-portal-site/civilization-portal-site-web/.backup/20260420_214455_endgame_e1_notification_inbox_banner_ack/app/api/v1/portal/public/personal/shortcut/upsert/route.ts
D	01.civilization-os/08.civilization-portal-site/civilization-portal-site-web/.backup/20260420_214455_endgame_e1_notification_inbox_banner_ack/app/api/v1/portal/public/recommendation/resolve/route.ts
D	01.civilization-os/08.civilization-portal-site/civilization-portal-site-web/.backup/20260420_214455_endgame_e1_notification_inbox_banner_ack/app/api/v1/portal/public/search/query/route.ts
D	01.civilization-os/08.civilization-portal-site/civilization-portal-site-web/.backup/20260420_214455_endgame_e1_notification_inbox_banner_ack/app/api/v1/portal/public/seo/page/get/route.ts
D	01.civilization-os/08.civilization-portal-site/civilization-portal-site-web/.backup/20260420_214455_endgame_e1_notification_inbox_banner_ack/components/common/cms-section-renderer.tsx
D	01.civilization-os/08.civilization-portal-site/civilization-portal-site-web/.backup/20260420_214455_endgame_e1_notification_inbox_banner_ack/components/common/page-title-block.tsx
D	01.civilization-os/08.civilization-portal-site/civilization-portal-site-web/.backup/20260420_214455_endgame_e1_notification_inbox_banner_ack/components/common/personal-entry-card.tsx
D	01.civilization-os/08.civilization-portal-site/civilization-portal-site-web/.backup/20260420_214455_endgame_e1_notification_inbox_banner_ack/components/common/recommendation-card.tsx
D	01.civilization-os/08.civilization-portal-site/civilization-portal-site-web/.backup/20260420_214455_endgame_e1_notification_inbox_banner_ack/components/common/search-result-card.tsx
D	01.civilization-os/08.civilization-portal-site/civilization-portal-site-web/.backup/20260420_214455_endgame_e1_notification_inbox_banner_ack/components/common/structured-data-script.tsx
D	01.civilization-os/08.civilization-portal-site/civilization-portal-site-web/.backup/20260420_214455_endgame_e1_notification_inbox_banner_ack/features/admin/admin-workspace-page.tsx
D	01.civilization-os/08.civilization-portal-site/civilization-portal-site-web/.backup/20260420_214455_endgame_e1_notification_inbox_banner_ack/features/launcher/launcher-page.tsx
D	01.civilization-os/08.civilization-portal-site/civilization-portal-site-web/.backup/20260420_214455_endgame_e1_notification_inbox_banner_ack/features/public-home/home-page.tsx
D	01.civilization-os/08.civilization-portal-site/civilization-portal-site-web/.backup/20260420_214455_endgame_e1_notification_inbox_banner_ack/lib/routing/routes.ts
D	01.civilization-os/08.civilization-portal-site/civilization-portal-site-web/.backup/20260420_214455_endgame_e1_notification_inbox_banner_ack/services/mock-server/admin-access.ts
D	01.civilization-os/08.civilization-portal-site/civilization-portal-site-web/.backup/20260420_214455_endgame_e1_notification_inbox_banner_ack/services/mock-server/admin-store.ts
D	01.civilization-os/08.civilization-portal-site/civilization-portal-site-web/.backup/20260420_214455_endgame_e1_notification_inbox_banner_ack/services/mock-server/api-meta.ts
D	01.civilization-os/08.civilization-portal-site/civilization-portal-site-web/.backup/20260420_214455_endgame_e1_notification_inbox_banner_ack/services/mock-server/asset-store.ts
D	01.civilization-os/08.civilization-portal-site/civilization-portal-site-web/.backup/20260420_214455_endgame_e1_notification_inbox_banner_ack/services/mock-server/audit-store.ts
D	01.civilization-os/08.civilization-portal-site/civilization-portal-site-web/.backup/20260420_214455_endgame_e1_notification_inbox_banner_ack/services/mock-server/auth-mock.ts
D	01.civilization-os/08.civilization-portal-site/civilization-portal-site-web/.backup/20260420_214455_endgame_e1_notification_inbox_banner_ack/services/mock-server/cms-store.ts
D	01.civilization-os/08.civilization-portal-site/civilization-portal-site-web/.backup/20260420_214455_endgame_e1_notification_inbox_banner_ack/services/mock-server/launch-mock.ts
D	01.civilization-os/08.civilization-portal-site/civilization-portal-site-web/.backup/20260420_214455_endgame_e1_notification_inbox_banner_ack/services/mock-server/navigation-store.ts
D	01.civilization-os/08.civilization-portal-site/civilization-portal-site-web/.backup/20260420_214455_endgame_e1_notification_inbox_banner_ack/services/mock-server/personalization-store.ts
D	01.civilization-os/08.civilization-portal-site/civilization-portal-site-web/.backup/20260420_214455_endgame_e1_notification_inbox_banner_ack/services/mock-server/recommendation-store.ts
D	01.civilization-os/08.civilization-portal-site/civilization-portal-site-web/.backup/20260420_214455_endgame_e1_notification_inbox_banner_ack/services/mock-server/search-store.ts
D	01.civilization-os/08.civilization-portal-site/civilization-portal-site-web/.backup/20260420_214455_endgame_e1_notification_inbox_banner_ack/services/mock-server/seo-store.ts
D	01.civilization-os/08.civilization-portal-site/civilization-portal-site-web/.backup/20260420_214455_endgame_e1_notification_inbox_banner_ack/services/portal-api/admin-client.ts
D	01.civilization-os/08.civilization-portal-site/civilization-portal-site-web/.backup/20260420_214455_endgame_e1_notification_inbox_banner_ack/services/portal-api/admin-security-client.ts
D	01.civilization-os/08.civilization-portal-site/civilization-portal-site-web/.backup/20260420_214455_endgame_e1_notification_inbox_banner_ack/services/portal-api/asset-client.ts
D	01.civilization-os/08.civilization-portal-site/civilization-portal-site-web/.backup/20260420_214455_endgame_e1_notification_inbox_banner_ack/services/portal-api/auth-client.ts
D	01.civilization-os/08.civilization-portal-site/civilization-portal-site-web/.backup/20260420_214455_endgame_e1_notification_inbox_banner_ack/services/portal-api/cms-client.ts
D	01.civilization-os/08.civilization-portal-site/civilization-portal-site-web/.backup/20260420_214455_endgame_e1_notification_inbox_banner_ack/services/portal-api/content-client.ts
D	01.civilization-os/08.civilization-portal-site/civilization-portal-site-web/.backup/20260420_214455_endgame_e1_notification_inbox_banner_ack/services/portal-api/fetch-json.ts
D	01.civilization-os/08.civilization-portal-site/civilization-portal-site-web/.backup/20260420_214455_endgame_e1_notification_inbox_banner_ack/services/portal-api/launch-client.ts
D	01.civilization-os/08.civilization-portal-site/civilization-portal-site-web/.backup/20260420_214455_endgame_e1_notification_inbox_banner_ack/services/portal-api/navigation-client.ts
D	01.civilization-os/08.civilization-portal-site/civilization-portal-site-web/.backup/20260420_214455_endgame_e1_notification_inbox_banner_ack/services/portal-api/personalization-client.ts
D	01.civilization-os/08.civilization-portal-site/civilization-portal-site-web/.backup/20260420_214455_endgame_e1_notification_inbox_banner_ack/services/portal-api/recommendation-client.ts
D	01.civilization-os/08.civilization-portal-site/civilization-portal-site-web/.backup/20260420_214455_endgame_e1_notification_inbox_banner_ack/services/portal-api/search-client.ts
D	01.civilization-os/08.civilization-portal-site/civilization-portal-site-web/.backup/20260420_214455_endgame_e1_notification_inbox_banner_ack/services/portal-api/seo-client.ts
D	01.civilization-os/08.civilization-portal-site/civilization-portal-site-web/.backup/20260420_214455_endgame_e1_notification_inbox_banner_ack/types/auth.ts
D	01.civilization-os/08.civilization-portal-site/civilization-portal-site-web/.backup/20260420_214455_endgame_e1_notification_inbox_banner_ack/types/bridge.ts
D	01.civilization-os/08.civilization-portal-site/civilization-portal-site-web/.backup/20260420_214455_endgame_e1_notification_inbox_banner_ack/types/decision.ts
D	01.civilization-os/08.civilization-portal-site/civilization-portal-site-web/.backup/20260420_214455_endgame_e1_notification_inbox_banner_ack/types/decision/entry-decision.ts
D	01.civilization-os/08.civilization-portal-site/civilization-portal-site-web/.backup/20260420_214455_endgame_e1_notification_inbox_banner_ack/types/os.ts
D	01.civilization-os/08.civilization-portal-site/civilization-portal-site-web/.backup/20260420_214455_endgame_e1_notification_inbox_banner_ack/types/os/os-catalog.ts
D	01.civilization-os/08.civilization-portal-site/civilization-portal-site-web/.backup/20260420_214455_endgame_e1_notification_inbox_banner_ack/types/portal-admin-api.ts
D	01.civilization-os/08.civilization-portal-site/civilization-portal-site-web/.backup/20260420_214455_endgame_e1_notification_inbox_banner_ack/types/portal-admin-security-api.ts
D	01.civilization-os/08.civilization-portal-site/civilization-portal-site-web/.backup/20260420_214455_endgame_e1_notification_inbox_banner_ack/types/portal-api.ts
D	01.civilization-os/08.civilization-portal-site/civilization-portal-site-web/.backup/20260420_214455_endgame_e1_notification_inbox_banner_ack/types/portal-asset-api.ts
D	01.civilization-os/08.civilization-portal-site/civilization-portal-site-web/.backup/20260420_214455_endgame_e1_notification_inbox_banner_ack/types/portal-cms-api.ts
D	01.civilization-os/08.civilization-portal-site/civilization-portal-site-web/.backup/20260420_214455_endgame_e1_notification_inbox_banner_ack/types/portal-navigation-api.ts
D	01.civilization-os/08.civilization-portal-site/civilization-portal-site-web/.backup/20260420_214455_endgame_e1_notification_inbox_banner_ack/types/portal-personalization-api.ts
D	01.civilization-os/08.civilization-portal-site/civilization-portal-site-web/.backup/20260420_214455_endgame_e1_notification_inbox_banner_ack/types/portal-recommendation-api.ts
D	01.civilization-os/08.civilization-portal-site/civilization-portal-site-web/.backup/20260420_214455_endgame_e1_notification_inbox_banner_ack/types/portal-search-api.ts
D	01.civilization-os/08.civilization-portal-site/civilization-portal-site-web/.backup/20260420_214455_endgame_e1_notification_inbox_banner_ack/types/portal-seo-api.ts
D	01.civilization-os/08.civilization-portal-site/civilization-portal-site-web/.backup/20260420_221039_endgame_e2_profile_preference_settings/app/api/v1/portal/public/asset/manifest/list/route.ts
D	01.civilization-os/08.civilization-portal-site/civilization-portal-site-web/.backup/20260420_221039_endgame_e2_profile_preference_settings/app/api/v1/portal/public/cms/page/get/route.ts
D	01.civilization-os/08.civilization-portal-site/civilization-portal-site-web/.backup/20260420_221039_endgame_e2_profile_preference_settings/app/api/v1/portal/public/listing/list/route.ts
D	01.civilization-os/08.civilization-portal-site/civilization-portal-site-web/.backup/20260420_221039_endgame_e2_profile_preference_settings/app/api/v1/portal/public/maintenance/list/route.ts
D	01.civilization-os/08.civilization-portal-site/civilization-portal-site-web/.backup/20260420_221039_endgame_e2_profile_preference_settings/app/api/v1/portal/public/navigation/manifest/list/route.ts
D	01.civilization-os/08.civilization-portal-site/civilization-portal-site-web/.backup/20260420_221039_endgame_e2_profile_preference_settings/app/api/v1/portal/public/navigation/menu/resolve/route.ts
D	01.civilization-os/08.civilization-portal-site/civilization-portal-site-web/.backup/20260420_221039_endgame_e2_profile_preference_settings/app/api/v1/portal/public/notices/list/route.ts
D	01.civilization-os/08.civilization-portal-site/civilization-portal-site-web/.backup/20260420_221039_endgame_e2_profile_preference_settings/app/api/v1/portal/public/notification/announcement/ack/route.ts
D	01.civilization-os/08.civilization-portal-site/civilization-portal-site-web/.backup/20260420_221039_endgame_e2_profile_preference_settings/app/api/v1/portal/public/notification/center/get/route.ts
D	01.civilization-os/08.civilization-portal-site/civilization-portal-site-web/.backup/20260420_221039_endgame_e2_profile_preference_settings/app/api/v1/portal/public/personal/entries/get/route.ts
D	01.civilization-os/08.civilization-portal-site/civilization-portal-site-web/.backup/20260420_221039_endgame_e2_profile_preference_settings/app/api/v1/portal/public/personal/favorite/upsert/route.ts
D	01.civilization-os/08.civilization-portal-site/civilization-portal-site-web/.backup/20260420_221039_endgame_e2_profile_preference_settings/app/api/v1/portal/public/personal/recent/append/route.ts
D	01.civilization-os/08.civilization-portal-site/civilization-portal-site-web/.backup/20260420_221039_endgame_e2_profile_preference_settings/app/api/v1/portal/public/personal/shortcut/upsert/route.ts
D	01.civilization-os/08.civilization-portal-site/civilization-portal-site-web/.backup/20260420_221039_endgame_e2_profile_preference_settings/app/api/v1/portal/public/recommendation/resolve/route.ts
D	01.civilization-os/08.civilization-portal-site/civilization-portal-site-web/.backup/20260420_221039_endgame_e2_profile_preference_settings/app/api/v1/portal/public/search/query/route.ts
D	01.civilization-os/08.civilization-portal-site/civilization-portal-site-web/.backup/20260420_221039_endgame_e2_profile_preference_settings/app/api/v1/portal/public/seo/page/get/route.ts
D	01.civilization-os/08.civilization-portal-site/civilization-portal-site-web/.backup/20260420_221039_endgame_e2_profile_preference_settings/features/launcher/launcher-page.tsx
D	01.civilization-os/08.civilization-portal-site/civilization-portal-site-web/.backup/20260420_221039_endgame_e2_profile_preference_settings/lib/routing/routes.ts
D	01.civilization-os/08.civilization-portal-site/civilization-portal-site-web/.backup/20260420_221039_endgame_e2_profile_preference_settings/services/mock-server/admin-access.ts
D	01.civilization-os/08.civilization-portal-site/civilization-portal-site-web/.backup/20260420_221039_endgame_e2_profile_preference_settings/services/mock-server/admin-store.ts
D	01.civilization-os/08.civilization-portal-site/civilization-portal-site-web/.backup/20260420_221039_endgame_e2_profile_preference_settings/services/mock-server/api-meta.ts
D	01.civilization-os/08.civilization-portal-site/civilization-portal-site-web/.backup/20260420_221039_endgame_e2_profile_preference_settings/services/mock-server/asset-store.ts
D	01.civilization-os/08.civilization-portal-site/civilization-portal-site-web/.backup/20260420_221039_endgame_e2_profile_preference_settings/services/mock-server/audit-store.ts
D	01.civilization-os/08.civilization-portal-site/civilization-portal-site-web/.backup/20260420_221039_endgame_e2_profile_preference_settings/services/mock-server/auth-mock.ts
D	01.civilization-os/08.civilization-portal-site/civilization-portal-site-web/.backup/20260420_221039_endgame_e2_profile_preference_settings/services/mock-server/cms-store.ts
D	01.civilization-os/08.civilization-portal-site/civilization-portal-site-web/.backup/20260420_221039_endgame_e2_profile_preference_settings/services/mock-server/launch-mock.ts
D	01.civilization-os/08.civilization-portal-site/civilization-portal-site-web/.backup/20260420_221039_endgame_e2_profile_preference_settings/services/mock-server/navigation-store.ts
D	01.civilization-os/08.civilization-portal-site/civilization-portal-site-web/.backup/20260420_221039_endgame_e2_profile_preference_settings/services/mock-server/notification-store.ts
D	01.civilization-os/08.civilization-portal-site/civilization-portal-site-web/.backup/20260420_221039_endgame_e2_profile_preference_settings/services/mock-server/personalization-store.ts
D	01.civilization-os/08.civilization-portal-site/civilization-portal-site-web/.backup/20260420_221039_endgame_e2_profile_preference_settings/services/mock-server/recommendation-store.ts
D	01.civilization-os/08.civilization-portal-site/civilization-portal-site-web/.backup/20260420_221039_endgame_e2_profile_preference_settings/services/mock-server/search-store.ts
D	01.civilization-os/08.civilization-portal-site/civilization-portal-site-web/.backup/20260420_221039_endgame_e2_profile_preference_settings/services/mock-server/seo-store.ts
D	01.civilization-os/08.civilization-portal-site/civilization-portal-site-web/.backup/20260420_221039_endgame_e2_profile_preference_settings/services/portal-api/admin-client.ts
D	01.civilization-os/08.civilization-portal-site/civilization-portal-site-web/.backup/20260420_221039_endgame_e2_profile_preference_settings/services/portal-api/admin-security-client.ts
D	01.civilization-os/08.civilization-portal-site/civilization-portal-site-web/.backup/20260420_221039_endgame_e2_profile_preference_settings/services/portal-api/asset-client.ts
D	01.civilization-os/08.civilization-portal-site/civilization-portal-site-web/.backup/20260420_221039_endgame_e2_profile_preference_settings/services/portal-api/auth-client.ts
D	01.civilization-os/08.civilization-portal-site/civilization-portal-site-web/.backup/20260420_221039_endgame_e2_profile_preference_settings/services/portal-api/cms-client.ts
D	01.civilization-os/08.civilization-portal-site/civilization-portal-site-web/.backup/20260420_221039_endgame_e2_profile_preference_settings/services/portal-api/content-client.ts
D	01.civilization-os/08.civilization-portal-site/civilization-portal-site-web/.backup/20260420_221039_endgame_e2_profile_preference_settings/services/portal-api/fetch-json.ts
D	01.civilization-os/08.civilization-portal-site/civilization-portal-site-web/.backup/20260420_221039_endgame_e2_profile_preference_settings/services/portal-api/launch-client.ts
D	01.civilization-os/08.civilization-portal-site/civilization-portal-site-web/.backup/20260420_221039_endgame_e2_profile_preference_settings/services/portal-api/navigation-client.ts
D	01.civilization-os/08.civilization-portal-site/civilization-portal-site-web/.backup/20260420_221039_endgame_e2_profile_preference_settings/services/portal-api/notification-client.ts
D	01.civilization-os/08.civilization-portal-site/civilization-portal-site-web/.backup/20260420_221039_endgame_e2_profile_preference_settings/services/portal-api/personalization-client.ts
D	01.civilization-os/08.civilization-portal-site/civilization-portal-site-web/.backup/20260420_221039_endgame_e2_profile_preference_settings/services/portal-api/recommendation-client.ts
D	01.civilization-os/08.civilization-portal-site/civilization-portal-site-web/.backup/20260420_221039_endgame_e2_profile_preference_settings/services/portal-api/search-client.ts
D	01.civilization-os/08.civilization-portal-site/civilization-portal-site-web/.backup/20260420_221039_endgame_e2_profile_preference_settings/services/portal-api/seo-client.ts
D	01.civilization-os/08.civilization-portal-site/civilization-portal-site-web/.backup/20260420_221039_endgame_e2_profile_preference_settings/types/auth.ts
D	01.civilization-os/08.civilization-portal-site/civilization-portal-site-web/.backup/20260420_221039_endgame_e2_profile_preference_settings/types/bridge.ts
D	01.civilization-os/08.civilization-portal-site/civilization-portal-site-web/.backup/20260420_221039_endgame_e2_profile_preference_settings/types/decision.ts
D	01.civilization-os/08.civilization-portal-site/civilization-portal-site-web/.backup/20260420_221039_endgame_e2_profile_preference_settings/types/decision/entry-decision.ts
D	01.civilization-os/08.civilization-portal-site/civilization-portal-site-web/.backup/20260420_221039_endgame_e2_profile_preference_settings/types/os.ts
D	01.civilization-os/08.civilization-portal-site/civilization-portal-site-web/.backup/20260420_221039_endgame_e2_profile_preference_settings/types/os/os-catalog.ts
D	01.civilization-os/08.civilization-portal-site/civilization-portal-site-web/.backup/20260420_221039_endgame_e2_profile_preference_settings/types/portal-admin-api.ts
D	01.civilization-os/08.civilization-portal-site/civilization-portal-site-web/.backup/20260420_221039_endgame_e2_profile_preference_settings/types/portal-admin-security-api.ts
D	01.civilization-os/08.civilization-portal-site/civilization-portal-site-web/.backup/20260420_221039_endgame_e2_profile_preference_settings/types/portal-api.ts
D	01.civilization-os/08.civilization-portal-site/civilization-portal-site-web/.backup/20260420_221039_endgame_e2_profile_preference_settings/types/portal-asset-api.ts
D	01.civilization-os/08.civilization-portal-site/civilization-portal-site-web/.backup/20260420_221039_endgame_e2_profile_preference_settings/types/portal-cms-api.ts
D	01.civilization-os/08.civilization-portal-site/civilization-portal-site-web/.backup/20260420_221039_endgame_e2_profile_preference_settings/types/portal-navigation-api.ts
D	01.civilization-os/08.civilization-portal-site/civilization-portal-site-web/.backup/20260420_221039_endgame_e2_profile_preference_settings/types/portal-notification-api.ts
D	01.civilization-os/08.civilization-portal-site/civilization-portal-site-web/.backup/20260420_221039_endgame_e2_profile_preference_settings/types/portal-personalization-api.ts
D	01.civilization-os/08.civilization-portal-site/civilization-portal-site-web/.backup/20260420_221039_endgame_e2_profile_preference_settings/types/portal-recommendation-api.ts
D	01.civilization-os/08.civilization-portal-site/civilization-portal-site-web/.backup/20260420_221039_endgame_e2_profile_preference_settings/types/portal-search-api.ts
D	01.civilization-os/08.civilization-portal-site/civilization-portal-site-web/.backup/20260420_221039_endgame_e2_profile_preference_settings/types/portal-seo-api.ts
D	01.civilization-os/08.civilization-portal-site/civilization-portal-site-web/.backup/20260420_223624_endgame_e3_analytics_event_tracking/app/api/v1/portal/admin/access/check/route.ts
D	01.civilization-os/08.civilization-portal-site/civilization-portal-site-web/.backup/20260420_223624_endgame_e3_analytics_event_tracking/app/api/v1/portal/admin/asset/manifest/list/route.ts
D	01.civilization-os/08.civilization-portal-site/civilization-portal-site-web/.backup/20260420_223624_endgame_e3_analytics_event_tracking/app/api/v1/portal/admin/asset/manifest/upsert/route.ts
D	01.civilization-os/08.civilization-portal-site/civilization-portal-site-web/.backup/20260420_223624_endgame_e3_analytics_event_tracking/app/api/v1/portal/admin/audit/append/route.ts
D	01.civilization-os/08.civilization-portal-site/civilization-portal-site-web/.backup/20260420_223624_endgame_e3_analytics_event_tracking/app/api/v1/portal/admin/audit/list/route.ts
D	01.civilization-os/08.civilization-portal-site/civilization-portal-site-web/.backup/20260420_223624_endgame_e3_analytics_event_tracking/app/api/v1/portal/admin/cms/page/list/route.ts
D	01.civilization-os/08.civilization-portal-site/civilization-portal-site-web/.backup/20260420_223624_endgame_e3_analytics_event_tracking/app/api/v1/portal/admin/cms/page/upsert/route.ts
D	01.civilization-os/08.civilization-portal-site/civilization-portal-site-web/.backup/20260420_223624_endgame_e3_analytics_event_tracking/app/api/v1/portal/admin/listing/list/route.ts
D	01.civilization-os/08.civilization-portal-site/civilization-portal-site-web/.backup/20260420_223624_endgame_e3_analytics_event_tracking/app/api/v1/portal/admin/listing/upsert/route.ts
D	01.civilization-os/08.civilization-portal-site/civilization-portal-site-web/.backup/20260420_223624_endgame_e3_analytics_event_tracking/app/api/v1/portal/admin/maintenance/list/route.ts
D	01.civilization-os/08.civilization-portal-site/civilization-portal-site-web/.backup/20260420_223624_endgame_e3_analytics_event_tracking/app/api/v1/portal/admin/maintenance/upsert/route.ts
D	01.civilization-os/08.civilization-portal-site/civilization-portal-site-web/.backup/20260420_223624_endgame_e3_analytics_event_tracking/app/api/v1/portal/admin/navigation/manifest/list/route.ts
D	01.civilization-os/08.civilization-portal-site/civilization-portal-site-web/.backup/20260420_223624_endgame_e3_analytics_event_tracking/app/api/v1/portal/admin/navigation/manifest/upsert/route.ts
D	01.civilization-os/08.civilization-portal-site/civilization-portal-site-web/.backup/20260420_223624_endgame_e3_analytics_event_tracking/app/api/v1/portal/admin/notices/list/route.ts
D	01.civilization-os/08.civilization-portal-site/civilization-portal-site-web/.backup/20260420_223624_endgame_e3_analytics_event_tracking/app/api/v1/portal/admin/notices/publish/route.ts
D	01.civilization-os/08.civilization-portal-site/civilization-portal-site-web/.backup/20260420_223624_endgame_e3_analytics_event_tracking/app/api/v1/portal/admin/notification/center/list/route.ts
D	01.civilization-os/08.civilization-portal-site/civilization-portal-site-web/.backup/20260420_223624_endgame_e3_analytics_event_tracking/app/api/v1/portal/admin/notification/center/upsert/route.ts
D	01.civilization-os/08.civilization-portal-site/civilization-portal-site-web/.backup/20260420_223624_endgame_e3_analytics_event_tracking/app/api/v1/portal/admin/recommendation/rule/list/route.ts
D	01.civilization-os/08.civilization-portal-site/civilization-portal-site-web/.backup/20260420_223624_endgame_e3_analytics_event_tracking/app/api/v1/portal/admin/recommendation/rule/upsert/route.ts
D	01.civilization-os/08.civilization-portal-site/civilization-portal-site-web/.backup/20260420_223624_endgame_e3_analytics_event_tracking/app/api/v1/portal/admin/search/index/list/route.ts
D	01.civilization-os/08.civilization-portal-site/civilization-portal-site-web/.backup/20260420_223624_endgame_e3_analytics_event_tracking/app/api/v1/portal/admin/search/index/upsert/route.ts
D	01.civilization-os/08.civilization-portal-site/civilization-portal-site-web/.backup/20260420_223624_endgame_e3_analytics_event_tracking/app/api/v1/portal/admin/seo/page/list/route.ts
D	01.civilization-os/08.civilization-portal-site/civilization-portal-site-web/.backup/20260420_223624_endgame_e3_analytics_event_tracking/app/api/v1/portal/admin/seo/page/upsert/route.ts
D	01.civilization-os/08.civilization-portal-site/civilization-portal-site-web/.backup/20260420_223624_endgame_e3_analytics_event_tracking/app/api/v1/portal/public/asset/manifest/list/route.ts
D	01.civilization-os/08.civilization-portal-site/civilization-portal-site-web/.backup/20260420_223624_endgame_e3_analytics_event_tracking/app/api/v1/portal/public/cms/page/get/route.ts
D	01.civilization-os/08.civilization-portal-site/civilization-portal-site-web/.backup/20260420_223624_endgame_e3_analytics_event_tracking/app/api/v1/portal/public/listing/list/route.ts
D	01.civilization-os/08.civilization-portal-site/civilization-portal-site-web/.backup/20260420_223624_endgame_e3_analytics_event_tracking/app/api/v1/portal/public/maintenance/list/route.ts
D	01.civilization-os/08.civilization-portal-site/civilization-portal-site-web/.backup/20260420_223624_endgame_e3_analytics_event_tracking/app/api/v1/portal/public/navigation/manifest/list/route.ts
D	01.civilization-os/08.civilization-portal-site/civilization-portal-site-web/.backup/20260420_223624_endgame_e3_analytics_event_tracking/app/api/v1/portal/public/navigation/menu/resolve/route.ts
D	01.civilization-os/08.civilization-portal-site/civilization-portal-site-web/.backup/20260420_223624_endgame_e3_analytics_event_tracking/app/api/v1/portal/public/notices/list/route.ts
D	01.civilization-os/08.civilization-portal-site/civilization-portal-site-web/.backup/20260420_223624_endgame_e3_analytics_event_tracking/app/api/v1/portal/public/notification/announcement/ack/route.ts
D	01.civilization-os/08.civilization-portal-site/civilization-portal-site-web/.backup/20260420_223624_endgame_e3_analytics_event_tracking/app/api/v1/portal/public/notification/center/get/route.ts
D	01.civilization-os/08.civilization-portal-site/civilization-portal-site-web/.backup/20260420_223624_endgame_e3_analytics_event_tracking/app/api/v1/portal/public/personal/entries/get/route.ts
D	01.civilization-os/08.civilization-portal-site/civilization-portal-site-web/.backup/20260420_223624_endgame_e3_analytics_event_tracking/app/api/v1/portal/public/personal/favorite/upsert/route.ts
D	01.civilization-os/08.civilization-portal-site/civilization-portal-site-web/.backup/20260420_223624_endgame_e3_analytics_event_tracking/app/api/v1/portal/public/personal/recent/append/route.ts
D	01.civilization-os/08.civilization-portal-site/civilization-portal-site-web/.backup/20260420_223624_endgame_e3_analytics_event_tracking/app/api/v1/portal/public/personal/shortcut/upsert/route.ts
D	01.civilization-os/08.civilization-portal-site/civilization-portal-site-web/.backup/20260420_223624_endgame_e3_analytics_event_tracking/app/api/v1/portal/public/profile/settings/get/route.ts
D	01.civilization-os/08.civilization-portal-site/civilization-portal-site-web/.backup/20260420_223624_endgame_e3_analytics_event_tracking/app/api/v1/portal/public/profile/settings/upsert/route.ts
D	01.civilization-os/08.civilization-portal-site/civilization-portal-site-web/.backup/20260420_223624_endgame_e3_analytics_event_tracking/app/api/v1/portal/public/recommendation/resolve/route.ts
D	01.civilization-os/08.civilization-portal-site/civilization-portal-site-web/.backup/20260420_223624_endgame_e3_analytics_event_tracking/app/api/v1/portal/public/search/query/route.ts
D	01.civilization-os/08.civilization-portal-site/civilization-portal-site-web/.backup/20260420_223624_endgame_e3_analytics_event_tracking/app/api/v1/portal/public/seo/page/get/route.ts
D	01.civilization-os/08.civilization-portal-site/civilization-portal-site-web/.backup/20260420_223624_endgame_e3_analytics_event_tracking/features/admin/admin-workspace-page.tsx
D	01.civilization-os/08.civilization-portal-site/civilization-portal-site-web/.backup/20260420_223624_endgame_e3_analytics_event_tracking/features/launcher/launcher-page.tsx
D	01.civilization-os/08.civilization-portal-site/civilization-portal-site-web/.backup/20260420_223624_endgame_e3_analytics_event_tracking/features/os-catalog/os-detail-page.tsx
D	01.civilization-os/08.civilization-portal-site/civilization-portal-site-web/.backup/20260420_223624_endgame_e3_analytics_event_tracking/features/public-home/home-page.tsx
D	01.civilization-os/08.civilization-portal-site/civilization-portal-site-web/.backup/20260420_223624_endgame_e3_analytics_event_tracking/features/search/search-page.tsx
D	01.civilization-os/08.civilization-portal-site/civilization-portal-site-web/.backup/20260420_223624_endgame_e3_analytics_event_tracking/lib/routing/routes.ts
D	01.civilization-os/08.civilization-portal-site/civilization-portal-site-web/.backup/20260420_223624_endgame_e3_analytics_event_tracking/services/mock-server/admin-access.ts
D	01.civilization-os/08.civilization-portal-site/civilization-portal-site-web/.backup/20260420_223624_endgame_e3_analytics_event_tracking/services/mock-server/admin-store.ts
D	01.civilization-os/08.civilization-portal-site/civilization-portal-site-web/.backup/20260420_223624_endgame_e3_analytics_event_tracking/services/mock-server/api-meta.ts
D	01.civilization-os/08.civilization-portal-site/civilization-portal-site-web/.backup/20260420_223624_endgame_e3_analytics_event_tracking/services/mock-server/asset-store.ts
D	01.civilization-os/08.civilization-portal-site/civilization-portal-site-web/.backup/20260420_223624_endgame_e3_analytics_event_tracking/services/mock-server/audit-store.ts
D	01.civilization-os/08.civilization-portal-site/civilization-portal-site-web/.backup/20260420_223624_endgame_e3_analytics_event_tracking/services/mock-server/auth-mock.ts
D	01.civilization-os/08.civilization-portal-site/civilization-portal-site-web/.backup/20260420_223624_endgame_e3_analytics_event_tracking/services/mock-server/cms-store.ts
D	01.civilization-os/08.civilization-portal-site/civilization-portal-site-web/.backup/20260420_223624_endgame_e3_analytics_event_tracking/services/mock-server/launch-mock.ts
D	01.civilization-os/08.civilization-portal-site/civilization-portal-site-web/.backup/20260420_223624_endgame_e3_analytics_event_tracking/services/mock-server/navigation-store.ts
D	01.civilization-os/08.civilization-portal-site/civilization-portal-site-web/.backup/20260420_223624_endgame_e3_analytics_event_tracking/services/mock-server/notification-store.ts
D	01.civilization-os/08.civilization-portal-site/civilization-portal-site-web/.backup/20260420_223624_endgame_e3_analytics_event_tracking/services/mock-server/personalization-store.ts
D	01.civilization-os/08.civilization-portal-site/civilization-portal-site-web/.backup/20260420_223624_endgame_e3_analytics_event_tracking/services/mock-server/profile-settings-store.ts
D	01.civilization-os/08.civilization-portal-site/civilization-portal-site-web/.backup/20260420_223624_endgame_e3_analytics_event_tracking/services/mock-server/recommendation-store.ts
D	01.civilization-os/08.civilization-portal-site/civilization-portal-site-web/.backup/20260420_223624_endgame_e3_analytics_event_tracking/services/mock-server/search-store.ts
D	01.civilization-os/08.civilization-portal-site/civilization-portal-site-web/.backup/20260420_223624_endgame_e3_analytics_event_tracking/services/mock-server/seo-store.ts
D	01.civilization-os/08.civilization-portal-site/civilization-portal-site-web/.backup/20260420_223624_endgame_e3_analytics_event_tracking/services/portal-api/admin-client.ts
D	01.civilization-os/08.civilization-portal-site/civilization-portal-site-web/.backup/20260420_223624_endgame_e3_analytics_event_tracking/services/portal-api/admin-security-client.ts
D	01.civilization-os/08.civilization-portal-site/civilization-portal-site-web/.backup/20260420_223624_endgame_e3_analytics_event_tracking/services/portal-api/asset-client.ts
D	01.civilization-os/08.civilization-portal-site/civilization-portal-site-web/.backup/20260420_223624_endgame_e3_analytics_event_tracking/services/portal-api/auth-client.ts
D	01.civilization-os/08.civilization-portal-site/civilization-portal-site-web/.backup/20260420_223624_endgame_e3_analytics_event_tracking/services/portal-api/cms-client.ts
D	01.civilization-os/08.civilization-portal-site/civilization-portal-site-web/.backup/20260420_223624_endgame_e3_analytics_event_tracking/services/portal-api/content-client.ts
D	01.civilization-os/08.civilization-portal-site/civilization-portal-site-web/.backup/20260420_223624_endgame_e3_analytics_event_tracking/services/portal-api/fetch-json.ts
D	01.civilization-os/08.civilization-portal-site/civilization-portal-site-web/.backup/20260420_223624_endgame_e3_analytics_event_tracking/services/portal-api/launch-client.ts
D	01.civilization-os/08.civilization-portal-site/civilization-portal-site-web/.backup/20260420_223624_endgame_e3_analytics_event_tracking/services/portal-api/navigation-client.ts
D	01.civilization-os/08.civilization-portal-site/civilization-portal-site-web/.backup/20260420_223624_endgame_e3_analytics_event_tracking/services/portal-api/notification-client.ts
D	01.civilization-os/08.civilization-portal-site/civilization-portal-site-web/.backup/20260420_223624_endgame_e3_analytics_event_tracking/services/portal-api/personalization-client.ts
D	01.civilization-os/08.civilization-portal-site/civilization-portal-site-web/.backup/20260420_223624_endgame_e3_analytics_event_tracking/services/portal-api/profile-settings-client.ts
D	01.civilization-os/08.civilization-portal-site/civilization-portal-site-web/.backup/20260420_223624_endgame_e3_analytics_event_tracking/services/portal-api/recommendation-client.ts
D	01.civilization-os/08.civilization-portal-site/civilization-portal-site-web/.backup/20260420_223624_endgame_e3_analytics_event_tracking/services/portal-api/search-client.ts
D	01.civilization-os/08.civilization-portal-site/civilization-portal-site-web/.backup/20260420_223624_endgame_e3_analytics_event_tracking/services/portal-api/seo-client.ts
D	01.civilization-os/08.civilization-portal-site/civilization-portal-site-web/.backup/20260420_223624_endgame_e3_analytics_event_tracking/types/auth.ts
D	01.civilization-os/08.civilization-portal-site/civilization-portal-site-web/.backup/20260420_223624_endgame_e3_analytics_event_tracking/types/bridge.ts
D	01.civilization-os/08.civilization-portal-site/civilization-portal-site-web/.backup/20260420_223624_endgame_e3_analytics_event_tracking/types/decision.ts
D	01.civilization-os/08.civilization-portal-site/civilization-portal-site-web/.backup/20260420_223624_endgame_e3_analytics_event_tracking/types/decision/entry-decision.ts
D	01.civilization-os/08.civilization-portal-site/civilization-portal-site-web/.backup/20260420_223624_endgame_e3_analytics_event_tracking/types/os.ts
D	01.civilization-os/08.civilization-portal-site/civilization-portal-site-web/.backup/20260420_223624_endgame_e3_analytics_event_tracking/types/os/os-catalog.ts
D	01.civilization-os/08.civilization-portal-site/civilization-portal-site-web/.backup/20260420_223624_endgame_e3_analytics_event_tracking/types/portal-admin-api.ts
D	01.civilization-os/08.civilization-portal-site/civilization-portal-site-web/.backup/20260420_223624_endgame_e3_analytics_event_tracking/types/portal-admin-security-api.ts
D	01.civilization-os/08.civilization-portal-site/civilization-portal-site-web/.backup/20260420_223624_endgame_e3_analytics_event_tracking/types/portal-api.ts
D	01.civilization-os/08.civilization-portal-site/civilization-portal-site-web/.backup/20260420_223624_endgame_e3_analytics_event_tracking/types/portal-asset-api.ts
D	01.civilization-os/08.civilization-portal-site/civilization-portal-site-web/.backup/20260420_223624_endgame_e3_analytics_event_tracking/types/portal-cms-api.ts
D	01.civilization-os/08.civilization-portal-site/civilization-portal-site-web/.backup/20260420_223624_endgame_e3_analytics_event_tracking/types/portal-navigation-api.ts
D	01.civilization-os/08.civilization-portal-site/civilization-portal-site-web/.backup/20260420_223624_endgame_e3_analytics_event_tracking/types/portal-notification-api.ts
D	01.civilization-os/08.civilization-portal-site/civilization-portal-site-web/.backup/20260420_223624_endgame_e3_analytics_event_tracking/types/portal-personalization-api.ts
D	01.civilization-os/08.civilization-portal-site/civilization-portal-site-web/.backup/20260420_223624_endgame_e3_analytics_event_tracking/types/portal-profile-settings-api.ts
D	01.civilization-os/08.civilization-portal-site/civilization-portal-site-web/.backup/20260420_223624_endgame_e3_analytics_event_tracking/types/portal-recommendation-api.ts
D	01.civilization-os/08.civilization-portal-site/civilization-portal-site-web/.backup/20260420_223624_endgame_e3_analytics_event_tracking/types/portal-search-api.ts
D	01.civilization-os/08.civilization-portal-site/civilization-portal-site-web/.backup/20260420_223624_endgame_e3_analytics_event_tracking/types/portal-seo-api.ts
D	01.civilization-os/08.civilization-portal-site/civilization-portal-site-web/.backup/20260420_225843_endgame_e3_resume_fix/features/admin/admin-workspace-page.tsx
D	01.civilization-os/08.civilization-portal-site/civilization-portal-site-web/.backup/20260420_225843_endgame_e3_resume_fix/features/launcher/launcher-page.tsx
D	01.civilization-os/08.civilization-portal-site/civilization-portal-site-web/.backup/20260420_225843_endgame_e3_resume_fix/features/os-catalog/os-detail-page.tsx
D	01.civilization-os/08.civilization-portal-site/civilization-portal-site-web/.backup/20260420_225843_endgame_e3_resume_fix/features/public-home/home-page.tsx
D	01.civilization-os/08.civilization-portal-site/civilization-portal-site-web/.backup/20260420_225843_endgame_e3_resume_fix/features/search/search-page.tsx
D	01.civilization-os/08.civilization-portal-site/civilization-portal-site-web/.backup/20260421_044329_endgame_e3_resume_fix_safe/features/admin/admin-workspace-page.tsx
D	01.civilization-os/08.civilization-portal-site/civilization-portal-site-web/.backup/20260421_044329_endgame_e3_resume_fix_safe/features/launcher/launcher-page.tsx
D	01.civilization-os/08.civilization-portal-site/civilization-portal-site-web/.backup/20260421_044329_endgame_e3_resume_fix_safe/features/os-catalog/os-detail-page.tsx
D	01.civilization-os/08.civilization-portal-site/civilization-portal-site-web/.backup/20260421_044329_endgame_e3_resume_fix_safe/features/public-home/home-page.tsx
D	01.civilization-os/08.civilization-portal-site/civilization-portal-site-web/.backup/20260421_044329_endgame_e3_resume_fix_safe/features/search/search-page.tsx
D	01.civilization-os/08.civilization-portal-site/civilization-portal-site-web/.backup/20260421_045817_fix_admin_workspace_analytics_panel/admin-workspace-page.tsx.bak
D	01.civilization-os/08.civilization-portal-site/civilization-portal-site-web/.backup/20260421_051826_endgame_e4_help_policy_terms_contact_support/app/api/v1/portal/public/analytics/event/append/route.ts
D	01.civilization-os/08.civilization-portal-site/civilization-portal-site-web/.backup/20260421_051826_endgame_e4_help_policy_terms_contact_support/app/api/v1/portal/public/asset/manifest/list/route.ts
D	01.civilization-os/08.civilization-portal-site/civilization-portal-site-web/.backup/20260421_051826_endgame_e4_help_policy_terms_contact_support/app/api/v1/portal/public/cms/page/get/route.ts
D	01.civilization-os/08.civilization-portal-site/civilization-portal-site-web/.backup/20260421_051826_endgame_e4_help_policy_terms_contact_support/app/api/v1/portal/public/listing/list/route.ts
D	01.civilization-os/08.civilization-portal-site/civilization-portal-site-web/.backup/20260421_051826_endgame_e4_help_policy_terms_contact_support/app/api/v1/portal/public/maintenance/list/route.ts
D	01.civilization-os/08.civilization-portal-site/civilization-portal-site-web/.backup/20260421_051826_endgame_e4_help_policy_terms_contact_support/app/api/v1/portal/public/navigation/manifest/list/route.ts
D	01.civilization-os/08.civilization-portal-site/civilization-portal-site-web/.backup/20260421_051826_endgame_e4_help_policy_terms_contact_support/app/api/v1/portal/public/navigation/menu/resolve/route.ts
D	01.civilization-os/08.civilization-portal-site/civilization-portal-site-web/.backup/20260421_051826_endgame_e4_help_policy_terms_contact_support/app/api/v1/portal/public/notices/list/route.ts
D	01.civilization-os/08.civilization-portal-site/civilization-portal-site-web/.backup/20260421_051826_endgame_e4_help_policy_terms_contact_support/app/api/v1/portal/public/notification/announcement/ack/route.ts
D	01.civilization-os/08.civilization-portal-site/civilization-portal-site-web/.backup/20260421_051826_endgame_e4_help_policy_terms_contact_support/app/api/v1/portal/public/notification/center/get/route.ts
D	01.civilization-os/08.civilization-portal-site/civilization-portal-site-web/.backup/20260421_051826_endgame_e4_help_policy_terms_contact_support/app/api/v1/portal/public/personal/entries/get/route.ts
D	01.civilization-os/08.civilization-portal-site/civilization-portal-site-web/.backup/20260421_051826_endgame_e4_help_policy_terms_contact_support/app/api/v1/portal/public/personal/favorite/upsert/route.ts
D	01.civilization-os/08.civilization-portal-site/civilization-portal-site-web/.backup/20260421_051826_endgame_e4_help_policy_terms_contact_support/app/api/v1/portal/public/personal/recent/append/route.ts
D	01.civilization-os/08.civilization-portal-site/civilization-portal-site-web/.backup/20260421_051826_endgame_e4_help_policy_terms_contact_support/app/api/v1/portal/public/personal/shortcut/upsert/route.ts
D	01.civilization-os/08.civilization-portal-site/civilization-portal-site-web/.backup/20260421_051826_endgame_e4_help_policy_terms_contact_support/app/api/v1/portal/public/profile/settings/get/route.ts
D	01.civilization-os/08.civilization-portal-site/civilization-portal-site-web/.backup/20260421_051826_endgame_e4_help_policy_terms_contact_support/app/api/v1/portal/public/profile/settings/upsert/route.ts
D	01.civilization-os/08.civilization-portal-site/civilization-portal-site-web/.backup/20260421_051826_endgame_e4_help_policy_terms_contact_support/app/api/v1/portal/public/recommendation/resolve/route.ts
D	01.civilization-os/08.civilization-portal-site/civilization-portal-site-web/.backup/20260421_051826_endgame_e4_help_policy_terms_contact_support/app/api/v1/portal/public/search/query/route.ts
D	01.civilization-os/08.civilization-portal-site/civilization-portal-site-web/.backup/20260421_051826_endgame_e4_help_policy_terms_contact_support/app/api/v1/portal/public/seo/page/get/route.ts
D	01.civilization-os/08.civilization-portal-site/civilization-portal-site-web/.backup/20260421_051826_endgame_e4_help_policy_terms_contact_support/features/launcher/launcher-page.tsx
D	01.civilization-os/08.civilization-portal-site/civilization-portal-site-web/.backup/20260421_051826_endgame_e4_help_policy_terms_contact_support/features/public-home/home-page.tsx
D	01.civilization-os/08.civilization-portal-site/civilization-portal-site-web/.backup/20260421_051826_endgame_e4_help_policy_terms_contact_support/lib/routing/routes.ts
D	01.civilization-os/08.civilization-portal-site/civilization-portal-site-web/.backup/20260421_051826_endgame_e4_help_policy_terms_contact_support/services/mock-server/admin-access.ts
D	01.civilization-os/08.civilization-portal-site/civilization-portal-site-web/.backup/20260421_051826_endgame_e4_help_policy_terms_contact_support/services/mock-server/admin-store.ts
D	01.civilization-os/08.civilization-portal-site/civilization-portal-site-web/.backup/20260421_051826_endgame_e4_help_policy_terms_contact_support/services/mock-server/analytics-store.ts
D	01.civilization-os/08.civilization-portal-site/civilization-portal-site-web/.backup/20260421_051826_endgame_e4_help_policy_terms_contact_support/services/mock-server/api-meta.ts
D	01.civilization-os/08.civilization-portal-site/civilization-portal-site-web/.backup/20260421_051826_endgame_e4_help_policy_terms_contact_support/services/mock-server/asset-store.ts
D	01.civilization-os/08.civilization-portal-site/civilization-portal-site-web/.backup/20260421_051826_endgame_e4_help_policy_terms_contact_support/services/mock-server/audit-store.ts
D	01.civilization-os/08.civilization-portal-site/civilization-portal-site-web/.backup/20260421_051826_endgame_e4_help_policy_terms_contact_support/services/mock-server/auth-mock.ts
D	01.civilization-os/08.civilization-portal-site/civilization-portal-site-web/.backup/20260421_051826_endgame_e4_help_policy_terms_contact_support/services/mock-server/cms-store.ts
D	01.civilization-os/08.civilization-portal-site/civilization-portal-site-web/.backup/20260421_051826_endgame_e4_help_policy_terms_contact_support/services/mock-server/launch-mock.ts
D	01.civilization-os/08.civilization-portal-site/civilization-portal-site-web/.backup/20260421_051826_endgame_e4_help_policy_terms_contact_support/services/mock-server/navigation-store.ts
D	01.civilization-os/08.civilization-portal-site/civilization-portal-site-web/.backup/20260421_051826_endgame_e4_help_policy_terms_contact_support/services/mock-server/notification-store.ts
D	01.civilization-os/08.civilization-portal-site/civilization-portal-site-web/.backup/20260421_051826_endgame_e4_help_policy_terms_contact_support/services/mock-server/personalization-store.ts
D	01.civilization-os/08.civilization-portal-site/civilization-portal-site-web/.backup/20260421_051826_endgame_e4_help_policy_terms_contact_support/services/mock-server/profile-settings-store.ts
D	01.civilization-os/08.civilization-portal-site/civilization-portal-site-web/.backup/20260421_051826_endgame_e4_help_policy_terms_contact_support/services/mock-server/recommendation-store.ts
D	01.civilization-os/08.civilization-portal-site/civilization-portal-site-web/.backup/20260421_051826_endgame_e4_help_policy_terms_contact_support/services/mock-server/search-store.ts
D	01.civilization-os/08.civilization-portal-site/civilization-portal-site-web/.backup/20260421_051826_endgame_e4_help_policy_terms_contact_support/services/mock-server/seo-store.ts
D	01.civilization-os/08.civilization-portal-site/civilization-portal-site-web/.backup/20260421_051826_endgame_e4_help_policy_terms_contact_support/services/portal-api/admin-client.ts
D	01.civilization-os/08.civilization-portal-site/civilization-portal-site-web/.backup/20260421_051826_endgame_e4_help_policy_terms_contact_support/services/portal-api/admin-security-client.ts
D	01.civilization-os/08.civilization-portal-site/civilization-portal-site-web/.backup/20260421_051826_endgame_e4_help_policy_terms_contact_support/services/portal-api/analytics-client.ts
D	01.civilization-os/08.civilization-portal-site/civilization-portal-site-web/.backup/20260421_051826_endgame_e4_help_policy_terms_contact_support/services/portal-api/asset-client.ts
D	01.civilization-os/08.civilization-portal-site/civilization-portal-site-web/.backup/20260421_051826_endgame_e4_help_policy_terms_contact_support/services/portal-api/auth-client.ts
D	01.civilization-os/08.civilization-portal-site/civilization-portal-site-web/.backup/20260421_051826_endgame_e4_help_policy_terms_contact_support/services/portal-api/cms-client.ts
D	01.civilization-os/08.civilization-portal-site/civilization-portal-site-web/.backup/20260421_051826_endgame_e4_help_policy_terms_contact_support/services/portal-api/content-client.ts
D	01.civilization-os/08.civilization-portal-site/civilization-portal-site-web/.backup/20260421_051826_endgame_e4_help_policy_terms_contact_support/services/portal-api/fetch-json.ts
D	01.civilization-os/08.civilization-portal-site/civilization-portal-site-web/.backup/20260421_051826_endgame_e4_help_policy_terms_contact_support/services/portal-api/launch-client.ts
D	01.civilization-os/08.civilization-portal-site/civilization-portal-site-web/.backup/20260421_051826_endgame_e4_help_policy_terms_contact_support/services/portal-api/navigation-client.ts
D	01.civilization-os/08.civilization-portal-site/civilization-portal-site-web/.backup/20260421_051826_endgame_e4_help_policy_terms_contact_support/services/portal-api/notification-client.ts
D	01.civilization-os/08.civilization-portal-site/civilization-portal-site-web/.backup/20260421_051826_endgame_e4_help_policy_terms_contact_support/services/portal-api/personalization-client.ts
D	01.civilization-os/08.civilization-portal-site/civilization-portal-site-web/.backup/20260421_051826_endgame_e4_help_policy_terms_contact_support/services/portal-api/profile-settings-client.ts
D	01.civilization-os/08.civilization-portal-site/civilization-portal-site-web/.backup/20260421_051826_endgame_e4_help_policy_terms_contact_support/services/portal-api/recommendation-client.ts
D	01.civilization-os/08.civilization-portal-site/civilization-portal-site-web/.backup/20260421_051826_endgame_e4_help_policy_terms_contact_support/services/portal-api/search-client.ts
D	01.civilization-os/08.civilization-portal-site/civilization-portal-site-web/.backup/20260421_051826_endgame_e4_help_policy_terms_contact_support/services/portal-api/seo-client.ts
D	01.civilization-os/08.civilization-portal-site/civilization-portal-site-web/.backup/20260421_051826_endgame_e4_help_policy_terms_contact_support/types/auth.ts
D	01.civilization-os/08.civilization-portal-site/civilization-portal-site-web/.backup/20260421_051826_endgame_e4_help_policy_terms_contact_support/types/bridge.ts
D	01.civilization-os/08.civilization-portal-site/civilization-portal-site-web/.backup/20260421_051826_endgame_e4_help_policy_terms_contact_support/types/decision.ts
D	01.civilization-os/08.civilization-portal-site/civilization-portal-site-web/.backup/20260421_051826_endgame_e4_help_policy_terms_contact_support/types/decision/entry-decision.ts
D	01.civilization-os/08.civilization-portal-site/civilization-portal-site-web/.backup/20260421_051826_endgame_e4_help_policy_terms_contact_support/types/os.ts
D	01.civilization-os/08.civilization-portal-site/civilization-portal-site-web/.backup/20260421_051826_endgame_e4_help_policy_terms_contact_support/types/os/os-catalog.ts
D	01.civilization-os/08.civilization-portal-site/civilization-portal-site-web/.backup/20260421_051826_endgame_e4_help_policy_terms_contact_support/types/portal-admin-api.ts
D	01.civilization-os/08.civilization-portal-site/civilization-portal-site-web/.backup/20260421_051826_endgame_e4_help_policy_terms_contact_support/types/portal-admin-security-api.ts
D	01.civilization-os/08.civilization-portal-site/civilization-portal-site-web/.backup/20260421_051826_endgame_e4_help_policy_terms_contact_support/types/portal-analytics-api.ts
D	01.civilization-os/08.civilization-portal-site/civilization-portal-site-web/.backup/20260421_051826_endgame_e4_help_policy_terms_contact_support/types/portal-api.ts
D	01.civilization-os/08.civilization-portal-site/civilization-portal-site-web/.backup/20260421_051826_endgame_e4_help_policy_terms_contact_support/types/portal-asset-api.ts
D	01.civilization-os/08.civilization-portal-site/civilization-portal-site-web/.backup/20260421_051826_endgame_e4_help_policy_terms_contact_support/types/portal-cms-api.ts
D	01.civilization-os/08.civilization-portal-site/civilization-portal-site-web/.backup/20260421_051826_endgame_e4_help_policy_terms_contact_support/types/portal-navigation-api.ts
D	01.civilization-os/08.civilization-portal-site/civilization-portal-site-web/.backup/20260421_051826_endgame_e4_help_policy_terms_contact_support/types/portal-notification-api.ts
D	01.civilization-os/08.civilization-portal-site/civilization-portal-site-web/.backup/20260421_051826_endgame_e4_help_policy_terms_contact_support/types/portal-personalization-api.ts
D	01.civilization-os/08.civilization-portal-site/civilization-portal-site-web/.backup/20260421_051826_endgame_e4_help_policy_terms_contact_support/types/portal-profile-settings-api.ts
D	01.civilization-os/08.civilization-portal-site/civilization-portal-site-web/.backup/20260421_051826_endgame_e4_help_policy_terms_contact_support/types/portal-recommendation-api.ts
D	01.civilization-os/08.civilization-portal-site/civilization-portal-site-web/.backup/20260421_051826_endgame_e4_help_policy_terms_contact_support/types/portal-search-api.ts
D	01.civilization-os/08.civilization-portal-site/civilization-portal-site-web/.backup/20260421_051826_endgame_e4_help_policy_terms_contact_support/types/portal-seo-api.ts
D	01.civilization-os/08.civilization-portal-site/civilization-portal-site-web/.backup/20260421_052742_endgame_e5_final_hardening/components/navigation/global-header.tsx
D	01.civilization-os/08.civilization-portal-site/civilization-portal-site-web/.backup/20260421_052742_endgame_e5_final_hardening/lib/routing/routes.ts
D	01.civilization-os/08.civilization-portal-site/civilization-portal-site-web/.backup/20260421_052742_endgame_e5_final_hardening/mocks/recommendation/seed-rules.ts
D	01.civilization-os/08.civilization-portal-site/civilization-portal-site-web/.backup/20260421_052742_endgame_e5_final_hardening/mocks/search/seed-index.ts
D	01.civilization-os/08.civilization-portal-site/civilization-portal-site-web/.backup/20260421_052742_endgame_e5_final_hardening/services/mock-server/navigation-store.ts
D	01.civilization-os/08.civilization-portal-site/civilization-portal-site-web/.backup/20260421_072914_final_dev_autofix_pass1/components/navigation/global-header.tsx
D	01.civilization-os/08.civilization-portal-site/civilization-portal-site-web/.backup/20260421_072914_final_dev_autofix_pass1/features/admin/admin-analytics-panel.tsx
D	01.civilization-os/08.civilization-portal-site/civilization-portal-site-web/.backup/20260421_072914_final_dev_autofix_pass1/features/admin/admin-workspace-page.tsx
D	01.civilization-os/08.civilization-portal-site/civilization-portal-site-web/.backup/20260421_072914_final_dev_autofix_pass1/features/launcher/launcher-page.tsx
D	01.civilization-os/08.civilization-portal-site/civilization-portal-site-web/.backup/20260421_072914_final_dev_autofix_pass1/features/os-catalog/os-detail-page.tsx
D	01.civilization-os/08.civilization-portal-site/civilization-portal-site-web/.backup/20260421_072914_final_dev_autofix_pass1/features/public-home/home-page.tsx
D	01.civilization-os/08.civilization-portal-site/civilization-portal-site-web/.backup/20260421_072914_final_dev_autofix_pass1/features/search/search-page.tsx
D	01.civilization-os/08.civilization-portal-site/civilization-portal-site-web/.backup/20260421_072914_final_dev_autofix_pass1/lib/routing/routes.ts
D	01.civilization-os/08.civilization-portal-site/civilization-portal-site-web/.backup/20260421_072914_final_dev_autofix_pass1/mocks/recommendation/seed-rules.ts
D	01.civilization-os/08.civilization-portal-site/civilization-portal-site-web/.backup/20260421_072914_final_dev_autofix_pass1/mocks/search/seed-index.ts
D	01.civilization-os/08.civilization-portal-site/civilization-portal-site-web/.backup/20260421_072914_final_dev_autofix_pass1/services/mock-server/navigation-store.ts
D	01.civilization-os/08.civilization-portal-site/civilization-portal-site-web/.backup/20260421_081704_final_dev_repair_f4/features/admin/admin-analytics-panel.tsx
D	01.civilization-os/08.civilization-portal-site/civilization-portal-site-web/.backup/20260421_081704_final_dev_repair_f4/features/admin/admin-workspace-page.tsx
D	01.civilization-os/08.civilization-portal-site/civilization-portal-site-web/.backup/20260421_081704_final_dev_repair_f4/features/launcher/launcher-page.tsx
D	01.civilization-os/08.civilization-portal-site/civilization-portal-site-web/.backup/20260421_081704_final_dev_repair_f4/features/os-catalog/os-detail-page.tsx
D	01.civilization-os/08.civilization-portal-site/civilization-portal-site-web/.backup/20260421_081704_final_dev_repair_f4/features/public-home/home-page.tsx
D	01.civilization-os/08.civilization-portal-site/civilization-portal-site-web/.backup/20260421_081704_final_dev_repair_f4/features/search/search-page.tsx
D	01.civilization-os/08.civilization-portal-site/civilization-portal-site-web/.backup/20260421_084532_final_dev_repair_f5/features/launcher/launcher-page.tsx
D	01.civilization-os/08.civilization-portal-site/civilization-portal-site-web/.backup/20260421_084532_final_dev_repair_f5/features/os-catalog/os-detail-page.tsx
D	01.civilization-os/08.civilization-portal-site/civilization-portal-site-web/.backup/20260421_084532_final_dev_repair_f5/features/search/search-page.tsx
D	01.civilization-os/08.civilization-portal-site/civilization-portal-site-web/.backup/20260421_094654_final_dev_repair_f6/features/public-home/home-page.tsx
D	01.civilization-os/08.civilization-portal-site/civilization-portal-site-web/.backup/20260421_094654_final_dev_repair_f6/features/support/support-center-page.tsx
D	01.civilization-os/08.civilization-portal-site/civilization-portal-site-web/.backup/20260421_095633_final_dev_repair_f6/features/public-home/home-page.tsx
D	01.civilization-os/08.civilization-portal-site/civilization-portal-site-web/.backup/20260421_095633_final_dev_repair_f6/features/support/support-center-page.tsx
D	01.civilization-os/08.civilization-portal-site/civilization-portal-site-web/.backup/20260421_101240_final_dev_repair_f6/features/public-home/home-page.tsx
D	01.civilization-os/08.civilization-portal-site/civilization-portal-site-web/.backup/20260421_101240_final_dev_repair_f6/features/support/support-center-page.tsx
D	01.civilization-os/08.civilization-portal-site/civilization-portal-site-web/.backup/20260421_111310_final_dev_repair_f7/app/access-denied/page.tsx
D	01.civilization-os/08.civilization-portal-site/civilization-portal-site-web/.backup/20260421_111310_final_dev_repair_f7/app/admin/page.tsx
D	01.civilization-os/08.civilization-portal-site/civilization-portal-site-web/.backup/20260421_111310_final_dev_repair_f7/app/auth/return/page.tsx
D	01.civilization-os/08.civilization-portal-site/civilization-portal-site-web/.backup/20260421_111310_final_dev_repair_f7/app/civilization/page.tsx
D	01.civilization-os/08.civilization-portal-site/civilization-portal-site-web/.backup/20260421_111310_final_dev_repair_f7/app/contact/page.tsx
D	01.civilization-os/08.civilization-portal-site/civilization-portal-site-web/.backup/20260421_111310_final_dev_repair_f7/app/error/page.tsx
D	01.civilization-os/08.civilization-portal-site/civilization-portal-site-web/.backup/20260421_111310_final_dev_repair_f7/app/guide/page.tsx
D	01.civilization-os/08.civilization-portal-site/civilization-portal-site-web/.backup/20260421_111310_final_dev_repair_f7/app/help/page.tsx
D	01.civilization-os/08.civilization-portal-site/civilization-portal-site-web/.backup/20260421_111310_final_dev_repair_f7/app/login/page.tsx
D	01.civilization-os/08.civilization-portal-site/civilization-portal-site-web/.backup/20260421_111310_final_dev_repair_f7/app/maintenance/page.tsx
D	01.civilization-os/08.civilization-portal-site/civilization-portal-site-web/.backup/20260421_111310_final_dev_repair_f7/app/me/launcher/page.tsx
D	01.civilization-os/08.civilization-portal-site/civilization-portal-site-web/.backup/20260421_111310_final_dev_repair_f7/app/os/page.tsx
D	01.civilization-os/08.civilization-portal-site/civilization-portal-site-web/.backup/20260421_111310_final_dev_repair_f7/app/page.tsx
D	01.civilization-os/08.civilization-portal-site/civilization-portal-site-web/.backup/20260421_111310_final_dev_repair_f7/app/policy/page.tsx
D	01.civilization-os/08.civilization-portal-site/civilization-portal-site-web/.backup/20260421_111310_final_dev_repair_f7/app/search/page.tsx
D	01.civilization-os/08.civilization-portal-site/civilization-portal-site-web/.backup/20260421_111310_final_dev_repair_f7/app/signup/page.tsx
D	01.civilization-os/08.civilization-portal-site/civilization-portal-site-web/.backup/20260421_111310_final_dev_repair_f7/app/terms/page.tsx
D	01.civilization-os/08.civilization-portal-site/civilization-portal-site-web/.backup/20260421_131156_final_dev_repair_f8/components/common/analytics-metric-card.tsx
D	01.civilization-os/08.civilization-portal-site/civilization-portal-site-web/.backup/20260421_131156_final_dev_repair_f8/components/common/notification-card.tsx
D	01.civilization-os/08.civilization-portal-site/civilization-portal-site-web/.backup/20260421_131156_final_dev_repair_f8/components/common/page-title-block.tsx
D	01.civilization-os/08.civilization-portal-site/civilization-portal-site-web/.backup/20260421_131156_final_dev_repair_f8/components/common/personal-entry-card.tsx
D	01.civilization-os/08.civilization-portal-site/civilization-portal-site-web/.backup/20260421_131156_final_dev_repair_f8/components/common/recommendation-card.tsx
D	01.civilization-os/08.civilization-portal-site/civilization-portal-site-web/.backup/20260421_131156_final_dev_repair_f8/components/common/search-result-card.tsx
D	01.civilization-os/08.civilization-portal-site/civilization-portal-site-web/.backup/20260421_131156_final_dev_repair_f8/components/feedback/status-message.tsx
D	01.civilization-os/08.civilization-portal-site/civilization-portal-site-web/.backup/20260421_131156_final_dev_repair_f8/config/site.ts
D	01.civilization-os/08.civilization-portal-site/civilization-portal-site-web/.backup/20260421_131156_final_dev_repair_f8/mocks/notices/list.ts
D	01.civilization-os/08.civilization-portal-site/civilization-portal-site-web/.backup/20260421_131156_final_dev_repair_f8/mocks/os/catalog.ts
D	01.civilization-os/08.civilization-portal-site/civilization-portal-site-web/.backup/20260421_131156_final_dev_repair_f8/services/civilization-auth/auth-gateway.ts
D	01.civilization-os/08.civilization-portal-site/civilization-portal-site-web/.backup/20260421_131156_final_dev_repair_f8/services/mock-server/admin-access.ts
D	01.civilization-os/08.civilization-portal-site/civilization-portal-site-web/.backup/20260421_131156_final_dev_repair_f8/services/mock-server/api-meta.ts
D	01.civilization-os/08.civilization-portal-site/civilization-portal-site-web/.backup/20260421_131156_final_dev_repair_f8/services/mock-server/audit-store.ts
D	01.civilization-os/08.civilization-portal-site/civilization-portal-site-web/.backup/20260421_131156_final_dev_repair_f8/services/mock-server/recommendation-store.ts
D	01.civilization-os/08.civilization-portal-site/civilization-portal-site-web/.backup/20260421_131156_final_dev_repair_f8/services/mock-server/search-store.ts
D	01.civilization-os/08.civilization-portal-site/civilization-portal-site-web/.backup/20260421_131156_final_dev_repair_f8/services/portal-api/analytics-client.ts
D	01.civilization-os/08.civilization-portal-site/civilization-portal-site-web/.backup/20260421_131156_final_dev_repair_f8/services/portal-api/fetch-json.ts
D	01.civilization-os/08.civilization-portal-site/civilization-portal-site-web/.backup/20260421_131156_final_dev_repair_f8/services/portal-api/launch-client.ts
D	01.civilization-os/08.civilization-portal-site/civilization-portal-site-web/.backup/20260421_131156_final_dev_repair_f8/services/portal-api/navigation-client.ts
D	01.civilization-os/08.civilization-portal-site/civilization-portal-site-web/.backup/20260421_131156_final_dev_repair_f8/services/portal-api/notification-client.ts
D	01.civilization-os/08.civilization-portal-site/civilization-portal-site-web/.backup/20260421_131156_final_dev_repair_f8/services/portal-api/personalization-client.ts
D	01.civilization-os/08.civilization-portal-site/civilization-portal-site-web/.backup/20260421_131156_final_dev_repair_f8/services/portal-api/profile-settings-client.ts
D	01.civilization-os/08.civilization-portal-site/civilization-portal-site-web/.backup/20260421_131156_final_dev_repair_f8/services/portal-api/recommendation-client.ts
D	01.civilization-os/08.civilization-portal-site/civilization-portal-site-web/.backup/20260421_131156_final_dev_repair_f8/services/portal-api/search-client.ts
D	01.civilization-os/08.civilization-portal-site/civilization-portal-site-web/.backup/20260421_131156_final_dev_repair_f8/services/portal-api/support-client.ts
D	01.civilization-os/08.civilization-portal-site/civilization-portal-site-web/.backup/20260421_131156_final_dev_repair_f8/services/return-context/storage.ts
D	01.civilization-os/08.civilization-portal-site/civilization-portal-site-web/.backup/20260421_131156_final_dev_repair_f8/types/auth.ts
D	01.civilization-os/08.civilization-portal-site/civilization-portal-site-web/.backup/20260421_131156_final_dev_repair_f8/types/os.ts
D	01.civilization-os/08.civilization-portal-site/civilization-portal-site-web/.backup/20260421_131156_final_dev_repair_f8/types/portal-admin-api.ts
D	01.civilization-os/08.civilization-portal-site/civilization-portal-site-web/.backup/20260421_131156_final_dev_repair_f8/types/portal-admin-security-api.ts
D	01.civilization-os/08.civilization-portal-site/civilization-portal-site-web/.backup/20260421_131156_final_dev_repair_f8/types/portal-analytics-api.ts
D	01.civilization-os/08.civilization-portal-site/civilization-portal-site-web/.backup/20260421_131156_final_dev_repair_f8/types/portal-api.ts
D	01.civilization-os/08.civilization-portal-site/civilization-portal-site-web/.backup/20260421_131156_final_dev_repair_f8/types/portal-navigation-api.ts
D	01.civilization-os/08.civilization-portal-site/civilization-portal-site-web/.backup/20260421_131156_final_dev_repair_f8/types/portal-notification-api.ts
D	01.civilization-os/08.civilization-portal-site/civilization-portal-site-web/.backup/20260421_131156_final_dev_repair_f8/types/portal-personalization-api.ts
D	01.civilization-os/08.civilization-portal-site/civilization-portal-site-web/.backup/20260421_131156_final_dev_repair_f8/types/portal-profile-settings-api.ts
D	01.civilization-os/08.civilization-portal-site/civilization-portal-site-web/.backup/20260421_131156_final_dev_repair_f8/types/portal-recommendation-api.ts
D	01.civilization-os/08.civilization-portal-site/civilization-portal-site-web/.backup/20260421_131156_final_dev_repair_f8/types/portal-search-api.ts
D	01.civilization-os/08.civilization-portal-site/civilization-portal-site-web/.backup/20260421_131156_final_dev_repair_f8/types/portal-support-api.ts
D	01.civilization-os/08.civilization-portal-site/civilization-portal-site-web/.backup/20260422_051653_fix_os_dynamic_duplicate/[os_code]/page.tsx
D	01.civilization-os/08.civilization-portal-site/civilization-portal-site-web/.backup/20260422_054729_fix_recommendation_admin_import_depth/route.ts.bak
D	01.civilization-os/08.civilization-portal-site/civilization-portal-site-web/.backup/20260422_055043_admin_route_depth_pass/app/api/v1/portal/admin/access/check/route.ts
D	01.civilization-os/08.civilization-portal-site/civilization-portal-site-web/.backup/20260422_055043_admin_route_depth_pass/app/api/v1/portal/admin/analytics/report/get/route.ts
D	01.civilization-os/08.civilization-portal-site/civilization-portal-site-web/.backup/20260422_055043_admin_route_depth_pass/app/api/v1/portal/admin/asset/manifest/list/route.ts
D	01.civilization-os/08.civilization-portal-site/civilization-portal-site-web/.backup/20260422_055043_admin_route_depth_pass/app/api/v1/portal/admin/asset/manifest/upsert/route.ts
D	01.civilization-os/08.civilization-portal-site/civilization-portal-site-web/.backup/20260422_055043_admin_route_depth_pass/app/api/v1/portal/admin/audit/append/route.ts
D	01.civilization-os/08.civilization-portal-site/civilization-portal-site-web/.backup/20260422_055043_admin_route_depth_pass/app/api/v1/portal/admin/audit/list/route.ts
D	01.civilization-os/08.civilization-portal-site/civilization-portal-site-web/.backup/20260422_055043_admin_route_depth_pass/app/api/v1/portal/admin/cms/page/list/route.ts
D	01.civilization-os/08.civilization-portal-site/civilization-portal-site-web/.backup/20260422_055043_admin_route_depth_pass/app/api/v1/portal/admin/cms/page/upsert/route.ts
D	01.civilization-os/08.civilization-portal-site/civilization-portal-site-web/.backup/20260422_055043_admin_route_depth_pass/app/api/v1/portal/admin/listing/list/route.ts
D	01.civilization-os/08.civilization-portal-site/civilization-portal-site-web/.backup/20260422_055043_admin_route_depth_pass/app/api/v1/portal/admin/listing/upsert/route.ts
D	01.civilization-os/08.civilization-portal-site/civilization-portal-site-web/.backup/20260422_055043_admin_route_depth_pass/app/api/v1/portal/admin/maintenance/list/route.ts
D	01.civilization-os/08.civilization-portal-site/civilization-portal-site-web/.backup/20260422_055043_admin_route_depth_pass/app/api/v1/portal/admin/maintenance/upsert/route.ts
D	01.civilization-os/08.civilization-portal-site/civilization-portal-site-web/.backup/20260422_055043_admin_route_depth_pass/app/api/v1/portal/admin/navigation/manifest/list/route.ts
D	01.civilization-os/08.civilization-portal-site/civilization-portal-site-web/.backup/20260422_055043_admin_route_depth_pass/app/api/v1/portal/admin/navigation/manifest/upsert/route.ts
D	01.civilization-os/08.civilization-portal-site/civilization-portal-site-web/.backup/20260422_055043_admin_route_depth_pass/app/api/v1/portal/admin/notices/list/route.ts
D	01.civilization-os/08.civilization-portal-site/civilization-portal-site-web/.backup/20260422_055043_admin_route_depth_pass/app/api/v1/portal/admin/notices/publish/route.ts
D	01.civilization-os/08.civilization-portal-site/civilization-portal-site-web/.backup/20260422_055043_admin_route_depth_pass/app/api/v1/portal/admin/notification/center/list/route.ts
D	01.civilization-os/08.civilization-portal-site/civilization-portal-site-web/.backup/20260422_055043_admin_route_depth_pass/app/api/v1/portal/admin/notification/center/upsert/route.ts
D	01.civilization-os/08.civilization-portal-site/civilization-portal-site-web/.backup/20260422_055043_admin_route_depth_pass/app/api/v1/portal/admin/recommendation/rule/list/route.ts
D	01.civilization-os/08.civilization-portal-site/civilization-portal-site-web/.backup/20260422_055043_admin_route_depth_pass/app/api/v1/portal/admin/recommendation/rule/upsert/route.ts
D	01.civilization-os/08.civilization-portal-site/civilization-portal-site-web/.backup/20260422_055043_admin_route_depth_pass/app/api/v1/portal/admin/search/index/list/route.ts
D	01.civilization-os/08.civilization-portal-site/civilization-portal-site-web/.backup/20260422_055043_admin_route_depth_pass/app/api/v1/portal/admin/search/index/upsert/route.ts
D	01.civilization-os/08.civilization-portal-site/civilization-portal-site-web/.backup/20260422_055043_admin_route_depth_pass/app/api/v1/portal/admin/seo/page/list/route.ts
D	01.civilization-os/08.civilization-portal-site/civilization-portal-site-web/.backup/20260422_055043_admin_route_depth_pass/app/api/v1/portal/admin/seo/page/upsert/route.ts
D	01.civilization-os/08.civilization-portal-site/civilization-portal-site-web/.backup/20260422_074016_api_route_import_depth_normalize/app/api/v1/portal/admin/access/check/route.ts
D	01.civilization-os/08.civilization-portal-site/civilization-portal-site-web/.backup/20260422_074016_api_route_import_depth_normalize/app/api/v1/portal/admin/analytics/report/get/route.ts
D	01.civilization-os/08.civilization-portal-site/civilization-portal-site-web/.backup/20260422_074016_api_route_import_depth_normalize/app/api/v1/portal/admin/asset/manifest/list/route.ts
D	01.civilization-os/08.civilization-portal-site/civilization-portal-site-web/.backup/20260422_074016_api_route_import_depth_normalize/app/api/v1/portal/admin/asset/manifest/upsert/route.ts
D	01.civilization-os/08.civilization-portal-site/civilization-portal-site-web/.backup/20260422_074016_api_route_import_depth_normalize/app/api/v1/portal/admin/audit/append/route.ts
D	01.civilization-os/08.civilization-portal-site/civilization-portal-site-web/.backup/20260422_074016_api_route_import_depth_normalize/app/api/v1/portal/admin/audit/list/route.ts
D	01.civilization-os/08.civilization-portal-site/civilization-portal-site-web/.backup/20260422_074016_api_route_import_depth_normalize/app/api/v1/portal/admin/cms/page/list/route.ts
D	01.civilization-os/08.civilization-portal-site/civilization-portal-site-web/.backup/20260422_074016_api_route_import_depth_normalize/app/api/v1/portal/admin/cms/page/upsert/route.ts
D	01.civilization-os/08.civilization-portal-site/civilization-portal-site-web/.backup/20260422_074016_api_route_import_depth_normalize/app/api/v1/portal/admin/listing/list/route.ts
D	01.civilization-os/08.civilization-portal-site/civilization-portal-site-web/.backup/20260422_074016_api_route_import_depth_normalize/app/api/v1/portal/admin/listing/upsert/route.ts
D	01.civilization-os/08.civilization-portal-site/civilization-portal-site-web/.backup/20260422_074016_api_route_import_depth_normalize/app/api/v1/portal/admin/maintenance/list/route.ts
D	01.civilization-os/08.civilization-portal-site/civilization-portal-site-web/.backup/20260422_074016_api_route_import_depth_normalize/app/api/v1/portal/admin/maintenance/upsert/route.ts
D	01.civilization-os/08.civilization-portal-site/civilization-portal-site-web/.backup/20260422_074016_api_route_import_depth_normalize/app/api/v1/portal/admin/navigation/manifest/list/route.ts
D	01.civilization-os/08.civilization-portal-site/civilization-portal-site-web/.backup/20260422_074016_api_route_import_depth_normalize/app/api/v1/portal/admin/navigation/manifest/upsert/route.ts
D	01.civilization-os/08.civilization-portal-site/civilization-portal-site-web/.backup/20260422_074016_api_route_import_depth_normalize/app/api/v1/portal/admin/notices/list/route.ts
D	01.civilization-os/08.civilization-portal-site/civilization-portal-site-web/.backup/20260422_074016_api_route_import_depth_normalize/app/api/v1/portal/admin/notices/publish/route.ts
D	01.civilization-os/08.civilization-portal-site/civilization-portal-site-web/.backup/20260422_074016_api_route_import_depth_normalize/app/api/v1/portal/admin/notification/center/list/route.ts
D	01.civilization-os/08.civilization-portal-site/civilization-portal-site-web/.backup/20260422_074016_api_route_import_depth_normalize/app/api/v1/portal/admin/notification/center/upsert/route.ts
D	01.civilization-os/08.civilization-portal-site/civilization-portal-site-web/.backup/20260422_074016_api_route_import_depth_normalize/app/api/v1/portal/admin/recommendation/rule/list/route.ts
D	01.civilization-os/08.civilization-portal-site/civilization-portal-site-web/.backup/20260422_074016_api_route_import_depth_normalize/app/api/v1/portal/admin/recommendation/rule/upsert/route.ts
D	01.civilization-os/08.civilization-portal-site/civilization-portal-site-web/.backup/20260422_074016_api_route_import_depth_normalize/app/api/v1/portal/admin/search/index/list/route.ts
D	01.civilization-os/08.civilization-portal-site/civilization-portal-site-web/.backup/20260422_074016_api_route_import_depth_normalize/app/api/v1/portal/admin/search/index/upsert/route.ts
D	01.civilization-os/08.civilization-portal-site/civilization-portal-site-web/.backup/20260422_074016_api_route_import_depth_normalize/app/api/v1/portal/admin/seo/page/list/route.ts
D	01.civilization-os/08.civilization-portal-site/civilization-portal-site-web/.backup/20260422_074016_api_route_import_depth_normalize/app/api/v1/portal/admin/seo/page/upsert/route.ts
D	01.civilization-os/08.civilization-portal-site/civilization-portal-site-web/.backup/20260422_074016_api_route_import_depth_normalize/app/api/v1/portal/auth/login/route.ts
D	01.civilization-os/08.civilization-portal-site/civilization-portal-site-web/.backup/20260422_074016_api_route_import_depth_normalize/app/api/v1/portal/auth/signup/route.ts
D	01.civilization-os/08.civilization-portal-site/civilization-portal-site-web/.backup/20260422_074016_api_route_import_depth_normalize/app/api/v1/portal/launch/evaluate/route.ts
D	01.civilization-os/08.civilization-portal-site/civilization-portal-site-web/.backup/20260422_074016_api_route_import_depth_normalize/app/api/v1/portal/launch/matrix/route.ts
D	01.civilization-os/08.civilization-portal-site/civilization-portal-site-web/.backup/20260422_074016_api_route_import_depth_normalize/app/api/v1/portal/public/analytics/event/append/route.ts
D	01.civilization-os/08.civilization-portal-site/civilization-portal-site-web/.backup/20260422_074016_api_route_import_depth_normalize/app/api/v1/portal/public/asset/manifest/list/route.ts
D	01.civilization-os/08.civilization-portal-site/civilization-portal-site-web/.backup/20260422_074016_api_route_import_depth_normalize/app/api/v1/portal/public/cms/page/get/route.ts
D	01.civilization-os/08.civilization-portal-site/civilization-portal-site-web/.backup/20260422_074016_api_route_import_depth_normalize/app/api/v1/portal/public/listing/list/route.ts
D	01.civilization-os/08.civilization-portal-site/civilization-portal-site-web/.backup/20260422_074016_api_route_import_depth_normalize/app/api/v1/portal/public/maintenance/list/route.ts
D	01.civilization-os/08.civilization-portal-site/civilization-portal-site-web/.backup/20260422_074016_api_route_import_depth_normalize/app/api/v1/portal/public/navigation/manifest/list/route.ts
D	01.civilization-os/08.civilization-portal-site/civilization-portal-site-web/.backup/20260422_074016_api_route_import_depth_normalize/app/api/v1/portal/public/navigation/menu/resolve/route.ts
D	01.civilization-os/08.civilization-portal-site/civilization-portal-site-web/.backup/20260422_074016_api_route_import_depth_normalize/app/api/v1/portal/public/notices/list/route.ts
D	01.civilization-os/08.civilization-portal-site/civilization-portal-site-web/.backup/20260422_074016_api_route_import_depth_normalize/app/api/v1/portal/public/notification/announcement/ack/route.ts
D	01.civilization-os/08.civilization-portal-site/civilization-portal-site-web/.backup/20260422_074016_api_route_import_depth_normalize/app/api/v1/portal/public/notification/center/get/route.ts
D	01.civilization-os/08.civilization-portal-site/civilization-portal-site-web/.backup/20260422_074016_api_route_import_depth_normalize/app/api/v1/portal/public/personal/entries/get/route.ts
D	01.civilization-os/08.civilization-portal-site/civilization-portal-site-web/.backup/20260422_074016_api_route_import_depth_normalize/app/api/v1/portal/public/personal/favorite/upsert/route.ts
D	01.civilization-os/08.civilization-portal-site/civilization-portal-site-web/.backup/20260422_074016_api_route_import_depth_normalize/app/api/v1/portal/public/personal/recent/append/route.ts
D	01.civilization-os/08.civilization-portal-site/civilization-portal-site-web/.backup/20260422_074016_api_route_import_depth_normalize/app/api/v1/portal/public/personal/shortcut/upsert/route.ts
D	01.civilization-os/08.civilization-portal-site/civilization-portal-site-web/.backup/20260422_074016_api_route_import_depth_normalize/app/api/v1/portal/public/profile/settings/get/route.ts
D	01.civilization-os/08.civilization-portal-site/civilization-portal-site-web/.backup/20260422_074016_api_route_import_depth_normalize/app/api/v1/portal/public/profile/settings/upsert/route.ts
D	01.civilization-os/08.civilization-portal-site/civilization-portal-site-web/.backup/20260422_074016_api_route_import_depth_normalize/app/api/v1/portal/public/recommendation/resolve/route.ts
D	01.civilization-os/08.civilization-portal-site/civilization-portal-site-web/.backup/20260422_074016_api_route_import_depth_normalize/app/api/v1/portal/public/search/query/route.ts
D	01.civilization-os/08.civilization-portal-site/civilization-portal-site-web/.backup/20260422_074016_api_route_import_depth_normalize/app/api/v1/portal/public/seo/page/get/route.ts
D	01.civilization-os/08.civilization-portal-site/civilization-portal-site-web/.backup/20260422_074016_api_route_import_depth_normalize/app/api/v1/portal/public/support/center/get/route.ts
D	01.civilization-os/08.civilization-portal-site/civilization-portal-site-web/.backup/20260422_074016_api_route_import_depth_normalize/app/api/v1/portal/public/support/contact/submit/route.ts
D	01.civilization-os/08.civilization-portal-site/civilization-portal-site-web/.backup/20260422_114159_api_route_import_depth_normalize/app/api/v1/portal/admin/access/check/route.ts
D	01.civilization-os/08.civilization-portal-site/civilization-portal-site-web/.backup/20260422_114159_api_route_import_depth_normalize/app/api/v1/portal/admin/analytics/report/get/route.ts
D	01.civilization-os/08.civilization-portal-site/civilization-portal-site-web/.backup/20260422_114159_api_route_import_depth_normalize/app/api/v1/portal/admin/asset/manifest/list/route.ts
D	01.civilization-os/08.civilization-portal-site/civilization-portal-site-web/.backup/20260422_114159_api_route_import_depth_normalize/app/api/v1/portal/admin/asset/manifest/upsert/route.ts
D	01.civilization-os/08.civilization-portal-site/civilization-portal-site-web/.backup/20260422_114159_api_route_import_depth_normalize/app/api/v1/portal/admin/audit/append/route.ts
D	01.civilization-os/08.civilization-portal-site/civilization-portal-site-web/.backup/20260422_114159_api_route_import_depth_normalize/app/api/v1/portal/admin/audit/list/route.ts
D	01.civilization-os/08.civilization-portal-site/civilization-portal-site-web/.backup/20260422_114159_api_route_import_depth_normalize/app/api/v1/portal/admin/cms/page/list/route.ts
D	01.civilization-os/08.civilization-portal-site/civilization-portal-site-web/.backup/20260422_114159_api_route_import_depth_normalize/app/api/v1/portal/admin/cms/page/upsert/route.ts
D	01.civilization-os/08.civilization-portal-site/civilization-portal-site-web/.backup/20260422_114159_api_route_import_depth_normalize/app/api/v1/portal/admin/listing/list/route.ts
D	01.civilization-os/08.civilization-portal-site/civilization-portal-site-web/.backup/20260422_114159_api_route_import_depth_normalize/app/api/v1/portal/admin/listing/upsert/route.ts
D	01.civilization-os/08.civilization-portal-site/civilization-portal-site-web/.backup/20260422_114159_api_route_import_depth_normalize/app/api/v1/portal/admin/maintenance/list/route.ts
D	01.civilization-os/08.civilization-portal-site/civilization-portal-site-web/.backup/20260422_114159_api_route_import_depth_normalize/app/api/v1/portal/admin/maintenance/upsert/route.ts
D	01.civilization-os/08.civilization-portal-site/civilization-portal-site-web/.backup/20260422_114159_api_route_import_depth_normalize/app/api/v1/portal/admin/navigation/manifest/list/route.ts
D	01.civilization-os/08.civilization-portal-site/civilization-portal-site-web/.backup/20260422_114159_api_route_import_depth_normalize/app/api/v1/portal/admin/navigation/manifest/upsert/route.ts
D	01.civilization-os/08.civilization-portal-site/civilization-portal-site-web/.backup/20260422_114159_api_route_import_depth_normalize/app/api/v1/portal/admin/notices/list/route.ts
D	01.civilization-os/08.civilization-portal-site/civilization-portal-site-web/.backup/20260422_114159_api_route_import_depth_normalize/app/api/v1/portal/admin/notices/publish/route.ts
D	01.civilization-os/08.civilization-portal-site/civilization-portal-site-web/.backup/20260422_114159_api_route_import_depth_normalize/app/api/v1/portal/admin/notification/center/list/route.ts
D	01.civilization-os/08.civilization-portal-site/civilization-portal-site-web/.backup/20260422_114159_api_route_import_depth_normalize/app/api/v1/portal/admin/notification/center/upsert/route.ts
D	01.civilization-os/08.civilization-portal-site/civilization-portal-site-web/.backup/20260422_114159_api_route_import_depth_normalize/app/api/v1/portal/admin/recommendation/rule/list/route.ts
D	01.civilization-os/08.civilization-portal-site/civilization-portal-site-web/.backup/20260422_114159_api_route_import_depth_normalize/app/api/v1/portal/admin/recommendation/rule/upsert/route.ts
D	01.civilization-os/08.civilization-portal-site/civilization-portal-site-web/.backup/20260422_114159_api_route_import_depth_normalize/app/api/v1/portal/admin/search/index/list/route.ts
D	01.civilization-os/08.civilization-portal-site/civilization-portal-site-web/.backup/20260422_114159_api_route_import_depth_normalize/app/api/v1/portal/admin/search/index/upsert/route.ts
D	01.civilization-os/08.civilization-portal-site/civilization-portal-site-web/.backup/20260422_114159_api_route_import_depth_normalize/app/api/v1/portal/admin/seo/page/list/route.ts
D	01.civilization-os/08.civilization-portal-site/civilization-portal-site-web/.backup/20260422_114159_api_route_import_depth_normalize/app/api/v1/portal/admin/seo/page/upsert/route.ts
D	01.civilization-os/08.civilization-portal-site/civilization-portal-site-web/.backup/20260422_114159_api_route_import_depth_normalize/app/api/v1/portal/auth/login/route.ts
D	01.civilization-os/08.civilization-portal-site/civilization-portal-site-web/.backup/20260422_114159_api_route_import_depth_normalize/app/api/v1/portal/auth/signup/route.ts
D	01.civilization-os/08.civilization-portal-site/civilization-portal-site-web/.backup/20260422_114159_api_route_import_depth_normalize/app/api/v1/portal/launch/evaluate/route.ts
D	01.civilization-os/08.civilization-portal-site/civilization-portal-site-web/.backup/20260422_114159_api_route_import_depth_normalize/app/api/v1/portal/launch/matrix/route.ts
D	01.civilization-os/08.civilization-portal-site/civilization-portal-site-web/.backup/20260422_114159_api_route_import_depth_normalize/app/api/v1/portal/public/analytics/event/append/route.ts
D	01.civilization-os/08.civilization-portal-site/civilization-portal-site-web/.backup/20260422_114159_api_route_import_depth_normalize/app/api/v1/portal/public/asset/manifest/list/route.ts
D	01.civilization-os/08.civilization-portal-site/civilization-portal-site-web/.backup/20260422_114159_api_route_import_depth_normalize/app/api/v1/portal/public/cms/page/get/route.ts
D	01.civilization-os/08.civilization-portal-site/civilization-portal-site-web/.backup/20260422_114159_api_route_import_depth_normalize/app/api/v1/portal/public/listing/list/route.ts
D	01.civilization-os/08.civilization-portal-site/civilization-portal-site-web/.backup/20260422_114159_api_route_import_depth_normalize/app/api/v1/portal/public/maintenance/list/route.ts
D	01.civilization-os/08.civilization-portal-site/civilization-portal-site-web/.backup/20260422_114159_api_route_import_depth_normalize/app/api/v1/portal/public/navigation/manifest/list/route.ts
D	01.civilization-os/08.civilization-portal-site/civilization-portal-site-web/.backup/20260422_114159_api_route_import_depth_normalize/app/api/v1/portal/public/navigation/menu/resolve/route.ts
D	01.civilization-os/08.civilization-portal-site/civilization-portal-site-web/.backup/20260422_114159_api_route_import_depth_normalize/app/api/v1/portal/public/notices/list/route.ts
D	01.civilization-os/08.civilization-portal-site/civilization-portal-site-web/.backup/20260422_114159_api_route_import_depth_normalize/app/api/v1/portal/public/notification/announcement/ack/route.ts
D	01.civilization-os/08.civilization-portal-site/civilization-portal-site-web/.backup/20260422_114159_api_route_import_depth_normalize/app/api/v1/portal/public/notification/center/get/route.ts
D	01.civilization-os/08.civilization-portal-site/civilization-portal-site-web/.backup/20260422_114159_api_route_import_depth_normalize/app/api/v1/portal/public/personal/entries/get/route.ts
D	01.civilization-os/08.civilization-portal-site/civilization-portal-site-web/.backup/20260422_114159_api_route_import_depth_normalize/app/api/v1/portal/public/personal/favorite/upsert/route.ts
D	01.civilization-os/08.civilization-portal-site/civilization-portal-site-web/.backup/20260422_114159_api_route_import_depth_normalize/app/api/v1/portal/public/personal/recent/append/route.ts
D	01.civilization-os/08.civilization-portal-site/civilization-portal-site-web/.backup/20260422_114159_api_route_import_depth_normalize/app/api/v1/portal/public/personal/shortcut/upsert/route.ts
D	01.civilization-os/08.civilization-portal-site/civilization-portal-site-web/.backup/20260422_114159_api_route_import_depth_normalize/app/api/v1/portal/public/profile/settings/get/route.ts
D	01.civilization-os/08.civilization-portal-site/civilization-portal-site-web/.backup/20260422_114159_api_route_import_depth_normalize/app/api/v1/portal/public/profile/settings/upsert/route.ts
D	01.civilization-os/08.civilization-portal-site/civilization-portal-site-web/.backup/20260422_114159_api_route_import_depth_normalize/app/api/v1/portal/public/recommendation/resolve/route.ts
D	01.civilization-os/08.civilization-portal-site/civilization-portal-site-web/.backup/20260422_114159_api_route_import_depth_normalize/app/api/v1/portal/public/search/query/route.ts
D	01.civilization-os/08.civilization-portal-site/civilization-portal-site-web/.backup/20260422_114159_api_route_import_depth_normalize/app/api/v1/portal/public/seo/page/get/route.ts
D	01.civilization-os/08.civilization-portal-site/civilization-portal-site-web/.backup/20260422_114159_api_route_import_depth_normalize/app/api/v1/portal/public/support/center/get/route.ts
D	01.civilization-os/08.civilization-portal-site/civilization-portal-site-web/.backup/20260422_114159_api_route_import_depth_normalize/app/api/v1/portal/public/support/contact/submit/route.ts
D	01.civilization-os/08.civilization-portal-site/civilization-portal-site-web/.backup/20260422_114924_api_route_depth_full_pass/app/api/v1/portal/admin/access/check/route.ts
D	01.civilization-os/08.civilization-portal-site/civilization-portal-site-web/.backup/20260422_114924_api_route_depth_full_pass/app/api/v1/portal/admin/analytics/report/get/route.ts
D	01.civilization-os/08.civilization-portal-site/civilization-portal-site-web/.backup/20260422_114924_api_route_depth_full_pass/app/api/v1/portal/admin/asset/manifest/list/route.ts
D	01.civilization-os/08.civilization-portal-site/civilization-portal-site-web/.backup/20260422_114924_api_route_depth_full_pass/app/api/v1/portal/admin/asset/manifest/upsert/route.ts
D	01.civilization-os/08.civilization-portal-site/civilization-portal-site-web/.backup/20260422_114924_api_route_depth_full_pass/app/api/v1/portal/admin/audit/append/route.ts
D	01.civilization-os/08.civilization-portal-site/civilization-portal-site-web/.backup/20260422_114924_api_route_depth_full_pass/app/api/v1/portal/admin/audit/list/route.ts
D	01.civilization-os/08.civilization-portal-site/civilization-portal-site-web/.backup/20260422_114924_api_route_depth_full_pass/app/api/v1/portal/admin/cms/page/list/route.ts
D	01.civilization-os/08.civilization-portal-site/civilization-portal-site-web/.backup/20260422_114924_api_route_depth_full_pass/app/api/v1/portal/admin/cms/page/upsert/route.ts
D	01.civilization-os/08.civilization-portal-site/civilization-portal-site-web/.backup/20260422_114924_api_route_depth_full_pass/app/api/v1/portal/admin/listing/list/route.ts
D	01.civilization-os/08.civilization-portal-site/civilization-portal-site-web/.backup/20260422_114924_api_route_depth_full_pass/app/api/v1/portal/admin/listing/upsert/route.ts
D	01.civilization-os/08.civilization-portal-site/civilization-portal-site-web/.backup/20260422_114924_api_route_depth_full_pass/app/api/v1/portal/admin/maintenance/list/route.ts
D	01.civilization-os/08.civilization-portal-site/civilization-portal-site-web/.backup/20260422_114924_api_route_depth_full_pass/app/api/v1/portal/admin/maintenance/upsert/route.ts
D	01.civilization-os/08.civilization-portal-site/civilization-portal-site-web/.backup/20260422_114924_api_route_depth_full_pass/app/api/v1/portal/admin/navigation/manifest/list/route.ts
D	01.civilization-os/08.civilization-portal-site/civilization-portal-site-web/.backup/20260422_114924_api_route_depth_full_pass/app/api/v1/portal/admin/navigation/manifest/upsert/route.ts
D	01.civilization-os/08.civilization-portal-site/civilization-portal-site-web/.backup/20260422_114924_api_route_depth_full_pass/app/api/v1/portal/admin/notices/list/route.ts
D	01.civilization-os/08.civilization-portal-site/civilization-portal-site-web/.backup/20260422_114924_api_route_depth_full_pass/app/api/v1/portal/admin/notices/publish/route.ts
D	01.civilization-os/08.civilization-portal-site/civilization-portal-site-web/.backup/20260422_114924_api_route_depth_full_pass/app/api/v1/portal/admin/notification/center/list/route.ts
D	01.civilization-os/08.civilization-portal-site/civilization-portal-site-web/.backup/20260422_114924_api_route_depth_full_pass/app/api/v1/portal/admin/notification/center/upsert/route.ts
D	01.civilization-os/08.civilization-portal-site/civilization-portal-site-web/.backup/20260422_114924_api_route_depth_full_pass/app/api/v1/portal/admin/recommendation/rule/list/route.ts
D	01.civilization-os/08.civilization-portal-site/civilization-portal-site-web/.backup/20260422_114924_api_route_depth_full_pass/app/api/v1/portal/admin/recommendation/rule/upsert/route.ts
D	01.civilization-os/08.civilization-portal-site/civilization-portal-site-web/.backup/20260422_114924_api_route_depth_full_pass/app/api/v1/portal/admin/search/index/list/route.ts
D	01.civilization-os/08.civilization-portal-site/civilization-portal-site-web/.backup/20260422_114924_api_route_depth_full_pass/app/api/v1/portal/admin/search/index/upsert/route.ts
D	01.civilization-os/08.civilization-portal-site/civilization-portal-site-web/.backup/20260422_114924_api_route_depth_full_pass/app/api/v1/portal/admin/seo/page/list/route.ts
D	01.civilization-os/08.civilization-portal-site/civilization-portal-site-web/.backup/20260422_114924_api_route_depth_full_pass/app/api/v1/portal/admin/seo/page/upsert/route.ts
D	01.civilization-os/08.civilization-portal-site/civilization-portal-site-web/.backup/20260422_114924_api_route_depth_full_pass/app/api/v1/portal/auth/login/route.ts
D	01.civilization-os/08.civilization-portal-site/civilization-portal-site-web/.backup/20260422_114924_api_route_depth_full_pass/app/api/v1/portal/auth/signup/route.ts
D	01.civilization-os/08.civilization-portal-site/civilization-portal-site-web/.backup/20260422_114924_api_route_depth_full_pass/app/api/v1/portal/launch/evaluate/route.ts
D	01.civilization-os/08.civilization-portal-site/civilization-portal-site-web/.backup/20260422_114924_api_route_depth_full_pass/app/api/v1/portal/launch/matrix/route.ts
D	01.civilization-os/08.civilization-portal-site/civilization-portal-site-web/.backup/20260422_114924_api_route_depth_full_pass/app/api/v1/portal/public/analytics/event/append/route.ts
D	01.civilization-os/08.civilization-portal-site/civilization-portal-site-web/.backup/20260422_114924_api_route_depth_full_pass/app/api/v1/portal/public/asset/manifest/list/route.ts
D	01.civilization-os/08.civilization-portal-site/civilization-portal-site-web/.backup/20260422_114924_api_route_depth_full_pass/app/api/v1/portal/public/cms/page/get/route.ts
D	01.civilization-os/08.civilization-portal-site/civilization-portal-site-web/.backup/20260422_114924_api_route_depth_full_pass/app/api/v1/portal/public/listing/list/route.ts
D	01.civilization-os/08.civilization-portal-site/civilization-portal-site-web/.backup/20260422_114924_api_route_depth_full_pass/app/api/v1/portal/public/maintenance/list/route.ts
D	01.civilization-os/08.civilization-portal-site/civilization-portal-site-web/.backup/20260422_114924_api_route_depth_full_pass/app/api/v1/portal/public/navigation/manifest/list/route.ts
D	01.civilization-os/08.civilization-portal-site/civilization-portal-site-web/.backup/20260422_114924_api_route_depth_full_pass/app/api/v1/portal/public/navigation/menu/resolve/route.ts
D	01.civilization-os/08.civilization-portal-site/civilization-portal-site-web/.backup/20260422_114924_api_route_depth_full_pass/app/api/v1/portal/public/notices/list/route.ts
D	01.civilization-os/08.civilization-portal-site/civilization-portal-site-web/.backup/20260422_114924_api_route_depth_full_pass/app/api/v1/portal/public/notification/announcement/ack/route.ts
D	01.civilization-os/08.civilization-portal-site/civilization-portal-site-web/.backup/20260422_114924_api_route_depth_full_pass/app/api/v1/portal/public/notification/center/get/route.ts
D	01.civilization-os/08.civilization-portal-site/civilization-portal-site-web/.backup/20260422_114924_api_route_depth_full_pass/app/api/v1/portal/public/personal/entries/get/route.ts
D	01.civilization-os/08.civilization-portal-site/civilization-portal-site-web/.backup/20260422_114924_api_route_depth_full_pass/app/api/v1/portal/public/personal/favorite/upsert/route.ts
D	01.civilization-os/08.civilization-portal-site/civilization-portal-site-web/.backup/20260422_114924_api_route_depth_full_pass/app/api/v1/portal/public/personal/recent/append/route.ts
D	01.civilization-os/08.civilization-portal-site/civilization-portal-site-web/.backup/20260422_114924_api_route_depth_full_pass/app/api/v1/portal/public/personal/shortcut/upsert/route.ts
D	01.civilization-os/08.civilization-portal-site/civilization-portal-site-web/.backup/20260422_114924_api_route_depth_full_pass/app/api/v1/portal/public/profile/settings/get/route.ts
D	01.civilization-os/08.civilization-portal-site/civilization-portal-site-web/.backup/20260422_114924_api_route_depth_full_pass/app/api/v1/portal/public/profile/settings/upsert/route.ts
D	01.civilization-os/08.civilization-portal-site/civilization-portal-site-web/.backup/20260422_114924_api_route_depth_full_pass/app/api/v1/portal/public/recommendation/resolve/route.ts
D	01.civilization-os/08.civilization-portal-site/civilization-portal-site-web/.backup/20260422_114924_api_route_depth_full_pass/app/api/v1/portal/public/search/query/route.ts
D	01.civilization-os/08.civilization-portal-site/civilization-portal-site-web/.backup/20260422_114924_api_route_depth_full_pass/app/api/v1/portal/public/seo/page/get/route.ts
D	01.civilization-os/08.civilization-portal-site/civilization-portal-site-web/.backup/20260422_114924_api_route_depth_full_pass/app/api/v1/portal/public/support/center/get/route.ts
D	01.civilization-os/08.civilization-portal-site/civilization-portal-site-web/.backup/20260422_114924_api_route_depth_full_pass/app/api/v1/portal/public/support/contact/submit/route.ts
D	01.civilization-os/08.civilization-portal-site/civilization-portal-site-web/.backup/20260422_115846_api_route_depth_full_pass/app/api/v1/portal/admin/access/check/route.ts
D	01.civilization-os/08.civilization-portal-site/civilization-portal-site-web/.backup/20260422_115846_api_route_depth_full_pass/app/api/v1/portal/admin/analytics/report/get/route.ts
D	01.civilization-os/08.civilization-portal-site/civilization-portal-site-web/.backup/20260422_115846_api_route_depth_full_pass/app/api/v1/portal/admin/asset/manifest/list/route.ts
D	01.civilization-os/08.civilization-portal-site/civilization-portal-site-web/.backup/20260422_115846_api_route_depth_full_pass/app/api/v1/portal/admin/asset/manifest/upsert/route.ts
D	01.civilization-os/08.civilization-portal-site/civilization-portal-site-web/.backup/20260422_115846_api_route_depth_full_pass/app/api/v1/portal/admin/audit/append/route.ts
D	01.civilization-os/08.civilization-portal-site/civilization-portal-site-web/.backup/20260422_115846_api_route_depth_full_pass/app/api/v1/portal/admin/audit/list/route.ts
D	01.civilization-os/08.civilization-portal-site/civilization-portal-site-web/.backup/20260422_115846_api_route_depth_full_pass/app/api/v1/portal/admin/cms/page/list/route.ts
D	01.civilization-os/08.civilization-portal-site/civilization-portal-site-web/.backup/20260422_115846_api_route_depth_full_pass/app/api/v1/portal/admin/cms/page/upsert/route.ts
D	01.civilization-os/08.civilization-portal-site/civilization-portal-site-web/.backup/20260422_115846_api_route_depth_full_pass/app/api/v1/portal/admin/listing/list/route.ts
D	01.civilization-os/08.civilization-portal-site/civilization-portal-site-web/.backup/20260422_115846_api_route_depth_full_pass/app/api/v1/portal/admin/listing/upsert/route.ts
D	01.civilization-os/08.civilization-portal-site/civilization-portal-site-web/.backup/20260422_115846_api_route_depth_full_pass/app/api/v1/portal/admin/maintenance/list/route.ts
D	01.civilization-os/08.civilization-portal-site/civilization-portal-site-web/.backup/20260422_115846_api_route_depth_full_pass/app/api/v1/portal/admin/maintenance/upsert/route.ts
D	01.civilization-os/08.civilization-portal-site/civilization-portal-site-web/.backup/20260422_115846_api_route_depth_full_pass/app/api/v1/portal/admin/navigation/manifest/list/route.ts
D	01.civilization-os/08.civilization-portal-site/civilization-portal-site-web/.backup/20260422_115846_api_route_depth_full_pass/app/api/v1/portal/admin/navigation/manifest/upsert/route.ts
D	01.civilization-os/08.civilization-portal-site/civilization-portal-site-web/.backup/20260422_115846_api_route_depth_full_pass/app/api/v1/portal/admin/notices/list/route.ts
D	01.civilization-os/08.civilization-portal-site/civilization-portal-site-web/.backup/20260422_115846_api_route_depth_full_pass/app/api/v1/portal/admin/notices/publish/route.ts
D	01.civilization-os/08.civilization-portal-site/civilization-portal-site-web/.backup/20260422_115846_api_route_depth_full_pass/app/api/v1/portal/admin/notification/center/list/route.ts
D	01.civilization-os/08.civilization-portal-site/civilization-portal-site-web/.backup/20260422_115846_api_route_depth_full_pass/app/api/v1/portal/admin/notification/center/upsert/route.ts
D	01.civilization-os/08.civilization-portal-site/civilization-portal-site-web/.backup/20260422_115846_api_route_depth_full_pass/app/api/v1/portal/admin/recommendation/rule/list/route.ts
D	01.civilization-os/08.civilization-portal-site/civilization-portal-site-web/.backup/20260422_115846_api_route_depth_full_pass/app/api/v1/portal/admin/recommendation/rule/upsert/route.ts
D	01.civilization-os/08.civilization-portal-site/civilization-portal-site-web/.backup/20260422_115846_api_route_depth_full_pass/app/api/v1/portal/admin/search/index/list/route.ts
D	01.civilization-os/08.civilization-portal-site/civilization-portal-site-web/.backup/20260422_115846_api_route_depth_full_pass/app/api/v1/portal/admin/search/index/upsert/route.ts
D	01.civilization-os/08.civilization-portal-site/civilization-portal-site-web/.backup/20260422_115846_api_route_depth_full_pass/app/api/v1/portal/admin/seo/page/list/route.ts
D	01.civilization-os/08.civilization-portal-site/civilization-portal-site-web/.backup/20260422_115846_api_route_depth_full_pass/app/api/v1/portal/admin/seo/page/upsert/route.ts
D	01.civilization-os/08.civilization-portal-site/civilization-portal-site-web/.backup/20260422_115846_api_route_depth_full_pass/app/api/v1/portal/auth/login/route.ts
D	01.civilization-os/08.civilization-portal-site/civilization-portal-site-web/.backup/20260422_115846_api_route_depth_full_pass/app/api/v1/portal/auth/signup/route.ts
D	01.civilization-os/08.civilization-portal-site/civilization-portal-site-web/.backup/20260422_115846_api_route_depth_full_pass/app/api/v1/portal/launch/evaluate/route.ts
D	01.civilization-os/08.civilization-portal-site/civilization-portal-site-web/.backup/20260422_115846_api_route_depth_full_pass/app/api/v1/portal/launch/matrix/route.ts
D	01.civilization-os/08.civilization-portal-site/civilization-portal-site-web/.backup/20260422_115846_api_route_depth_full_pass/app/api/v1/portal/public/analytics/event/append/route.ts
D	01.civilization-os/08.civilization-portal-site/civilization-portal-site-web/.backup/20260422_115846_api_route_depth_full_pass/app/api/v1/portal/public/asset/manifest/list/route.ts
D	01.civilization-os/08.civilization-portal-site/civilization-portal-site-web/.backup/20260422_115846_api_route_depth_full_pass/app/api/v1/portal/public/cms/page/get/route.ts
D	01.civilization-os/08.civilization-portal-site/civilization-portal-site-web/.backup/20260422_115846_api_route_depth_full_pass/app/api/v1/portal/public/listing/list/route.ts
D	01.civilization-os/08.civilization-portal-site/civilization-portal-site-web/.backup/20260422_115846_api_route_depth_full_pass/app/api/v1/portal/public/maintenance/list/route.ts
D	01.civilization-os/08.civilization-portal-site/civilization-portal-site-web/.backup/20260422_115846_api_route_depth_full_pass/app/api/v1/portal/public/navigation/manifest/list/route.ts
D	01.civilization-os/08.civilization-portal-site/civilization-portal-site-web/.backup/20260422_115846_api_route_depth_full_pass/app/api/v1/portal/public/navigation/menu/resolve/route.ts
D	01.civilization-os/08.civilization-portal-site/civilization-portal-site-web/.backup/20260422_115846_api_route_depth_full_pass/app/api/v1/portal/public/notices/list/route.ts
D	01.civilization-os/08.civilization-portal-site/civilization-portal-site-web/.backup/20260422_115846_api_route_depth_full_pass/app/api/v1/portal/public/notification/announcement/ack/route.ts
D	01.civilization-os/08.civilization-portal-site/civilization-portal-site-web/.backup/20260422_115846_api_route_depth_full_pass/app/api/v1/portal/public/notification/center/get/route.ts
D	01.civilization-os/08.civilization-portal-site/civilization-portal-site-web/.backup/20260422_115846_api_route_depth_full_pass/app/api/v1/portal/public/personal/entries/get/route.ts
D	01.civilization-os/08.civilization-portal-site/civilization-portal-site-web/.backup/20260422_115846_api_route_depth_full_pass/app/api/v1/portal/public/personal/favorite/upsert/route.ts
D	01.civilization-os/08.civilization-portal-site/civilization-portal-site-web/.backup/20260422_115846_api_route_depth_full_pass/app/api/v1/portal/public/personal/recent/append/route.ts
D	01.civilization-os/08.civilization-portal-site/civilization-portal-site-web/.backup/20260422_115846_api_route_depth_full_pass/app/api/v1/portal/public/personal/shortcut/upsert/route.ts
D	01.civilization-os/08.civilization-portal-site/civilization-portal-site-web/.backup/20260422_115846_api_route_depth_full_pass/app/api/v1/portal/public/profile/settings/get/route.ts
D	01.civilization-os/08.civilization-portal-site/civilization-portal-site-web/.backup/20260422_115846_api_route_depth_full_pass/app/api/v1/portal/public/profile/settings/upsert/route.ts
D	01.civilization-os/08.civilization-portal-site/civilization-portal-site-web/.backup/20260422_115846_api_route_depth_full_pass/app/api/v1/portal/public/recommendation/resolve/route.ts
D	01.civilization-os/08.civilization-portal-site/civilization-portal-site-web/.backup/20260422_115846_api_route_depth_full_pass/app/api/v1/portal/public/search/query/route.ts
D	01.civilization-os/08.civilization-portal-site/civilization-portal-site-web/.backup/20260422_115846_api_route_depth_full_pass/app/api/v1/portal/public/seo/page/get/route.ts
D	01.civilization-os/08.civilization-portal-site/civilization-portal-site-web/.backup/20260422_115846_api_route_depth_full_pass/app/api/v1/portal/public/support/center/get/route.ts
D	01.civilization-os/08.civilization-portal-site/civilization-portal-site-web/.backup/20260422_115846_api_route_depth_full_pass/app/api/v1/portal/public/support/contact/submit/route.ts
D	01.civilization-os/08.civilization-portal-site/civilization-portal-site-web/.backup/20260422_182504_api_route_depth_full_pass/app/api/v1/portal/admin/access/check/route.ts
D	01.civilization-os/08.civilization-portal-site/civilization-portal-site-web/.backup/20260422_182504_api_route_depth_full_pass/app/api/v1/portal/admin/analytics/report/get/route.ts
D	01.civilization-os/08.civilization-portal-site/civilization-portal-site-web/.backup/20260422_182504_api_route_depth_full_pass/app/api/v1/portal/admin/asset/manifest/list/route.ts
D	01.civilization-os/08.civilization-portal-site/civilization-portal-site-web/.backup/20260422_182504_api_route_depth_full_pass/app/api/v1/portal/admin/asset/manifest/upsert/route.ts
D	01.civilization-os/08.civilization-portal-site/civilization-portal-site-web/.backup/20260422_182504_api_route_depth_full_pass/app/api/v1/portal/admin/audit/append/route.ts
D	01.civilization-os/08.civilization-portal-site/civilization-portal-site-web/.backup/20260422_182504_api_route_depth_full_pass/app/api/v1/portal/admin/audit/list/route.ts
D	01.civilization-os/08.civilization-portal-site/civilization-portal-site-web/.backup/20260422_182504_api_route_depth_full_pass/app/api/v1/portal/admin/cms/page/list/route.ts
D	01.civilization-os/08.civilization-portal-site/civilization-portal-site-web/.backup/20260422_182504_api_route_depth_full_pass/app/api/v1/portal/admin/cms/page/upsert/route.ts
D	01.civilization-os/08.civilization-portal-site/civilization-portal-site-web/.backup/20260422_182504_api_route_depth_full_pass/app/api/v1/portal/admin/listing/list/route.ts
D	01.civilization-os/08.civilization-portal-site/civilization-portal-site-web/.backup/20260422_182504_api_route_depth_full_pass/app/api/v1/portal/admin/listing/upsert/route.ts
D	01.civilization-os/08.civilization-portal-site/civilization-portal-site-web/.backup/20260422_182504_api_route_depth_full_pass/app/api/v1/portal/admin/maintenance/list/route.ts
D	01.civilization-os/08.civilization-portal-site/civilization-portal-site-web/.backup/20260422_182504_api_route_depth_full_pass/app/api/v1/portal/admin/maintenance/upsert/route.ts
D	01.civilization-os/08.civilization-portal-site/civilization-portal-site-web/.backup/20260422_182504_api_route_depth_full_pass/app/api/v1/portal/admin/navigation/manifest/list/route.ts
D	01.civilization-os/08.civilization-portal-site/civilization-portal-site-web/.backup/20260422_182504_api_route_depth_full_pass/app/api/v1/portal/admin/navigation/manifest/upsert/route.ts
D	01.civilization-os/08.civilization-portal-site/civilization-portal-site-web/.backup/20260422_182504_api_route_depth_full_pass/app/api/v1/portal/admin/notices/list/route.ts
D	01.civilization-os/08.civilization-portal-site/civilization-portal-site-web/.backup/20260422_182504_api_route_depth_full_pass/app/api/v1/portal/admin/notices/publish/route.ts
D	01.civilization-os/08.civilization-portal-site/civilization-portal-site-web/.backup/20260422_182504_api_route_depth_full_pass/app/api/v1/portal/admin/notification/center/list/route.ts
D	01.civilization-os/08.civilization-portal-site/civilization-portal-site-web/.backup/20260422_182504_api_route_depth_full_pass/app/api/v1/portal/admin/notification/center/upsert/route.ts
D	01.civilization-os/08.civilization-portal-site/civilization-portal-site-web/.backup/20260422_182504_api_route_depth_full_pass/app/api/v1/portal/admin/recommendation/rule/list/route.ts
D	01.civilization-os/08.civilization-portal-site/civilization-portal-site-web/.backup/20260422_182504_api_route_depth_full_pass/app/api/v1/portal/admin/recommendation/rule/upsert/route.ts
D	01.civilization-os/08.civilization-portal-site/civilization-portal-site-web/.backup/20260422_182504_api_route_depth_full_pass/app/api/v1/portal/admin/search/index/list/route.ts
D	01.civilization-os/08.civilization-portal-site/civilization-portal-site-web/.backup/20260422_182504_api_route_depth_full_pass/app/api/v1/portal/admin/search/index/upsert/route.ts
D	01.civilization-os/08.civilization-portal-site/civilization-portal-site-web/.backup/20260422_182504_api_route_depth_full_pass/app/api/v1/portal/admin/seo/page/list/route.ts
D	01.civilization-os/08.civilization-portal-site/civilization-portal-site-web/.backup/20260422_182504_api_route_depth_full_pass/app/api/v1/portal/admin/seo/page/upsert/route.ts
D	01.civilization-os/08.civilization-portal-site/civilization-portal-site-web/.backup/20260422_182504_api_route_depth_full_pass/app/api/v1/portal/auth/login/route.ts
D	01.civilization-os/08.civilization-portal-site/civilization-portal-site-web/.backup/20260422_182504_api_route_depth_full_pass/app/api/v1/portal/auth/signup/route.ts
D	01.civilization-os/08.civilization-portal-site/civilization-portal-site-web/.backup/20260422_182504_api_route_depth_full_pass/app/api/v1/portal/launch/evaluate/route.ts
D	01.civilization-os/08.civilization-portal-site/civilization-portal-site-web/.backup/20260422_182504_api_route_depth_full_pass/app/api/v1/portal/launch/matrix/route.ts
D	01.civilization-os/08.civilization-portal-site/civilization-portal-site-web/.backup/20260422_182504_api_route_depth_full_pass/app/api/v1/portal/public/analytics/event/append/route.ts
D	01.civilization-os/08.civilization-portal-site/civilization-portal-site-web/.backup/20260422_182504_api_route_depth_full_pass/app/api/v1/portal/public/asset/manifest/list/route.ts
D	01.civilization-os/08.civilization-portal-site/civilization-portal-site-web/.backup/20260422_182504_api_route_depth_full_pass/app/api/v1/portal/public/cms/page/get/route.ts
D	01.civilization-os/08.civilization-portal-site/civilization-portal-site-web/.backup/20260422_182504_api_route_depth_full_pass/app/api/v1/portal/public/listing/list/route.ts
D	01.civilization-os/08.civilization-portal-site/civilization-portal-site-web/.backup/20260422_182504_api_route_depth_full_pass/app/api/v1/portal/public/maintenance/list/route.ts
D	01.civilization-os/08.civilization-portal-site/civilization-portal-site-web/.backup/20260422_182504_api_route_depth_full_pass/app/api/v1/portal/public/navigation/manifest/list/route.ts
D	01.civilization-os/08.civilization-portal-site/civilization-portal-site-web/.backup/20260422_182504_api_route_depth_full_pass/app/api/v1/portal/public/navigation/menu/resolve/route.ts
D	01.civilization-os/08.civilization-portal-site/civilization-portal-site-web/.backup/20260422_182504_api_route_depth_full_pass/app/api/v1/portal/public/notices/list/route.ts
D	01.civilization-os/08.civilization-portal-site/civilization-portal-site-web/.backup/20260422_182504_api_route_depth_full_pass/app/api/v1/portal/public/notification/announcement/ack/route.ts
D	01.civilization-os/08.civilization-portal-site/civilization-portal-site-web/.backup/20260422_182504_api_route_depth_full_pass/app/api/v1/portal/public/notification/center/get/route.ts
D	01.civilization-os/08.civilization-portal-site/civilization-portal-site-web/.backup/20260422_182504_api_route_depth_full_pass/app/api/v1/portal/public/personal/entries/get/route.ts
D	01.civilization-os/08.civilization-portal-site/civilization-portal-site-web/.backup/20260422_182504_api_route_depth_full_pass/app/api/v1/portal/public/personal/favorite/upsert/route.ts
D	01.civilization-os/08.civilization-portal-site/civilization-portal-site-web/.backup/20260422_182504_api_route_depth_full_pass/app/api/v1/portal/public/personal/recent/append/route.ts
D	01.civilization-os/08.civilization-portal-site/civilization-portal-site-web/.backup/20260422_182504_api_route_depth_full_pass/app/api/v1/portal/public/personal/shortcut/upsert/route.ts
D	01.civilization-os/08.civilization-portal-site/civilization-portal-site-web/.backup/20260422_182504_api_route_depth_full_pass/app/api/v1/portal/public/profile/settings/get/route.ts
D	01.civilization-os/08.civilization-portal-site/civilization-portal-site-web/.backup/20260422_182504_api_route_depth_full_pass/app/api/v1/portal/public/profile/settings/upsert/route.ts
D	01.civilization-os/08.civilization-portal-site/civilization-portal-site-web/.backup/20260422_182504_api_route_depth_full_pass/app/api/v1/portal/public/recommendation/resolve/route.ts
D	01.civilization-os/08.civilization-portal-site/civilization-portal-site-web/.backup/20260422_182504_api_route_depth_full_pass/app/api/v1/portal/public/search/query/route.ts
D	01.civilization-os/08.civilization-portal-site/civilization-portal-site-web/.backup/20260422_182504_api_route_depth_full_pass/app/api/v1/portal/public/seo/page/get/route.ts
D	01.civilization-os/08.civilization-portal-site/civilization-portal-site-web/.backup/20260422_182504_api_route_depth_full_pass/app/api/v1/portal/public/support/center/get/route.ts
D	01.civilization-os/08.civilization-portal-site/civilization-portal-site-web/.backup/20260422_182504_api_route_depth_full_pass/app/api/v1/portal/public/support/contact/submit/route.ts
D	01.civilization-os/08.civilization-portal-site/civilization-portal-site-web/.backup/20260423_044659_fix_missing_exports_and_params/catalog.ts.bak
D	01.civilization-os/08.civilization-portal-site/civilization-portal-site-web/.backup/20260423_044659_fix_missing_exports_and_params/page.tsx.bak
D	01.civilization-os/08.civilization-portal-site/civilization-portal-site-web/.backup/20260423_044659_fix_missing_exports_and_params/recommendation-store.ts.bak
D	01.civilization-os/08.civilization-portal-site/civilization-portal-site-web/.backup/20260423_044659_fix_missing_exports_and_params/search-store.ts.bak
D	01.civilization-os/08.civilization-portal-site/civilization-portal-site-web/.backup/20260423_074314_compat_pass_a/services/civilization-auth/auth-gateway.ts
D	01.civilization-os/08.civilization-portal-site/civilization-portal-site-web/.backup/20260423_074314_compat_pass_a/services/mock-server/admin-access.ts
D	01.civilization-os/08.civilization-portal-site/civilization-portal-site-web/.backup/20260423_074314_compat_pass_a/services/mock-server/audit-store.ts
D	01.civilization-os/08.civilization-portal-site/civilization-portal-site-web/.backup/20260423_074314_compat_pass_a/services/mock-server/launch-store.ts
D	01.civilization-os/08.civilization-portal-site/civilization-portal-site-web/.backup/20260423_074314_compat_pass_a/services/mock-server/search-store.ts
D	01.civilization-os/08.civilization-portal-site/civilization-portal-site-web/.backup/20260423_074314_compat_pass_a/services/portal-api/recommendation-client.ts
D	01.civilization-os/08.civilization-portal-site/civilization-portal-site-web/.backup/20260423_074314_compat_pass_a/services/portal-api/search-client.ts
D	01.civilization-os/08.civilization-portal-site/civilization-portal-site-web/.backup/20260423_074314_compat_pass_a/services/return-context/storage.ts
D	01.civilization-os/08.civilization-portal-site/civilization-portal-site-web/.backup/20260423_074314_compat_pass_a/types/auth.ts
D	01.civilization-os/08.civilization-portal-site/civilization-portal-site-web/.backup/20260423_074314_compat_pass_a/types/os.ts
D	01.civilization-os/08.civilization-portal-site/civilization-portal-site-web/.backup/20260423_074314_compat_pass_a/types/portal-admin-api.ts
D	01.civilization-os/08.civilization-portal-site/civilization-portal-site-web/.backup/20260423_074314_compat_pass_a/types/portal-api.ts
D	01.civilization-os/08.civilization-portal-site/civilization-portal-site-web/.backup/20260423_074314_compat_pass_a/types/portal-navigation-api.ts
D	01.civilization-os/08.civilization-portal-site/civilization-portal-site-web/.backup/20260423_074314_compat_pass_a/types/portal-recommendation-api.ts
D	01.civilization-os/08.civilization-portal-site/civilization-portal-site-web/.backup/20260423_074314_compat_pass_a/types/portal-search-api.ts
D	01.civilization-os/08.civilization-portal-site/civilization-portal-site-web/.backup/20260428_181520_compat_pass_b/services/civilization-auth/mock-bridge-adapter.ts
D	01.civilization-os/08.civilization-portal-site/civilization-portal-site-web/.backup/20260428_181520_compat_pass_b/services/civilization-auth/mock-session.ts
D	01.civilization-os/08.civilization-portal-site/civilization-portal-site-web/.backup/20260428_181520_compat_pass_b/services/mock-server/admin-store.ts
D	01.civilization-os/08.civilization-portal-site/civilization-portal-site-web/.backup/20260428_181520_compat_pass_b/services/mock-server/auth-mock.ts
D	01.civilization-os/08.civilization-portal-site/civilization-portal-site-web/.backup/20260428_181520_compat_pass_b/services/mock-server/launch-mock.ts
D	01.civilization-os/08.civilization-portal-site/civilization-portal-site-web/.backup/20260428_181520_compat_pass_b/services/os-launch/evaluate-os-entry.ts
D	01.civilization-os/08.civilization-portal-site/civilization-portal-site-web/.backup/20260428_181520_compat_pass_b/services/portal-api/admin-client.ts
D	01.civilization-os/08.civilization-portal-site/civilization-portal-site-web/.backup/20260428_181520_compat_pass_b/services/portal-api/auth-client.ts
D	01.civilization-os/08.civilization-portal-site/civilization-portal-site-web/.backup/20260428_181520_compat_pass_b/services/portal-api/content-client.ts
D	01.civilization-os/08.civilization-portal-site/civilization-portal-site-web/.backup/20260428_181520_compat_pass_b/types/bridge.ts
D	01.civilization-os/08.civilization-portal-site/civilization-portal-site-web/.backup/20260428_181520_compat_pass_b/types/portal-admin-api.ts
D	01.civilization-os/08.civilization-portal-site/civilization-portal-site-web/.backup/20260429_051353_compat_pass_c_missing_build_exports/services/mock-server/admin-store.ts
D	01.civilization-os/08.civilization-portal-site/civilization-portal-site-web/.backup/20260429_051353_compat_pass_c_missing_build_exports/services/mock-server/auth-mock.ts
D	01.civilization-os/08.civilization-portal-site/civilization-portal-site-web/.backup/20260429_051353_compat_pass_c_missing_build_exports/services/mock-server/launch-mock.ts
D	01.civilization-os/08.civilization-portal-site/civilization-portal-site-web/.disabled_routes/20260422_051653/app/os/[os_code]/page.tsx
D	01.civilization-os/08.civilization-portal-site/civilization-portal-site-web/.gitignore
D	01.civilization-os/08.civilization-portal-site/civilization-portal-site-web/.reports/20260421_052742_endgame_e5_final_readiness/000_final_readiness_report.txt
D	01.civilization-os/08.civilization-portal-site/civilization-portal-site-web/.reports/20260421_054805_final_dev_check/000_summary.txt
D	01.civilization-os/08.civilization-portal-site/civilization-portal-site-web/.reports/20260421_054805_final_dev_check/010_package_scripts.txt
D	01.civilization-os/08.civilization-portal-site/civilization-portal-site-web/.reports/20260421_054805_final_dev_check/020_route_audit.txt
D	01.civilization-os/08.civilization-portal-site/civilization-portal-site-web/.reports/20260421_054805_final_dev_check/030_file_audit.txt
D	01.civilization-os/08.civilization-portal-site/civilization-portal-site-web/.reports/20260421_054805_final_dev_check/900_next_steps.txt
D	01.civilization-os/08.civilization-portal-site/civilization-portal-site-web/.reports/20260421_055818_final_dev_pinpoint/200_errors_extracted.txt
D	01.civilization-os/08.civilization-portal-site/civilization-portal-site-web/.reports/20260421_055818_final_dev_pinpoint/210_warnings_extracted.txt
D	01.civilization-os/08.civilization-portal-site/civilization-portal-site-web/.reports/20260421_055818_final_dev_pinpoint/300_repair_targets_raw.txt
D	01.civilization-os/08.civilization-portal-site/civilization-portal-site-web/.reports/20260421_055818_final_dev_pinpoint/310_repair_targets_sorted.txt
D	01.civilization-os/08.civilization-portal-site/civilization-portal-site-web/.reports/20260421_055818_final_dev_pinpoint/900_summary.txt
D	01.civilization-os/08.civilization-portal-site/civilization-portal-site-web/.reports/20260421_072914_final_dev_autofix_pass1/000_targets_input.txt
D	01.civilization-os/08.civilization-portal-site/civilization-portal-site-web/.reports/20260421_072914_final_dev_autofix_pass1/010_targets_final.txt
D	01.civilization-os/08.civilization-portal-site/civilization-portal-site-web/.reports/20260421_072914_final_dev_autofix_pass1/100_change_log.txt
D	01.civilization-os/08.civilization-portal-site/civilization-portal-site-web/.reports/20260421_072914_final_dev_autofix_pass1/300_remaining_errors.txt
D	01.civilization-os/08.civilization-portal-site/civilization-portal-site-web/.reports/20260421_072914_final_dev_autofix_pass1/900_summary.txt
D	01.civilization-os/08.civilization-portal-site/civilization-portal-site-web/.reports/20260421_081704_final_dev_repair_f4/000_summary.txt
D	01.civilization-os/08.civilization-portal-site/civilization-portal-site-web/.reports/20260421_081704_final_dev_repair_f4/010_change_log.txt
D	01.civilization-os/08.civilization-portal-site/civilization-portal-site-web/.reports/20260421_081704_final_dev_repair_f4/200_remaining_errors.txt
D	01.civilization-os/08.civilization-portal-site/civilization-portal-site-web/.reports/20260421_084532_final_dev_repair_f5/000_summary.txt
D	01.civilization-os/08.civilization-portal-site/civilization-portal-site-web/.reports/20260421_084532_final_dev_repair_f5/010_change_log.txt
D	01.civilization-os/08.civilization-portal-site/civilization-portal-site-web/.reports/20260421_084532_final_dev_repair_f5/200_remaining_errors.txt
D	01.civilization-os/08.civilization-portal-site/civilization-portal-site-web/.reports/20260421_094654_final_dev_repair_f6/000_summary.txt
D	01.civilization-os/08.civilization-portal-site/civilization-portal-site-web/.reports/20260421_094654_final_dev_repair_f6/010_change_log.txt
D	01.civilization-os/08.civilization-portal-site/civilization-portal-site-web/.reports/20260421_094654_final_dev_repair_f6/200_remaining_errors.txt
D	01.civilization-os/08.civilization-portal-site/civilization-portal-site-web/.reports/20260421_095633_final_dev_repair_f6/000_summary.txt
D	01.civilization-os/08.civilization-portal-site/civilization-portal-site-web/.reports/20260421_095633_final_dev_repair_f6/010_change_log.txt
D	01.civilization-os/08.civilization-portal-site/civilization-portal-site-web/.reports/20260421_095633_final_dev_repair_f6/200_remaining_errors.txt
D	01.civilization-os/08.civilization-portal-site/civilization-portal-site-web/.reports/20260421_101240_final_dev_repair_f6/010_change_log.txt
D	01.civilization-os/08.civilization-portal-site/civilization-portal-site-web/.reports/20260421_111310_final_dev_repair_f7/000_summary.txt
D	01.civilization-os/08.civilization-portal-site/civilization-portal-site-web/.reports/20260421_111310_final_dev_repair_f7/010_change_log.txt
D	01.civilization-os/08.civilization-portal-site/civilization-portal-site-web/.reports/20260421_111310_final_dev_repair_f7/200_remaining_errors.txt
D	01.civilization-os/08.civilization-portal-site/civilization-portal-site-web/.reports/20260421_131156_final_dev_repair_f8/000_summary.txt
D	01.civilization-os/08.civilization-portal-site/civilization-portal-site-web/.reports/20260421_131156_final_dev_repair_f8/010_change_log.txt
D	01.civilization-os/08.civilization-portal-site/civilization-portal-site-web/.reports/20260421_131156_final_dev_repair_f8/200_remaining_errors.txt
D	01.civilization-os/08.civilization-portal-site/civilization-portal-site-web/.reports/20260421_132242_final_dev_repair_f9/030_route_actions.txt
D	01.civilization-os/08.civilization-portal-site/civilization-portal-site-web/.reports/20260421_132242_final_dev_repair_f9/040_link_fix_log.txt
D	01.civilization-os/08.civilization-portal-site/civilization-portal-site-web/.reports/20260421_134528_final_dev_repair_f9_safe/010_route_scan.tsv
D	01.civilization-os/08.civilization-portal-site/civilization-portal-site-web/.reports/20260421_134528_final_dev_repair_f9_safe/020_route_duplicates.txt
D	01.civilization-os/08.civilization-portal-site/civilization-portal-site-web/.reports/20260421_134528_final_dev_repair_f9_safe/030_route_actions.txt
D	01.civilization-os/08.civilization-portal-site/civilization-portal-site-web/.reports/20260421_134528_final_dev_repair_f9_safe/040_link_fix_log.txt
D	01.civilization-os/08.civilization-portal-site/civilization-portal-site-web/.reports/20260421_134528_final_dev_repair_f9_safe/050_lint_targets.txt
D	01.civilization-os/08.civilization-portal-site/civilization-portal-site-web/.reports/20260421_134528_final_dev_repair_f9_safe/200_remaining_errors.txt
D	01.civilization-os/08.civilization-portal-site/civilization-portal-site-web/.reports/20260421_134528_final_dev_repair_f9_safe/900_summary.txt
D	01.civilization-os/08.civilization-portal-site/civilization-portal-site-web/.reports/20260421_171504_final_dev_repair_f10/010_route_scan_all_extensions.tsv
D	01.civilization-os/08.civilization-portal-site/civilization-portal-site-web/.reports/20260421_171504_final_dev_repair_f10/020_route_duplicates_all_extensions.txt
D	01.civilization-os/08.civilization-portal-site/civilization-portal-site-web/.reports/20260421_171504_final_dev_repair_f10/030_route_actions.txt
D	01.civilization-os/08.civilization-portal-site/civilization-portal-site-web/.reports/20260421_171504_final_dev_repair_f10/040_link_fix_log.txt
D	01.civilization-os/08.civilization-portal-site/civilization-portal-site-web/.reports/20260421_171504_final_dev_repair_f10/050_exact_lint_targets.txt
D	01.civilization-os/08.civilization-portal-site/civilization-portal-site-web/.reports/20260421_172333_fast_pinpoint/010_route_duplicates.txt
D	01.civilization-os/08.civilization-portal-site/civilization-portal-site-web/.reports/20260421_172333_fast_pinpoint/020_parse_error_files.txt
D	01.civilization-os/08.civilization-portal-site/civilization-portal-site-web/.reports/20260421_172333_fast_pinpoint/030_link_undef_files.txt
D	01.civilization-os/08.civilization-portal-site/civilization-portal-site-web/.reports/20260421_172333_fast_pinpoint/900_summary.txt
D	01.civilization-os/08.civilization-portal-site/civilization-portal-site-web/.reports/20260421_172333_fast_pinpoint/eslint_full.txt
D	01.civilization-os/08.civilization-portal-site/civilization-portal-site-web/.reports/20260421_172918_last_fast_pinpoint/010_route_duplicates.txt
D	01.civilization-os/08.civilization-portal-site/civilization-portal-site-web/.reports/20260421_172918_last_fast_pinpoint/020_parse_error_files.txt
D	01.civilization-os/08.civilization-portal-site/civilization-portal-site-web/.reports/20260421_172918_last_fast_pinpoint/030_link_undef_files.txt
D	01.civilization-os/08.civilization-portal-site/civilization-portal-site-web/.reports/20260421_172918_last_fast_pinpoint/040_setstate_effect_files.txt
D	01.civilization-os/08.civilization-portal-site/civilization-portal-site-web/.reports/20260421_172918_last_fast_pinpoint/900_summary.txt
D	01.civilization-os/08.civilization-portal-site/civilization-portal-site-web/.reports/20260421_185809_truth_capture/030_app_special_files.txt
D	01.civilization-os/08.civilization-portal-site/civilization-portal-site-web/.reports/20260421_185809_truth_capture/040_app_normalized_signatures.tsv
D	01.civilization-os/08.civilization-portal-site/civilization-portal-site-web/.reports/20260421_185809_truth_capture/900_summary.txt
D	01.civilization-os/08.civilization-portal-site/civilization-portal-site-web/.reports/20260422_050820_next_truth_view/000_TO_PASTE.txt
D	01.civilization-os/08.civilization-portal-site/civilization-portal-site-web/.reports/20260422_050820_next_truth_view/030_app_special_files.txt
D	01.civilization-os/08.civilization-portal-site/civilization-portal-site-web/.reports/20260422_050820_next_truth_view/040_app_normalized_signatures.tsv
D	01.civilization-os/08.civilization-portal-site/civilization-portal-site-web/.reports/20260422_053112_webpack_build_and_lint_pinpoint/030_parse_error_files.txt
D	01.civilization-os/08.civilization-portal-site/civilization-portal-site-web/.reports/20260422_053112_webpack_build_and_lint_pinpoint/040_link_undef_files.txt
D	01.civilization-os/08.civilization-portal-site/civilization-portal-site-web/.reports/20260422_053112_webpack_build_and_lint_pinpoint/050_setstate_effect_files.txt
D	01.civilization-os/08.civilization-portal-site/civilization-portal-site-web/.reports/20260422_053112_webpack_build_and_lint_pinpoint/900_summary.txt
D	01.civilization-os/08.civilization-portal-site/civilization-portal-site-web/.reports/20260422_055043_admin_route_depth_pass/020_fix_log.txt
D	01.civilization-os/08.civilization-portal-site/civilization-portal-site-web/.reports/20260422_055043_admin_route_depth_pass/route_files.txt
D	01.civilization-os/08.civilization-portal-site/civilization-portal-site-web/.reports/20260422_074016_api_route_import_depth_normalize/010_route_files.txt
D	01.civilization-os/08.civilization-portal-site/civilization-portal-site-web/.reports/20260422_074016_api_route_import_depth_normalize/020_fix_log.txt
D	01.civilization-os/08.civilization-portal-site/civilization-portal-site-web/.reports/20260422_114159_api_route_import_depth_normalize/010_route_files.txt
D	01.civilization-os/08.civilization-portal-site/civilization-portal-site-web/.reports/20260422_114159_api_route_import_depth_normalize/020_fix_log.txt
D	01.civilization-os/08.civilization-portal-site/civilization-portal-site-web/.reports/20260422_114924_api_route_depth_full_pass/010_route_files.txt
D	01.civilization-os/08.civilization-portal-site/civilization-portal-site-web/.reports/20260422_114924_api_route_depth_full_pass/020_fix_log.txt
D	01.civilization-os/08.civilization-portal-site/civilization-portal-site-web/.reports/20260422_115846_api_route_depth_full_pass/010_route_files.txt
D	01.civilization-os/08.civilization-portal-site/civilization-portal-site-web/.reports/20260422_115846_api_route_depth_full_pass/020_fix_log.txt
D	01.civilization-os/08.civilization-portal-site/civilization-portal-site-web/.reports/20260422_182504_api_route_depth_full_pass/010_route_files.txt
D	01.civilization-os/08.civilization-portal-site/civilization-portal-site-web/.reports/20260422_182504_api_route_depth_full_pass/020_fix_log.txt
D	01.civilization-os/08.civilization-portal-site/civilization-portal-site-web/.reports/20260422_182504_api_route_depth_full_pass/040_blocker_head.txt
D	01.civilization-os/08.civilization-portal-site/civilization-portal-site-web/.reports/20260423_045016_tsc_truth/020_tsconfig_and_package_head.txt
D	01.civilization-os/08.civilization-portal-site/civilization-portal-site-web/.reports/20260423_045016_tsc_truth/900_summary.txt
D	01.civilization-os/08.civilization-portal-site/civilization-portal-site-web/.tmp_admin_workspace_patch_20260421_045817/import_snip.txt
D	01.civilization-os/08.civilization-portal-site/civilization-portal-site-web/.tmp_admin_workspace_patch_20260421_045817/usage_snip.txt
D	01.civilization-os/08.civilization-portal-site/civilization-portal-site-web/.tmp_e3_resume_fix_20260421_044329/admin_import.txt
D	01.civilization-os/08.civilization-portal-site/civilization-portal-site-web/.tmp_e3_resume_fix_20260421_044329/admin_usage_after_notification.txt
D	01.civilization-os/08.civilization-portal-site/civilization-portal-site-web/.tmp_e3_resume_fix_20260421_044329/admin_usage_after_recommendation.txt
D	01.civilization-os/08.civilization-portal-site/civilization-portal-site-web/.tmp_e3_resume_fix_20260421_044329/home_effect.txt
D	01.civilization-os/08.civilization-portal-site/civilization-portal-site-web/.tmp_e3_resume_fix_20260421_044329/home_import.txt
D	01.civilization-os/08.civilization-portal-site/civilization-portal-site-web/.tmp_e3_resume_fix_20260421_044329/launcher_ack_analytics.txt
D	01.civilization-os/08.civilization-portal-site/civilization-portal-site-web/.tmp_e3_resume_fix_20260421_044329/launcher_effect.txt
D	01.civilization-os/08.civilization-portal-site/civilization-portal-site-web/.tmp_e3_resume_fix_20260421_044329/launcher_import.txt
D	01.civilization-os/08.civilization-portal-site/civilization-portal-site-web/.tmp_e3_resume_fix_20260421_044329/launcher_profile_analytics.txt
D	01.civilization-os/08.civilization-portal-site/civilization-portal-site-web/.tmp_e3_resume_fix_20260421_044329/launcher_shortcut_analytics.txt
D	01.civilization-os/08.civilization-portal-site/civilization-portal-site-web/.tmp_e3_resume_fix_20260421_044329/osdetail_effect.txt
D	01.civilization-os/08.civilization-portal-site/civilization-portal-site-web/.tmp_e3_resume_fix_20260421_044329/osdetail_favorite_analytics.txt
D	01.civilization-os/08.civilization-portal-site/civilization-portal-site-web/.tmp_e3_resume_fix_20260421_044329/osdetail_import.txt
D	01.civilization-os/08.civilization-portal-site/civilization-portal-site-web/.tmp_e3_resume_fix_20260421_044329/osdetail_shortcut_analytics.txt
D	01.civilization-os/08.civilization-portal-site/civilization-portal-site-web/.tmp_e3_resume_fix_20260421_044329/search_effect.txt
D	01.civilization-os/08.civilization-portal-site/civilization-portal-site-web/.tmp_e3_resume_fix_20260421_044329/search_import_analytics.txt
D	01.civilization-os/08.civilization-portal-site/civilization-portal-site-web/.tmp_e3_resume_fix_20260421_044329/search_import_gateway.txt
D	01.civilization-os/08.civilization-portal-site/civilization-portal-site-web/.tmp_e4_support_20260421_051826/home_support_section.txt
D	01.civilization-os/08.civilization-portal-site/civilization-portal-site-web/.tmp_e4_support_20260421_051826/launcher_support_section.txt
D	01.civilization-os/08.civilization-portal-site/civilization-portal-site-web/README.md
D	01.civilization-os/08.civilization-portal-site/civilization-portal-site-web/app/access-denied/page.tsx
D	01.civilization-os/08.civilization-portal-site/civilization-portal-site-web/app/admin/page.tsx
D	01.civilization-os/08.civilization-portal-site/civilization-portal-site-web/app/api/v1/portal/admin/access/check/route.ts
D	01.civilization-os/08.civilization-portal-site/civilization-portal-site-web/app/api/v1/portal/admin/analytics/report/get/route.ts
D	01.civilization-os/08.civilization-portal-site/civilization-portal-site-web/app/api/v1/portal/admin/asset/manifest/list/route.ts
D	01.civilization-os/08.civilization-portal-site/civilization-portal-site-web/app/api/v1/portal/admin/asset/manifest/upsert/route.ts
D	01.civilization-os/08.civilization-portal-site/civilization-portal-site-web/app/api/v1/portal/admin/audit/append/route.ts
D	01.civilization-os/08.civilization-portal-site/civilization-portal-site-web/app/api/v1/portal/admin/audit/list/route.ts
D	01.civilization-os/08.civilization-portal-site/civilization-portal-site-web/app/api/v1/portal/admin/cms/page/list/route.ts
D	01.civilization-os/08.civilization-portal-site/civilization-portal-site-web/app/api/v1/portal/admin/cms/page/upsert/route.ts
D	01.civilization-os/08.civilization-portal-site/civilization-portal-site-web/app/api/v1/portal/admin/listing/list/route.ts
D	01.civilization-os/08.civilization-portal-site/civilization-portal-site-web/app/api/v1/portal/admin/listing/upsert/route.ts
D	01.civilization-os/08.civilization-portal-site/civilization-portal-site-web/app/api/v1/portal/admin/maintenance/list/route.ts
D	01.civilization-os/08.civilization-portal-site/civilization-portal-site-web/app/api/v1/portal/admin/maintenance/upsert/route.ts
D	01.civilization-os/08.civilization-portal-site/civilization-portal-site-web/app/api/v1/portal/admin/navigation/manifest/list/route.ts
D	01.civilization-os/08.civilization-portal-site/civilization-portal-site-web/app/api/v1/portal/admin/navigation/manifest/upsert/route.ts
D	01.civilization-os/08.civilization-portal-site/civilization-portal-site-web/app/api/v1/portal/admin/notices/list/route.ts
D	01.civilization-os/08.civilization-portal-site/civilization-portal-site-web/app/api/v1/portal/admin/notices/publish/route.ts
D	01.civilization-os/08.civilization-portal-site/civilization-portal-site-web/app/api/v1/portal/admin/notification/center/list/route.ts
D	01.civilization-os/08.civilization-portal-site/civilization-portal-site-web/app/api/v1/portal/admin/notification/center/upsert/route.ts
D	01.civilization-os/08.civilization-portal-site/civilization-portal-site-web/app/api/v1/portal/admin/recommendation/rule/list/route.ts
D	01.civilization-os/08.civilization-portal-site/civilization-portal-site-web/app/api/v1/portal/admin/recommendation/rule/upsert/route.ts
D	01.civilization-os/08.civilization-portal-site/civilization-portal-site-web/app/api/v1/portal/admin/search/index/list/route.ts
D	01.civilization-os/08.civilization-portal-site/civilization-portal-site-web/app/api/v1/portal/admin/search/index/upsert/route.ts
D	01.civilization-os/08.civilization-portal-site/civilization-portal-site-web/app/api/v1/portal/admin/seo/page/list/route.ts
D	01.civilization-os/08.civilization-portal-site/civilization-portal-site-web/app/api/v1/portal/admin/seo/page/upsert/route.ts
D	01.civilization-os/08.civilization-portal-site/civilization-portal-site-web/app/api/v1/portal/auth/login/route.ts
D	01.civilization-os/08.civilization-portal-site/civilization-portal-site-web/app/api/v1/portal/auth/signup/route.ts
D	01.civilization-os/08.civilization-portal-site/civilization-portal-site-web/app/api/v1/portal/launch/evaluate/route.ts
D	01.civilization-os/08.civilization-portal-site/civilization-portal-site-web/app/api/v1/portal/launch/matrix/route.ts
D	01.civilization-os/08.civilization-portal-site/civilization-portal-site-web/app/api/v1/portal/public/analytics/event/append/route.ts
D	01.civilization-os/08.civilization-portal-site/civilization-portal-site-web/app/api/v1/portal/public/asset/manifest/list/route.ts
D	01.civilization-os/08.civilization-portal-site/civilization-portal-site-web/app/api/v1/portal/public/cms/page/get/route.ts
D	01.civilization-os/08.civilization-portal-site/civilization-portal-site-web/app/api/v1/portal/public/listing/list/route.ts
D	01.civilization-os/08.civilization-portal-site/civilization-portal-site-web/app/api/v1/portal/public/maintenance/list/route.ts
D	01.civilization-os/08.civilization-portal-site/civilization-portal-site-web/app/api/v1/portal/public/navigation/manifest/list/route.ts
D	01.civilization-os/08.civilization-portal-site/civilization-portal-site-web/app/api/v1/portal/public/navigation/menu/resolve/route.ts
D	01.civilization-os/08.civilization-portal-site/civilization-portal-site-web/app/api/v1/portal/public/notices/list/route.ts
D	01.civilization-os/08.civilization-portal-site/civilization-portal-site-web/app/api/v1/portal/public/notification/announcement/ack/route.ts
D	01.civilization-os/08.civilization-portal-site/civilization-portal-site-web/app/api/v1/portal/public/notification/center/get/route.ts
D	01.civilization-os/08.civilization-portal-site/civilization-portal-site-web/app/api/v1/portal/public/personal/entries/get/route.ts
D	01.civilization-os/08.civilization-portal-site/civilization-portal-site-web/app/api/v1/portal/public/personal/favorite/upsert/route.ts
D	01.civilization-os/08.civilization-portal-site/civilization-portal-site-web/app/api/v1/portal/public/personal/recent/append/route.ts
D	01.civilization-os/08.civilization-portal-site/civilization-portal-site-web/app/api/v1/portal/public/personal/shortcut/upsert/route.ts
D	01.civilization-os/08.civilization-portal-site/civilization-portal-site-web/app/api/v1/portal/public/profile/settings/get/route.ts
D	01.civilization-os/08.civilization-portal-site/civilization-portal-site-web/app/api/v1/portal/public/profile/settings/upsert/route.ts
D	01.civilization-os/08.civilization-portal-site/civilization-portal-site-web/app/api/v1/portal/public/recommendation/resolve/route.ts
D	01.civilization-os/08.civilization-portal-site/civilization-portal-site-web/app/api/v1/portal/public/search/query/route.ts
D	01.civilization-os/08.civilization-portal-site/civilization-portal-site-web/app/api/v1/portal/public/seo/page/get/route.ts
D	01.civilization-os/08.civilization-portal-site/civilization-portal-site-web/app/api/v1/portal/public/support/center/get/route.ts
D	01.civilization-os/08.civilization-portal-site/civilization-portal-site-web/app/api/v1/portal/public/support/contact/submit/route.ts
D	01.civilization-os/08.civilization-portal-site/civilization-portal-site-web/app/auth/return/page.tsx
D	01.civilization-os/08.civilization-portal-site/civilization-portal-site-web/app/civilization/page.tsx
D	01.civilization-os/08.civilization-portal-site/civilization-portal-site-web/app/contact/page.tsx
D	01.civilization-os/08.civilization-portal-site/civilization-portal-site-web/app/error/page.tsx
D	01.civilization-os/08.civilization-portal-site/civilization-portal-site-web/app/favicon.ico
D	01.civilization-os/08.civilization-portal-site/civilization-portal-site-web/app/globals.css
D	01.civilization-os/08.civilization-portal-site/civilization-portal-site-web/app/guide/page.tsx
D	01.civilization-os/08.civilization-portal-site/civilization-portal-site-web/app/help/page.tsx
D	01.civilization-os/08.civilization-portal-site/civilization-portal-site-web/app/layout.tsx
D	01.civilization-os/08.civilization-portal-site/civilization-portal-site-web/app/login/page.tsx
D	01.civilization-os/08.civilization-portal-site/civilization-portal-site-web/app/maintenance/page.tsx
D	01.civilization-os/08.civilization-portal-site/civilization-portal-site-web/app/me/launcher/page.tsx
D	01.civilization-os/08.civilization-portal-site/civilization-portal-site-web/app/os/[osCode]/page.tsx
D	01.civilization-os/08.civilization-portal-site/civilization-portal-site-web/app/os/page.tsx
D	01.civilization-os/08.civilization-portal-site/civilization-portal-site-web/app/page.tsx
D	01.civilization-os/08.civilization-portal-site/civilization-portal-site-web/app/policy/page.tsx
D	01.civilization-os/08.civilization-portal-site/civilization-portal-site-web/app/search/page.tsx
D	01.civilization-os/08.civilization-portal-site/civilization-portal-site-web/app/signup/page.tsx
D	01.civilization-os/08.civilization-portal-site/civilization-portal-site-web/app/terms/page.tsx
D	01.civilization-os/08.civilization-portal-site/civilization-portal-site-web/components/common/analytics-metric-card.tsx
D	01.civilization-os/08.civilization-portal-site/civilization-portal-site-web/components/common/cms-section-renderer.tsx
D	01.civilization-os/08.civilization-portal-site/civilization-portal-site-web/components/common/notification-card.tsx
D	01.civilization-os/08.civilization-portal-site/civilization-portal-site-web/components/common/page-title-block.tsx
D	01.civilization-os/08.civilization-portal-site/civilization-portal-site-web/components/common/personal-entry-card.tsx
D	01.civilization-os/08.civilization-portal-site/civilization-portal-site-web/components/common/recommendation-card.tsx
D	01.civilization-os/08.civilization-portal-site/civilization-portal-site-web/components/common/search-result-card.tsx
D	01.civilization-os/08.civilization-portal-site/civilization-portal-site-web/components/common/structured-data-script.tsx
D	01.civilization-os/08.civilization-portal-site/civilization-portal-site-web/components/feedback/status-message.tsx
D	01.civilization-os/08.civilization-portal-site/civilization-portal-site-web/components/layout/global-footer.tsx
D	01.civilization-os/08.civilization-portal-site/civilization-portal-site-web/components/navigation/global-header.tsx
D	01.civilization-os/08.civilization-portal-site/civilization-portal-site-web/config/bridge.ts
D	01.civilization-os/08.civilization-portal-site/civilization-portal-site-web/config/site.ts
D	01.civilization-os/08.civilization-portal-site/civilization-portal-site-web/eslint.config.mjs
D	01.civilization-os/08.civilization-portal-site/civilization-portal-site-web/features/admin/admin-analytics-panel.tsx
D	01.civilization-os/08.civilization-portal-site/civilization-portal-site-web/features/admin/admin-asset-manifest-panel.tsx
D	01.civilization-os/08.civilization-portal-site/civilization-portal-site-web/features/admin/admin-cms-page-panel.tsx
D	01.civilization-os/08.civilization-portal-site/civilization-portal-site-web/features/admin/admin-notification-panel.tsx
D	01.civilization-os/08.civilization-portal-site/civilization-portal-site-web/features/admin/admin-recommendation-panel.tsx
D	01.civilization-os/08.civilization-portal-site/civilization-portal-site-web/features/admin/admin-search-index-panel.tsx
D	01.civilization-os/08.civilization-portal-site/civilization-portal-site-web/features/admin/admin-seo-page-panel.tsx
D	01.civilization-os/08.civilization-portal-site/civilization-portal-site-web/features/admin/admin-workspace-page.tsx
D	01.civilization-os/08.civilization-portal-site/civilization-portal-site-web/features/auth-entry/auth-return-page.tsx
D	01.civilization-os/08.civilization-portal-site/civilization-portal-site-web/features/auth-entry/login-entry-page.tsx
D	01.civilization-os/08.civilization-portal-site/civilization-portal-site-web/features/auth-entry/signup-entry-page.tsx
D	01.civilization-os/08.civilization-portal-site/civilization-portal-site-web/features/launcher/launcher-page.tsx
D	01.civilization-os/08.civilization-portal-site/civilization-portal-site-web/features/os-catalog/os-detail-page.tsx
D	01.civilization-os/08.civilization-portal-site/civilization-portal-site-web/features/os-catalog/os-list-page.tsx
D	01.civilization-os/08.civilization-portal-site/civilization-portal-site-web/features/public-home/civilization-page.tsx
D	01.civilization-os/08.civilization-portal-site/civilization-portal-site-web/features/public-home/guide-page.tsx
D	01.civilization-os/08.civilization-portal-site/civilization-portal-site-web/features/public-home/home-page.tsx
D	01.civilization-os/08.civilization-portal-site/civilization-portal-site-web/features/search/search-page.tsx
D	01.civilization-os/08.civilization-portal-site/civilization-portal-site-web/features/support/support-center-page.tsx
D	01.civilization-os/08.civilization-portal-site/civilization-portal-site-web/lib/routing/routes.ts
D	01.civilization-os/08.civilization-portal-site/civilization-portal-site-web/lib/seo/page-metadata.ts
D	01.civilization-os/08.civilization-portal-site/civilization-portal-site-web/lib/seo/structured-data.ts
D	01.civilization-os/08.civilization-portal-site/civilization-portal-site-web/mocks/assets/seed-assets.ts
D	01.civilization-os/08.civilization-portal-site/civilization-portal-site-web/mocks/cms/seed-pages.ts
D	01.civilization-os/08.civilization-portal-site/civilization-portal-site-web/mocks/launcher/state.ts
D	01.civilization-os/08.civilization-portal-site/civilization-portal-site-web/mocks/notices/list.ts
D	01.civilization-os/08.civilization-portal-site/civilization-portal-site-web/mocks/os/catalog.ts
D	01.civilization-os/08.civilization-portal-site/civilization-portal-site-web/mocks/recommendation/seed-rules.ts
D	01.civilization-os/08.civilization-portal-site/civilization-portal-site-web/mocks/search/seed-index.ts
D	01.civilization-os/08.civilization-portal-site/civilization-portal-site-web/mocks/seo/seed-page-seo.ts
D	01.civilization-os/08.civilization-portal-site/civilization-portal-site-web/next.config.ts
D	01.civilization-os/08.civilization-portal-site/civilization-portal-site-web/package-lock.json
D	01.civilization-os/08.civilization-portal-site/civilization-portal-site-web/package.json
D	01.civilization-os/08.civilization-portal-site/civilization-portal-site-web/postcss.config.mjs
D	01.civilization-os/08.civilization-portal-site/civilization-portal-site-web/public/file.svg
D	01.civilization-os/08.civilization-portal-site/civilization-portal-site-web/public/globe.svg
D	01.civilization-os/08.civilization-portal-site/civilization-portal-site-web/public/next.svg
D	01.civilization-os/08.civilization-portal-site/civilization-portal-site-web/public/portal-assets/portal-civilization-boundary.svg
D	01.civilization-os/08.civilization-portal-site/civilization-portal-site-web/public/portal-assets/portal-guide-auth-flow.svg
D	01.civilization-os/08.civilization-portal-site/civilization-portal-site-web/public/portal-assets/portal-guide-reference.txt
D	01.civilization-os/08.civilization-portal-site/civilization-portal-site-web/public/portal-assets/portal-home-hero.svg
D	01.civilization-os/08.civilization-portal-site/civilization-portal-site-web/public/vercel.svg
D	01.civilization-os/08.civilization-portal-site/civilization-portal-site-web/public/window.svg
D	01.civilization-os/08.civilization-portal-site/civilization-portal-site-web/services/civilization-auth/auth-gateway.ts
D	01.civilization-os/08.civilization-portal-site/civilization-portal-site-web/services/civilization-auth/bridge-contract.ts
D	01.civilization-os/08.civilization-portal-site/civilization-portal-site-web/services/civilization-auth/external-bridge-stub.ts
D	01.civilization-os/08.civilization-portal-site/civilization-portal-site-web/services/civilization-auth/mock-bridge-adapter.ts
D	01.civilization-os/08.civilization-portal-site/civilization-portal-site-web/services/civilization-auth/mock-session.ts
D	01.civilization-os/08.civilization-portal-site/civilization-portal-site-web/services/mock-server/admin-access.ts
D	01.civilization-os/08.civilization-portal-site/civilization-portal-site-web/services/mock-server/admin-store.ts
D	01.civilization-os/08.civilization-portal-site/civilization-portal-site-web/services/mock-server/analytics-store.ts
D	01.civilization-os/08.civilization-portal-site/civilization-portal-site-web/services/mock-server/api-meta.ts
D	01.civilization-os/08.civilization-portal-site/civilization-portal-site-web/services/mock-server/asset-store.ts
D	01.civilization-os/08.civilization-portal-site/civilization-portal-site-web/services/mock-server/audit-store.ts
D	01.civilization-os/08.civilization-portal-site/civilization-portal-site-web/services/mock-server/auth-mock.ts
D	01.civilization-os/08.civilization-portal-site/civilization-portal-site-web/services/mock-server/cms-store.ts
D	01.civilization-os/08.civilization-portal-site/civilization-portal-site-web/services/mock-server/launch-mock.ts
D	01.civilization-os/08.civilization-portal-site/civilization-portal-site-web/services/mock-server/launch-store.ts
D	01.civilization-os/08.civilization-portal-site/civilization-portal-site-web/services/mock-server/navigation-store.ts
D	01.civilization-os/08.civilization-portal-site/civilization-portal-site-web/services/mock-server/notification-store.ts
D	01.civilization-os/08.civilization-portal-site/civilization-portal-site-web/services/mock-server/personalization-store.ts
D	01.civilization-os/08.civilization-portal-site/civilization-portal-site-web/services/mock-server/profile-settings-store.ts
D	01.civilization-os/08.civilization-portal-site/civilization-portal-site-web/services/mock-server/recommendation-store.ts
D	01.civilization-os/08.civilization-portal-site/civilization-portal-site-web/services/mock-server/search-store.ts
D	01.civilization-os/08.civilization-portal-site/civilization-portal-site-web/services/mock-server/seo-store.ts
D	01.civilization-os/08.civilization-portal-site/civilization-portal-site-web/services/mock-server/support-store.ts
D	01.civilization-os/08.civilization-portal-site/civilization-portal-site-web/services/os-launch/evaluate-os-entry.ts
D	01.civilization-os/08.civilization-portal-site/civilization-portal-site-web/services/portal-api/admin-client.ts
D	01.civilization-os/08.civilization-portal-site/civilization-portal-site-web/services/portal-api/admin-security-client.ts
D	01.civilization-os/08.civilization-portal-site/civilization-portal-site-web/services/portal-api/analytics-client.ts
D	01.civilization-os/08.civilization-portal-site/civilization-portal-site-web/services/portal-api/asset-client.ts
D	01.civilization-os/08.civilization-portal-site/civilization-portal-site-web/services/portal-api/auth-client.ts
D	01.civilization-os/08.civilization-portal-site/civilization-portal-site-web/services/portal-api/cms-client.ts
D	01.civilization-os/08.civilization-portal-site/civilization-portal-site-web/services/portal-api/content-client.ts
D	01.civilization-os/08.civilization-portal-site/civilization-portal-site-web/services/portal-api/fetch-json.ts
D	01.civilization-os/08.civilization-portal-site/civilization-portal-site-web/services/portal-api/launch-client.ts
D	01.civilization-os/08.civilization-portal-site/civilization-portal-site-web/services/portal-api/navigation-client.ts
D	01.civilization-os/08.civilization-portal-site/civilization-portal-site-web/services/portal-api/notification-client.ts
D	01.civilization-os/08.civilization-portal-site/civilization-portal-site-web/services/portal-api/personalization-client.ts
D	01.civilization-os/08.civilization-portal-site/civilization-portal-site-web/services/portal-api/profile-settings-client.ts
D	01.civilization-os/08.civilization-portal-site/civilization-portal-site-web/services/portal-api/recommendation-client.ts
D	01.civilization-os/08.civilization-portal-site/civilization-portal-site-web/services/portal-api/search-client.ts
D	01.civilization-os/08.civilization-portal-site/civilization-portal-site-web/services/portal-api/seo-client.ts
D	01.civilization-os/08.civilization-portal-site/civilization-portal-site-web/services/portal-api/support-client.ts
D	01.civilization-os/08.civilization-portal-site/civilization-portal-site-web/services/return-context/storage.ts
D	01.civilization-os/08.civilization-portal-site/civilization-portal-site-web/tsconfig.json
D	01.civilization-os/08.civilization-portal-site/civilization-portal-site-web/types/auth.ts
D	01.civilization-os/08.civilization-portal-site/civilization-portal-site-web/types/bridge.ts
D	01.civilization-os/08.civilization-portal-site/civilization-portal-site-web/types/decision.ts
D	01.civilization-os/08.civilization-portal-site/civilization-portal-site-web/types/decision/entry-decision.ts
D	01.civilization-os/08.civilization-portal-site/civilization-portal-site-web/types/os.ts
D	01.civilization-os/08.civilization-portal-site/civilization-portal-site-web/types/os/os-catalog.ts
D	01.civilization-os/08.civilization-portal-site/civilization-portal-site-web/types/portal-admin-api.ts
D	01.civilization-os/08.civilization-portal-site/civilization-portal-site-web/types/portal-admin-security-api.ts
D	01.civilization-os/08.civilization-portal-site/civilization-portal-site-web/types/portal-analytics-api.ts
D	01.civilization-os/08.civilization-portal-site/civilization-portal-site-web/types/portal-api.ts
D	01.civilization-os/08.civilization-portal-site/civilization-portal-site-web/types/portal-asset-api.ts
D	01.civilization-os/08.civilization-portal-site/civilization-portal-site-web/types/portal-cms-api.ts
D	01.civilization-os/08.civilization-portal-site/civilization-portal-site-web/types/portal-navigation-api.ts
D	01.civilization-os/08.civilization-portal-site/civilization-portal-site-web/types/portal-notification-api.ts
D	01.civilization-os/08.civilization-portal-site/civilization-portal-site-web/types/portal-personalization-api.ts
D	01.civilization-os/08.civilization-portal-site/civilization-portal-site-web/types/portal-profile-settings-api.ts
D	01.civilization-os/08.civilization-portal-site/civilization-portal-site-web/types/portal-recommendation-api.ts
D	01.civilization-os/08.civilization-portal-site/civilization-portal-site-web/types/portal-search-api.ts
D	01.civilization-os/08.civilization-portal-site/civilization-portal-site-web/types/portal-seo-api.ts
D	01.civilization-os/08.civilization-portal-site/civilization-portal-site-web/types/portal-support-api.ts
M	03.business-os/RobotRentalStore/api/robot-rental-store-local-api.js
M	03.business-os/RobotRentalStore/ui/static/index.html
M	04.life-os/EndOfLifePlanner/app-web/app.js
M	04.life-os/EndOfLifePlanner/app-web/index.html
M	04.life-os/EndOfLifePlanner/app-web/styles.css
M	11.aiworker-os/runtime-execution-http-api/lib/knowledge-domain-brain/domain-classifier.mjs
M	11.aiworker-os/runtime-execution-http-api/lib/knowledge-domain-brain/index.mjs
M	11.aiworker-os/runtime-execution-http-api/lib/knowledge-domain-brain/kdb-runtime-context.mjs
