function	fn_apply_area_exact_upsert	/data/data/com.termux/files/home/01.civilization-system/09.CX22073JW/030.model/030900_CX22073JW_DB_OBJECT_REGISTRY_EXACT.md:37:| 1 | function | `fn_apply_area_exact_upsert` |
function	fn_apply_contract_remediation_batch	/data/data/com.termux/files/home/01.civilization-system/09.CX22073JW/030.model/030900_CX22073JW_DB_OBJECT_REGISTRY_EXACT.md:38:| 2 | function | `fn_apply_contract_remediation_batch` |
function	fn_article_publication_readiness	/data/data/com.termux/files/home/01.civilization-system/09.CX22073JW/030.model/030900_CX22073JW_DB_OBJECT_REGISTRY_EXACT.md:39:| 3 | function | `fn_article_publication_readiness` |
function	fn_build_generation_sql	/data/data/com.termux/files/home/01.civilization-system/09.CX22073JW/030.model/030900_CX22073JW_DB_OBJECT_REGISTRY_EXACT.md:40:| 4 | function | `fn_build_generation_sql` |
function	fn_build_staticart_contract_remediation_batch	/data/data/com.termux/files/home/01.civilization-system/09.CX22073JW/030.model/030900_CX22073JW_DB_OBJECT_REGISTRY_EXACT.md:41:| 5 | function | `fn_build_staticart_contract_remediation_batch` |
function	fn_build_staticart_minimum_first_send_bundle	/data/data/com.termux/files/home/01.civilization-system/09.CX22073JW/030.model/030900_CX22073JW_DB_OBJECT_REGISTRY_EXACT.md:42:| 6 | function | `fn_build_staticart_minimum_first_send_bundle` |
function	fn_can_access_secret	/data/data/com.termux/files/home/01.civilization-system/09.CX22073JW/030.model/030900_CX22073JW_DB_OBJECT_REGISTRY_EXACT.md:43:| 7 | function | `fn_can_access_secret` |
function	fn_compile_ai_employee_governed_apply_queue	/data/data/com.termux/files/home/01.civilization-system/09.CX22073JW/030.model/030900_CX22073JW_DB_OBJECT_REGISTRY_EXACT.md:44:| 8 | function | `fn_compile_ai_employee_governed_apply_queue` |
function	fn_confirm_access_manual_apply_receipt_items	/data/data/com.termux/files/home/01.civilization-system/09.CX22073JW/030.model/030900_CX22073JW_DB_OBJECT_REGISTRY_EXACT.md:45:| 9 | function | `fn_confirm_access_manual_apply_receipt_items` |
function	fn_convert_unit	/data/data/com.termux/files/home/01.civilization-system/09.CX22073JW/030.model/030900_CX22073JW_DB_OBJECT_REGISTRY_EXACT.md:46:| 10 | function | `fn_convert_unit` |
function	fn_create_ai_employee_activation_request	/data/data/com.termux/files/home/01.civilization-system/09.CX22073JW/030.model/030900_CX22073JW_DB_OBJECT_REGISTRY_EXACT.md:47:| 11 | function | `fn_create_ai_employee_activation_request` |
function	fn_create_ai_employee_manual_apply_receipt_batch	/data/data/com.termux/files/home/01.civilization-system/09.CX22073JW/030.model/030900_CX22073JW_DB_OBJECT_REGISTRY_EXACT.md:48:| 12 | function | `fn_create_ai_employee_manual_apply_receipt_batch` |
function	fn_default_required_keys	/data/data/com.termux/files/home/01.civilization-system/09.CX22073JW/030.model/030900_CX22073JW_DB_OBJECT_REGISTRY_EXACT.md:49:| 13 | function | `fn_default_required_keys` |
function	fn_enqueue_foundation_job	/data/data/com.termux/files/home/01.civilization-system/09.CX22073JW/030.model/030900_CX22073JW_DB_OBJECT_REGISTRY_EXACT.md:50:| 14 | function | `fn_enqueue_foundation_job` |
function	fn_evaluate_ai_employee_activation_request	/data/data/com.termux/files/home/01.civilization-system/09.CX22073JW/030.model/030900_CX22073JW_DB_OBJECT_REGISTRY_EXACT.md:51:| 15 | function | `fn_evaluate_ai_employee_activation_request` |
function	fn_evaluate_all_ai_employee_activation_requests	/data/data/com.termux/files/home/01.civilization-system/09.CX22073JW/030.model/030900_CX22073JW_DB_OBJECT_REGISTRY_EXACT.md:52:| 16 | function | `fn_evaluate_all_ai_employee_activation_requests` |
function	fn_execute_sample_case	/data/data/com.termux/files/home/01.civilization-system/09.CX22073JW/030.model/030900_CX22073JW_DB_OBJECT_REGISTRY_EXACT.md:53:| 17 | function | `fn_execute_sample_case` |
function	fn_generate_ai_employee_stub_views	/data/data/com.termux/files/home/01.civilization-system/09.CX22073JW/030.model/030900_CX22073JW_DB_OBJECT_REGISTRY_EXACT.md:54:| 18 | function | `fn_generate_ai_employee_stub_views` |
function	fn_generate_area_upsert_wrapper_sql	/data/data/com.termux/files/home/01.civilization-system/09.CX22073JW/030.model/030900_CX22073JW_DB_OBJECT_REGISTRY_EXACT.md:55:| 19 | function | `fn_generate_area_upsert_wrapper_sql` |
function	fn_get_staticart_block_json	/data/data/com.termux/files/home/01.civilization-system/09.CX22073JW/030.model/030900_CX22073JW_DB_OBJECT_REGISTRY_EXACT.md:56:| 20 | function | `fn_get_staticart_block_json` |
function	fn_get_template_fragments	/data/data/com.termux/files/home/01.civilization-system/09.CX22073JW/030.model/030900_CX22073JW_DB_OBJECT_REGISTRY_EXACT.md:57:| 21 | function | `fn_get_template_fragments` |
function	fn_is_date_in_seasonal_window	/data/data/com.termux/files/home/01.civilization-system/09.CX22073JW/030.model/030900_CX22073JW_DB_OBJECT_REGISTRY_EXACT.md:58:| 22 | function | `fn_is_date_in_seasonal_window` |
function	fn_jsonb_missing_required_keys	/data/data/com.termux/files/home/01.civilization-system/09.CX22073JW/030.model/030900_CX22073JW_DB_OBJECT_REGISTRY_EXACT.md:59:| 23 | function | `fn_jsonb_missing_required_keys` |
function	fn_mark_ai_employee_review_items	/data/data/com.termux/files/home/01.civilization-system/09.CX22073JW/030.model/030900_CX22073JW_DB_OBJECT_REGISTRY_EXACT.md:60:| 24 | function | `fn_mark_ai_employee_review_items` |
function	fn_prepare_ai_employee_governed_apply_batch	/data/data/com.termux/files/home/01.civilization-system/09.CX22073JW/030.model/030900_CX22073JW_DB_OBJECT_REGISTRY_EXACT.md:61:| 25 | function | `fn_prepare_ai_employee_governed_apply_batch` |
function	fn_promote_ai_employee_governed_apply_runtime_ready	/data/data/com.termux/files/home/01.civilization-system/09.CX22073JW/030.model/030900_CX22073JW_DB_OBJECT_REGISTRY_EXACT.md:62:| 26 | function | `fn_promote_ai_employee_governed_apply_runtime_ready` |
function	fn_provision_ai_employee_db_roles	/data/data/com.termux/files/home/01.civilization-system/09.CX22073JW/030.model/030900_CX22073JW_DB_OBJECT_REGISTRY_EXACT.md:63:| 27 | function | `fn_provision_ai_employee_db_roles` |
function	fn_publish_staticart_minimum_first_send_fixed_contract_release	/data/data/com.termux/files/home/01.civilization-system/09.CX22073JW/030.model/030900_CX22073JW_DB_OBJECT_REGISTRY_EXACT.md:64:| 28 | function | `fn_publish_staticart_minimum_first_send_fixed_contract_release` |
function	fn_refresh_ai_employee_activation_request_decisions	/data/data/com.termux/files/home/01.civilization-system/09.CX22073JW/030.model/030900_CX22073JW_DB_OBJECT_REGISTRY_EXACT.md:65:| 29 | function | `fn_refresh_ai_employee_activation_request_decisions` |
function	fn_refresh_area_exact_contract_snapshots	/data/data/com.termux/files/home/01.civilization-system/09.CX22073JW/030.model/030900_CX22073JW_DB_OBJECT_REGISTRY_EXACT.md:66:| 30 | function | `fn_refresh_area_exact_contract_snapshots` |
function	fn_refresh_area_payload_contracts	/data/data/com.termux/files/home/01.civilization-system/09.CX22073JW/030.model/030900_CX22073JW_DB_OBJECT_REGISTRY_EXACT.md:67:| 31 | function | `fn_refresh_area_payload_contracts` |
function	fn_refresh_phase1_generation_registry	/data/data/com.termux/files/home/01.civilization-system/09.CX22073JW/030.model/030900_CX22073JW_DB_OBJECT_REGISTRY_EXACT.md:68:| 32 | function | `fn_refresh_phase1_generation_registry` |
function	fn_refresh_phase1_prepare_queue	/data/data/com.termux/files/home/01.civilization-system/09.CX22073JW/030.model/030900_CX22073JW_DB_OBJECT_REGISTRY_EXACT.md:69:| 33 | function | `fn_refresh_phase1_prepare_queue` |
function	fn_refresh_staticart_minimum_first_send_bindings	/data/data/com.termux/files/home/01.civilization-system/09.CX22073JW/030.model/030900_CX22073JW_DB_OBJECT_REGISTRY_EXACT.md:70:| 34 | function | `fn_refresh_staticart_minimum_first_send_bindings` |
function	fn_refresh_staticart_transfer_contract_binding_snapshots	/data/data/com.termux/files/home/01.civilization-system/09.CX22073JW/030.model/030900_CX22073JW_DB_OBJECT_REGISTRY_EXACT.md:71:| 35 | function | `fn_refresh_staticart_transfer_contract_binding_snapshots` |
function	fn_regenerate_all_generation_sql	/data/data/com.termux/files/home/01.civilization-system/09.CX22073JW/030.model/030900_CX22073JW_DB_OBJECT_REGISTRY_EXACT.md:72:| 36 | function | `fn_regenerate_all_generation_sql` |
function	fn_regenerate_applied_area_upsert_wrappers	/data/data/com.termux/files/home/01.civilization-system/09.CX22073JW/030.model/030900_CX22073JW_DB_OBJECT_REGISTRY_EXACT.md:73:| 37 | function | `fn_regenerate_applied_area_upsert_wrappers` |
function	fn_run_access_post_apply_verification_confirmed_only	/data/data/com.termux/files/home/01.civilization-system/09.CX22073JW/030.model/030900_CX22073JW_DB_OBJECT_REGISTRY_EXACT.md:74:| 38 | function | `fn_run_access_post_apply_verification_confirmed_only` |
function	fn_run_ai_employee_governed_apply_preflight	/data/data/com.termux/files/home/01.civilization-system/09.CX22073JW/030.model/030900_CX22073JW_DB_OBJECT_REGISTRY_EXACT.md:75:| 39 | function | `fn_run_ai_employee_governed_apply_preflight` |
function	fn_run_ai_employee_post_apply_verification	/data/data/com.termux/files/home/01.civilization-system/09.CX22073JW/030.model/030900_CX22073JW_DB_OBJECT_REGISTRY_EXACT.md:76:| 40 | function | `fn_run_ai_employee_post_apply_verification` |
function	fn_run_ai_employee_stub_smoke	/data/data/com.termux/files/home/01.civilization-system/09.CX22073JW/030.model/030900_CX22073JW_DB_OBJECT_REGISTRY_EXACT.md:77:| 41 | function | `fn_run_ai_employee_stub_smoke` |
function	fn_run_phase1_runtime_readiness_gate	/data/data/com.termux/files/home/01.civilization-system/09.CX22073JW/030.model/030900_CX22073JW_DB_OBJECT_REGISTRY_EXACT.md:78:| 42 | function | `fn_run_phase1_runtime_readiness_gate` |
function	fn_run_sample_cases	/data/data/com.termux/files/home/01.civilization-system/09.CX22073JW/030.model/030900_CX22073JW_DB_OBJECT_REGISTRY_EXACT.md:79:| 43 | function | `fn_run_sample_cases` |
function	fn_run_staticart_delivery_closeout	/data/data/com.termux/files/home/01.civilization-system/09.CX22073JW/030.model/030900_CX22073JW_DB_OBJECT_REGISTRY_EXACT.md:80:| 44 | function | `fn_run_staticart_delivery_closeout` |
function	fn_run_staticart_minimum_first_send_sample	/data/data/com.termux/files/home/01.civilization-system/09.CX22073JW/030.model/030900_CX22073JW_DB_OBJECT_REGISTRY_EXACT.md:81:| 45 | function | `fn_run_staticart_minimum_first_send_sample` |
function	fn_safe_object_name	/data/data/com.termux/files/home/01.civilization-system/09.CX22073JW/030.model/030900_CX22073JW_DB_OBJECT_REGISTRY_EXACT.md:82:| 46 | function | `fn_safe_object_name` |
function	fn_set_prepare_queue_item_status	/data/data/com.termux/files/home/01.civilization-system/09.CX22073JW/030.model/030900_CX22073JW_DB_OBJECT_REGISTRY_EXACT.md:83:| 47 | function | `fn_set_prepare_queue_item_status` |
function	fn_set_updated_at	/data/data/com.termux/files/home/01.civilization-system/09.CX22073JW/030.model/030900_CX22073JW_DB_OBJECT_REGISTRY_EXACT.md:84:| 48 | function | `fn_set_updated_at` |
function	fn_sync_staticart_minimum_first_send_contract_keys	/data/data/com.termux/files/home/01.civilization-system/09.CX22073JW/030.model/030900_CX22073JW_DB_OBJECT_REGISTRY_EXACT.md:85:| 49 | function | `fn_sync_staticart_minimum_first_send_contract_keys` |
function	fn_upsert_asset_marketplace_listing_projection_area	/data/data/com.termux/files/home/01.civilization-system/09.CX22073JW/030.model/030900_CX22073JW_DB_OBJECT_REGISTRY_EXACT.md:86:| 50 | function | `fn_upsert_asset_marketplace_listing_projection_area` |
function	fn_upsert_asset_metadata_localization_area	/data/data/com.termux/files/home/01.civilization-system/09.CX22073JW/030.model/030900_CX22073JW_DB_OBJECT_REGISTRY_EXACT.md:87:| 51 | function | `fn_upsert_asset_metadata_localization_area` |
function	fn_upsert_asset_rights_policy_area	/data/data/com.termux/files/home/01.civilization-system/09.CX22073JW/030.model/030900_CX22073JW_DB_OBJECT_REGISTRY_EXACT.md:88:| 52 | function | `fn_upsert_asset_rights_policy_area` |
function	fn_upsert_exhibition_projection_area	/data/data/com.termux/files/home/01.civilization-system/09.CX22073JW/030.model/030900_CX22073JW_DB_OBJECT_REGISTRY_EXACT.md:89:| 53 | function | `fn_upsert_exhibition_projection_area` |
function	fn_upsert_publishing_asset_area	/data/data/com.termux/files/home/01.civilization-system/09.CX22073JW/030.model/030900_CX22073JW_DB_OBJECT_REGISTRY_EXACT.md:90:| 54 | function | `fn_upsert_publishing_asset_area` |
function	fn_upsert_review_case_area	/data/data/com.termux/files/home/01.civilization-system/09.CX22073JW/030.model/030900_CX22073JW_DB_OBJECT_REGISTRY_EXACT.md:91:| 55 | function | `fn_upsert_review_case_area` |
function	fn_upsert_static_art_asset_area	/data/data/com.termux/files/home/01.civilization-system/09.CX22073JW/030.model/030900_CX22073JW_DB_OBJECT_REGISTRY_EXACT.md:92:| 56 | function | `fn_upsert_static_art_asset_area` |
function	fn_upsert_streaming_category_tree_area	/data/data/com.termux/files/home/01.civilization-system/09.CX22073JW/030.model/030900_CX22073JW_DB_OBJECT_REGISTRY_EXACT.md:93:| 57 | function | `fn_upsert_streaming_category_tree_area` |
function	fn_upsert_streaming_connector_audit_area	/data/data/com.termux/files/home/01.civilization-system/09.CX22073JW/030.model/030900_CX22073JW_DB_OBJECT_REGISTRY_EXACT.md:94:| 58 | function | `fn_upsert_streaming_connector_audit_area` |
function	fn_upsert_streaming_continue_watching_area	/data/data/com.termux/files/home/01.civilization-system/09.CX22073JW/030.model/030900_CX22073JW_DB_OBJECT_REGISTRY_EXACT.md:95:| 59 | function | `fn_upsert_streaming_continue_watching_area` |
function	fn_upsert_streaming_creator_asset_area	/data/data/com.termux/files/home/01.civilization-system/09.CX22073JW/030.model/030900_CX22073JW_DB_OBJECT_REGISTRY_EXACT.md:96:| 60 | function | `fn_upsert_streaming_creator_asset_area` |
function	fn_upsert_streaming_marketplace_listing_area	/data/data/com.termux/files/home/01.civilization-system/09.CX22073JW/030.model/030900_CX22073JW_DB_OBJECT_REGISTRY_EXACT.md:97:| 61 | function | `fn_upsert_streaming_marketplace_listing_area` |
function	fn_upsert_streaming_membership_program_area	/data/data/com.termux/files/home/01.civilization-system/09.CX22073JW/030.model/030900_CX22073JW_DB_OBJECT_REGISTRY_EXACT.md:98:| 62 | function | `fn_upsert_streaming_membership_program_area` |
function	fn_upsert_streaming_membership_rule_area	/data/data/com.termux/files/home/01.civilization-system/09.CX22073JW/030.model/030900_CX22073JW_DB_OBJECT_REGISTRY_EXACT.md:99:| 63 | function | `fn_upsert_streaming_membership_rule_area` |
function	fn_upsert_streaming_paid_video_offer_area	/data/data/com.termux/files/home/01.civilization-system/09.CX22073JW/030.model/030900_CX22073JW_DB_OBJECT_REGISTRY_EXACT.md:100:| 64 | function | `fn_upsert_streaming_paid_video_offer_area` |
function	fn_upsert_streaming_progress_resume_area	/data/data/com.termux/files/home/01.civilization-system/09.CX22073JW/030.model/030900_CX22073JW_DB_OBJECT_REGISTRY_EXACT.md:101:| 65 | function | `fn_upsert_streaming_progress_resume_area` |
function	fn_upsert_streaming_publish_setting_area	/data/data/com.termux/files/home/01.civilization-system/09.CX22073JW/030.model/030900_CX22073JW_DB_OBJECT_REGISTRY_EXACT.md:102:| 66 | function | `fn_upsert_streaming_publish_setting_area` |
function	fn_upsert_streaming_revenue_split_area	/data/data/com.termux/files/home/01.civilization-system/09.CX22073JW/030.model/030900_CX22073JW_DB_OBJECT_REGISTRY_EXACT.md:103:| 67 | function | `fn_upsert_streaming_revenue_split_area` |
function	fn_upsert_streaming_view_history_area	/data/data/com.termux/files/home/01.civilization-system/09.CX22073JW/030.model/030900_CX22073JW_DB_OBJECT_REGISTRY_EXACT.md:104:| 68 | function | `fn_upsert_streaming_view_history_area` |
function	fn_validate_area_payload_contracts	/data/data/com.termux/files/home/01.civilization-system/09.CX22073JW/030.model/030900_CX22073JW_DB_OBJECT_REGISTRY_EXACT.md:105:| 69 | function | `fn_validate_area_payload_contracts` |
table	access_activation_request	/data/data/com.termux/files/home/01.civilization-system/09.CX22073JW/030.model/030900_CX22073JW_DB_OBJECT_REGISTRY_EXACT.md:106:| 70 | table | `access_activation_request` |
table	access_activation_request_view_decision	/data/data/com.termux/files/home/01.civilization-system/09.CX22073JW/030.model/030900_CX22073JW_DB_OBJECT_REGISTRY_EXACT.md:107:| 71 | table | `access_activation_request_view_decision` |
table	access_activation_review_decision_batch	/data/data/com.termux/files/home/01.civilization-system/09.CX22073JW/030.model/030900_CX22073JW_DB_OBJECT_REGISTRY_EXACT.md:108:| 72 | table | `access_activation_review_decision_batch` |
table	access_activation_review_decision_item	/data/data/com.termux/files/home/01.civilization-system/09.CX22073JW/030.model/030900_CX22073JW_DB_OBJECT_REGISTRY_EXACT.md:109:| 73 | table | `access_activation_review_decision_item` |
table	access_activation_review_export_item	/data/data/com.termux/files/home/01.civilization-system/09.CX22073JW/030.model/030900_CX22073JW_DB_OBJECT_REGISTRY_EXACT.md:110:| 74 | table | `access_activation_review_export_item` |
table	access_activation_review_export_run	/data/data/com.termux/files/home/01.civilization-system/09.CX22073JW/030.model/030900_CX22073JW_DB_OBJECT_REGISTRY_EXACT.md:111:| 75 | table | `access_activation_review_export_run` |
table	access_actual_view_registry	/data/data/com.termux/files/home/01.civilization-system/09.CX22073JW/030.model/030900_CX22073JW_DB_OBJECT_REGISTRY_EXACT.md:112:| 76 | table | `access_actual_view_registry` |
table	access_app_scope_actual_view_allowlist	/data/data/com.termux/files/home/01.civilization-system/09.CX22073JW/030.model/030900_CX22073JW_DB_OBJECT_REGISTRY_EXACT.md:113:| 77 | table | `access_app_scope_actual_view_allowlist` |
table	access_app_scope_registry	/data/data/com.termux/files/home/01.civilization-system/09.CX22073JW/030.model/030900_CX22073JW_DB_OBJECT_REGISTRY_EXACT.md:114:| 78 | table | `access_app_scope_registry` |
table	access_baseline_health_check_item	/data/data/com.termux/files/home/01.civilization-system/09.CX22073JW/030.model/030900_CX22073JW_DB_OBJECT_REGISTRY_EXACT.md:115:| 79 | table | `access_baseline_health_check_item` |
table	access_baseline_health_run	/data/data/com.termux/files/home/01.civilization-system/09.CX22073JW/030.model/030900_CX22073JW_DB_OBJECT_REGISTRY_EXACT.md:116:| 80 | table | `access_baseline_health_run` |
table	access_current_state_bundle_export_file	/data/data/com.termux/files/home/01.civilization-system/09.CX22073JW/030.model/030900_CX22073JW_DB_OBJECT_REGISTRY_EXACT.md:117:| 81 | table | `access_current_state_bundle_export_file` |
table	access_current_state_bundle_export_run	/data/data/com.termux/files/home/01.civilization-system/09.CX22073JW/030.model/030900_CX22073JW_DB_OBJECT_REGISTRY_EXACT.md:118:| 82 | table | `access_current_state_bundle_export_run` |
table	access_db_role_provision_batch	/data/data/com.termux/files/home/01.civilization-system/09.CX22073JW/030.model/030900_CX22073JW_DB_OBJECT_REGISTRY_EXACT.md:119:| 83 | table | `access_db_role_provision_batch` |
table	access_db_role_provision_item	/data/data/com.termux/files/home/01.civilization-system/09.CX22073JW/030.model/030900_CX22073JW_DB_OBJECT_REGISTRY_EXACT.md:120:| 84 | table | `access_db_role_provision_item` |
table	access_db_role_registry	/data/data/com.termux/files/home/01.civilization-system/09.CX22073JW/030.model/030900_CX22073JW_DB_OBJECT_REGISTRY_EXACT.md:121:| 85 | table | `access_db_role_registry` |
table	access_domain_master	/data/data/com.termux/files/home/01.civilization-system/09.CX22073JW/030.model/030900_CX22073JW_DB_OBJECT_REGISTRY_EXACT.md:122:| 86 | table | `access_domain_master` |
table	access_domain_rule_registry	/data/data/com.termux/files/home/01.civilization-system/09.CX22073JW/030.model/030900_CX22073JW_DB_OBJECT_REGISTRY_EXACT.md:123:| 87 | table | `access_domain_rule_registry` |
table	access_final_handoff_export_item	/data/data/com.termux/files/home/01.civilization-system/09.CX22073JW/030.model/030900_CX22073JW_DB_OBJECT_REGISTRY_EXACT.md:124:| 88 | table | `access_final_handoff_export_item` |
table	access_final_handoff_export_run	/data/data/com.termux/files/home/01.civilization-system/09.CX22073JW/030.model/030900_CX22073JW_DB_OBJECT_REGISTRY_EXACT.md:125:| 89 | table | `access_final_handoff_export_run` |
table	access_global_rule_registry	/data/data/com.termux/files/home/01.civilization-system/09.CX22073JW/030.model/030900_CX22073JW_DB_OBJECT_REGISTRY_EXACT.md:126:| 90 | table | `access_global_rule_registry` |
table	access_governed_apply_attempt_log	/data/data/com.termux/files/home/01.civilization-system/09.CX22073JW/030.model/030900_CX22073JW_DB_OBJECT_REGISTRY_EXACT.md:127:| 91 | table | `access_governed_apply_attempt_log` |
table	access_governed_apply_batch	/data/data/com.termux/files/home/01.civilization-system/09.CX22073JW/030.model/030900_CX22073JW_DB_OBJECT_REGISTRY_EXACT.md:128:| 92 | table | `access_governed_apply_batch` |
table	access_governed_apply_batch_item	/data/data/com.termux/files/home/01.civilization-system/09.CX22073JW/030.model/030900_CX22073JW_DB_OBJECT_REGISTRY_EXACT.md:129:| 93 | table | `access_governed_apply_batch_item` |
table	access_governed_apply_execution_item	/data/data/com.termux/files/home/01.civilization-system/09.CX22073JW/030.model/030900_CX22073JW_DB_OBJECT_REGISTRY_EXACT.md:130:| 94 | table | `access_governed_apply_execution_item` |
table	access_governed_apply_execution_run	/data/data/com.termux/files/home/01.civilization-system/09.CX22073JW/030.model/030900_CX22073JW_DB_OBJECT_REGISTRY_EXACT.md:131:| 95 | table | `access_governed_apply_execution_run` |
table	access_governed_apply_queue	/data/data/com.termux/files/home/01.civilization-system/09.CX22073JW/030.model/030900_CX22073JW_DB_OBJECT_REGISTRY_EXACT.md:132:| 96 | table | `access_governed_apply_queue` |
table	access_grant_export_item	/data/data/com.termux/files/home/01.civilization-system/09.CX22073JW/030.model/030900_CX22073JW_DB_OBJECT_REGISTRY_EXACT.md:133:| 97 | table | `access_grant_export_item` |
table	access_grant_export_run	/data/data/com.termux/files/home/01.civilization-system/09.CX22073JW/030.model/030900_CX22073JW_DB_OBJECT_REGISTRY_EXACT.md:134:| 98 | table | `access_grant_export_run` |
table	access_human_review_action_log	/data/data/com.termux/files/home/01.civilization-system/09.CX22073JW/030.model/030900_CX22073JW_DB_OBJECT_REGISTRY_EXACT.md:135:| 99 | table | `access_human_review_action_log` |
table	access_legacy_compat_audit_db_item	/data/data/com.termux/files/home/01.civilization-system/09.CX22073JW/030.model/030900_CX22073JW_DB_OBJECT_REGISTRY_EXACT.md:136:| 100 | table | `access_legacy_compat_audit_db_item` |
table	access_legacy_compat_audit_file_item	/data/data/com.termux/files/home/01.civilization-system/09.CX22073JW/030.model/030900_CX22073JW_DB_OBJECT_REGISTRY_EXACT.md:137:| 101 | table | `access_legacy_compat_audit_file_item` |
table	access_legacy_compat_audit_run	/data/data/com.termux/files/home/01.civilization-system/09.CX22073JW/030.model/030900_CX22073JW_DB_OBJECT_REGISTRY_EXACT.md:138:| 102 | table | `access_legacy_compat_audit_run` |
table	access_legacy_cutover_gate_blocker	/data/data/com.termux/files/home/01.civilization-system/09.CX22073JW/030.model/030900_CX22073JW_DB_OBJECT_REGISTRY_EXACT.md:139:| 103 | table | `access_legacy_cutover_gate_blocker` |
table	access_legacy_cutover_gate_run	/data/data/com.termux/files/home/01.civilization-system/09.CX22073JW/030.model/030900_CX22073JW_DB_OBJECT_REGISTRY_EXACT.md:140:| 104 | table | `access_legacy_cutover_gate_run` |
table	access_legacy_db_blocker_patch_item	/data/data/com.termux/files/home/01.civilization-system/09.CX22073JW/030.model/030900_CX22073JW_DB_OBJECT_REGISTRY_EXACT.md:141:| 105 | table | `access_legacy_db_blocker_patch_item` |
table	access_legacy_db_blocker_patch_run	/data/data/com.termux/files/home/01.civilization-system/09.CX22073JW/030.model/030900_CX22073JW_DB_OBJECT_REGISTRY_EXACT.md:142:| 106 | table | `access_legacy_db_blocker_patch_run` |
table	access_legacy_retirement_plan_item	/data/data/com.termux/files/home/01.civilization-system/09.CX22073JW/030.model/030900_CX22073JW_DB_OBJECT_REGISTRY_EXACT.md:143:| 107 | table | `access_legacy_retirement_plan_item` |
table	access_legacy_retirement_plan_run	/data/data/com.termux/files/home/01.civilization-system/09.CX22073JW/030.model/030900_CX22073JW_DB_OBJECT_REGISTRY_EXACT.md:144:| 108 | table | `access_legacy_retirement_plan_run` |
table	access_manual_apply_confirmation_log	/data/data/com.termux/files/home/01.civilization-system/09.CX22073JW/030.model/030900_CX22073JW_DB_OBJECT_REGISTRY_EXACT.md:145:| 109 | table | `access_manual_apply_confirmation_log` |
table	access_manual_apply_receipt_batch	/data/data/com.termux/files/home/01.civilization-system/09.CX22073JW/030.model/030900_CX22073JW_DB_OBJECT_REGISTRY_EXACT.md:146:| 110 | table | `access_manual_apply_receipt_batch` |
table	access_manual_apply_receipt_item	/data/data/com.termux/files/home/01.civilization-system/09.CX22073JW/030.model/030900_CX22073JW_DB_OBJECT_REGISTRY_EXACT.md:147:| 111 | table | `access_manual_apply_receipt_item` |
table	access_post_apply_verification_item	/data/data/com.termux/files/home/01.civilization-system/09.CX22073JW/030.model/030900_CX22073JW_DB_OBJECT_REGISTRY_EXACT.md:148:| 112 | table | `access_post_apply_verification_item` |
table	access_post_apply_verification_run	/data/data/com.termux/files/home/01.civilization-system/09.CX22073JW/030.model/030900_CX22073JW_DB_OBJECT_REGISTRY_EXACT.md:149:| 113 | table | `access_post_apply_verification_run` |
table	access_rank_registry	/data/data/com.termux/files/home/01.civilization-system/09.CX22073JW/030.model/030900_CX22073JW_DB_OBJECT_REGISTRY_EXACT.md:150:| 114 | table | `access_rank_registry` |
table	access_role_access_bundle_item	/data/data/com.termux/files/home/01.civilization-system/09.CX22073JW/030.model/030900_CX22073JW_DB_OBJECT_REGISTRY_EXACT.md:151:| 115 | table | `access_role_access_bundle_item` |
table	access_role_access_bundle_master	/data/data/com.termux/files/home/01.civilization-system/09.CX22073JW/030.model/030900_CX22073JW_DB_OBJECT_REGISTRY_EXACT.md:152:| 116 | table | `access_role_access_bundle_master` |
table	access_role_actual_view_grant_skeleton	/data/data/com.termux/files/home/01.civilization-system/09.CX22073JW/030.model/030900_CX22073JW_DB_OBJECT_REGISTRY_EXACT.md:153:| 117 | table | `access_role_actual_view_grant_skeleton` |
table	access_role_master	/data/data/com.termux/files/home/01.civilization-system/09.CX22073JW/030.model/030900_CX22073JW_DB_OBJECT_REGISTRY_EXACT.md:154:| 118 | table | `access_role_master` |
table	access_role_view_family_policy	/data/data/com.termux/files/home/01.civilization-system/09.CX22073JW/030.model/030900_CX22073JW_DB_OBJECT_REGISTRY_EXACT.md:155:| 119 | table | `access_role_view_family_policy` |
table	access_route_master	/data/data/com.termux/files/home/01.civilization-system/09.CX22073JW/020.architecture/100_CX22073JW_SECRET_LAYER_FIXED_DECISIONS.md:49:- `access_route_master`
table	access_runtime_ready_promotion_batch	/data/data/com.termux/files/home/01.civilization-system/09.CX22073JW/030.model/030900_CX22073JW_DB_OBJECT_REGISTRY_EXACT.md:157:| 121 | table | `access_runtime_ready_promotion_batch` |
table	access_runtime_ready_promotion_item	/data/data/com.termux/files/home/01.civilization-system/09.CX22073JW/030.model/030900_CX22073JW_DB_OBJECT_REGISTRY_EXACT.md:158:| 122 | table | `access_runtime_ready_promotion_item` |
table	access_stub_smoke_item	/data/data/com.termux/files/home/01.civilization-system/09.CX22073JW/030.model/030900_CX22073JW_DB_OBJECT_REGISTRY_EXACT.md:159:| 123 | table | `access_stub_smoke_item` |
table	access_stub_smoke_run	/data/data/com.termux/files/home/01.civilization-system/09.CX22073JW/030.model/030900_CX22073JW_DB_OBJECT_REGISTRY_EXACT.md:160:| 124 | table | `access_stub_smoke_run` |
table	access_stub_view_generation_item	/data/data/com.termux/files/home/01.civilization-system/09.CX22073JW/030.model/030900_CX22073JW_DB_OBJECT_REGISTRY_EXACT.md:161:| 125 | table | `access_stub_view_generation_item` |
table	access_stub_view_generation_run	/data/data/com.termux/files/home/01.civilization-system/09.CX22073JW/030.model/030900_CX22073JW_DB_OBJECT_REGISTRY_EXACT.md:162:| 126 | table | `access_stub_view_generation_run` |
table	access_view_family_actual_view_map	/data/data/com.termux/files/home/01.civilization-system/09.CX22073JW/030.model/030900_CX22073JW_DB_OBJECT_REGISTRY_EXACT.md:163:| 127 | table | `access_view_family_actual_view_map` |
table	access_view_family_master	/data/data/com.termux/files/home/01.civilization-system/09.CX22073JW/030.model/030900_CX22073JW_DB_OBJECT_REGISTRY_EXACT.md:164:| 128 | table | `access_view_family_master` |
table	access_view_naming_rule_registry	/data/data/com.termux/files/home/01.civilization-system/09.CX22073JW/030.model/030900_CX22073JW_DB_OBJECT_REGISTRY_EXACT.md:165:| 129 | table | `access_view_naming_rule_registry` |
table	area_exact_contract_snapshot	/data/data/com.termux/files/home/01.civilization-system/09.CX22073JW/030.model/030900_CX22073JW_DB_OBJECT_REGISTRY_EXACT.md:166:| 130 | table | `area_exact_contract_snapshot` |
table	area_payload_contract_registry	/data/data/com.termux/files/home/01.civilization-system/09.CX22073JW/030.model/030900_CX22073JW_DB_OBJECT_REGISTRY_EXACT.md:167:| 131 | table | `area_payload_contract_registry` |
table	asset_marketplace_listing_projection_area	/data/data/com.termux/files/home/01.civilization-system/09.CX22073JW/030.model/030900_CX22073JW_DB_OBJECT_REGISTRY_EXACT.md:168:| 132 | table | `asset_marketplace_listing_projection_area` |
table	asset_metadata_localization_area	/data/data/com.termux/files/home/01.civilization-system/09.CX22073JW/030.model/030900_CX22073JW_DB_OBJECT_REGISTRY_EXACT.md:169:| 133 | table | `asset_metadata_localization_area` |
table	asset_rights_policy_area	/data/data/com.termux/files/home/01.civilization-system/09.CX22073JW/030.model/030900_CX22073JW_DB_OBJECT_REGISTRY_EXACT.md:170:| 134 | table | `asset_rights_policy_area` |
table	candidate_area_boundary_rule	/data/data/com.termux/files/home/01.civilization-system/09.CX22073JW/030.model/030900_CX22073JW_DB_OBJECT_REGISTRY_EXACT.md:171:| 135 | table | `candidate_area_boundary_rule` |
table	candidate_area_registry	/data/data/com.termux/files/home/01.civilization-system/09.CX22073JW/030.model/030900_CX22073JW_DB_OBJECT_REGISTRY_EXACT.md:172:| 136 | table | `candidate_area_registry` |
table	candidate_area_tag	/data/data/com.termux/files/home/01.civilization-system/09.CX22073JW/030.model/030900_CX22073JW_DB_OBJECT_REGISTRY_EXACT.md:173:| 137 | table | `candidate_area_tag` |
table	candidate_ledger_source_registry	/data/data/com.termux/files/home/01.civilization-system/09.CX22073JW/030.model/030900_CX22073JW_DB_OBJECT_REGISTRY_EXACT.md:174:| 138 | table | `candidate_ledger_source_registry` |
table	compatibility_profile_master	/data/data/com.termux/files/home/01.civilization-system/09.CX22073JW/030.model/030900_CX22073JW_DB_OBJECT_REGISTRY_EXACT.md:175:| 139 | table | `compatibility_profile_master` |
table	compatibility_rule	/data/data/com.termux/files/home/01.civilization-system/09.CX22073JW/030.model/030900_CX22073JW_DB_OBJECT_REGISTRY_EXACT.md:176:| 140 | table | `compatibility_rule` |
table	contract_remediation_batch	/data/data/com.termux/files/home/01.civilization-system/09.CX22073JW/030.model/030900_CX22073JW_DB_OBJECT_REGISTRY_EXACT.md:177:| 141 | table | `contract_remediation_batch` |
table	contract_remediation_item	/data/data/com.termux/files/home/01.civilization-system/09.CX22073JW/030.model/030900_CX22073JW_DB_OBJECT_REGISTRY_EXACT.md:178:| 142 | table | `contract_remediation_item` |
table	currency_amount_reference	/data/data/com.termux/files/home/01.civilization-system/09.CX22073JW/030.model/030900_CX22073JW_DB_OBJECT_REGISTRY_EXACT.md:179:| 143 | table | `currency_amount_reference` |
table	entity_master	/data/data/com.termux/files/home/01.civilization-system/09.CX22073JW/020.architecture/022_CX22073JW_DATA_DOMAIN_LEDGER.md:55:| 2 | 人物・実体領域 | 固定知識 | 人物・概念・制度・組織の正本 | `entity_master`, `character_profile` | Portal, lore, history, app support | 高 |
table	exact_contract_profile_master	/data/data/com.termux/files/home/01.civilization-system/09.CX22073JW/030.model/030900_CX22073JW_DB_OBJECT_REGISTRY_EXACT.md:181:| 145 | table | `exact_contract_profile_master` |
table	exact_contract_sample_case_registry	/data/data/com.termux/files/home/01.civilization-system/09.CX22073JW/030.model/030900_CX22073JW_DB_OBJECT_REGISTRY_EXACT.md:182:| 146 | table | `exact_contract_sample_case_registry` |
table	exact_contract_sample_run_log	/data/data/com.termux/files/home/01.civilization-system/09.CX22073JW/030.model/030900_CX22073JW_DB_OBJECT_REGISTRY_EXACT.md:183:| 147 | table | `exact_contract_sample_run_log` |
table	exact_payload_validation_issue_log	/data/data/com.termux/files/home/01.civilization-system/09.CX22073JW/030.model/030900_CX22073JW_DB_OBJECT_REGISTRY_EXACT.md:184:| 148 | table | `exact_payload_validation_issue_log` |
table	exhibition_projection_area	/data/data/com.termux/files/home/01.civilization-system/09.CX22073JW/030.model/030900_CX22073JW_DB_OBJECT_REGISTRY_EXACT.md:185:| 149 | table | `exhibition_projection_area` |
table	foundation_domain_master	/data/data/com.termux/files/home/01.civilization-system/09.CX22073JW/030.model/030900_CX22073JW_DB_OBJECT_REGISTRY_EXACT.md:186:| 150 | table | `foundation_domain_master` |
table	foundation_optimization_job	/data/data/com.termux/files/home/01.civilization-system/09.CX22073JW/030.model/030900_CX22073JW_DB_OBJECT_REGISTRY_EXACT.md:187:| 151 | table | `foundation_optimization_job` |
table	generation_profile_master	/data/data/com.termux/files/home/01.civilization-system/09.CX22073JW/030.model/030900_CX22073JW_DB_OBJECT_REGISTRY_EXACT.md:188:| 152 | table | `generation_profile_master` |
table	jurisdiction_region_reference	/data/data/com.termux/files/home/01.civilization-system/09.CX22073JW/030.model/030900_CX22073JW_DB_OBJECT_REGISTRY_EXACT.md:189:| 153 | table | `jurisdiction_region_reference` |
table	knowledge_article	/data/data/com.termux/files/home/01.civilization-system/09.CX22073JW/030.model/030900_CX22073JW_DB_OBJECT_REGISTRY_EXACT.md:190:| 154 | table | `knowledge_article` |
table	knowledge_chunk	/data/data/com.termux/files/home/01.civilization-system/09.CX22073JW/030.model/030900_CX22073JW_DB_OBJECT_REGISTRY_EXACT.md:191:| 155 | table | `knowledge_chunk` |
table	knowledge_entry	/data/data/com.termux/files/home/01.civilization-system/09.CX22073JW/030.model/030_CX_SMALLTALK_FOUNDATION_KNOWLEDGE_APPEND.md:24:- cx22073jw.knowledge_entry
table	multilingual_term_dictionary	/data/data/com.termux/files/home/01.civilization-system/09.CX22073JW/030.model/030900_CX22073JW_DB_OBJECT_REGISTRY_EXACT.md:192:| 156 | table | `multilingual_term_dictionary` |
table	official_prepare_generation_registry	/data/data/com.termux/files/home/01.civilization-system/09.CX22073JW/030.model/030900_CX22073JW_DB_OBJECT_REGISTRY_EXACT.md:193:| 157 | table | `official_prepare_generation_registry` |
table	official_prepare_generation_registry_log	/data/data/com.termux/files/home/01.civilization-system/09.CX22073JW/030.model/030900_CX22073JW_DB_OBJECT_REGISTRY_EXACT.md:194:| 158 | table | `official_prepare_generation_registry_log` |
table	official_prepare_queue_item	/data/data/com.termux/files/home/01.civilization-system/09.CX22073JW/030.model/030900_CX22073JW_DB_OBJECT_REGISTRY_EXACT.md:195:| 159 | table | `official_prepare_queue_item` |
table	official_prepare_queue_item_log	/data/data/com.termux/files/home/01.civilization-system/09.CX22073JW/030.model/030900_CX22073JW_DB_OBJECT_REGISTRY_EXACT.md:196:| 160 | table | `official_prepare_queue_item_log` |
table	official_prepare_queue_master	/data/data/com.termux/files/home/01.civilization-system/09.CX22073JW/030.model/030900_CX22073JW_DB_OBJECT_REGISTRY_EXACT.md:197:| 161 | table | `official_prepare_queue_master` |
table	phase1_skeleton_apply_batch	/data/data/com.termux/files/home/01.civilization-system/09.CX22073JW/030.model/030900_CX22073JW_DB_OBJECT_REGISTRY_EXACT.md:198:| 162 | table | `phase1_skeleton_apply_batch` |
table	phase1_skeleton_apply_item_log	/data/data/com.termux/files/home/01.civilization-system/09.CX22073JW/030.model/030900_CX22073JW_DB_OBJECT_REGISTRY_EXACT.md:199:| 163 | table | `phase1_skeleton_apply_item_log` |
table	privilege_tier_master	/data/data/com.termux/files/home/01.civilization-system/09.CX22073JW/020.architecture/100_CX22073JW_SECRET_LAYER_FIXED_DECISIONS.md:50:- `privilege_tier_master`
table	privileged_access_audit_log	/data/data/com.termux/files/home/01.civilization-system/09.CX22073JW/020.architecture/100_CX22073JW_SECRET_LAYER_FIXED_DECISIONS.md:58:- `privileged_access_audit_log`
table	privileged_policy_profile	/data/data/com.termux/files/home/01.civilization-system/09.CX22073JW/020.architecture/100_CX22073JW_SECRET_LAYER_FIXED_DECISIONS.md:56:- `privileged_policy_profile`
table	privileged_route_policy_binding	/data/data/com.termux/files/home/01.civilization-system/09.CX22073JW/020.architecture/100_CX22073JW_SECRET_LAYER_FIXED_DECISIONS.md:57:- `privileged_route_policy_binding`
table	projection_common_column_contract_master	/data/data/com.termux/files/home/01.civilization-system/09.CX22073JW/030.model/030900_CX22073JW_DB_OBJECT_REGISTRY_EXACT.md:204:| 168 | table | `projection_common_column_contract_master` |
table	published_knowledge_catalog	/data/data/com.termux/files/home/01.civilization-system/09.CX22073JW/030.model/030900_CX22073JW_DB_OBJECT_REGISTRY_EXACT.md:205:| 169 | table | `published_knowledge_catalog` |
table	published_knowledge_quality_metric	/data/data/com.termux/files/home/01.civilization-system/09.CX22073JW/030.model/030900_CX22073JW_DB_OBJECT_REGISTRY_EXACT.md:206:| 170 | table | `published_knowledge_quality_metric` |
table	publishing_asset_area	/data/data/com.termux/files/home/01.civilization-system/09.CX22073JW/030.model/030900_CX22073JW_DB_OBJECT_REGISTRY_EXACT.md:207:| 171 | table | `publishing_asset_area` |
table	readiness_gate_master	/data/data/com.termux/files/home/01.civilization-system/09.CX22073JW/030.model/030900_CX22073JW_DB_OBJECT_REGISTRY_EXACT.md:208:| 172 | table | `readiness_gate_master` |
table	readiness_gate_result	/data/data/com.termux/files/home/01.civilization-system/09.CX22073JW/030.model/030900_CX22073JW_DB_OBJECT_REGISTRY_EXACT.md:209:| 173 | table | `readiness_gate_result` |
table	readiness_gate_rule_master	/data/data/com.termux/files/home/01.civilization-system/09.CX22073JW/030.model/030900_CX22073JW_DB_OBJECT_REGISTRY_EXACT.md:210:| 174 | table | `readiness_gate_rule_master` |
table	readiness_gate_run	/data/data/com.termux/files/home/01.civilization-system/09.CX22073JW/030.model/030900_CX22073JW_DB_OBJECT_REGISTRY_EXACT.md:211:| 175 | table | `readiness_gate_run` |
table	relation_knowledge	/data/data/com.termux/files/home/01.civilization-system/09.CX22073JW/030.model/030900_CX22073JW_DB_OBJECT_REGISTRY_EXACT.md:212:| 176 | table | `relation_knowledge` |
table	restriction_rule	/data/data/com.termux/files/home/01.civilization-system/09.CX22073JW/030.model/030900_CX22073JW_DB_OBJECT_REGISTRY_EXACT.md:213:| 177 | table | `restriction_rule` |
table	review_case_area	/data/data/com.termux/files/home/01.civilization-system/09.CX22073JW/030.model/030900_CX22073JW_DB_OBJECT_REGISTRY_EXACT.md:214:| 178 | table | `review_case_area` |
table	seasonal_event_content_link	/data/data/com.termux/files/home/01.civilization-system/09.CX22073JW/030.model/030900_CX22073JW_DB_OBJECT_REGISTRY_EXACT.md:215:| 179 | table | `seasonal_event_content_link` |
table	seasonal_event_master	/data/data/com.termux/files/home/01.civilization-system/09.CX22073JW/030.model/030900_CX22073JW_DB_OBJECT_REGISTRY_EXACT.md:216:| 180 | table | `seasonal_event_master` |
table	secret_asset	/data/data/com.termux/files/home/01.civilization-system/09.CX22073JW/020.architecture/100_CX22073JW_SECRET_LAYER_FIXED_DECISIONS.md:52:- `secret_asset`
table	secret_asset_category_master	/data/data/com.termux/files/home/01.civilization-system/09.CX22073JW/020.architecture/100_CX22073JW_SECRET_LAYER_FIXED_DECISIONS.md:51:- `secret_asset_category_master`
table	secret_route_binding	/data/data/com.termux/files/home/01.civilization-system/09.CX22073JW/020.architecture/100_CX22073JW_SECRET_LAYER_FIXED_DECISIONS.md:55:- `secret_route_binding`
table	secret_target_master	/data/data/com.termux/files/home/01.civilization-system/09.CX22073JW/020.architecture/100_CX22073JW_SECRET_LAYER_FIXED_DECISIONS.md:54:- `secret_target_master`
table	secret_target_selector_master	/data/data/com.termux/files/home/01.civilization-system/09.CX22073JW/020.architecture/100_CX22073JW_SECRET_LAYER_FIXED_DECISIONS.md:53:- `secret_target_selector_master`
table	source_review_registry	/data/data/com.termux/files/home/01.civilization-system/09.CX22073JW/030.model/030900_CX22073JW_DB_OBJECT_REGISTRY_EXACT.md:222:| 186 | table | `source_review_registry` |
table	source_to_cx_fixed_contract_release	/data/data/com.termux/files/home/01.civilization-system/09.CX22073JW/030.model/030900_CX22073JW_DB_OBJECT_REGISTRY_EXACT.md:223:| 187 | table | `source_to_cx_fixed_contract_release` |
table	source_to_cx_fixed_contract_release_key	/data/data/com.termux/files/home/01.civilization-system/09.CX22073JW/030.model/030900_CX22073JW_DB_OBJECT_REGISTRY_EXACT.md:224:| 188 | table | `source_to_cx_fixed_contract_release_key` |
table	source_to_cx_fixed_contract_release_target	/data/data/com.termux/files/home/01.civilization-system/09.CX22073JW/030.model/030900_CX22073JW_DB_OBJECT_REGISTRY_EXACT.md:225:| 189 | table | `source_to_cx_fixed_contract_release_target` |
table	static_art_asset_area	/data/data/com.termux/files/home/01.civilization-system/09.CX22073JW/030.model/030900_CX22073JW_DB_OBJECT_REGISTRY_EXACT.md:226:| 190 | table | `static_art_asset_area` |
table	staticart_delivery_closeout_run	/data/data/com.termux/files/home/01.civilization-system/09.CX22073JW/030.model/030900_CX22073JW_DB_OBJECT_REGISTRY_EXACT.md:227:| 191 | table | `staticart_delivery_closeout_run` |
table	staticart_final_completion_certificate	/data/data/com.termux/files/home/01.civilization-system/09.CX22073JW/030.model/030900_CX22073JW_DB_OBJECT_REGISTRY_EXACT.md:228:| 192 | table | `staticart_final_completion_certificate` |
table	staticart_final_handoff_package	/data/data/com.termux/files/home/01.civilization-system/09.CX22073JW/030.model/030900_CX22073JW_DB_OBJECT_REGISTRY_EXACT.md:229:| 193 | table | `staticart_final_handoff_package` |
table	staticart_final_handoff_package_item	/data/data/com.termux/files/home/01.civilization-system/09.CX22073JW/030.model/030900_CX22073JW_DB_OBJECT_REGISTRY_EXACT.md:230:| 194 | table | `staticart_final_handoff_package_item` |
table	staticart_handoff_export_batch	/data/data/com.termux/files/home/01.civilization-system/09.CX22073JW/030.model/030900_CX22073JW_DB_OBJECT_REGISTRY_EXACT.md:231:| 195 | table | `staticart_handoff_export_batch` |
table	staticart_handoff_export_item	/data/data/com.termux/files/home/01.civilization-system/09.CX22073JW/030.model/030900_CX22073JW_DB_OBJECT_REGISTRY_EXACT.md:232:| 196 | table | `staticart_handoff_export_item` |
table	staticart_knowledge_pack_run	/data/data/com.termux/files/home/01.civilization-system/09.CX22073JW/030.model/030900_CX22073JW_DB_OBJECT_REGISTRY_EXACT.md:233:| 197 | table | `staticart_knowledge_pack_run` |
table	staticart_knowledge_pack_run_item	/data/data/com.termux/files/home/01.civilization-system/09.CX22073JW/030.model/030900_CX22073JW_DB_OBJECT_REGISTRY_EXACT.md:234:| 198 | table | `staticart_knowledge_pack_run_item` |
table	staticart_knowledge_pack_sample_registry	/data/data/com.termux/files/home/01.civilization-system/09.CX22073JW/030.model/030900_CX22073JW_DB_OBJECT_REGISTRY_EXACT.md:235:| 199 | table | `staticart_knowledge_pack_sample_registry` |
table	staticart_resume_pack_run	/data/data/com.termux/files/home/01.civilization-system/09.CX22073JW/030.model/030900_CX22073JW_DB_OBJECT_REGISTRY_EXACT.md:236:| 200 | table | `staticart_resume_pack_run` |
table	streaming_category_tree_area	/data/data/com.termux/files/home/01.civilization-system/09.CX22073JW/030.model/030900_CX22073JW_DB_OBJECT_REGISTRY_EXACT.md:237:| 201 | table | `streaming_category_tree_area` |
table	streaming_connector_audit_area	/data/data/com.termux/files/home/01.civilization-system/09.CX22073JW/030.model/030900_CX22073JW_DB_OBJECT_REGISTRY_EXACT.md:238:| 202 | table | `streaming_connector_audit_area` |
table	streaming_continue_watching_area	/data/data/com.termux/files/home/01.civilization-system/09.CX22073JW/030.model/030900_CX22073JW_DB_OBJECT_REGISTRY_EXACT.md:239:| 203 | table | `streaming_continue_watching_area` |
table	streaming_creator_asset_area	/data/data/com.termux/files/home/01.civilization-system/09.CX22073JW/030.model/030900_CX22073JW_DB_OBJECT_REGISTRY_EXACT.md:240:| 204 | table | `streaming_creator_asset_area` |
table	streaming_marketplace_listing_area	/data/data/com.termux/files/home/01.civilization-system/09.CX22073JW/030.model/030900_CX22073JW_DB_OBJECT_REGISTRY_EXACT.md:241:| 205 | table | `streaming_marketplace_listing_area` |
table	streaming_membership_program_area	/data/data/com.termux/files/home/01.civilization-system/09.CX22073JW/030.model/030900_CX22073JW_DB_OBJECT_REGISTRY_EXACT.md:242:| 206 | table | `streaming_membership_program_area` |
table	streaming_membership_rule_area	/data/data/com.termux/files/home/01.civilization-system/09.CX22073JW/030.model/030900_CX22073JW_DB_OBJECT_REGISTRY_EXACT.md:243:| 207 | table | `streaming_membership_rule_area` |
table	streaming_paid_video_offer_area	/data/data/com.termux/files/home/01.civilization-system/09.CX22073JW/030.model/030900_CX22073JW_DB_OBJECT_REGISTRY_EXACT.md:244:| 208 | table | `streaming_paid_video_offer_area` |
table	streaming_progress_resume_area	/data/data/com.termux/files/home/01.civilization-system/09.CX22073JW/030.model/030900_CX22073JW_DB_OBJECT_REGISTRY_EXACT.md:245:| 209 | table | `streaming_progress_resume_area` |
table	streaming_publish_setting_area	/data/data/com.termux/files/home/01.civilization-system/09.CX22073JW/030.model/030900_CX22073JW_DB_OBJECT_REGISTRY_EXACT.md:246:| 210 | table | `streaming_publish_setting_area` |
table	streaming_revenue_split_area	/data/data/com.termux/files/home/01.civilization-system/09.CX22073JW/030.model/030900_CX22073JW_DB_OBJECT_REGISTRY_EXACT.md:247:| 211 | table | `streaming_revenue_split_area` |
table	streaming_view_history_area	/data/data/com.termux/files/home/01.civilization-system/09.CX22073JW/030.model/030900_CX22073JW_DB_OBJECT_REGISTRY_EXACT.md:248:| 212 | table | `streaming_view_history_area` |
table	summary_registry	/data/data/com.termux/files/home/01.civilization-system/09.CX22073JW/030.model/030900_CX22073JW_DB_OBJECT_REGISTRY_EXACT.md:249:| 213 | table | `summary_registry` |
table	system_to_cx_knowledge_transfer_block	/data/data/com.termux/files/home/01.civilization-system/09.CX22073JW/030.model/030900_CX22073JW_DB_OBJECT_REGISTRY_EXACT.md:250:| 214 | table | `system_to_cx_knowledge_transfer_block` |
table	system_to_cx_knowledge_transfer_field	/data/data/com.termux/files/home/01.civilization-system/09.CX22073JW/030.model/030900_CX22073JW_DB_OBJECT_REGISTRY_EXACT.md:251:| 215 | table | `system_to_cx_knowledge_transfer_field` |
table	system_to_cx_knowledge_transfer_profile	/data/data/com.termux/files/home/01.civilization-system/09.CX22073JW/030.model/030900_CX22073JW_DB_OBJECT_REGISTRY_EXACT.md:252:| 216 | table | `system_to_cx_knowledge_transfer_profile` |
table	system_to_cx_knowledge_transfer_rule_item	/data/data/com.termux/files/home/01.civilization-system/09.CX22073JW/030.model/030900_CX22073JW_DB_OBJECT_REGISTRY_EXACT.md:253:| 217 | table | `system_to_cx_knowledge_transfer_rule_item` |
table	system_to_cx_transfer_area_binding	/data/data/com.termux/files/home/01.civilization-system/09.CX22073JW/030.model/030900_CX22073JW_DB_OBJECT_REGISTRY_EXACT.md:254:| 218 | table | `system_to_cx_transfer_area_binding` |
table	system_to_cx_transfer_contract_binding_snapshot	/data/data/com.termux/files/home/01.civilization-system/09.CX22073JW/030.model/030900_CX22073JW_DB_OBJECT_REGISTRY_EXACT.md:255:| 219 | table | `system_to_cx_transfer_contract_binding_snapshot` |
table	system_to_cx_transfer_field_slot_binding	/data/data/com.termux/files/home/01.civilization-system/09.CX22073JW/030.model/030900_CX22073JW_DB_OBJECT_REGISTRY_EXACT.md:256:| 220 | table | `system_to_cx_transfer_field_slot_binding` |
table	template_fragment_binding	/data/data/com.termux/files/home/01.civilization-system/09.CX22073JW/030.model/030900_CX22073JW_DB_OBJECT_REGISTRY_EXACT.md:257:| 221 | table | `template_fragment_binding` |
table	template_fragment_registry	/data/data/com.termux/files/home/01.civilization-system/09.CX22073JW/030.model/030900_CX22073JW_DB_OBJECT_REGISTRY_EXACT.md:258:| 222 | table | `template_fragment_registry` |
table	template_registry	/data/data/com.termux/files/home/01.civilization-system/09.CX22073JW/030.model/030900_CX22073JW_DB_OBJECT_REGISTRY_EXACT.md:259:| 223 | table | `template_registry` |
table	topic_material	/data/data/com.termux/files/home/01.civilization-system/09.CX22073JW/030.model/030_CX_SMALLTALK_FOUNDATION_KNOWLEDGE_APPEND.md:26:- cx22073jw.topic_material
table	topic_reference	/data/data/com.termux/files/home/01.civilization-system/09.CX22073JW/030.model/030_CX_SMALLTALK_FOUNDATION_KNOWLEDGE_APPEND.md:25:- cx22073jw.topic_reference
table	unit_conversion_rule	/data/data/com.termux/files/home/01.civilization-system/09.CX22073JW/020.architecture/020_CX22073JW_DATA_DOMAIN_LEDGER.md:52:| 28 | 単位・換算・地域表示領域 | 参照基盤 | measure unit / 正規化 / 換算 / locale別単位表示を管理 | `unit_master`, `unit_category_master`, `unit_conversion_rule`, `purchasable_unit_reference`, `locale_unit_preference` | MealPlanner, BodyMetrics, TrainingCoach | 高 |
table	unit_reference	/data/data/com.termux/files/home/01.civilization-system/09.CX22073JW/030.model/030900_CX22073JW_DB_OBJECT_REGISTRY_EXACT.md:261:| 225 | table | `unit_reference` |
view	ai_employee_activation_request	/data/data/com.termux/files/home/01.civilization-system/09.CX22073JW/030.model/030900_CX22073JW_DB_OBJECT_REGISTRY_EXACT.md:262:| 226 | view | `ai_employee_activation_request` |
view	ai_employee_activation_request_view_decision	/data/data/com.termux/files/home/01.civilization-system/09.CX22073JW/030.model/030900_CX22073JW_DB_OBJECT_REGISTRY_EXACT.md:263:| 227 | view | `ai_employee_activation_request_view_decision` |
view	ai_employee_activation_review_decision_batch	/data/data/com.termux/files/home/01.civilization-system/09.CX22073JW/030.model/030900_CX22073JW_DB_OBJECT_REGISTRY_EXACT.md:264:| 228 | view | `ai_employee_activation_review_decision_batch` |
view	ai_employee_activation_review_decision_item	/data/data/com.termux/files/home/01.civilization-system/09.CX22073JW/030.model/030900_CX22073JW_DB_OBJECT_REGISTRY_EXACT.md:265:| 229 | view | `ai_employee_activation_review_decision_item` |
view	ai_employee_activation_review_export_item	/data/data/com.termux/files/home/01.civilization-system/09.CX22073JW/030.model/030900_CX22073JW_DB_OBJECT_REGISTRY_EXACT.md:266:| 230 | view | `ai_employee_activation_review_export_item` |
view	ai_employee_activation_review_export_run	/data/data/com.termux/files/home/01.civilization-system/09.CX22073JW/030.model/030900_CX22073JW_DB_OBJECT_REGISTRY_EXACT.md:267:| 231 | view | `ai_employee_activation_review_export_run` |
view	ai_employee_actual_view_registry	/data/data/com.termux/files/home/01.civilization-system/09.CX22073JW/030.model/030900_CX22073JW_DB_OBJECT_REGISTRY_EXACT.md:268:| 232 | view | `ai_employee_actual_view_registry` |
view	ai_employee_app_scope_actual_view_allowlist	/data/data/com.termux/files/home/01.civilization-system/09.CX22073JW/030.model/030900_CX22073JW_DB_OBJECT_REGISTRY_EXACT.md:269:| 233 | view | `ai_employee_app_scope_actual_view_allowlist` |
view	ai_employee_app_scope_registry	/data/data/com.termux/files/home/01.civilization-system/09.CX22073JW/030.model/030900_CX22073JW_DB_OBJECT_REGISTRY_EXACT.md:270:| 234 | view | `ai_employee_app_scope_registry` |
view	ai_employee_db_role_provision_batch	/data/data/com.termux/files/home/01.civilization-system/09.CX22073JW/030.model/030900_CX22073JW_DB_OBJECT_REGISTRY_EXACT.md:271:| 235 | view | `ai_employee_db_role_provision_batch` |
view	ai_employee_db_role_provision_item	/data/data/com.termux/files/home/01.civilization-system/09.CX22073JW/030.model/030900_CX22073JW_DB_OBJECT_REGISTRY_EXACT.md:272:| 236 | view | `ai_employee_db_role_provision_item` |
view	ai_employee_db_role_registry	/data/data/com.termux/files/home/01.civilization-system/09.CX22073JW/030.model/030900_CX22073JW_DB_OBJECT_REGISTRY_EXACT.md:273:| 237 | view | `ai_employee_db_role_registry` |
view	ai_employee_domain_master	/data/data/com.termux/files/home/01.civilization-system/09.CX22073JW/030.model/030900_CX22073JW_DB_OBJECT_REGISTRY_EXACT.md:274:| 238 | view | `ai_employee_domain_master` |
view	ai_employee_domain_rule_registry	/data/data/com.termux/files/home/01.civilization-system/09.CX22073JW/030.model/030900_CX22073JW_DB_OBJECT_REGISTRY_EXACT.md:275:| 239 | view | `ai_employee_domain_rule_registry` |
view	ai_employee_final_handoff_export_item	/data/data/com.termux/files/home/01.civilization-system/09.CX22073JW/030.model/030900_CX22073JW_DB_OBJECT_REGISTRY_EXACT.md:276:| 240 | view | `ai_employee_final_handoff_export_item` |
view	ai_employee_final_handoff_export_run	/data/data/com.termux/files/home/01.civilization-system/09.CX22073JW/030.model/030900_CX22073JW_DB_OBJECT_REGISTRY_EXACT.md:277:| 241 | view | `ai_employee_final_handoff_export_run` |
view	ai_employee_global_rule_registry	/data/data/com.termux/files/home/01.civilization-system/09.CX22073JW/030.model/030900_CX22073JW_DB_OBJECT_REGISTRY_EXACT.md:278:| 242 | view | `ai_employee_global_rule_registry` |
view	ai_employee_governed_apply_attempt_log	/data/data/com.termux/files/home/01.civilization-system/09.CX22073JW/030.model/030900_CX22073JW_DB_OBJECT_REGISTRY_EXACT.md:279:| 243 | view | `ai_employee_governed_apply_attempt_log` |
view	ai_employee_governed_apply_batch	/data/data/com.termux/files/home/01.civilization-system/09.CX22073JW/030.model/030900_CX22073JW_DB_OBJECT_REGISTRY_EXACT.md:280:| 244 | view | `ai_employee_governed_apply_batch` |
view	ai_employee_governed_apply_batch_item	/data/data/com.termux/files/home/01.civilization-system/09.CX22073JW/030.model/030900_CX22073JW_DB_OBJECT_REGISTRY_EXACT.md:281:| 245 | view | `ai_employee_governed_apply_batch_item` |
view	ai_employee_governed_apply_execution_item	/data/data/com.termux/files/home/01.civilization-system/09.CX22073JW/030.model/030900_CX22073JW_DB_OBJECT_REGISTRY_EXACT.md:282:| 246 | view | `ai_employee_governed_apply_execution_item` |
view	ai_employee_governed_apply_execution_run	/data/data/com.termux/files/home/01.civilization-system/09.CX22073JW/030.model/030900_CX22073JW_DB_OBJECT_REGISTRY_EXACT.md:283:| 247 | view | `ai_employee_governed_apply_execution_run` |
view	ai_employee_governed_apply_queue	/data/data/com.termux/files/home/01.civilization-system/09.CX22073JW/030.model/030900_CX22073JW_DB_OBJECT_REGISTRY_EXACT.md:284:| 248 | view | `ai_employee_governed_apply_queue` |
view	ai_employee_grant_export_item	/data/data/com.termux/files/home/01.civilization-system/09.CX22073JW/030.model/030900_CX22073JW_DB_OBJECT_REGISTRY_EXACT.md:285:| 249 | view | `ai_employee_grant_export_item` |
view	ai_employee_grant_export_run	/data/data/com.termux/files/home/01.civilization-system/09.CX22073JW/030.model/030900_CX22073JW_DB_OBJECT_REGISTRY_EXACT.md:286:| 250 | view | `ai_employee_grant_export_run` |
view	ai_employee_human_review_action_log	/data/data/com.termux/files/home/01.civilization-system/09.CX22073JW/030.model/030900_CX22073JW_DB_OBJECT_REGISTRY_EXACT.md:287:| 251 | view | `ai_employee_human_review_action_log` |
view	ai_employee_manual_apply_receipt_batch	/data/data/com.termux/files/home/01.civilization-system/09.CX22073JW/030.model/030900_CX22073JW_DB_OBJECT_REGISTRY_EXACT.md:288:| 252 | view | `ai_employee_manual_apply_receipt_batch` |
view	ai_employee_manual_apply_receipt_item	/data/data/com.termux/files/home/01.civilization-system/09.CX22073JW/030.model/030900_CX22073JW_DB_OBJECT_REGISTRY_EXACT.md:289:| 253 | view | `ai_employee_manual_apply_receipt_item` |
view	ai_employee_post_apply_verification_item	/data/data/com.termux/files/home/01.civilization-system/09.CX22073JW/030.model/030900_CX22073JW_DB_OBJECT_REGISTRY_EXACT.md:290:| 254 | view | `ai_employee_post_apply_verification_item` |
view	ai_employee_post_apply_verification_run	/data/data/com.termux/files/home/01.civilization-system/09.CX22073JW/030.model/030900_CX22073JW_DB_OBJECT_REGISTRY_EXACT.md:291:| 255 | view | `ai_employee_post_apply_verification_run` |
view	ai_employee_rank_registry	/data/data/com.termux/files/home/01.civilization-system/09.CX22073JW/030.model/030900_CX22073JW_DB_OBJECT_REGISTRY_EXACT.md:292:| 256 | view | `ai_employee_rank_registry` |
view	ai_employee_role_access_bundle_item	/data/data/com.termux/files/home/01.civilization-system/09.CX22073JW/030.model/030900_CX22073JW_DB_OBJECT_REGISTRY_EXACT.md:293:| 257 | view | `ai_employee_role_access_bundle_item` |
view	ai_employee_role_access_bundle_master	/data/data/com.termux/files/home/01.civilization-system/09.CX22073JW/030.model/030900_CX22073JW_DB_OBJECT_REGISTRY_EXACT.md:294:| 258 | view | `ai_employee_role_access_bundle_master` |
view	ai_employee_role_actual_view_grant_skeleton	/data/data/com.termux/files/home/01.civilization-system/09.CX22073JW/030.model/030900_CX22073JW_DB_OBJECT_REGISTRY_EXACT.md:295:| 259 | view | `ai_employee_role_actual_view_grant_skeleton` |
view	ai_employee_role_master	/data/data/com.termux/files/home/01.civilization-system/09.CX22073JW/030.model/030900_CX22073JW_DB_OBJECT_REGISTRY_EXACT.md:296:| 260 | view | `ai_employee_role_master` |
view	ai_employee_role_view_family_policy	/data/data/com.termux/files/home/01.civilization-system/09.CX22073JW/030.model/030900_CX22073JW_DB_OBJECT_REGISTRY_EXACT.md:297:| 261 | view | `ai_employee_role_view_family_policy` |
view	ai_employee_runtime_ready_promotion_batch	/data/data/com.termux/files/home/01.civilization-system/09.CX22073JW/030.model/030900_CX22073JW_DB_OBJECT_REGISTRY_EXACT.md:298:| 262 | view | `ai_employee_runtime_ready_promotion_batch` |
view	ai_employee_runtime_ready_promotion_item	/data/data/com.termux/files/home/01.civilization-system/09.CX22073JW/030.model/030900_CX22073JW_DB_OBJECT_REGISTRY_EXACT.md:299:| 263 | view | `ai_employee_runtime_ready_promotion_item` |
view	ai_employee_stub_smoke_item	/data/data/com.termux/files/home/01.civilization-system/09.CX22073JW/030.model/030900_CX22073JW_DB_OBJECT_REGISTRY_EXACT.md:300:| 264 | view | `ai_employee_stub_smoke_item` |
view	ai_employee_stub_smoke_run	/data/data/com.termux/files/home/01.civilization-system/09.CX22073JW/030.model/030900_CX22073JW_DB_OBJECT_REGISTRY_EXACT.md:301:| 265 | view | `ai_employee_stub_smoke_run` |
view	ai_employee_stub_view_generation_item	/data/data/com.termux/files/home/01.civilization-system/09.CX22073JW/030.model/030900_CX22073JW_DB_OBJECT_REGISTRY_EXACT.md:302:| 266 | view | `ai_employee_stub_view_generation_item` |
view	ai_employee_stub_view_generation_run	/data/data/com.termux/files/home/01.civilization-system/09.CX22073JW/030.model/030900_CX22073JW_DB_OBJECT_REGISTRY_EXACT.md:303:| 267 | view | `ai_employee_stub_view_generation_run` |
view	ai_employee_view_family_actual_view_map	/data/data/com.termux/files/home/01.civilization-system/09.CX22073JW/030.model/030900_CX22073JW_DB_OBJECT_REGISTRY_EXACT.md:304:| 268 | view | `ai_employee_view_family_actual_view_map` |
view	ai_employee_view_family_master	/data/data/com.termux/files/home/01.civilization-system/09.CX22073JW/030.model/030900_CX22073JW_DB_OBJECT_REGISTRY_EXACT.md:305:| 269 | view | `ai_employee_view_family_master` |
view	ai_employee_view_naming_rule_registry	/data/data/com.termux/files/home/01.civilization-system/09.CX22073JW/030.model/030900_CX22073JW_DB_OBJECT_REGISTRY_EXACT.md:306:| 270 | view | `ai_employee_view_naming_rule_registry` |
view	v_access_activation_request_compiled_summary	/data/data/com.termux/files/home/01.civilization-system/09.CX22073JW/030.model/030900_CX22073JW_DB_OBJECT_REGISTRY_EXACT.md:307:| 271 | view | `v_access_activation_request_compiled_summary` |
view	v_access_activation_request_intersection_summary	/data/data/com.termux/files/home/01.civilization-system/09.CX22073JW/030.model/030900_CX22073JW_DB_OBJECT_REGISTRY_EXACT.md:308:| 272 | view | `v_access_activation_request_intersection_summary` |
view	v_access_activation_request_latest_decisions	/data/data/com.termux/files/home/01.civilization-system/09.CX22073JW/030.model/030900_CX22073JW_DB_OBJECT_REGISTRY_EXACT.md:309:| 273 | view | `v_access_activation_request_latest_decisions` |
view	v_access_activation_request_latest_intersection_decisions	/data/data/com.termux/files/home/01.civilization-system/09.CX22073JW/030.model/030900_CX22073JW_DB_OBJECT_REGISTRY_EXACT.md:310:| 274 | view | `v_access_activation_request_latest_intersection_decisions` |
view	v_access_activation_request_latest_summary	/data/data/com.termux/files/home/01.civilization-system/09.CX22073JW/030.model/030900_CX22073JW_DB_OBJECT_REGISTRY_EXACT.md:311:| 275 | view | `v_access_activation_request_latest_summary` |
view	v_access_activation_review_decision_latest_batch_summary	/data/data/com.termux/files/home/01.civilization-system/09.CX22073JW/030.model/030900_CX22073JW_DB_OBJECT_REGISTRY_EXACT.md:312:| 276 | view | `v_access_activation_review_decision_latest_batch_summary` |
view	v_access_activation_review_decision_latest_items	/data/data/com.termux/files/home/01.civilization-system/09.CX22073JW/030.model/030900_CX22073JW_DB_OBJECT_REGISTRY_EXACT.md:313:| 277 | view | `v_access_activation_review_decision_latest_items` |
view	v_access_activation_review_export_latest_items	/data/data/com.termux/files/home/01.civilization-system/09.CX22073JW/030.model/030900_CX22073JW_DB_OBJECT_REGISTRY_EXACT.md:314:| 278 | view | `v_access_activation_review_export_latest_items` |
view	v_access_activation_review_export_latest_summary	/data/data/com.termux/files/home/01.civilization-system/09.CX22073JW/030.model/030900_CX22073JW_DB_OBJECT_REGISTRY_EXACT.md:315:| 279 | view | `v_access_activation_review_export_latest_summary` |
view	v_access_actual_view_family_summary	/data/data/com.termux/files/home/01.civilization-system/09.CX22073JW/030.model/030900_CX22073JW_DB_OBJECT_REGISTRY_EXACT.md:316:| 280 | view | `v_access_actual_view_family_summary` |
view	v_access_actual_view_registry_summary	/data/data/com.termux/files/home/01.civilization-system/09.CX22073JW/030.model/030900_CX22073JW_DB_OBJECT_REGISTRY_EXACT.md:317:| 281 | view | `v_access_actual_view_registry_summary` |
view	v_access_app_scope_summary	/data/data/com.termux/files/home/01.civilization-system/09.CX22073JW/030.model/030900_CX22073JW_DB_OBJECT_REGISTRY_EXACT.md:318:| 282 | view | `v_access_app_scope_summary` |
view	v_access_baseline_health_latest_items	/data/data/com.termux/files/home/01.civilization-system/09.CX22073JW/030.model/030900_CX22073JW_DB_OBJECT_REGISTRY_EXACT.md:319:| 283 | view | `v_access_baseline_health_latest_items` |
view	v_access_baseline_health_latest_summary	/data/data/com.termux/files/home/01.civilization-system/09.CX22073JW/030.model/030900_CX22073JW_DB_OBJECT_REGISTRY_EXACT.md:320:| 284 | view | `v_access_baseline_health_latest_summary` |
view	v_access_current_state_bundle_export_latest_files	/data/data/com.termux/files/home/01.civilization-system/09.CX22073JW/030.model/030900_CX22073JW_DB_OBJECT_REGISTRY_EXACT.md:321:| 285 | view | `v_access_current_state_bundle_export_latest_files` |
view	v_access_current_state_bundle_export_latest_summary	/data/data/com.termux/files/home/01.civilization-system/09.CX22073JW/030.model/030900_CX22073JW_DB_OBJECT_REGISTRY_EXACT.md:322:| 286 | view | `v_access_current_state_bundle_export_latest_summary` |
view	v_access_db_role_provision_latest_batch_summary	/data/data/com.termux/files/home/01.civilization-system/09.CX22073JW/030.model/030900_CX22073JW_DB_OBJECT_REGISTRY_EXACT.md:323:| 287 | view | `v_access_db_role_provision_latest_batch_summary` |
view	v_access_db_role_provision_latest_items	/data/data/com.termux/files/home/01.civilization-system/09.CX22073JW/030.model/030900_CX22073JW_DB_OBJECT_REGISTRY_EXACT.md:324:| 288 | view | `v_access_db_role_provision_latest_items` |
view	v_access_db_role_registry_summary	/data/data/com.termux/files/home/01.civilization-system/09.CX22073JW/030.model/030900_CX22073JW_DB_OBJECT_REGISTRY_EXACT.md:325:| 289 | view | `v_access_db_role_registry_summary` |
view	v_access_domain_bootstrap_summary	/data/data/com.termux/files/home/01.civilization-system/09.CX22073JW/030.model/030900_CX22073JW_DB_OBJECT_REGISTRY_EXACT.md:326:| 290 | view | `v_access_domain_bootstrap_summary` |
view	v_access_final_handoff_export_latest_items	/data/data/com.termux/files/home/01.civilization-system/09.CX22073JW/030.model/030900_CX22073JW_DB_OBJECT_REGISTRY_EXACT.md:327:| 291 | view | `v_access_final_handoff_export_latest_items` |
view	v_access_final_handoff_export_latest_summary	/data/data/com.termux/files/home/01.civilization-system/09.CX22073JW/030.model/030900_CX22073JW_DB_OBJECT_REGISTRY_EXACT.md:328:| 292 | view | `v_access_final_handoff_export_latest_summary` |
view	v_access_gate_controlled_actual_views	/data/data/com.termux/files/home/01.civilization-system/09.CX22073JW/030.model/030900_CX22073JW_DB_OBJECT_REGISTRY_EXACT.md:329:| 293 | view | `v_access_gate_controlled_actual_views` |
view	v_access_governed_apply_attempt_latest_summary	/data/data/com.termux/files/home/01.civilization-system/09.CX22073JW/030.model/030900_CX22073JW_DB_OBJECT_REGISTRY_EXACT.md:330:| 294 | view | `v_access_governed_apply_attempt_latest_summary` |
view	v_access_governed_apply_batch_latest_items	/data/data/com.termux/files/home/01.civilization-system/09.CX22073JW/030.model/030900_CX22073JW_DB_OBJECT_REGISTRY_EXACT.md:331:| 295 | view | `v_access_governed_apply_batch_latest_items` |
view	v_access_governed_apply_batch_latest_summary	/data/data/com.termux/files/home/01.civilization-system/09.CX22073JW/030.model/030900_CX22073JW_DB_OBJECT_REGISTRY_EXACT.md:332:| 296 | view | `v_access_governed_apply_batch_latest_summary` |
view	v_access_governed_apply_execution_latest_items	/data/data/com.termux/files/home/01.civilization-system/09.CX22073JW/030.model/030900_CX22073JW_DB_OBJECT_REGISTRY_EXACT.md:333:| 297 | view | `v_access_governed_apply_execution_latest_items` |
view	v_access_governed_apply_execution_latest_summary	/data/data/com.termux/files/home/01.civilization-system/09.CX22073JW/030.model/030900_CX22073JW_DB_OBJECT_REGISTRY_EXACT.md:334:| 298 | view | `v_access_governed_apply_execution_latest_summary` |
view	v_access_governed_apply_queue_latest_items	/data/data/com.termux/files/home/01.civilization-system/09.CX22073JW/030.model/030900_CX22073JW_DB_OBJECT_REGISTRY_EXACT.md:335:| 299 | view | `v_access_governed_apply_queue_latest_items` |
view	v_access_governed_apply_queue_latest_summary	/data/data/com.termux/files/home/01.civilization-system/09.CX22073JW/030.model/030900_CX22073JW_DB_OBJECT_REGISTRY_EXACT.md:336:| 300 | view | `v_access_governed_apply_queue_latest_summary` |
view	v_access_grant_export_latest_items	/data/data/com.termux/files/home/01.civilization-system/09.CX22073JW/030.model/030900_CX22073JW_DB_OBJECT_REGISTRY_EXACT.md:337:| 301 | view | `v_access_grant_export_latest_items` |
view	v_access_grant_export_latest_summary	/data/data/com.termux/files/home/01.civilization-system/09.CX22073JW/030.model/030900_CX22073JW_DB_OBJECT_REGISTRY_EXACT.md:338:| 302 | view | `v_access_grant_export_latest_summary` |
view	v_access_human_review_latest_action_log	/data/data/com.termux/files/home/01.civilization-system/09.CX22073JW/030.model/030900_CX22073JW_DB_OBJECT_REGISTRY_EXACT.md:339:| 303 | view | `v_access_human_review_latest_action_log` |
view	v_access_legacy_compat_audit_latest_db_items	/data/data/com.termux/files/home/01.civilization-system/09.CX22073JW/030.model/030900_CX22073JW_DB_OBJECT_REGISTRY_EXACT.md:340:| 304 | view | `v_access_legacy_compat_audit_latest_db_items` |
view	v_access_legacy_compat_audit_latest_file_items	/data/data/com.termux/files/home/01.civilization-system/09.CX22073JW/030.model/030900_CX22073JW_DB_OBJECT_REGISTRY_EXACT.md:341:| 305 | view | `v_access_legacy_compat_audit_latest_file_items` |
view	v_access_legacy_compat_audit_latest_summary	/data/data/com.termux/files/home/01.civilization-system/09.CX22073JW/030.model/030900_CX22073JW_DB_OBJECT_REGISTRY_EXACT.md:342:| 306 | view | `v_access_legacy_compat_audit_latest_summary` |
view	v_access_legacy_cutover_gate_latest_blockers	/data/data/com.termux/files/home/01.civilization-system/09.CX22073JW/030.model/030900_CX22073JW_DB_OBJECT_REGISTRY_EXACT.md:343:| 307 | view | `v_access_legacy_cutover_gate_latest_blockers` |
view	v_access_legacy_cutover_gate_latest_summary	/data/data/com.termux/files/home/01.civilization-system/09.CX22073JW/030.model/030900_CX22073JW_DB_OBJECT_REGISTRY_EXACT.md:344:| 308 | view | `v_access_legacy_cutover_gate_latest_summary` |
view	v_access_legacy_db_blocker_patch_latest_items	/data/data/com.termux/files/home/01.civilization-system/09.CX22073JW/030.model/030900_CX22073JW_DB_OBJECT_REGISTRY_EXACT.md:345:| 309 | view | `v_access_legacy_db_blocker_patch_latest_items` |
view	v_access_legacy_db_blocker_patch_latest_summary	/data/data/com.termux/files/home/01.civilization-system/09.CX22073JW/030.model/030900_CX22073JW_DB_OBJECT_REGISTRY_EXACT.md:346:| 310 | view | `v_access_legacy_db_blocker_patch_latest_summary` |
view	v_access_legacy_retirement_plan_latest_items	/data/data/com.termux/files/home/01.civilization-system/09.CX22073JW/030.model/030900_CX22073JW_DB_OBJECT_REGISTRY_EXACT.md:347:| 311 | view | `v_access_legacy_retirement_plan_latest_items` |
view	v_access_legacy_retirement_plan_latest_summary	/data/data/com.termux/files/home/01.civilization-system/09.CX22073JW/030.model/030900_CX22073JW_DB_OBJECT_REGISTRY_EXACT.md:348:| 312 | view | `v_access_legacy_retirement_plan_latest_summary` |
view	v_access_manual_apply_confirmation_latest_log	/data/data/com.termux/files/home/01.civilization-system/09.CX22073JW/030.model/030900_CX22073JW_DB_OBJECT_REGISTRY_EXACT.md:349:| 313 | view | `v_access_manual_apply_confirmation_latest_log` |
view	v_access_manual_apply_receipt_latest_batch_summary	/data/data/com.termux/files/home/01.civilization-system/09.CX22073JW/030.model/030900_CX22073JW_DB_OBJECT_REGISTRY_EXACT.md:350:| 314 | view | `v_access_manual_apply_receipt_latest_batch_summary` |
view	v_access_manual_apply_receipt_latest_items	/data/data/com.termux/files/home/01.civilization-system/09.CX22073JW/030.model/030900_CX22073JW_DB_OBJECT_REGISTRY_EXACT.md:351:| 315 | view | `v_access_manual_apply_receipt_latest_items` |
view	v_access_manual_apply_receipt_latest_pending_summary	/data/data/com.termux/files/home/01.civilization-system/09.CX22073JW/030.model/030900_CX22073JW_DB_OBJECT_REGISTRY_EXACT.md:352:| 316 | view | `v_access_manual_apply_receipt_latest_pending_summary` |
view	v_access_post_apply_verification_latest_confirmed_only_items	/data/data/com.termux/files/home/01.civilization-system/09.CX22073JW/030.model/030900_CX22073JW_DB_OBJECT_REGISTRY_EXACT.md:353:| 317 | view | `v_access_post_apply_verification_latest_confirmed_only_items` |
view	v_access_post_apply_verification_latest_confirmed_only_summary	/data/data/com.termux/files/home/01.civilization-system/09.CX22073JW/030.model/030900_CX22073JW_DB_OBJECT_REGISTRY_EXACT.md:354:| 318 | view | `v_access_post_apply_verification_latest_confirmed_only_summary` |
view	v_access_post_apply_verification_latest_items	/data/data/com.termux/files/home/01.civilization-system/09.CX22073JW/030.model/030900_CX22073JW_DB_OBJECT_REGISTRY_EXACT.md:355:| 319 | view | `v_access_post_apply_verification_latest_items` |
view	v_access_post_apply_verification_latest_summary	/data/data/com.termux/files/home/01.civilization-system/09.CX22073JW/030.model/030900_CX22073JW_DB_OBJECT_REGISTRY_EXACT.md:356:| 320 | view | `v_access_post_apply_verification_latest_summary` |
view	v_access_privileged_family_summary	/data/data/com.termux/files/home/01.civilization-system/09.CX22073JW/030.model/030900_CX22073JW_DB_OBJECT_REGISTRY_EXACT.md:357:| 321 | view | `v_access_privileged_family_summary` |
view	v_access_rank_registry_summary	/data/data/com.termux/files/home/01.civilization-system/09.CX22073JW/030.model/030900_CX22073JW_DB_OBJECT_REGISTRY_EXACT.md:358:| 322 | view | `v_access_rank_registry_summary` |
view	v_access_role_access_bundle_item_matrix	/data/data/com.termux/files/home/01.civilization-system/09.CX22073JW/030.model/030900_CX22073JW_DB_OBJECT_REGISTRY_EXACT.md:359:| 323 | view | `v_access_role_access_bundle_item_matrix` |
view	v_access_role_access_bundle_summary	/data/data/com.termux/files/home/01.civilization-system/09.CX22073JW/030.model/030900_CX22073JW_DB_OBJECT_REGISTRY_EXACT.md:360:| 324 | view | `v_access_role_access_bundle_summary` |
view	v_access_role_actual_view_grant_matrix	/data/data/com.termux/files/home/01.civilization-system/09.CX22073JW/030.model/030900_CX22073JW_DB_OBJECT_REGISTRY_EXACT.md:361:| 325 | view | `v_access_role_actual_view_grant_matrix` |
view	v_access_role_policy_matrix	/data/data/com.termux/files/home/01.civilization-system/09.CX22073JW/030.model/030900_CX22073JW_DB_OBJECT_REGISTRY_EXACT.md:362:| 326 | view | `v_access_role_policy_matrix` |
view	v_access_runtime_ready_promotion_latest_batch_summary	/data/data/com.termux/files/home/01.civilization-system/09.CX22073JW/030.model/030900_CX22073JW_DB_OBJECT_REGISTRY_EXACT.md:363:| 327 | view | `v_access_runtime_ready_promotion_latest_batch_summary` |
view	v_access_runtime_ready_promotion_latest_items	/data/data/com.termux/files/home/01.civilization-system/09.CX22073JW/030.model/030900_CX22073JW_DB_OBJECT_REGISTRY_EXACT.md:364:| 328 | view | `v_access_runtime_ready_promotion_latest_items` |
view	v_access_stub_smoke_latest_items	/data/data/com.termux/files/home/01.civilization-system/09.CX22073JW/030.model/030900_CX22073JW_DB_OBJECT_REGISTRY_EXACT.md:365:| 329 | view | `v_access_stub_smoke_latest_items` |
view	v_access_stub_smoke_latest_summary	/data/data/com.termux/files/home/01.civilization-system/09.CX22073JW/030.model/030900_CX22073JW_DB_OBJECT_REGISTRY_EXACT.md:366:| 330 | view | `v_access_stub_smoke_latest_summary` |
view	v_access_stub_view_generation_latest_items	/data/data/com.termux/files/home/01.civilization-system/09.CX22073JW/030.model/030900_CX22073JW_DB_OBJECT_REGISTRY_EXACT.md:367:| 331 | view | `v_access_stub_view_generation_latest_items` |
view	v_access_stub_view_generation_latest_summary	/data/data/com.termux/files/home/01.civilization-system/09.CX22073JW/030.model/030900_CX22073JW_DB_OBJECT_REGISTRY_EXACT.md:368:| 332 | view | `v_access_stub_view_generation_latest_summary` |
view	v_access_stub_view_missing	/data/data/com.termux/files/home/01.civilization-system/09.CX22073JW/030.model/030900_CX22073JW_DB_OBJECT_REGISTRY_EXACT.md:369:| 333 | view | `v_access_stub_view_missing` |
view	v_access_stub_view_runtime_catalog	/data/data/com.termux/files/home/01.civilization-system/09.CX22073JW/030.model/030900_CX22073JW_DB_OBJECT_REGISTRY_EXACT.md:370:| 334 | view | `v_access_stub_view_runtime_catalog` |
view	v_ai_employee_activation_request_compiled_summary	/data/data/com.termux/files/home/01.civilization-system/09.CX22073JW/030.model/030900_CX22073JW_DB_OBJECT_REGISTRY_EXACT.md:371:| 335 | view | `v_ai_employee_activation_request_compiled_summary` |
view	v_ai_employee_activation_request_intersection_summary	/data/data/com.termux/files/home/01.civilization-system/09.CX22073JW/030.model/030900_CX22073JW_DB_OBJECT_REGISTRY_EXACT.md:372:| 336 | view | `v_ai_employee_activation_request_intersection_summary` |
view	v_ai_employee_activation_request_latest_decisions	/data/data/com.termux/files/home/01.civilization-system/09.CX22073JW/030.model/030900_CX22073JW_DB_OBJECT_REGISTRY_EXACT.md:373:| 337 | view | `v_ai_employee_activation_request_latest_decisions` |
view	v_ai_employee_activation_request_latest_intersection_decisions	/data/data/com.termux/files/home/01.civilization-system/09.CX22073JW/030.model/030900_CX22073JW_DB_OBJECT_REGISTRY_EXACT.md:374:| 338 | view | `v_ai_employee_activation_request_latest_intersection_decisions` |
view	v_ai_employee_activation_request_latest_summary	/data/data/com.termux/files/home/01.civilization-system/09.CX22073JW/030.model/030900_CX22073JW_DB_OBJECT_REGISTRY_EXACT.md:375:| 339 | view | `v_ai_employee_activation_request_latest_summary` |
view	v_ai_employee_activation_review_decision_latest_batch_summary	/data/data/com.termux/files/home/01.civilization-system/09.CX22073JW/030.model/030900_CX22073JW_DB_OBJECT_REGISTRY_EXACT.md:376:| 340 | view | `v_ai_employee_activation_review_decision_latest_batch_summary` |
view	v_ai_employee_activation_review_decision_latest_items	/data/data/com.termux/files/home/01.civilization-system/09.CX22073JW/030.model/030900_CX22073JW_DB_OBJECT_REGISTRY_EXACT.md:377:| 341 | view | `v_ai_employee_activation_review_decision_latest_items` |
view	v_ai_employee_activation_review_export_latest_items	/data/data/com.termux/files/home/01.civilization-system/09.CX22073JW/030.model/030900_CX22073JW_DB_OBJECT_REGISTRY_EXACT.md:378:| 342 | view | `v_ai_employee_activation_review_export_latest_items` |
view	v_ai_employee_activation_review_export_latest_summary	/data/data/com.termux/files/home/01.civilization-system/09.CX22073JW/030.model/030900_CX22073JW_DB_OBJECT_REGISTRY_EXACT.md:379:| 343 | view | `v_ai_employee_activation_review_export_latest_summary` |
view	v_ai_employee_actual_view_family_summary	/data/data/com.termux/files/home/01.civilization-system/09.CX22073JW/030.model/030900_CX22073JW_DB_OBJECT_REGISTRY_EXACT.md:380:| 344 | view | `v_ai_employee_actual_view_family_summary` |
view	v_ai_employee_actual_view_registry_summary	/data/data/com.termux/files/home/01.civilization-system/09.CX22073JW/030.model/030900_CX22073JW_DB_OBJECT_REGISTRY_EXACT.md:381:| 345 | view | `v_ai_employee_actual_view_registry_summary` |
view	v_ai_employee_app_scope_summary	/data/data/com.termux/files/home/01.civilization-system/09.CX22073JW/030.model/030900_CX22073JW_DB_OBJECT_REGISTRY_EXACT.md:382:| 346 | view | `v_ai_employee_app_scope_summary` |
view	v_ai_employee_db_role_provision_latest_batch_summary	/data/data/com.termux/files/home/01.civilization-system/09.CX22073JW/030.model/030900_CX22073JW_DB_OBJECT_REGISTRY_EXACT.md:383:| 347 | view | `v_ai_employee_db_role_provision_latest_batch_summary` |
view	v_ai_employee_db_role_provision_latest_items	/data/data/com.termux/files/home/01.civilization-system/09.CX22073JW/030.model/030900_CX22073JW_DB_OBJECT_REGISTRY_EXACT.md:384:| 348 | view | `v_ai_employee_db_role_provision_latest_items` |
view	v_ai_employee_db_role_registry_summary	/data/data/com.termux/files/home/01.civilization-system/09.CX22073JW/030.model/030900_CX22073JW_DB_OBJECT_REGISTRY_EXACT.md:385:| 349 | view | `v_ai_employee_db_role_registry_summary` |
view	v_ai_employee_domain_bootstrap_summary	/data/data/com.termux/files/home/01.civilization-system/09.CX22073JW/030.model/030900_CX22073JW_DB_OBJECT_REGISTRY_EXACT.md:386:| 350 | view | `v_ai_employee_domain_bootstrap_summary` |
view	v_ai_employee_final_handoff_export_latest_items	/data/data/com.termux/files/home/01.civilization-system/09.CX22073JW/030.model/030900_CX22073JW_DB_OBJECT_REGISTRY_EXACT.md:387:| 351 | view | `v_ai_employee_final_handoff_export_latest_items` |
view	v_ai_employee_final_handoff_export_latest_summary	/data/data/com.termux/files/home/01.civilization-system/09.CX22073JW/030.model/030900_CX22073JW_DB_OBJECT_REGISTRY_EXACT.md:388:| 352 | view | `v_ai_employee_final_handoff_export_latest_summary` |
view	v_ai_employee_gate_controlled_actual_views	/data/data/com.termux/files/home/01.civilization-system/09.CX22073JW/030.model/030900_CX22073JW_DB_OBJECT_REGISTRY_EXACT.md:389:| 353 | view | `v_ai_employee_gate_controlled_actual_views` |
view	v_ai_employee_governed_apply_attempt_latest_summary	/data/data/com.termux/files/home/01.civilization-system/09.CX22073JW/030.model/030900_CX22073JW_DB_OBJECT_REGISTRY_EXACT.md:390:| 354 | view | `v_ai_employee_governed_apply_attempt_latest_summary` |
view	v_ai_employee_governed_apply_batch_latest_items	/data/data/com.termux/files/home/01.civilization-system/09.CX22073JW/030.model/030900_CX22073JW_DB_OBJECT_REGISTRY_EXACT.md:391:| 355 | view | `v_ai_employee_governed_apply_batch_latest_items` |
view	v_ai_employee_governed_apply_batch_latest_summary	/data/data/com.termux/files/home/01.civilization-system/09.CX22073JW/030.model/030900_CX22073JW_DB_OBJECT_REGISTRY_EXACT.md:392:| 356 | view | `v_ai_employee_governed_apply_batch_latest_summary` |
view	v_ai_employee_governed_apply_execution_latest_items	/data/data/com.termux/files/home/01.civilization-system/09.CX22073JW/030.model/030900_CX22073JW_DB_OBJECT_REGISTRY_EXACT.md:393:| 357 | view | `v_ai_employee_governed_apply_execution_latest_items` |
view	v_ai_employee_governed_apply_execution_latest_summary	/data/data/com.termux/files/home/01.civilization-system/09.CX22073JW/030.model/030900_CX22073JW_DB_OBJECT_REGISTRY_EXACT.md:394:| 358 | view | `v_ai_employee_governed_apply_execution_latest_summary` |
view	v_ai_employee_governed_apply_queue_latest_items	/data/data/com.termux/files/home/01.civilization-system/09.CX22073JW/030.model/030900_CX22073JW_DB_OBJECT_REGISTRY_EXACT.md:395:| 359 | view | `v_ai_employee_governed_apply_queue_latest_items` |
view	v_ai_employee_governed_apply_queue_latest_summary	/data/data/com.termux/files/home/01.civilization-system/09.CX22073JW/030.model/030900_CX22073JW_DB_OBJECT_REGISTRY_EXACT.md:396:| 360 | view | `v_ai_employee_governed_apply_queue_latest_summary` |
view	v_ai_employee_grant_export_latest_items	/data/data/com.termux/files/home/01.civilization-system/09.CX22073JW/030.model/030900_CX22073JW_DB_OBJECT_REGISTRY_EXACT.md:397:| 361 | view | `v_ai_employee_grant_export_latest_items` |
view	v_ai_employee_grant_export_latest_summary	/data/data/com.termux/files/home/01.civilization-system/09.CX22073JW/030.model/030900_CX22073JW_DB_OBJECT_REGISTRY_EXACT.md:398:| 362 | view | `v_ai_employee_grant_export_latest_summary` |
view	v_ai_employee_human_review_latest_action_log	/data/data/com.termux/files/home/01.civilization-system/09.CX22073JW/030.model/030900_CX22073JW_DB_OBJECT_REGISTRY_EXACT.md:399:| 363 | view | `v_ai_employee_human_review_latest_action_log` |
view	v_ai_employee_manual_apply_receipt_latest_batch_summary	/data/data/com.termux/files/home/01.civilization-system/09.CX22073JW/030.model/030900_CX22073JW_DB_OBJECT_REGISTRY_EXACT.md:400:| 364 | view | `v_ai_employee_manual_apply_receipt_latest_batch_summary` |
view	v_ai_employee_manual_apply_receipt_latest_items	/data/data/com.termux/files/home/01.civilization-system/09.CX22073JW/030.model/030900_CX22073JW_DB_OBJECT_REGISTRY_EXACT.md:401:| 365 | view | `v_ai_employee_manual_apply_receipt_latest_items` |
view	v_ai_employee_post_apply_verification_latest_items	/data/data/com.termux/files/home/01.civilization-system/09.CX22073JW/030.model/030900_CX22073JW_DB_OBJECT_REGISTRY_EXACT.md:402:| 366 | view | `v_ai_employee_post_apply_verification_latest_items` |
view	v_ai_employee_post_apply_verification_latest_summary	/data/data/com.termux/files/home/01.civilization-system/09.CX22073JW/030.model/030900_CX22073JW_DB_OBJECT_REGISTRY_EXACT.md:403:| 367 | view | `v_ai_employee_post_apply_verification_latest_summary` |
view	v_ai_employee_privileged_family_summary	/data/data/com.termux/files/home/01.civilization-system/09.CX22073JW/030.model/030900_CX22073JW_DB_OBJECT_REGISTRY_EXACT.md:404:| 368 | view | `v_ai_employee_privileged_family_summary` |
view	v_ai_employee_rank_registry_summary	/data/data/com.termux/files/home/01.civilization-system/09.CX22073JW/030.model/030900_CX22073JW_DB_OBJECT_REGISTRY_EXACT.md:405:| 369 | view | `v_ai_employee_rank_registry_summary` |
view	v_ai_employee_role_access_bundle_item_matrix	/data/data/com.termux/files/home/01.civilization-system/09.CX22073JW/030.model/030900_CX22073JW_DB_OBJECT_REGISTRY_EXACT.md:406:| 370 | view | `v_ai_employee_role_access_bundle_item_matrix` |
view	v_ai_employee_role_access_bundle_summary	/data/data/com.termux/files/home/01.civilization-system/09.CX22073JW/030.model/030900_CX22073JW_DB_OBJECT_REGISTRY_EXACT.md:407:| 371 | view | `v_ai_employee_role_access_bundle_summary` |
view	v_ai_employee_role_actual_view_grant_matrix	/data/data/com.termux/files/home/01.civilization-system/09.CX22073JW/030.model/030900_CX22073JW_DB_OBJECT_REGISTRY_EXACT.md:408:| 372 | view | `v_ai_employee_role_actual_view_grant_matrix` |
view	v_ai_employee_role_policy_matrix	/data/data/com.termux/files/home/01.civilization-system/09.CX22073JW/030.model/030900_CX22073JW_DB_OBJECT_REGISTRY_EXACT.md:409:| 373 | view | `v_ai_employee_role_policy_matrix` |
view	v_ai_employee_runtime_ready_promotion_latest_batch_summary	/data/data/com.termux/files/home/01.civilization-system/09.CX22073JW/030.model/030900_CX22073JW_DB_OBJECT_REGISTRY_EXACT.md:410:| 374 | view | `v_ai_employee_runtime_ready_promotion_latest_batch_summary` |
view	v_ai_employee_runtime_ready_promotion_latest_items	/data/data/com.termux/files/home/01.civilization-system/09.CX22073JW/030.model/030900_CX22073JW_DB_OBJECT_REGISTRY_EXACT.md:411:| 375 | view | `v_ai_employee_runtime_ready_promotion_latest_items` |
view	v_ai_employee_stub_smoke_latest_items	/data/data/com.termux/files/home/01.civilization-system/09.CX22073JW/030.model/030900_CX22073JW_DB_OBJECT_REGISTRY_EXACT.md:412:| 376 | view | `v_ai_employee_stub_smoke_latest_items` |
view	v_ai_employee_stub_smoke_latest_summary	/data/data/com.termux/files/home/01.civilization-system/09.CX22073JW/030.model/030900_CX22073JW_DB_OBJECT_REGISTRY_EXACT.md:413:| 377 | view | `v_ai_employee_stub_smoke_latest_summary` |
view	v_ai_employee_stub_view_generation_latest_items	/data/data/com.termux/files/home/01.civilization-system/09.CX22073JW/030.model/030900_CX22073JW_DB_OBJECT_REGISTRY_EXACT.md:414:| 378 | view | `v_ai_employee_stub_view_generation_latest_items` |
view	v_ai_employee_stub_view_generation_latest_summary	/data/data/com.termux/files/home/01.civilization-system/09.CX22073JW/030.model/030900_CX22073JW_DB_OBJECT_REGISTRY_EXACT.md:415:| 379 | view | `v_ai_employee_stub_view_generation_latest_summary` |
view	v_ai_employee_stub_view_missing	/data/data/com.termux/files/home/01.civilization-system/09.CX22073JW/030.model/030900_CX22073JW_DB_OBJECT_REGISTRY_EXACT.md:416:| 380 | view | `v_ai_employee_stub_view_missing` |
view	v_ai_employee_stub_view_runtime_catalog	/data/data/com.termux/files/home/01.civilization-system/09.CX22073JW/030.model/030900_CX22073JW_DB_OBJECT_REGISTRY_EXACT.md:417:| 381 | view | `v_ai_employee_stub_view_runtime_catalog` |
view	v_asset_marketplace_listing_projection_area_latest	/data/data/com.termux/files/home/01.civilization-system/09.CX22073JW/030.model/030900_CX22073JW_DB_OBJECT_REGISTRY_EXACT.md:418:| 382 | view | `v_asset_marketplace_listing_projection_area_latest` |
view	v_asset_metadata_localization_area_latest	/data/data/com.termux/files/home/01.civilization-system/09.CX22073JW/030.model/030900_CX22073JW_DB_OBJECT_REGISTRY_EXACT.md:419:| 383 | view | `v_asset_metadata_localization_area_latest` |
view	v_asset_rights_policy_area_latest	/data/data/com.termux/files/home/01.civilization-system/09.CX22073JW/030.model/030900_CX22073JW_DB_OBJECT_REGISTRY_EXACT.md:420:| 384 | view | `v_asset_rights_policy_area_latest` |
view	v_candidate_area_phase1_focus	/data/data/com.termux/files/home/01.civilization-system/09.CX22073JW/030.model/030900_CX22073JW_DB_OBJECT_REGISTRY_EXACT.md:421:| 385 | view | `v_candidate_area_phase1_focus` |
view	v_candidate_area_priority_matrix	/data/data/com.termux/files/home/01.civilization-system/09.CX22073JW/030.model/030900_CX22073JW_DB_OBJECT_REGISTRY_EXACT.md:422:| 386 | view | `v_candidate_area_priority_matrix` |
view	v_candidate_area_source_summary	/data/data/com.termux/files/home/01.civilization-system/09.CX22073JW/030.model/030900_CX22073JW_DB_OBJECT_REGISTRY_EXACT.md:423:| 387 | view | `v_candidate_area_source_summary` |
view	v_compatibility_restriction_matrix	/data/data/com.termux/files/home/01.civilization-system/09.CX22073JW/030.model/030900_CX22073JW_DB_OBJECT_REGISTRY_EXACT.md:424:| 388 | view | `v_compatibility_restriction_matrix` |
view	v_contract_remediation_batch_summary	/data/data/com.termux/files/home/01.civilization-system/09.CX22073JW/030.model/030900_CX22073JW_DB_OBJECT_REGISTRY_EXACT.md:425:| 389 | view | `v_contract_remediation_batch_summary` |
view	v_contract_remediation_item_detail	/data/data/com.termux/files/home/01.civilization-system/09.CX22073JW/030.model/030900_CX22073JW_DB_OBJECT_REGISTRY_EXACT.md:426:| 390 | view | `v_contract_remediation_item_detail` |
view	v_exact_contract_area_payloads	/data/data/com.termux/files/home/01.civilization-system/09.CX22073JW/030.model/030900_CX22073JW_DB_OBJECT_REGISTRY_EXACT.md:427:| 391 | view | `v_exact_contract_area_payloads` |
view	v_exact_contract_common_columns	/data/data/com.termux/files/home/01.civilization-system/09.CX22073JW/030.model/030900_CX22073JW_DB_OBJECT_REGISTRY_EXACT.md:428:| 392 | view | `v_exact_contract_common_columns` |
view	v_exact_contract_sample_case_summary	/data/data/com.termux/files/home/01.civilization-system/09.CX22073JW/030.model/030900_CX22073JW_DB_OBJECT_REGISTRY_EXACT.md:429:| 393 | view | `v_exact_contract_sample_case_summary` |
view	v_exact_contract_sample_run_latest	/data/data/com.termux/files/home/01.civilization-system/09.CX22073JW/030.model/030900_CX22073JW_DB_OBJECT_REGISTRY_EXACT.md:430:| 394 | view | `v_exact_contract_sample_run_latest` |
view	v_exact_contract_sample_run_summary	/data/data/com.termux/files/home/01.civilization-system/09.CX22073JW/030.model/030900_CX22073JW_DB_OBJECT_REGISTRY_EXACT.md:431:| 395 | view | `v_exact_contract_sample_run_summary` |
view	v_exact_contract_snapshot_summary	/data/data/com.termux/files/home/01.civilization-system/09.CX22073JW/030.model/030900_CX22073JW_DB_OBJECT_REGISTRY_EXACT.md:432:| 396 | view | `v_exact_contract_snapshot_summary` |
view	v_exact_payload_validation_issue_summary	/data/data/com.termux/files/home/01.civilization-system/09.CX22073JW/030.model/030900_CX22073JW_DB_OBJECT_REGISTRY_EXACT.md:433:| 397 | view | `v_exact_payload_validation_issue_summary` |
view	v_exact_payload_wrapper_status	/data/data/com.termux/files/home/01.civilization-system/09.CX22073JW/030.model/030900_CX22073JW_DB_OBJECT_REGISTRY_EXACT.md:434:| 398 | view | `v_exact_payload_wrapper_status` |
view	v_exhibition_projection_area_latest	/data/data/com.termux/files/home/01.civilization-system/09.CX22073JW/030.model/030900_CX22073JW_DB_OBJECT_REGISTRY_EXACT.md:435:| 399 | view | `v_exhibition_projection_area_latest` |
view	v_foundation_article_catalog	/data/data/com.termux/files/home/01.civilization-system/09.CX22073JW/030.model/030900_CX22073JW_DB_OBJECT_REGISTRY_EXACT.md:436:| 400 | view | `v_foundation_article_catalog` |
view	v_generation_registry_overview	/data/data/com.termux/files/home/01.civilization-system/09.CX22073JW/030.model/030900_CX22073JW_DB_OBJECT_REGISTRY_EXACT.md:437:| 401 | view | `v_generation_registry_overview` |
view	v_generation_registry_priority_order	/data/data/com.termux/files/home/01.civilization-system/09.CX22073JW/030.model/030900_CX22073JW_DB_OBJECT_REGISTRY_EXACT.md:438:| 402 | view | `v_generation_registry_priority_order` |
view	v_generation_registry_summary	/data/data/com.termux/files/home/01.civilization-system/09.CX22073JW/030.model/030900_CX22073JW_DB_OBJECT_REGISTRY_EXACT.md:439:| 403 | view | `v_generation_registry_summary` |
view	v_official_prepare_queue_overview	/data/data/com.termux/files/home/01.civilization-system/09.CX22073JW/030.model/030900_CX22073JW_DB_OBJECT_REGISTRY_EXACT.md:440:| 404 | view | `v_official_prepare_queue_overview` |
view	v_official_prepare_queue_priority_order	/data/data/com.termux/files/home/01.civilization-system/09.CX22073JW/030.model/030900_CX22073JW_DB_OBJECT_REGISTRY_EXACT.md:441:| 405 | view | `v_official_prepare_queue_priority_order` |
view	v_official_prepare_queue_summary	/data/data/com.termux/files/home/01.civilization-system/09.CX22073JW/030.model/030900_CX22073JW_DB_OBJECT_REGISTRY_EXACT.md:442:| 406 | view | `v_official_prepare_queue_summary` |
view	v_phase1_skeleton_apply_batch_summary	/data/data/com.termux/files/home/01.civilization-system/09.CX22073JW/030.model/030900_CX22073JW_DB_OBJECT_REGISTRY_EXACT.md:443:| 407 | view | `v_phase1_skeleton_apply_batch_summary` |
view	v_phase1_skeleton_apply_target_status	/data/data/com.termux/files/home/01.civilization-system/09.CX22073JW/030.model/030900_CX22073JW_DB_OBJECT_REGISTRY_EXACT.md:444:| 408 | view | `v_phase1_skeleton_apply_target_status` |
view	v_priority_26_29_readiness	/data/data/com.termux/files/home/01.civilization-system/09.CX22073JW/030.model/030900_CX22073JW_DB_OBJECT_REGISTRY_EXACT.md:445:| 409 | view | `v_priority_26_29_readiness` |
view	v_published_knowledge_ready_catalog	/data/data/com.termux/files/home/01.civilization-system/09.CX22073JW/030.model/030900_CX22073JW_DB_OBJECT_REGISTRY_EXACT.md:446:| 410 | view | `v_published_knowledge_ready_catalog` |
view	v_publishing_asset_area_latest	/data/data/com.termux/files/home/01.civilization-system/09.CX22073JW/030.model/030900_CX22073JW_DB_OBJECT_REGISTRY_EXACT.md:447:| 411 | view | `v_publishing_asset_area_latest` |
view	v_readiness_gate_latest_area_status	/data/data/com.termux/files/home/01.civilization-system/09.CX22073JW/030.model/030900_CX22073JW_DB_OBJECT_REGISTRY_EXACT.md:448:| 412 | view | `v_readiness_gate_latest_area_status` |
view	v_readiness_gate_latest_failed_checks	/data/data/com.termux/files/home/01.civilization-system/09.CX22073JW/030.model/030900_CX22073JW_DB_OBJECT_REGISTRY_EXACT.md:449:| 413 | view | `v_readiness_gate_latest_failed_checks` |
view	v_readiness_gate_latest_run_summary	/data/data/com.termux/files/home/01.civilization-system/09.CX22073JW/030.model/030900_CX22073JW_DB_OBJECT_REGISTRY_EXACT.md:450:| 414 | view | `v_readiness_gate_latest_run_summary` |
view	v_review_case_area_latest	/data/data/com.termux/files/home/01.civilization-system/09.CX22073JW/030.model/030900_CX22073JW_DB_OBJECT_REGISTRY_EXACT.md:451:| 415 | view | `v_review_case_area_latest` |
view	v_seasonal_active_today	/data/data/com.termux/files/home/01.civilization-system/09.CX22073JW/030.model/030900_CX22073JW_DB_OBJECT_REGISTRY_EXACT.md:452:| 416 | view | `v_seasonal_active_today` |
view	v_secret_asset_catalog	/data/data/com.termux/files/home/01.civilization-system/09.CX22073JW/030.model/030900_CX22073JW_DB_OBJECT_REGISTRY_EXACT.md:453:| 417 | view | `v_secret_asset_catalog` |
view	v_secret_route_matrix	/data/data/com.termux/files/home/01.civilization-system/09.CX22073JW/030.model/030900_CX22073JW_DB_OBJECT_REGISTRY_EXACT.md:454:| 418 | view | `v_secret_route_matrix` |
view	v_static_art_asset_area_latest	/data/data/com.termux/files/home/01.civilization-system/09.CX22073JW/030.model/030900_CX22073JW_DB_OBJECT_REGISTRY_EXACT.md:455:| 419 | view | `v_static_art_asset_area_latest` |
view	v_staticart_delivery_closeout_summary	/data/data/com.termux/files/home/01.civilization-system/09.CX22073JW/030.model/030900_CX22073JW_DB_OBJECT_REGISTRY_EXACT.md:456:| 420 | view | `v_staticart_delivery_closeout_summary` |
view	v_staticart_delivery_master_status	/data/data/com.termux/files/home/01.civilization-system/09.CX22073JW/030.model/030900_CX22073JW_DB_OBJECT_REGISTRY_EXACT.md:457:| 421 | view | `v_staticart_delivery_master_status` |
view	v_staticart_exact_knowledge_transfer_blocks	/data/data/com.termux/files/home/01.civilization-system/09.CX22073JW/030.model/030900_CX22073JW_DB_OBJECT_REGISTRY_EXACT.md:458:| 422 | view | `v_staticart_exact_knowledge_transfer_blocks` |
view	v_staticart_exact_knowledge_transfer_fields	/data/data/com.termux/files/home/01.civilization-system/09.CX22073JW/030.model/030900_CX22073JW_DB_OBJECT_REGISTRY_EXACT.md:459:| 423 | view | `v_staticart_exact_knowledge_transfer_fields` |
view	v_staticart_exact_knowledge_transfer_rules	/data/data/com.termux/files/home/01.civilization-system/09.CX22073JW/030.model/030900_CX22073JW_DB_OBJECT_REGISTRY_EXACT.md:460:| 424 | view | `v_staticart_exact_knowledge_transfer_rules` |
view	v_staticart_final_handoff_package_summary	/data/data/com.termux/files/home/01.civilization-system/09.CX22073JW/030.model/030900_CX22073JW_DB_OBJECT_REGISTRY_EXACT.md:461:| 425 | view | `v_staticart_final_handoff_package_summary` |
view	v_staticart_fixed_contract_release_export_payload	/data/data/com.termux/files/home/01.civilization-system/09.CX22073JW/030.model/030900_CX22073JW_DB_OBJECT_REGISTRY_EXACT.md:462:| 426 | view | `v_staticart_fixed_contract_release_export_payload` |
view	v_staticart_fixed_contract_release_export_top_level	/data/data/com.termux/files/home/01.civilization-system/09.CX22073JW/030.model/030900_CX22073JW_DB_OBJECT_REGISTRY_EXACT.md:463:| 427 | view | `v_staticart_fixed_contract_release_export_top_level` |
view	v_staticart_fixed_contract_release_keys	/data/data/com.termux/files/home/01.civilization-system/09.CX22073JW/030.model/030900_CX22073JW_DB_OBJECT_REGISTRY_EXACT.md:464:| 428 | view | `v_staticart_fixed_contract_release_keys` |
view	v_staticart_fixed_contract_release_summary	/data/data/com.termux/files/home/01.civilization-system/09.CX22073JW/030.model/030900_CX22073JW_DB_OBJECT_REGISTRY_EXACT.md:465:| 429 | view | `v_staticart_fixed_contract_release_summary` |
view	v_staticart_fixed_contract_release_targets	/data/data/com.termux/files/home/01.civilization-system/09.CX22073JW/030.model/030900_CX22073JW_DB_OBJECT_REGISTRY_EXACT.md:466:| 430 | view | `v_staticart_fixed_contract_release_targets` |
view	v_staticart_handoff_export_batch_summary	/data/data/com.termux/files/home/01.civilization-system/09.CX22073JW/030.model/030900_CX22073JW_DB_OBJECT_REGISTRY_EXACT.md:467:| 431 | view | `v_staticart_handoff_export_batch_summary` |
view	v_staticart_handoff_export_item_summary	/data/data/com.termux/files/home/01.civilization-system/09.CX22073JW/030.model/030900_CX22073JW_DB_OBJECT_REGISTRY_EXACT.md:468:| 432 | view | `v_staticart_handoff_export_item_summary` |
view	v_staticart_knowledge_pack_run_item_latest	/data/data/com.termux/files/home/01.civilization-system/09.CX22073JW/030.model/030900_CX22073JW_DB_OBJECT_REGISTRY_EXACT.md:469:| 433 | view | `v_staticart_knowledge_pack_run_item_latest` |
view	v_staticart_knowledge_pack_run_latest	/data/data/com.termux/files/home/01.civilization-system/09.CX22073JW/030.model/030900_CX22073JW_DB_OBJECT_REGISTRY_EXACT.md:470:| 434 | view | `v_staticart_knowledge_pack_run_latest` |
view	v_staticart_knowledge_pack_sample_registry_summary	/data/data/com.termux/files/home/01.civilization-system/09.CX22073JW/030.model/030900_CX22073JW_DB_OBJECT_REGISTRY_EXACT.md:471:| 435 | view | `v_staticart_knowledge_pack_sample_registry_summary` |
view	v_staticart_minimum_first_send_area_bindings	/data/data/com.termux/files/home/01.civilization-system/09.CX22073JW/030.model/030900_CX22073JW_DB_OBJECT_REGISTRY_EXACT.md:472:| 436 | view | `v_staticart_minimum_first_send_area_bindings` |
view	v_staticart_minimum_first_send_contract_coverage	/data/data/com.termux/files/home/01.civilization-system/09.CX22073JW/030.model/030900_CX22073JW_DB_OBJECT_REGISTRY_EXACT.md:473:| 437 | view | `v_staticart_minimum_first_send_contract_coverage` |
view	v_staticart_minimum_first_send_field_bindings	/data/data/com.termux/files/home/01.civilization-system/09.CX22073JW/030.model/030900_CX22073JW_DB_OBJECT_REGISTRY_EXACT.md:474:| 438 | view | `v_staticart_minimum_first_send_field_bindings` |
view	v_staticart_resume_pack_summary	/data/data/com.termux/files/home/01.civilization-system/09.CX22073JW/030.model/030900_CX22073JW_DB_OBJECT_REGISTRY_EXACT.md:475:| 439 | view | `v_staticart_resume_pack_summary` |
view	v_streaming_category_tree_area_latest	/data/data/com.termux/files/home/01.civilization-system/09.CX22073JW/030.model/030900_CX22073JW_DB_OBJECT_REGISTRY_EXACT.md:476:| 440 | view | `v_streaming_category_tree_area_latest` |
view	v_streaming_connector_audit_area_latest	/data/data/com.termux/files/home/01.civilization-system/09.CX22073JW/030.model/030900_CX22073JW_DB_OBJECT_REGISTRY_EXACT.md:477:| 441 | view | `v_streaming_connector_audit_area_latest` |
view	v_streaming_continue_watching_area_latest	/data/data/com.termux/files/home/01.civilization-system/09.CX22073JW/030.model/030900_CX22073JW_DB_OBJECT_REGISTRY_EXACT.md:478:| 442 | view | `v_streaming_continue_watching_area_latest` |
view	v_streaming_creator_asset_area_latest	/data/data/com.termux/files/home/01.civilization-system/09.CX22073JW/030.model/030900_CX22073JW_DB_OBJECT_REGISTRY_EXACT.md:479:| 443 | view | `v_streaming_creator_asset_area_latest` |
view	v_streaming_marketplace_listing_area_latest	/data/data/com.termux/files/home/01.civilization-system/09.CX22073JW/030.model/030900_CX22073JW_DB_OBJECT_REGISTRY_EXACT.md:480:| 444 | view | `v_streaming_marketplace_listing_area_latest` |
view	v_streaming_membership_program_area_latest	/data/data/com.termux/files/home/01.civilization-system/09.CX22073JW/030.model/030900_CX22073JW_DB_OBJECT_REGISTRY_EXACT.md:481:| 445 | view | `v_streaming_membership_program_area_latest` |
view	v_streaming_membership_rule_area_latest	/data/data/com.termux/files/home/01.civilization-system/09.CX22073JW/030.model/030900_CX22073JW_DB_OBJECT_REGISTRY_EXACT.md:482:| 446 | view | `v_streaming_membership_rule_area_latest` |
view	v_streaming_paid_video_offer_area_latest	/data/data/com.termux/files/home/01.civilization-system/09.CX22073JW/030.model/030900_CX22073JW_DB_OBJECT_REGISTRY_EXACT.md:483:| 447 | view | `v_streaming_paid_video_offer_area_latest` |
view	v_streaming_progress_resume_area_latest	/data/data/com.termux/files/home/01.civilization-system/09.CX22073JW/030.model/030900_CX22073JW_DB_OBJECT_REGISTRY_EXACT.md:484:| 448 | view | `v_streaming_progress_resume_area_latest` |
view	v_streaming_publish_setting_area_latest	/data/data/com.termux/files/home/01.civilization-system/09.CX22073JW/030.model/030900_CX22073JW_DB_OBJECT_REGISTRY_EXACT.md:485:| 449 | view | `v_streaming_publish_setting_area_latest` |
view	v_streaming_revenue_split_area_latest	/data/data/com.termux/files/home/01.civilization-system/09.CX22073JW/030.model/030900_CX22073JW_DB_OBJECT_REGISTRY_EXACT.md:486:| 450 | view | `v_streaming_revenue_split_area_latest` |
view	v_streaming_view_history_area_latest	/data/data/com.termux/files/home/01.civilization-system/09.CX22073JW/030.model/030900_CX22073JW_DB_OBJECT_REGISTRY_EXACT.md:487:| 451 | view | `v_streaming_view_history_area_latest` |
view	v_system_to_cx_knowledge_transfer_profile_summary	/data/data/com.termux/files/home/01.civilization-system/09.CX22073JW/030.model/030900_CX22073JW_DB_OBJECT_REGISTRY_EXACT.md:488:| 452 | view | `v_system_to_cx_knowledge_transfer_profile_summary` |
view	v_template_fragment_bindings	/data/data/com.termux/files/home/01.civilization-system/09.CX22073JW/030.model/030900_CX22073JW_DB_OBJECT_REGISTRY_EXACT.md:489:| 453 | view | `v_template_fragment_bindings` |
view	vw_aiemp_admin_audit_context	/data/data/com.termux/files/home/01.civilization-system/09.CX22073JW/030.model/030900_CX22073JW_DB_OBJECT_REGISTRY_EXACT.md:490:| 454 | view | `vw_aiemp_admin_audit_context` |
view	vw_aiemp_admin_case_context	/data/data/com.termux/files/home/01.civilization-system/09.CX22073JW/030.model/030900_CX22073JW_DB_OBJECT_REGISTRY_EXACT.md:491:| 455 | view | `vw_aiemp_admin_case_context` |
view	vw_aiemp_admin_control_assignment_context	/data/data/com.termux/files/home/01.civilization-system/09.CX22073JW/030.model/030900_CX22073JW_DB_OBJECT_REGISTRY_EXACT.md:492:| 456 | view | `vw_aiemp_admin_control_assignment_context` |
view	vw_aiemp_admin_control_audit_context	/data/data/com.termux/files/home/01.civilization-system/09.CX22073JW/030.model/030900_CX22073JW_DB_OBJECT_REGISTRY_EXACT.md:493:| 457 | view | `vw_aiemp_admin_control_audit_context` |
view	vw_aiemp_admin_control_policy_context	/data/data/com.termux/files/home/01.civilization-system/09.CX22073JW/030.model/030900_CX22073JW_DB_OBJECT_REGISTRY_EXACT.md:494:| 458 | view | `vw_aiemp_admin_control_policy_context` |
view	vw_aiemp_admin_control_reporting_context	/data/data/com.termux/files/home/01.civilization-system/09.CX22073JW/030.model/030900_CX22073JW_DB_OBJECT_REGISTRY_EXACT.md:495:| 459 | view | `vw_aiemp_admin_control_reporting_context` |
view	vw_aiemp_admin_control_workforce_context	/data/data/com.termux/files/home/01.civilization-system/09.CX22073JW/030.model/030900_CX22073JW_DB_OBJECT_REGISTRY_EXACT.md:496:| 460 | view | `vw_aiemp_admin_control_workforce_context` |
view	vw_aiemp_admin_document_form_context	/data/data/com.termux/files/home/01.civilization-system/09.CX22073JW/030.model/030900_CX22073JW_DB_OBJECT_REGISTRY_EXACT.md:497:| 461 | view | `vw_aiemp_admin_document_form_context` |
view	vw_aiemp_admin_process_context	/data/data/com.termux/files/home/01.civilization-system/09.CX22073JW/030.model/030900_CX22073JW_DB_OBJECT_REGISTRY_EXACT.md:498:| 462 | view | `vw_aiemp_admin_process_context` |
view	vw_aiemp_admin_reference_context	/data/data/com.termux/files/home/01.civilization-system/09.CX22073JW/030.model/030900_CX22073JW_DB_OBJECT_REGISTRY_EXACT.md:499:| 463 | view | `vw_aiemp_admin_reference_context` |
view	vw_aiemp_app_help	/data/data/com.termux/files/home/01.civilization-system/09.CX22073JW/030.model/030900_CX22073JW_DB_OBJECT_REGISTRY_EXACT.md:500:| 464 | view | `vw_aiemp_app_help` |
view	vw_aiemp_approval_routing_context	/data/data/com.termux/files/home/01.civilization-system/09.CX22073JW/030.model/030900_CX22073JW_DB_OBJECT_REGISTRY_EXACT.md:501:| 465 | view | `vw_aiemp_approval_routing_context` |
view	vw_aiemp_audit_digest	/data/data/com.termux/files/home/01.civilization-system/09.CX22073JW/030.model/030900_CX22073JW_DB_OBJECT_REGISTRY_EXACT.md:502:| 466 | view | `vw_aiemp_audit_digest` |
view	vw_aiemp_combat_audit_context	/data/data/com.termux/files/home/01.civilization-system/09.CX22073JW/030.model/030900_CX22073JW_DB_OBJECT_REGISTRY_EXACT.md:503:| 467 | view | `vw_aiemp_combat_audit_context` |
view	vw_aiemp_combat_battlefield_context	/data/data/com.termux/files/home/01.civilization-system/09.CX22073JW/030.model/030900_CX22073JW_DB_OBJECT_REGISTRY_EXACT.md:504:| 468 | view | `vw_aiemp_combat_battlefield_context` |
view	vw_aiemp_combat_damage_repair_context	/data/data/com.termux/files/home/01.civilization-system/09.CX22073JW/030.model/030900_CX22073JW_DB_OBJECT_REGISTRY_EXACT.md:505:| 469 | view | `vw_aiemp_combat_damage_repair_context` |
view	vw_aiemp_combat_mission_context	/data/data/com.termux/files/home/01.civilization-system/09.CX22073JW/030.model/030900_CX22073JW_DB_OBJECT_REGISTRY_EXACT.md:506:| 470 | view | `vw_aiemp_combat_mission_context` |
view	vw_aiemp_combat_roe_safety_context	/data/data/com.termux/files/home/01.civilization-system/09.CX22073JW/030.model/030900_CX22073JW_DB_OBJECT_REGISTRY_EXACT.md:507:| 471 | view | `vw_aiemp_combat_roe_safety_context` |
view	vw_aiemp_combat_role_loadout_context	/data/data/com.termux/files/home/01.civilization-system/09.CX22073JW/030.model/030900_CX22073JW_DB_OBJECT_REGISTRY_EXACT.md:508:| 472 | view | `vw_aiemp_combat_role_loadout_context` |
view	vw_aiemp_edu_exercise_context	/data/data/com.termux/files/home/01.civilization-system/09.CX22073JW/030.model/030900_CX22073JW_DB_OBJECT_REGISTRY_EXACT.md:509:| 473 | view | `vw_aiemp_edu_exercise_context` |
view	vw_aiemp_edu_lab_research_context	/data/data/com.termux/files/home/01.civilization-system/09.CX22073JW/030.model/030900_CX22073JW_DB_OBJECT_REGISTRY_EXACT.md:510:| 474 | view | `vw_aiemp_edu_lab_research_context` |
view	vw_aiemp_edu_level_adaptive_context	/data/data/com.termux/files/home/01.civilization-system/09.CX22073JW/030.model/030900_CX22073JW_DB_OBJECT_REGISTRY_EXACT.md:511:| 475 | view | `vw_aiemp_edu_level_adaptive_context` |
view	vw_aiemp_edu_masked_learner_context	/data/data/com.termux/files/home/01.civilization-system/09.CX22073JW/030.model/030900_CX22073JW_DB_OBJECT_REGISTRY_EXACT.md:512:| 476 | view | `vw_aiemp_edu_masked_learner_context` |
view	vw_aiemp_edu_privileged_context	/data/data/com.termux/files/home/01.civilization-system/09.CX22073JW/030.model/030900_CX22073JW_DB_OBJECT_REGISTRY_EXACT.md:513:| 477 | view | `vw_aiemp_edu_privileged_context` |
view	vw_aiemp_edu_progress_context	/data/data/com.termux/files/home/01.civilization-system/09.CX22073JW/030.model/030900_CX22073JW_DB_OBJECT_REGISTRY_EXACT.md:514:| 478 | view | `vw_aiemp_edu_progress_context` |
view	vw_aiemp_edu_public_guide	/data/data/com.termux/files/home/01.civilization-system/09.CX22073JW/030.model/030900_CX22073JW_DB_OBJECT_REGISTRY_EXACT.md:515:| 479 | view | `vw_aiemp_edu_public_guide` |
view	vw_aiemp_edu_subject_catalog	/data/data/com.termux/files/home/01.civilization-system/09.CX22073JW/030.model/030900_CX22073JW_DB_OBJECT_REGISTRY_EXACT.md:516:| 480 | view | `vw_aiemp_edu_subject_catalog` |
view	vw_aiemp_edu_teaching_guide	/data/data/com.termux/files/home/01.civilization-system/09.CX22073JW/030.model/030900_CX22073JW_DB_OBJECT_REGISTRY_EXACT.md:517:| 481 | view | `vw_aiemp_edu_teaching_guide` |
view	vw_aiemp_failure_summary	/data/data/com.termux/files/home/01.civilization-system/09.CX22073JW/030.model/030900_CX22073JW_DB_OBJECT_REGISTRY_EXACT.md:518:| 482 | view | `vw_aiemp_failure_summary` |
view	vw_aiemp_game_balance_safe_context	/data/data/com.termux/files/home/01.civilization-system/09.CX22073JW/030.model/030900_CX22073JW_DB_OBJECT_REGISTRY_EXACT.md:519:| 483 | view | `vw_aiemp_game_balance_safe_context` |
view	vw_aiemp_game_commentator_context	/data/data/com.termux/files/home/01.civilization-system/09.CX22073JW/030.model/030900_CX22073JW_DB_OBJECT_REGISTRY_EXACT.md:520:| 484 | view | `vw_aiemp_game_commentator_context` |
view	vw_aiemp_game_match_context	/data/data/com.termux/files/home/01.civilization-system/09.CX22073JW/030.model/030900_CX22073JW_DB_OBJECT_REGISTRY_EXACT.md:521:| 485 | view | `vw_aiemp_game_match_context` |
view	vw_aiemp_game_npc_role_context	/data/data/com.termux/files/home/01.civilization-system/09.CX22073JW/030.model/030900_CX22073JW_DB_OBJECT_REGISTRY_EXACT.md:522:| 486 | view | `vw_aiemp_game_npc_role_context` |
view	vw_aiemp_game_opponent_context	/data/data/com.termux/files/home/01.civilization-system/09.CX22073JW/030.model/030900_CX22073JW_DB_OBJECT_REGISTRY_EXACT.md:523:| 487 | view | `vw_aiemp_game_opponent_context` |
view	vw_aiemp_game_party_member_context	/data/data/com.termux/files/home/01.civilization-system/09.CX22073JW/030.model/030900_CX22073JW_DB_OBJECT_REGISTRY_EXACT.md:524:| 488 | view | `vw_aiemp_game_party_member_context` |
view	vw_aiemp_game_rule_guide	/data/data/com.termux/files/home/01.civilization-system/09.CX22073JW/030.model/030900_CX22073JW_DB_OBJECT_REGISTRY_EXACT.md:525:| 489 | view | `vw_aiemp_game_rule_guide` |
view	vw_aiemp_masked_error_context	/data/data/com.termux/files/home/01.civilization-system/09.CX22073JW/030.model/030900_CX22073JW_DB_OBJECT_REGISTRY_EXACT.md:526:| 490 | view | `vw_aiemp_masked_error_context` |
view	vw_aiemp_masked_record_context	/data/data/com.termux/files/home/01.civilization-system/09.CX22073JW/030.model/030900_CX22073JW_DB_OBJECT_REGISTRY_EXACT.md:527:| 491 | view | `vw_aiemp_masked_record_context` |
view	vw_aiemp_privileged_incident_context	/data/data/com.termux/files/home/01.civilization-system/09.CX22073JW/030.model/030900_CX22073JW_DB_OBJECT_REGISTRY_EXACT.md:528:| 492 | view | `vw_aiemp_privileged_incident_context` |
view	vw_aiemp_public_guide	/data/data/com.termux/files/home/01.civilization-system/09.CX22073JW/030.model/030900_CX22073JW_DB_OBJECT_REGISTRY_EXACT.md:529:| 493 | view | `vw_aiemp_public_guide` |
view	vw_aiemp_qualification_answer_explanation	/data/data/com.termux/files/home/01.civilization-system/09.CX22073JW/030.model/030900_CX22073JW_DB_OBJECT_REGISTRY_EXACT.md:530:| 494 | view | `vw_aiemp_qualification_answer_explanation` |
view	vw_aiemp_qualification_catalog	/data/data/com.termux/files/home/01.civilization-system/09.CX22073JW/030.model/030900_CX22073JW_DB_OBJECT_REGISTRY_EXACT.md:531:| 495 | view | `vw_aiemp_qualification_catalog` |
view	vw_aiemp_qualification_essay_oral_context	/data/data/com.termux/files/home/01.civilization-system/09.CX22073JW/030.model/030900_CX22073JW_DB_OBJECT_REGISTRY_EXACT.md:532:| 496 | view | `vw_aiemp_qualification_essay_oral_context` |
view	vw_aiemp_qualification_masked_learner_context	/data/data/com.termux/files/home/01.civilization-system/09.CX22073JW/030.model/030900_CX22073JW_DB_OBJECT_REGISTRY_EXACT.md:533:| 497 | view | `vw_aiemp_qualification_masked_learner_context` |
view	vw_aiemp_qualification_mock_variant_context	/data/data/com.termux/files/home/01.civilization-system/09.CX22073JW/030.model/030900_CX22073JW_DB_OBJECT_REGISTRY_EXACT.md:534:| 498 | view | `vw_aiemp_qualification_mock_variant_context` |
view	vw_aiemp_qualification_past_question_content	/data/data/com.termux/files/home/01.civilization-system/09.CX22073JW/030.model/030900_CX22073JW_DB_OBJECT_REGISTRY_EXACT.md:535:| 499 | view | `vw_aiemp_qualification_past_question_content` |
view	vw_aiemp_qualification_past_question_metadata	/data/data/com.termux/files/home/01.civilization-system/09.CX22073JW/030.model/030900_CX22073JW_DB_OBJECT_REGISTRY_EXACT.md:536:| 500 | view | `vw_aiemp_qualification_past_question_metadata` |
view	vw_aiemp_qualification_privileged_context	/data/data/com.termux/files/home/01.civilization-system/09.CX22073JW/030.model/030900_CX22073JW_DB_OBJECT_REGISTRY_EXACT.md:537:| 501 | view | `vw_aiemp_qualification_privileged_context` |
view	vw_aiemp_qualification_public_guide	/data/data/com.termux/files/home/01.civilization-system/09.CX22073JW/030.model/030900_CX22073JW_DB_OBJECT_REGISTRY_EXACT.md:538:| 502 | view | `vw_aiemp_qualification_public_guide` |
view	vw_aiemp_qualification_study_plan_context	/data/data/com.termux/files/home/01.civilization-system/09.CX22073JW/030.model/030900_CX22073JW_DB_OBJECT_REGISTRY_EXACT.md:539:| 503 | view | `vw_aiemp_qualification_study_plan_context` |
view	vw_aiemp_qualification_syllabus_context	/data/data/com.termux/files/home/01.civilization-system/09.CX22073JW/030.model/030900_CX22073JW_DB_OBJECT_REGISTRY_EXACT.md:540:| 504 | view | `vw_aiemp_qualification_syllabus_context` |
view	vw_aiemp_qualification_update_revision_context	/data/data/com.termux/files/home/01.civilization-system/09.CX22073JW/030.model/030900_CX22073JW_DB_OBJECT_REGISTRY_EXACT.md:541:| 505 | view | `vw_aiemp_qualification_update_revision_context` |
view	vw_aiemp_qualification_weak_area_context	/data/data/com.termux/files/home/01.civilization-system/09.CX22073JW/030.model/030900_CX22073JW_DB_OBJECT_REGISTRY_EXACT.md:542:| 506 | view | `vw_aiemp_qualification_weak_area_context` |
view	vw_aiemp_queue_context	/data/data/com.termux/files/home/01.civilization-system/09.CX22073JW/030.model/030900_CX22073JW_DB_OBJECT_REGISTRY_EXACT.md:543:| 507 | view | `vw_aiemp_queue_context` |
view	vw_aiemp_retry_context	/data/data/com.termux/files/home/01.civilization-system/09.CX22073JW/030.model/030900_CX22073JW_DB_OBJECT_REGISTRY_EXACT.md:544:| 508 | view | `vw_aiemp_retry_context` |
view	vw_aiemp_review_package_context	/data/data/com.termux/files/home/01.civilization-system/09.CX22073JW/030.model/030900_CX22073JW_DB_OBJECT_REGISTRY_EXACT.md:545:| 509 | view | `vw_aiemp_review_package_context` |
view	vw_aiemp_senior_control_aggregation_context	/data/data/com.termux/files/home/01.civilization-system/09.CX22073JW/030.model/030900_CX22073JW_DB_OBJECT_REGISTRY_EXACT.md:546:| 510 | view | `vw_aiemp_senior_control_aggregation_context` |
view	vw_aiemp_senior_control_approval_request_context	/data/data/com.termux/files/home/01.civilization-system/09.CX22073JW/030.model/030900_CX22073JW_DB_OBJECT_REGISTRY_EXACT.md:547:| 511 | view | `vw_aiemp_senior_control_approval_request_context` |
view	vw_aiemp_senior_control_audit_context	/data/data/com.termux/files/home/01.civilization-system/09.CX22073JW/030.model/030900_CX22073JW_DB_OBJECT_REGISTRY_EXACT.md:548:| 512 | view | `vw_aiemp_senior_control_audit_context` |
view	vw_aiemp_senior_control_policy_draft_context	/data/data/com.termux/files/home/01.civilization-system/09.CX22073JW/030.model/030900_CX22073JW_DB_OBJECT_REGISTRY_EXACT.md:549:| 513 | view | `vw_aiemp_senior_control_policy_draft_context` |
view	vw_aiemp_stream_brand_safe_rule	/data/data/com.termux/files/home/01.civilization-system/09.CX22073JW/030.model/030900_CX22073JW_DB_OBJECT_REGISTRY_EXACT.md:550:| 514 | view | `vw_aiemp_stream_brand_safe_rule` |
view	vw_aiemp_stream_moderation_context	/data/data/com.termux/files/home/01.civilization-system/09.CX22073JW/030.model/030900_CX22073JW_DB_OBJECT_REGISTRY_EXACT.md:551:| 515 | view | `vw_aiemp_stream_moderation_context` |
view	vw_aiemp_stream_public_context	/data/data/com.termux/files/home/01.civilization-system/09.CX22073JW/030.model/030900_CX22073JW_DB_OBJECT_REGISTRY_EXACT.md:552:| 516 | view | `vw_aiemp_stream_public_context` |
view	vw_aiemp_stream_segment_public_context	/data/data/com.termux/files/home/01.civilization-system/09.CX22073JW/030.model/030900_CX22073JW_DB_OBJECT_REGISTRY_EXACT.md:553:| 517 | view | `vw_aiemp_stream_segment_public_context` |
view	vw_aiemp_stream_show_flow_context	/data/data/com.termux/files/home/01.civilization-system/09.CX22073JW/030.model/030900_CX22073JW_DB_OBJECT_REGISTRY_EXACT.md:554:| 518 | view | `vw_aiemp_stream_show_flow_context` |
view	vw_aiemp_stream_support_context	/data/data/com.termux/files/home/01.civilization-system/09.CX22073JW/030.model/030900_CX22073JW_DB_OBJECT_REGISTRY_EXACT.md:555:| 519 | view | `vw_aiemp_stream_support_context` |
view	vw_aiemp_utility_calculation_context	/data/data/com.termux/files/home/01.civilization-system/09.CX22073JW/030.model/030900_CX22073JW_DB_OBJECT_REGISTRY_EXACT.md:556:| 520 | view | `vw_aiemp_utility_calculation_context` |
view	vw_aiemp_utility_daily_task_context	/data/data/com.termux/files/home/01.civilization-system/09.CX22073JW/030.model/030900_CX22073JW_DB_OBJECT_REGISTRY_EXACT.md:557:| 521 | view | `vw_aiemp_utility_daily_task_context` |
view	vw_aiemp_utility_masked_user_context	/data/data/com.termux/files/home/01.civilization-system/09.CX22073JW/030.model/030900_CX22073JW_DB_OBJECT_REGISTRY_EXACT.md:558:| 522 | view | `vw_aiemp_utility_masked_user_context` |
view	vw_aiemp_utility_meal_planning_context	/data/data/com.termux/files/home/01.civilization-system/09.CX22073JW/030.model/030900_CX22073JW_DB_OBJECT_REGISTRY_EXACT.md:559:| 523 | view | `vw_aiemp_utility_meal_planning_context` |
view	vw_aiemp_utility_privileged_context	/data/data/com.termux/files/home/01.civilization-system/09.CX22073JW/030.model/030900_CX22073JW_DB_OBJECT_REGISTRY_EXACT.md:560:| 524 | view | `vw_aiemp_utility_privileged_context` |
view	vw_aiemp_utility_research_context	/data/data/com.termux/files/home/01.civilization-system/09.CX22073JW/030.model/030900_CX22073JW_DB_OBJECT_REGISTRY_EXACT.md:561:| 525 | view | `vw_aiemp_utility_research_context` |
view	vw_aiemp_utility_summary_context	/data/data/com.termux/files/home/01.civilization-system/09.CX22073JW/030.model/030900_CX22073JW_DB_OBJECT_REGISTRY_EXACT.md:562:| 526 | view | `vw_aiemp_utility_summary_context` |
view	vw_aiemp_utility_writing_context	/data/data/com.termux/files/home/01.civilization-system/09.CX22073JW/030.model/030900_CX22073JW_DB_OBJECT_REGISTRY_EXACT.md:563:| 527 | view | `vw_aiemp_utility_writing_context` |
view	vw_aiemp_workforce_app_operation_context	/data/data/com.termux/files/home/01.civilization-system/09.CX22073JW/030.model/030900_CX22073JW_DB_OBJECT_REGISTRY_EXACT.md:564:| 528 | view | `vw_aiemp_workforce_app_operation_context` |
view	vw_aiemp_workforce_audit_context	/data/data/com.termux/files/home/01.civilization-system/09.CX22073JW/030.model/030900_CX22073JW_DB_OBJECT_REGISTRY_EXACT.md:565:| 529 | view | `vw_aiemp_workforce_audit_context` |
view	vw_aiemp_workforce_masked_work_context	/data/data/com.termux/files/home/01.civilization-system/09.CX22073JW/030.model/030900_CX22073JW_DB_OBJECT_REGISTRY_EXACT.md:566:| 530 | view | `vw_aiemp_workforce_masked_work_context` |
view	vw_aiemp_workforce_research_summary_context	/data/data/com.termux/files/home/01.civilization-system/09.CX22073JW/030.model/030900_CX22073JW_DB_OBJECT_REGISTRY_EXACT.md:567:| 531 | view | `vw_aiemp_workforce_research_summary_context` |
view	vw_aiemp_workforce_work_order_context	/data/data/com.termux/files/home/01.civilization-system/09.CX22073JW/030.model/030900_CX22073JW_DB_OBJECT_REGISTRY_EXACT.md:568:| 532 | view | `vw_aiemp_workforce_work_order_context` |
view	vw_knowledge_directory	/data/data/com.termux/files/home/01.civilization-system/09.CX22073JW/030.model/030_CX_SMALLTALK_FOUNDATION_KNOWLEDGE_APPEND.md:34:- cx22073jw.vw_knowledge_directory
view	vw_topic_directory	/data/data/com.termux/files/home/01.civilization-system/09.CX22073JW/030.model/030_CX_SMALLTALK_FOUNDATION_KNOWLEDGE_APPEND.md:35:- cx22073jw.vw_topic_directory
view	vw_topic_material_catalog	/data/data/com.termux/files/home/01.civilization-system/09.CX22073JW/030.model/030_CX_SMALLTALK_FOUNDATION_KNOWLEDGE_APPEND.md:36:- cx22073jw.vw_topic_material_catalog
view	vw_topic_material_summary	/data/data/com.termux/files/home/01.civilization-system/09.CX22073JW/030.model/030_CX_SMALLTALK_FOUNDATION_KNOWLEDGE_APPEND.md:37:- cx22073jw.vw_topic_material_summary
